Name;Value;Language
"2co_enable_fraud_verification";"تفعيل دعم إبلاغ الاحتيال";"ar"
"2co_fraud_fail";"حالات الطلبات التي تحتوي على مراجعة احتيال فاشل";"ar"
"2co_fraud_wait";"حالات الطلبات بانتظار فحص الاحتيال";"ar"
"3d_secure";"تأمين ثلاثي الأبعاد";"ar"
"404";"رسالة الخطأ 404 غير موجود";"ar"
"absolute";"ثابت";"ar"
"abt_menu_icon_items";"AB: Show icons for menu items of the second level";"ar"
"abt_menu_icon_items.tooltip";"The active status of this setting allows the display of an icon that is assigned to a menu item of the second level menu.";"ar"
"abt_menu_long_names";"AB: Show long names of the first level menu items in two lines";"ar"
"abt_menu_long_names.tooltip";"The active status of this setting allows displaying menu names in two lines (with line break), if more space is required to place the name, than the setting <b>AB: The maximum width of the menu item for the first level</b> specifies";"ar"
"abt_menu_long_names_max_width";"AB: The maximum width of the menu item for the first level";"ar"
"abt_menu_long_names_max_width.tooltip";"Specifies the width of the cell in pixels to place the name of the menu item. If the name of the menu item exceeds this value, then with the active setting <b>AB: Show long names of the first level menu items in two lines</b>, then it will be displayed in two lines (with line break).";"ar"
"abt__banner_extra_functional";"Classes that change the parameters of banner elements";"ar"
"abt__banner_title_presets";"Presets for title";"ar"
"abt__menu_add_horizontal_scroll_sections";"AB: Divide menu into sections";"ar"
"abt__menu_add_horizontal_scroll_sections.tooltip";"Setting specifies whether the menu will be divided into sub-sections with switches. When the setting is disabled, menu items, that exceed the limits of the first row, will be displayed on the second row and so on.";"ar"
"abt__menu_compact_view";"AB: Compact display view";"ar"
"abt__unitheme2";"AB: UniTheme2";"ar"
"abt__unitheme2.settings";"Settings only for AB: UniTheme2";"ar"
"abt__unitheme2_mv";"AB: UniTheme2 (Multi-Vendor)";"ar"
"abt__ut2.addon_social_buttons.share";"Share";"ar"
"abt__ut2.add_to_cart";"Buy now";"ar"
"abt__ut2.add_to_wishlist.tooltip";"Add to wishlist";"ar"
"abt__ut2.banner.another_color";"Another color";"ar"
"abt__ut2.banner.background";"Banner background settings";"ar"
"abt__ut2.banner.background_fading";"Fading of background";"ar"
"abt__ut2.banner.banner_group";"Group of banners";"ar"
"abt__ut2.banner.button_position_bottom";"Button at the bottom";"ar"
"abt__ut2.banner.color_use";"Please select the checkbox to use a new color";"ar"
"abt__ut2.banner.column";"Content in a column";"ar"
"abt__ut2.banner.column_reverse";"Vertical reverse";"ar"
"abt__ut2.banner.disband";"Disband";"ar"
"abt__ut2.banner.filters.no_group";"No group";"ar"
"abt__ut2.banner.group_has_been_disbanded";"Group disbanded";"ar"
"abt__ut2.banner.group_has_been_disbanded.banners_ungrouped";"Banners has been ungrouped";"ar"
"abt__ut2.banner.image_align_to_edge";"Align object to edge";"ar"
"abt__ut2.banner.image_fit";"Container by image width";"ar"
"abt__ut2.banner.image_oversize";"Enlarge image";"ar"
"abt__ut2.banner.internal_content";"Object inside (Image, Video, Products)";"ar"
"abt__ut2.banner.mask_margin";"Indent for mask";"ar"
"abt__ut2.banner.new_row";"New row";"ar"
"abt__ut2.banner.params.avail_from";"Available from";"ar"
"abt__ut2.banner.params.avail_till";"Available till";"ar"
"abt__ut2.banner.params.background_color";"Background color";"ar"
"abt__ut2.banner.params.background_color.tooltip";"Please select the checkbox to use a new color";"ar"
"abt__ut2.banner.params.background_image";"Background image";"ar"
"abt__ut2.banner.params.background_image_size";"Specify the size of a background image";"ar"
"abt__ut2.banner.params.background_image_size.tooltip";"";"ar"
"abt__ut2.banner.params.background_image_size.variants.contain";"Resize the background image to make sure the image is fully visible inside of the block";"ar"
"abt__ut2.banner.params.background_image_size.variants.cover";"Resize the background image to cover the entire container, even if it has to stretch the image or cut a little bit off one of the edges";"ar"
"abt__ut2.banner.params.background_mp4_video";"Background video";"ar"
"abt__ut2.banner.params.background_type";"Background type";"ar"
"abt__ut2.banner.params.button_color";"Button color";"ar"
"abt__ut2.banner.params.button_color.tooltip";"Please select the checkbox to use a new color";"ar"
"abt__ut2.banner.params.button_style";"Button style";"ar"
"abt__ut2.banner.params.button_style.variants.normal";"Standard";"ar"
"abt__ut2.banner.params.button_style.variants.outline";"Outline";"ar"
"abt__ut2.banner.params.button_style.variants.text";"Text";"ar"
"abt__ut2.banner.params.button_text";"Text (an appeal to action)";"ar"
"abt__ut2.banner.params.button_text_color";"Text color";"ar"
"abt__ut2.banner.params.button_text_color.tooltip";"Please select the checkbox to use a new color";"ar"
"abt__ut2.banner.params.button_use";"Add button";"ar"
"abt__ut2.banner.params.button_use.tooltip";"Select a checkbox for adding of the button. <b>Important!</b>The button will appear only in the presence of the link in the field ""Specify link""";"ar"
"abt__ut2.banner.params.class";"User CSS-class";"ar"
"abt__ut2.banner.params.color_scheme";"Color scheme";"ar"
"abt__ut2.banner.params.color_scheme.tooltip";"Specifies what color will be <b>Title</b> and <b>Description</b> on the banner. For <b>Dark</b> banner texts will be white, for <b>Light</b> — black.";"ar"
"abt__ut2.banner.params.color_scheme.variants.dark";"Dark";"ar"
"abt__ut2.banner.params.color_scheme.variants.light";"Light";"ar"
"abt__ut2.banner.params.content_align";"Horizontal alignment";"ar"
"abt__ut2.banner.params.content_align.tooltip";"Location of the content inside the banner by the horizontal";"ar"
"abt__ut2.banner.params.content_align.variants.center";"On the center";"ar"
"abt__ut2.banner.params.content_align.variants.left";"On the left";"ar"
"abt__ut2.banner.params.content_align.variants.right";"On the right";"ar"
"abt__ut2.banner.params.content_bg";"Add mask";"ar"
"abt__ut2.banner.params.content_bg.tooltip";"Under the description will appear semitransparent background (the color depends on the color scheme), it will provide a better readability of text on motley background";"ar"
"abt__ut2.banner.params.content_bg.variants.colored";"Color";"ar"
"abt__ut2.banner.params.content_bg.variants.none";"None";"ar"
"abt__ut2.banner.params.content_bg.variants.transparent";"Semitransparent";"ar"
"abt__ut2.banner.params.content_bg.variants.transparent_blur";"Semitransparent (blurred)";"ar"
"abt__ut2.banner.params.content_bg.variants.transparent_gradient";"Semitransparent (smooth dimming)";"ar"
"abt__ut2.banner.params.content_bg_align";"Direction of shading";"ar"
"abt__ut2.banner.params.content_bg_align.variants.auto";"Auto assignment";"ar"
"abt__ut2.banner.params.content_bg_align.variants.bottom_to_top";"Bottom to top";"ar"
"abt__ut2.banner.params.content_bg_align.variants.center";"Center";"ar"
"abt__ut2.banner.params.content_bg_align.variants.left_to_right";"Left to right";"ar"
"abt__ut2.banner.params.content_bg_align.variants.right_to_left";"Right to left";"ar"
"abt__ut2.banner.params.content_bg_align.variants.top_to_bottom";"Top to bottom";"ar"
"abt__ut2.banner.params.content_bg_color";"Color of a mask";"ar"
"abt__ut2.banner.params.content_bg_color.tooltip";"A colored background will appear under the description. It will provide better readability of the text against a motley background. When used, turns off the use of a semitransparent mask";"ar"
"abt__ut2.banner.params.content_bg_opacity";"Transparency level of a mask";"ar"
"abt__ut2.banner.params.content_bg_position";"Mask position";"ar"
"abt__ut2.banner.params.content_bg_position.tooltip";"Defines the coverage area of the mask, entire banner, or just the content area (title, description, button)";"ar"
"abt__ut2.banner.params.content_bg_position.variants.full_height";"Under content only (full height)";"ar"
"abt__ut2.banner.params.content_bg_position.variants.only_under_content";"Under content only";"ar"
"abt__ut2.banner.params.content_bg_position.variants.whole_banner";"Entire banner";"ar"
"abt__ut2.banner.params.content_full_width";"Content on full width";"ar"
"abt__ut2.banner.params.content_full_width.tooltip";"The width of the content block has a default width of 50%. Set this parameter and the width of the block content will be 100%";"ar"
"abt__ut2.banner.params.content_valign";"Vertical alignment";"ar"
"abt__ut2.banner.params.content_valign.tooltip";"Location of the content inside the banner by the vertical";"ar"
"abt__ut2.banner.params.content_valign.variants.bottom";"At the bottom";"ar"
"abt__ut2.banner.params.content_valign.variants.center";"On the center";"ar"
"abt__ut2.banner.params.content_valign.variants.top";"On the top";"ar"
"abt__ut2.banner.params.data_type";"Content type";"ar"
"abt__ut2.banner.params.data_type.variants.url";"Link";"ar"
"abt__ut2.banner.params.description";"Short description";"ar"
"abt__ut2.banner.params.description_bg_color";"Background color";"ar"
"abt__ut2.banner.params.description_bg_color.tooltip";"Please select the checkbox to use a new color";"ar"
"abt__ut2.banner.params.description_color";"Description color";"ar"
"abt__ut2.banner.params.description_color.tooltip";"Please select the checkbox to use a new color";"ar"
"abt__ut2.banner.params.description_font_size";"Font size";"ar"
"abt__ut2.banner.params.how_to_open";"How to open";"ar"
"abt__ut2.banner.params.how_to_open.variants.in_new_window";"In a new window";"ar"
"abt__ut2.banner.params.how_to_open.variants.in_popup";"In a popup";"ar"
"abt__ut2.banner.params.how_to_open.variants.in_this_window";"In this window";"ar"
"abt__ut2.banner.params.image_position";"Vertical position of the images";"ar"
"abt__ut2.banner.params.image_position.tooltip";"Setting influences on the main and background images simultaneously";"ar"
"abt__ut2.banner.params.image_position.variants.bottom";"Bottom";"ar"
"abt__ut2.banner.params.image_position.variants.center";"Center";"ar"
"abt__ut2.banner.params.image_position.variants.top";"Top";"ar"
"abt__ut2.banner.params.main_image";"Main image";"ar"
"abt__ut2.banner.params.mobile_use";"Use own settings for Phones";"ar"
"abt__ut2.banner.params.mobile_use.tooltip";"Use this option to allow own banner settings for the mobile device Phone. The tab with appropriate settings will appear only after saving the banner with the set checkbox";"ar"
"abt__ut2.banner.params.object";"The displayed object";"ar"
"abt__ut2.banner.params.object.variants.image";"Image";"ar"
"abt__ut2.banner.params.object.variants.products";"Products";"ar"
"abt__ut2.banner.params.object.variants.video";"YouTube video";"ar"
"abt__ut2.banner.params.padding";"Internal padding";"ar"
"abt__ut2.banner.params.padding.label";"Specify the padding values ​​for each side in (<b>px</b> - pixels) or (<b>%</b> - percent).";"ar"
"abt__ut2.banner.params.padding.label.bottom";"Bottom";"ar"
"abt__ut2.banner.params.padding.label.left";"Left";"ar"
"abt__ut2.banner.params.padding.label.right";"Right";"ar"
"abt__ut2.banner.params.padding.label.top";"Top";"ar"
"abt__ut2.banner.params.padding.tooltip";"Paddings inside the banner for the content area with elements (Heading, Short Description, Button).";"ar"
"abt__ut2.banner.params.products_grid_columns";"Columns";"ar"
"abt__ut2.banner.params.products_grid_columns.tooltip";"Select the number of columns, visible products in a row. The displayed number of products may differ from the specified one. It depends on the content area in the banner, as well as its adaptive state.";"ar"
"abt__ut2.banner.params.products_links_thumb_columns";"Columns";"ar"
"abt__ut2.banner.params.products_links_thumb_columns.tooltip";"Select the number of columns, visible products in a row. The displayed number of products may differ from the specified one. It depends on the content area in the banner, as well as its adaptive state.";"ar"
"abt__ut2.banner.params.products_links_thumb_rows";"Rows";"ar"
"abt__ut2.banner.params.products_links_thumb_rows.all";"Unlimited";"ar"
"abt__ut2.banner.params.products_links_thumb_rows.one";"In one row (with navigation)";"ar"
"abt__ut2.banner.params.products_list";"Select products";"ar"
"abt__ut2.banner.params.products_small_items_columns";"Columns";"ar"
"abt__ut2.banner.params.products_small_items_columns.tooltip";"Select the number of columns, visible products in a row. The displayed number of products may differ from the specified one. It depends on the content area in the banner, as well as its adaptive state.";"ar"
"abt__ut2.banner.params.products_small_items_rows";"Rows";"ar"
"abt__ut2.banner.params.products_small_items_rows.all";"Unlimited";"ar"
"abt__ut2.banner.params.products_small_items_rows.one";"In one row (with navigation)";"ar"
"abt__ut2.banner.params.products_template";"Template";"ar"
"abt__ut2.banner.params.tablet_use";"Use own settings for Tablets";"ar"
"abt__ut2.banner.params.tablet_use.tooltip";"Use this option to allow own banner settings for the mobile device Tablet. The tab with appropriate settings will appear only after saving the banner with the set checkbox";"ar"
"abt__ut2.banner.params.title";"Title";"ar"
"abt__ut2.banner.params.title_color";"Title color";"ar"
"abt__ut2.banner.params.title_color.tooltip";"Please select the checkbox to use a new color";"ar"
"abt__ut2.banner.params.title_font_size";"Font size";"ar"
"abt__ut2.banner.params.title_font_weight";"Font weight";"ar"
"abt__ut2.banner.params.title_font_weight.variants.300";"Thin";"ar"
"abt__ut2.banner.params.title_font_weight.variants.400";"Normal";"ar"
"abt__ut2.banner.params.title_font_weight.variants.700";"Bold";"ar"
"abt__ut2.banner.params.title_font_weight.variants.900";"Heavy";"ar"
"abt__ut2.banner.params.title_shadow";"Add a shadow for the title";"ar"
"abt__ut2.banner.params.title_tag";"Title tag";"ar"
"abt__ut2.banner.params.title_tag.variants.div";"div";"ar"
"abt__ut2.banner.params.title_tag.variants.h1";"h1";"ar"
"abt__ut2.banner.params.title_tag.variants.h2";"h2";"ar"
"abt__ut2.banner.params.title_tag.variants.h3";"h3";"ar"
"abt__ut2.banner.params.url";"Specify link";"ar"
"abt__ut2.banner.params.usergroups";"User groups";"ar"
"abt__ut2.banner.params.use_avail_period";"Use available period";"ar"
"abt__ut2.banner.params.youtube_autoplay";"Autoplay";"ar"
"abt__ut2.banner.params.youtube_autoplay.tooltip";"Due to changes in <b>Google's</b> policy, autoplay will only be available without sound. For more information, see <a href='https://developers.google.com/web/updates/2017/09/autoplay-policy-changes' target='_blank'>documentation</a>.<b>Google</b> strongly recommends that the player's control panel should be displayed on autoplay.";"ar"
"abt__ut2.banner.params.youtube_hide_controls";"Hide player control elements";"ar"
"abt__ut2.banner.params.youtube_hide_controls.tooltip";"Don't ever assume a video will play, and don't show a pause button when the video is not actually playing";"ar"
"abt__ut2.banner.params.youtube_id";"YouTube video ID";"ar"
"abt__ut2.banner.params.youtube_id.tooltip";"Specify either full URL https://www.youtube.com/watch?v=abcd1234567 or ID video <b>abcd1234567</b>";"ar"
"abt__ut2.banner.params.youtube_use";"Add YouTube video";"ar"
"abt__ut2.banner.params_additional";"Additional settings";"ar"
"abt__ut2.banner.params_of_block";"Banner block settings";"ar"
"abt__ut2.banner.params_of_button";"Banner button settings";"ar"
"abt__ut2.banner.params_of_content";"Settings for the content, shown in the banner";"ar"
"abt__ut2.banner.params_of_description";"Banner description settings";"ar"
"abt__ut2.banner.params_of_object";"Banner settings for the object/image";"ar"
"abt__ut2.banner.params_of_title";"Banner title settings";"ar"
"abt__ut2.banner.preview.devices";"Display device";"ar"
"abt__ut2.banner.preview.height_banner";"Banner height (px)";"ar"
"abt__ut2.banner.preview.landscape_orientation";"Landscape screen orientation";"ar"
"abt__ut2.banner.preview.width_section";"Section width (in layout)";"ar"
"abt__ut2.banner.pre_title";"Above title";"ar"
"abt__ut2.banner.products_template.grid_items";"Grid";"ar"
"abt__ut2.banner.products_template.links_thumb";"Thumbnails";"ar"
"abt__ut2.banner.products_template.small_items";"Small elements";"ar"
"abt__ut2.banner.thin_font";"Thin font";"ar"
"abt__ut2.banner.use_own_info";"Use own value";"ar"
"abt__ut2.banner.warning";"Expert banner settings";"ar"
"abt__ut2.banners";"Banners";"ar"
"abt__ut2.banners.manage";"AB: UniTheme2: Advanced banners";"ar"
"abt__ut2.banners.preview";"Preview banner";"ar"
"abt__ut2.banners.view_preview";"View in new tab";"ar"
"abt__ut2.banner_tab.general";"General (Desktop)";"ar"
"abt__ut2.banner_tab.mobile";"Phone";"ar"
"abt__ut2.banner_tab.tablet";"Tablet";"ar"
"abt__ut2.block.abt__ut_big_size_title";"AB: Title size";"ar"
"abt__ut2.block.abt__ut_big_size_title.big";"Large";"ar"
"abt__ut2.block.abt__ut_big_size_title.biggest";"Largest";"ar"
"abt__ut2.block.abt__ut_big_size_title.normal";"Standard";"ar"
"abt__ut2.block.abt__ut_center_title";"AB: Title centered";"ar"
"abt__ut2.block.abt__ut_title_line_decoration";"AB: Decorate title with a stripe";"ar"
"abt__ut2.block.abt__ut_title_opacity";"AB: Decrease title contrast";"ar"
"abt__ut2.block.availability.show_on";"!!! Only for AB: UniTheme2 when using the setting <b>[show_on]</b> block content will be cut from HTML-code for the corresponding device and is not simply hidden by styles";"ar"
"abt__ut2.block.item_quantity_mobile";"AB: Number of elements (mobile)";"ar"
"abt__ut2.block.item_quantity_sm_desktop";"AB: Number of elements (small laptop)";"ar"
"abt__ut2.block.item_quantity_tablet";"AB: Number of elements (tablet)";"ar"
"abt__ut2.block.name";"<div style=""width: 800px;max-width: 80vw;padding-left: 180px;text-align: left;color: silver;"">In the block title you can use the following html tags for design: <code>&lt;mark&gt;text&lt;/mark&gt;, &lt;u&gt;text&lt;/u&gt;, &lt;b&gt;text&lt;/b&gt;</code></div>";"ar"
"abt__ut2.block.open_on_sticky_panel_button";"Open the menu with the button ""Main menu"" of the sticky navigation panel";"ar"
"abt__ut2.block.open_on_sticky_panel_button.tooltip";"For blocks only that were added with the theme AB: UniTheme2";"ar"
"abt__ut2.block.skeleton.description";"The settings will be applied to blocks that are loaded into sections with the ""Use delayed loading of section"" setting enabled";"ar"
"abt__ut2.block.skeleton.height";"Skeleton height (px)";"ar"
"abt__ut2.block.skeleton.height_desktop";"PC";"ar"
"abt__ut2.block.skeleton.height_mobile";"Mobile";"ar"
"abt__ut2.block.skeleton.height_tablet";"Tablet";"ar"
"abt__ut2.block.skeleton.not_allowed_for_this_block";"Skeleton settings are disabled for this block as lazy load is forbidden for this block or template. Block will be always loaded together with the page, in spite of the settings of a parent section.";"ar"
"abt__ut2.block.skeleton.title";"AB: Skeleton settings";"ar"
"abt__ut2.block.thumbnail_height";"AB: Thumbnail height";"ar"
"abt__ut2.block.thumbnail_width";"AB: Thumbnail width";"ar"
"abt__ut2.blog.there_are_offers";"Recommendations";"ar"
"abt__ut2.blog.there_is_video";"Video";"ar"
"abt__ut2.brands";"Brands";"ar"
"abt__ut2.city_short";"c.";"ar"
"abt__ut2.class_was_copied";"Icon class was copied to clipboard";"ar"
"abt__ut2.clone_theme";"<p><b>Attention. All cloned themes made from original theme AB: UniTheme2 couldn't be updated through ""Upgrade center""!</b></p><p>""Upgrade center"" updates basic Theme only in the directory <code>design/themes/abt__unitheme2</code>.</p><p>Do not use cloned theme for permanent usage.</p><p>Use cloned theme for familiarization or temporary developing only.</p>";"ar"
"abt__ut2.clone_theme.notification";"<b>AB: UniTheme2.</b> There is a cloned theme used from AB: UniTheme2, therefore, the theme couldn't be updated through ""Upgrade center"". For more information see <a target=""_blank"" href=""https://docs.cs-cart.abt.team/en/abt__unitheme2.doc#p-3141"">the documentation</a>.<br>To switch off the message change the setting <a target=""_blank"" href=""[link]"">Check the usage of cloned themes</a>.";"ar"
"abt__ut2.clone_themes.notification";"<b>AB: UniTheme2.</b> The following storefronts ([storefront_list]) are used at cloned themes from AB: UniTheme2, that's the reason why the themes on such storefronts couldn't be updated through ""Upgrade center"". For more information see <a target=""_blank"" href=""https://docs.cs-cart.abt.team/en/abt__unitheme2.doc#p-3141"">the documentation</a>.<br>To switch off the message, change the setting <a target=""_blank"" href=""[link]"">Check the usage of cloned themes</a>.";"ar"
"abt__ut2.contacts";"اتصل بنا";"ar"
"abt__ut2.contacts.address";"Address";"ar"
"abt__ut2.contacts.email";"E-mail address";"ar"
"abt__ut2.contacts.phone_1";"Phone 1";"ar"
"abt__ut2.contacts.phone_2";"Phone 2";"ar"
"abt__ut2.contacts.phone_3";"Phone 3";"ar"
"abt__ut2.contacts.phone_4";"Phone 4";"ar"
"abt__ut2.contacts.phone_5";"Phone 5";"ar"
"abt__ut2.contacts.working_hours";"Business hours";"ar"
"abt__ut2.copy_banner";"Clone";"ar"
"abt__ut2.delete_from_wishlist.tooltip";"Delete from wishlist";"ar"
"abt__ut2.demo.place_into_blocks";"Place into blocks";"ar"
"abt__ut2.demodata";"Demo data";"ar"
"abt__ut2.demodata.description";"On this page you can quickly create theme demo data";"ar"
"abt__ut2.demodata.errors.menu_wasnt_created";"Menu [name] failed to create";"ar"
"abt__ut2.demodata.errors.no_blog_page";"You should create the blog`s parent page";"ar"
"abt__ut2.demodata.errors.no_data";"No data.json file";"ar"
"abt__ut2.demodata.success";"were created successfully";"ar"
"abt__ut2.demodata.success.banners";"Banners [ids] were created successfully";"ar"
"abt__ut2.demodata.success.blog";"Blog pages [ids] were created successfully";"ar"
"abt__ut2.demodata.success.menu";"Menu [menus] were created successfully";"ar"
"abt__ut2.demodata.table.add_banners";"Add demo banners";"ar"
"abt__ut2.demodata.table.add_blog";"Add demo blog";"ar"
"abt__ut2.demodata.table.add_fly_menu";"Add demo-settings for ""AB: Fly menu"" block";"ar"
"abt__ut2.demodata.table.add_menu";"Add demo menu with icons and banners";"ar"
"abt__ut2.demodata.table.add_products";"Add demo products";"ar"
"abt__ut2.demodata.table.description";"Demo data type";"ar"
"abt__ut2.developer";"Powered by <a href=""https://www.cs-cart.com/"" rel=""nofollow"">CS-Cart</a> and premium theme — <a href=""https://unitheme.net/?sl=en"" rel=""nofollow"">© AB: UniTheme2</a>";"ar"
"abt__ut2.disabled_because_of_core_error";"Setting is disabled because of incompatible errors in CS-Cart version [core_version]";"ar"
"abt__ut2.discussion.asr_title";"Average star rating";"ar"
"abt__ut2.discussion.avr_part1";"Average rating";"ar"
"abt__ut2.discussion.avr_part2";"out of 5";"ar"
"abt__ut2.discussion.new_post_descr";"Tell us something about it and help others to make the right decision";"ar"
"abt__ut2.discussion.new_post_title";"Have you used the product?";"ar"
"abt__ut2.discussion.see_less";"Less";"ar"
"abt__ut2.discussion.see_more";"More";"ar"
"abt__ut2.discussion.star";"[n] Star|[n] Stars";"ar"
"abt__ut2.discussion.verified_buyer";"Verified buyer";"ar"
"abt__ut2.discussion.verified_buyer_bp";"Bought this product";"ar"
"abt__ut2.errors.is_correctly_installed.mv.disabled";"For correct working of UniTheme2 on the CS-Cart Multi-Vendor (used by you) enable add-on UniTheme2 for Multi-Vendor edition of CS-Cart (comes with the theme for this edition) and try again";"ar"
"abt__ut2.errors.is_correctly_installed.mv.uninstalled";"For correct working of UniTheme2 on the CS-Cart Multi-Vendor (used by you), install and enable add-on UniTheme2 for Multi-Vendor edition of CS-Cart (comes with the theme for this edition) and try again";"ar"
"abt__ut2.export";"Export";"ar"
"abt__ut2.export.actions.banners";"Banners";"ar"
"abt__ut2.export.actions.banners.placeholder";"Banners IDs";"ar"
"abt__ut2.export.actions.blog";"Blog";"ar"
"abt__ut2.export.actions.blog.placeholder";"Parent pages IDs";"ar"
"abt__ut2.export.actions.menu";"Menu";"ar"
"abt__ut2.export.actions.menu.placeholder";"Menu IDs";"ar"
"abt__ut2.export.actions.products";"Products";"ar"
"abt__ut2.export.actions.products.placeholder";"Products IDs";"ar"
"abt__ut2.export.description";"On this page you can quickly export the data you need in json format";"ar"
"abt__ut2.export.errors.no_such_type";"No such type of export for the theme";"ar"
"abt__ut2.export.success";"were exported successfully";"ar"
"abt__ut2.export.success.banners";"Banners [ids] were exported successfully";"ar"
"abt__ut2.export.success.blog";"Blog were exported successfully";"ar"
"abt__ut2.export.success.menu";"Menu [ids] were exported successfully";"ar"
"abt__ut2.export.table.data";"Export data";"ar"
"abt__ut2.export.table.description";"Data type";"ar"
"abt__ut2.extended.e";"Extended";"ar"
"abt__ut2.extended.f";"On the full width";"ar"
"abt__ut2.extended.o";"Original";"ar"
"abt__ut2.filter.display_desktop";"Display type at PC";"ar"
"abt__ut2.filter.display_mobile";"Display type at Phone";"ar"
"abt__ut2.filter.display_tablet";"Display type at Tablet";"ar"
"abt__ut2.filter.vendor_location_variant";"Selected location + [range] [suffix]";"ar"
"abt__ut2.fly_menu.back_to";"Back to";"ar"
"abt__ut2.fly_menu.back_to_main";"Back to main";"ar"
"abt__ut2.fly_menu.see_all";"View all products";"ar"
"abt__ut2.fly_menu.state";"State";"ar"
"abt__ut2.fly_menu.state.tooltip";"Set the setting to minimize menu items when loading the page";"ar"
"abt__ut2.fly_menu.title";"Header";"ar"
"abt__ut2.fly_menu.title.tooltip";"Set the setting to show menu header";"ar"
"abt__ut2.fly_menu_content";"Settings AB: Fly menu";"ar"
"abt__ut2.fly_menu_settings_link";"Content settings of the block are located on <a class=""btn btn-secondary"" target=""_blank"" href=""[link]"">this page</a>";"ar"
"abt__ut2.fm.delimiter";"Delimiter";"ar"
"abt__ut2.grid.padding";"Padding";"ar"
"abt__ut2.grid.padding.variants.bottom";"Bottom (large)";"ar"
"abt__ut2.grid.padding.variants.bottom_sm";"Bottom (small)";"ar"
"abt__ut2.grid.padding.variants.none";"None";"ar"
"abt__ut2.grid.padding.variants.top";"Top (large)";"ar"
"abt__ut2.grid.padding.variants.top_bottom";"Top and bottom (large)";"ar"
"abt__ut2.grid.padding.variants.top_bottom_sm";"Top and bottom (small)";"ar"
"abt__ut2.grid.padding.variants.top_sm";"Top (small)";"ar"
"abt__ut2.grid.show_blocks_in_tabs";"View of blocks in tabs";"ar"
"abt__ut2.grid.show_blocks_in_tabs.no";"Without tabs";"ar"
"abt__ut2.grid.show_blocks_in_tabs.without_lazy_load";"In tabs";"ar"
"abt__ut2.grid.show_blocks_in_tabs.with_lazy_load";"In tabs with delayed loading";"ar"
"abt__ut2.grid.tab_description";"The settings below apply only to the theme AB: UniTheme2 layouts sections";"ar"
"abt__ut2.grid.use_lazy_load";"Use delayed loading of section";"ar"
"abt__ut2.grid_settings";"AB: UniTheme2: Additional settings";"ar"
"abt__ut2.help";"Help";"ar"
"abt__ut2.help.doc";"Read <a target='_blank' href='https://cs-cart.alexbranding.com/en/abt__unitheme2.doc'>the documentation</a>.";"ar"
"abt__ut2.hover_to_enlarge";"Hover on image to enlarge";"ar"
"abt__ut2.icons";"Available icons";"ar"
"abt__ut2.icons.class";"Icon class";"ar"
"abt__ut2.icons.info";"On this page you can see the list of icons, available to you in the theme";"ar"
"abt__ut2.icons.ut2_icons";"Theme icons list";"ar"
"abt__ut2.less_settings";"Color scheme settings";"ar"
"abt__ut2.less_settings.addons";"Add-ons";"ar"
"abt__ut2.less_settings.addons.ab__deal_of_the_day.block_background";"Block background";"ar"
"abt__ut2.less_settings.addons.ab__deal_of_the_day.block_fonts_color";"Text color in the block";"ar"
"abt__ut2.less_settings.addons.ab__deal_of_the_day.block_fonts_color.tooltip";"Setting works only if block background matches with website background";"ar"
"abt__ut2.less_settings.addons.ab__deal_of_the_day.bordered_block";"Add border for block";"ar"
"abt__ut2.less_settings.addons.ab__deal_of_the_day.bordered_block.tooltip";"Setting works only if block background matches with website background";"ar"
"abt__ut2.less_settings.addons.ab__deal_of_the_day.bright_color_promotion_title";"Highlight the title of the promotion";"ar"
"abt__ut2.less_settings.addons.ab__deal_of_the_day.bright_color_promotion_title.tooltip";"Colors the title of the promotion with the theme color ""Discount Label""";"ar"
"abt__ut2.less_settings.addons.ab__deal_of_the_day.rounded_corners_blocks";"Round corners at elements of block";"ar"
"abt__ut2.less_settings.addons.ab__deal_of_the_day.shadow_block";"Add shadow for block";"ar"
"abt__ut2.less_settings.addons.ab__deal_of_the_day_group";"AB: Extended promotions";"ar"
"abt__ut2.less_settings.addons.ab__deal_of_the_day_group_description";"There are settings below that influence elements that are added by the add-on ""AB: Extended promotions""";"ar"
"abt__ut2.less_settings.addons.ab__video_gallery.block_bg";"Block background with video selections";"ar"
"abt__ut2.less_settings.addons.ab__video_gallery_group";"AB: Video gallery of the product";"ar"
"abt__ut2.less_settings.addons.ab__video_gallery_group_description";"Settings for elements that were added with ""AB: Video gallery of the product""";"ar"
"abt__ut2.less_settings.addons_description";"There are settings that take effect on elements which are added by different add-ons";"ar"
"abt__ut2.less_settings.containers";"Containers";"ar"
"abt__ut2.less_settings.containers.header.add_delimiters";"Add dividing strips";"ar"
"abt__ut2.less_settings.containers.header.add_delimiters.tooltip";"Adds dividing strips at the Header of the site, visually separates the blocks ""Categories"", ""Search"", ""Account"" and ""Cart""";"ar"
"abt__ut2.less_settings.containers.header.add_header_mask";"Apply a background mask to the site header";"ar"
"abt__ut2.less_settings.containers.header.add_header_mask.tooltip";"Applies to Light v3 template only";"ar"
"abt__ut2.less_settings.containers.header.height";"Height for the ""Header"" container (px)";"ar"
"abt__ut2.less_settings.containers.header.use_animation_for_not_empty_cart";"Use animation effect for non empty cart";"ar"
"abt__ut2.less_settings.containers.header.use_animation_for_not_empty_cart.tooltip";"Adds animation effect, to pay attention to the non empty user cart";"ar"
"abt__ut2.less_settings.containers.header.use_color_elements_on_hover";"Color for hovering over the elements ""Categories"", ""Account"" and ""Cart""";"ar"
"abt__ut2.less_settings.containers.header.use_color_elements_on_hover.tooltip";"The color for hovering over the drop-down elements ""Categories"", ""Account"" and ""Cart"" is used only in the ""Advanced"" and ""Fixed"" layouts";"ar"
"abt__ut2.less_settings.containers.header.use_color_icons";"The color of the icons for elements ""Categories"", ""Account"" and ""Cart""";"ar"
"abt__ut2.less_settings.containers.header.use_color_icons.tooltip";"Is used only in layouts ""Advanced"" and ""Fixed""";"ar"
"abt__ut2.less_settings.containers.header.use_color_menu_on_hover";"Color for hovering over a first level menu item";"ar"
"abt__ut2.less_settings.containers.header.use_color_menu_on_hover.tooltip";"Background color used for hovering over menu items of the first level. It is used only in the ""Default"" layout with a horizontal menu type. Also determines the color of the active first level menu item";"ar"
"abt__ut2.less_settings.containers.header_elements_brightness";"Background brightness in the site header";"ar"
"abt__ut2.less_settings.containers.header_elements_brightness.tooltip";"Determines the brightness of decorative elements in the site header when using a dark or light background";"ar"
"abt__ut2.less_settings.containers.header_elements_brightness.variants.dark";"Dark";"ar"
"abt__ut2.less_settings.containers.header_elements_brightness.variants.light";"Light";"ar"
"abt__ut2.less_settings.containers.header_group";"Header";"ar"
"abt__ut2.less_settings.containers.header_group_description";"Settings for blocks and sections of the ""Header"" container";"ar"
"abt__ut2.less_settings.containers.top_panel.height";"Height of the ""Top panel"" container (px)";"ar"
"abt__ut2.less_settings.containers.top_panel_group";"Top panel";"ar"
"abt__ut2.less_settings.containers.top_panel_group_description";"Settings for blocks and sections of the ""Top panel"" container";"ar"
"abt__ut2.less_settings.containers_description";"Below are the settings that affect the blocks and sections of the corresponding container in the layouts.";"ar"
"abt__ut2.less_settings.general";"General";"ar"
"abt__ut2.less_settings.general.browser_interface_bg";"Color of surrounding user interface of user agent";"ar"
"abt__ut2.less_settings.general.browser_interface_bg.tooltip";"Color of surrounding user interface of user agent";"ar"
"abt__ut2.less_settings.general.buttons.style";"Style";"ar"
"abt__ut2.less_settings.general.buttons.style.tooltip";"Set button style";"ar"
"abt__ut2.less_settings.general.buttons.style.variants.use_background";"Use filled background";"ar"
"abt__ut2.less_settings.general.buttons.style.variants.use_border";"Use border only";"ar"
"abt__ut2.less_settings.general.buttons.use_gradient";"Add bulk";"ar"
"abt__ut2.less_settings.general.buttons.use_gradient.tooltip";"The buttons will use a background color with a gradient fill from light to dark based on the color of the button";"ar"
"abt__ut2.less_settings.general.buttons.use_icon_cart";"Cart icon";"ar"
"abt__ut2.less_settings.general.buttons.use_icon_cart.tooltip";"Select one of the options for Cart icon";"ar"
"abt__ut2.less_settings.general.buttons.use_icon_cart.variants.type1";"Option 1";"ar"
"abt__ut2.less_settings.general.buttons.use_icon_cart.variants.type2";"Option 2";"ar"
"abt__ut2.less_settings.general.buttons.use_icon_cart.variants.type3";"Option 3";"ar"
"abt__ut2.less_settings.general.buttons.use_icon_cart.variants.type4";"Option 4";"ar"
"abt__ut2.less_settings.general.buttons.use_icon_cart.variants.type5";"Option 5";"ar"
"abt__ut2.less_settings.general.buttons.use_icon_cart.variants.type6";"Option 6";"ar"
"abt__ut2.less_settings.general.buttons.use_icon_cart.variants.type7";"Option 7";"ar"
"abt__ut2.less_settings.general.buttons.use_icon_cart.variants.type8";"Option 8";"ar"
"abt__ut2.less_settings.general.buttons.use_shadow";"Add shadow";"ar"
"abt__ut2.less_settings.general.buttons.use_shadow.tooltip";"Use shadow in the buttons design";"ar"
"abt__ut2.less_settings.general.buttons.use_text_uppercase";"Display text in capital letters";"ar"
"abt__ut2.less_settings.general.buttons.use_text_uppercase.tooltip";"Allows you to define the display format of letters in buttons, lowercase or uppercase letters";"ar"
"abt__ut2.less_settings.general.buttons_group";"Buttons";"ar"
"abt__ut2.less_settings.general.buttons_group_description";"Allows you to set button styles";"ar"
"abt__ut2.less_settings.general.labels.style";"Form";"ar"
"abt__ut2.less_settings.general.labels.style.tooltip";"Specify the displaying form of discount labels";"ar"
"abt__ut2.less_settings.general.labels.style.variants.as_circle";"Round";"ar"
"abt__ut2.less_settings.general.labels.style.variants.as_drop";"Drop";"ar"
"abt__ut2.less_settings.general.labels.style.variants.as_rectangle";"Rectangular";"ar"
"abt__ut2.less_settings.general.labels.use_outline";"Use border style";"ar"
"abt__ut2.less_settings.general.labels.use_outline.tooltip";"Adds border style";"ar"
"abt__ut2.less_settings.general.labels.use_shadow";"Add shadow";"ar"
"abt__ut2.less_settings.general.labels.use_shadow.tooltip";"Adds shadow";"ar"
"abt__ut2.less_settings.general.labels.use_text_shadow";"Add shadow for text";"ar"
"abt__ut2.less_settings.general.labels.use_text_shadow.tooltip";"Adds shadow for text";"ar"
"abt__ut2.less_settings.general.labels_group";"Labels (stickers)";"ar"
"abt__ut2.less_settings.general.labels_group_description";"Allows you to set styles for standard product stickers, for example, Free Shipping, Discount, etc. <br/>These settings are not applicable if you use ""AB: Stickers"" add-on or any third party add-on of stickers.";"ar"
"abt__ut2.less_settings.general.stars_rating_color";"Color of starlets for product rating";"ar"
"abt__ut2.less_settings.general.stars_rating_color.tooltip";"Specify your own star color for product rating";"ar"
"abt__ut2.less_settings.general.sticky_panel_background_color";"Bottom sticky panel: background color";"ar"
"abt__ut2.less_settings.general.sticky_panel_icon_color";"Bottom sticky panel: icons color";"ar"
"abt__ut2.less_settings.general.use_rounding";"Round corners for interface elements";"ar"
"abt__ut2.less_settings.general.use_rounding.tooltip";"Use rounding corners of elements (buttons, icons, form fields etc.)";"ar"
"abt__ut2.less_settings.general.use_rounding.variants.do_not_use";"Don't use";"ar"
"abt__ut2.less_settings.general.use_rounding.variants.full";"Fully rounded";"ar"
"abt__ut2.less_settings.general.use_rounding.variants.little";"Make a little roundness";"ar"
"abt__ut2.less_settings.general.use_rounding_blocks";"Round corners of blocks, windows, banners";"ar"
"abt__ut2.less_settings.general.use_rounding_blocks.tooltip";"Allows to round the corners of blocks, windows, banners. The rounding radius depends on the value of the ""Round corners for interface elements"" setting.";"ar"
"abt__ut2.less_settings.general.use_titles_uppercase";"Display headers in capital letters";"ar"
"abt__ut2.less_settings.general.use_titles_uppercase.tooltip";"Allows you to show headers in capital letters (used for all page headers, blocks, banners headers, etc.)";"ar"
"abt__ut2.less_settings.general_description";"Below are the general settings.";"ar"
"abt__ut2.less_settings.is_absent";"The following color values are not set for your [style] style";"ar"
"abt__ut2.less_settings.is_absent.core";"System values";"ar"
"abt__ut2.less_settings.is_absent.recomend_to_add";"Theme values";"ar"
"abt__ut2.less_settings.is_absent.theme";"Theme values";"ar"
"abt__ut2.less_settings.products";"Product";"ar"
"abt__ut2.less_settings.products.aspect_ratio_images_gallery";"Fit image in a container of product gallery";"ar"
"abt__ut2.less_settings.products.aspect_ratio_images_gallery.tooltip";"Allows you to choose how the product image fits within the gallery container";"ar"
"abt__ut2.less_settings.products.aspect_ratio_images_gallery.variants.contain";"proportionally";"ar"
"abt__ut2.less_settings.products.aspect_ratio_images_gallery.variants.cover";"cover the whole container";"ar"
"abt__ut2.less_settings.products.aspect_ratio_images_gallery.variants.none";"none";"ar"
"abt__ut2.less_settings.products.bordered_images_gallery";"Add border for product images";"ar"
"abt__ut2.less_settings.products.bordered_images_gallery.tooltip";"Frames the borders of the product gallery images";"ar"
"abt__ut2.less_settings.products.mask_images_gallery";"Add background/mask for product images";"ar"
"abt__ut2.less_settings.products.mask_images_gallery.tooltip";"Overlays a gray background on product gallery images";"ar"
"abt__ut2.less_settings.products.sticky_columns";"Sticky columns";"ar"
"abt__ut2.less_settings.products.sticky_columns.tooltip";"Fix the content in columns (product gallery and the main content with the ""Add to cart"" button) on the product page. The column with the least content is fixed. The setting is not applied if the content of the fixed column exceeds the screen height";"ar"
"abt__ut2.less_settings.products.use_color_buttons_add_to_cart";"Set individual color for <br> ""Add to cart"" button";"ar"
"abt__ut2.less_settings.products.use_color_buttons_add_to_cart.tooltip";"Allows you to assign an individual color to the ""Add to cart"" button on the product detail page and in the ""Quick view"" window";"ar"
"abt__ut2.less_settings.products_description";"There are settings that affect styles for product detail page";"ar"
"abt__ut2.less_settings.product_list";"Product lists";"ar"
"abt__ut2.less_settings.product_list.extend_grid_item_on_hover";"Expand grid item on hover";"ar"
"abt__ut2.less_settings.product_list.extend_grid_item_on_hover.tooltip";"Adds the extending effect for item grid, when hovering on it in the list. Applies only to the Grid view of listings.";"ar"
"abt__ut2.less_settings.product_list.grid-list.product_name_font_weight";"Font weight for product name";"ar"
"abt__ut2.less_settings.product_list.grid-list.product_name_font_weight.variants.bold";"Bold";"ar"
"abt__ut2.less_settings.product_list.grid-list.product_name_font_weight.variants.normal";"Normal";"ar"
"abt__ut2.less_settings.product_list.grid-list_group";"Settings for ""Grid"" product list view";"ar"
"abt__ut2.less_settings.product_list.grid-list_group_description";"Settings that change appearance in product list with the ""Grid"" template.";"ar"
"abt__ut2.less_settings.product_list.mask_images_gallery";"Add background/mask for product images";"ar"
"abt__ut2.less_settings.product_list.mask_images_gallery.tooltip";"Overlays a gray background on product images in product lists";"ar"
"abt__ut2.less_settings.product_list.show_grid_border";"Frame type of the product in the grid";"ar"
"abt__ut2.less_settings.product_list.show_grid_border.tooltip";"You can change the frame type for cells in the lists of products";"ar"
"abt__ut2.less_settings.product_list.show_grid_border.variants.none";"Not framed";"ar"
"abt__ut2.less_settings.product_list.show_grid_border.variants.solid_without_margins";"Frame without external indents";"ar"
"abt__ut2.less_settings.product_list.show_grid_border.variants.solid_with_margins";"Frame with outer indents";"ar"
"abt__ut2.less_settings.product_list.use_elements_alignment";"Use elements alignment";"ar"
"abt__ut2.less_settings.product_list.use_elements_alignment.tooltip";"Allows you to align some elements of the list of symmetrically neighboring cells of products";"ar"
"abt__ut2.less_settings.product_list.use_elements_alignment.variants.do_not_use";"Don't use";"ar"
"abt__ut2.less_settings.product_list.use_elements_alignment.variants.use";"Use";"ar"
"abt__ut2.less_settings.product_list_description";"Below are the settings that affect the styles for elements in the product lists";"ar"
"abt__ut2.less_settings.style.tooltip";"Select Style (less-file, to which the following settings will be applied)";"ar"
"abt__ut2.less_settings_description";"<b>Attention!</b> These settings apply only to the selected color scheme (in order to see the changes: make sure, that the selected in the ""Style"" settings field value corresponds to the color scheme, selected in your store (you can check the selected color scheme by Design → Themes → in the table opposite the chosen as default layout))";"ar"
"abt__ut2.load_more.show_more";"اعرض المزيد";"ar"
"abt__ut2.load_more.show_more.pages";"Show another [n] page|Show another [n] pages";"ar"
"abt__ut2.load_more.show_more.products";"Show another [n] product|Show another [n] products";"ar"
"abt__ut2.load_more_products.already_showing_all_products";"Showing [n] product|Showing all [n] products";"ar"
"abt__ut2.load_more_products.show_more";"Show another [n] product|Show another [n] products";"ar"
"abt__ut2.mainbox_general_seo";"AB: General title (SEO)";"ar"
"abt__ut2.menu.filling_variants.column_filling";"Column filling";"ar"
"abt__ut2.menu.filling_variants.row_filling";"Row filling";"ar"
"abt__ut2.menu.tab_description";"The following settings should be used only for menu items, that use extra templates in the menu block layout: <b>AB: Horizontal dropdown list with icons</b> or <b>AB: Vertical dropdown list with icons</b> of the UniTheme2 theme";"ar"
"abt__ut2.menus.pickers.add_menus";"Add menu";"ar"
"abt__ut2.menus.pickers.add_menus_and_close";"Add menu and close";"ar"
"abt__ut2.menus.pickers.states.hide_items";"Hide elements and show the menu name";"ar"
"abt__ut2.menus.pickers.states.show_items";"Show elements";"ar"
"abt__ut2.menu_with_icons.desc";"Short description";"ar"
"abt__ut2.menu_with_icons.dropdown";"Activate 3-level menu (dropdown list)";"ar"
"abt__ut2.menu_with_icons.icon";"Icon";"ar"
"abt__ut2.menu_with_icons.label";"Label";"ar"
"abt__ut2.menu_with_icons.label_background";"Label background";"ar"
"abt__ut2.menu_with_icons.label_color";"Label color";"ar"
"abt__ut2.menu_with_icons.status";"Activate settings";"ar"
"abt__ut2.menu_with_icons.text";"HTML-content";"ar"
"abt__ut2.menu_with_icons.text_position";"HTML-content position";"ar"
"abt__ut2.menu_with_icons.text_position.bottom";"Bottom";"ar"
"abt__ut2.menu_with_icons.text_position.right_bottom";"Right bottom";"ar"
"abt__ut2.menu_with_icons.text_position.right_top";"Right top";"ar"
"abt__ut2.microdata";"Microdata";"ar"
"abt__ut2.microdata.schema_type";"Schema type";"ar"
"abt__ut2.microdata.schema_type.article";"Article";"ar"
"abt__ut2.microdata.schema_type.blogposting";"Blog";"ar"
"abt__ut2.microdata.schema_type.newsarticle";"News";"ar"
"abt__ut2.microdata.schema_type.none";"Do not use";"ar"
"abt__ut2.migaritions_from_unitheme1.update_po";"Language variables recovery";"ar"
"abt__ut2.migaritions_from_unitheme1.update_po.exist.description";"For your installation, no additional actions for language variables recovery are required!";"ar"
"abt__ut2.migaritions_from_unitheme1.update_po.not_exist.description";"On this page, you can recover language variables which were deleted during removing of the first generation UniTheme addon";"ar"
"abt__ut2.migaritions_from_unitheme1.update_po.success";"Selected language variables were successfully recovered!";"ar"
"abt__ut2.option.disable_first_banner_lazy_load";"Disable Lazy Load for the first banner";"ar"
"abt__ut2.option.height";"Height, px";"ar"
"abt__ut2.option.height_mobile";"Height (for smartphones), px";"ar"
"abt__ut2.option.margin";"Margin, px";"ar"
"abt__ut2.option.minimal_width";"Minimal banner width<br><span style=""color: gray"">(applies only to the ""Native scroller"" navigation type)</span>";"ar"
"abt__ut2.option.multiple_mode_items";"Show banners<br>in a row";"ar"
"abt__ut2.option.multiple_mode_items.variants.1";"1";"ar"
"abt__ut2.option.multiple_mode_items.variants.2";"2";"ar"
"abt__ut2.option.multiple_mode_items.variants.3";"3";"ar"
"abt__ut2.option.multiple_mode_items.variants.4";"4";"ar"
"abt__ut2.option.multiple_mode_items.variants.5";"5";"ar"
"abt__ut2.option.navigation";"Navigation";"ar"
"abt__ut2.option.navigation.variants.native-scroller";"Native scroller";"ar"
"abt__ut2.settings";"Theme settings";"ar"
"abt__ut2.settings.addons";"Addons";"ar"
"abt__ut2.settings.addons.ab__landing_categories.columns_count";"Columns quantity";"ar"
"abt__ut2.settings.addons.ab__landing_categories.columns_count.variants.3";"3";"ar"
"abt__ut2.settings.addons.ab__landing_categories.columns_count.variants.4";"4";"ar"
"abt__ut2.settings.addons.ab__landing_categories.columns_count.variants.5";"5";"ar"
"abt__ut2.settings.addons.ab__landing_categories.columns_count.variants.6";"6";"ar"
"abt__ut2.settings.addons.ab__landing_categories.thumbnail_height";"Thumbnail height";"ar"
"abt__ut2.settings.addons.ab__landing_categories.thumbnail_width";"Thumbnail width";"ar"
"abt__ut2.settings.addons.ab__landing_categories_group";"""AB: Landing categories/pages"" add-on";"ar"
"abt__ut2.settings.addons.ab__landing_categories_group_description";"Allows to create landing pages for categories";"ar"
"abt__ut2.settings.addons.call_requests.item_button";"Display ""Buy now with 1-click"" button in blocks and product lists";"ar"
"abt__ut2.settings.addons.call_requests.item_button.tooltip";"Allows to display ""Buy now with 1-click"" button in blocks and product lists";"ar"
"abt__ut2.settings.addons.call_requests_group";"""Call request"" add-on";"ar"
"abt__ut2.settings.addons.call_requests_group_description";"Buy with one click and request call";"ar"
"abt__ut2.settings.addons.discussion.highlight_administrator";"Highlight admin reviews";"ar"
"abt__ut2.settings.addons.discussion.highlight_administrator.tooltip";"Adds special styling for reviews or comments written by administrators.";"ar"
"abt__ut2.settings.addons.discussion.verified_buyer";"Highlight reviews from verified buyers";"ar"
"abt__ut2.settings.addons.discussion.verified_buyer.tooltip";"Adds a special style for comments written by users that bought this product.";"ar"
"abt__ut2.settings.addons.discussion_group";"""Comments and reviews"" add-on";"ar"
"abt__ut2.settings.addons.discussion_group_description";"Lets customers to leave reviews and comments to products, categories, orders, etc.";"ar"
"abt__ut2.settings.addons.wishlist_products.item_quantity";"Show products in a row";"ar"
"abt__ut2.settings.addons.wishlist_products.item_quantity.tooltip";"Specify the quantity to display products in a row (only for ""Grid"")";"ar"
"abt__ut2.settings.addons.wishlist_products_group";"""Wish List"" addon";"ar"
"abt__ut2.settings.addons.wishlist_products_group_description";"Allows to add products to user wishlists";"ar"
"abt__ut2.settings.addons_description";"Here are setting, that affect on appearance of different addons pages in theme";"ar"
"abt__ut2.settings.category";"Category";"ar"
"abt__ut2.settings.category.description_position";"Display category description";"ar"
"abt__ut2.settings.category.description_position.tooltip";"Determines how the category description is displayed (nevertheless, regardless of the place of display, the Description field will be displayed in the code always above the product block, this is one of the recommendations of SEO audits)";"ar"
"abt__ut2.settings.category.description_position.variants.bottom";"After products";"ar"
"abt__ut2.settings.category.description_position.variants.none";"Don't display";"ar"
"abt__ut2.settings.category.description_position.variants.top";"Before products";"ar"
"abt__ut2.settings.category.preload_images";"Preload first images";"ar"
"abt__ut2.settings.category.preload_images.tooltip";"Disables Lazy Load for several first images and adds tags <code>&#60;link rel=""preload""></code> for them. Use to increase performance of PageSpeed Insights";"ar"
"abt__ut2.settings.category.show_sticky_panel_filters_and_categories";"Enable fixed panel with ""Categories"" and ""Filters"" buttons";"ar"
"abt__ut2.settings.category.show_sticky_panel_filters_and_categories.tooltip";"When the setting is enabled, a panel with the ""Categories"" and ""Filters"" buttons will appear when scrolling the page";"ar"
"abt__ut2.settings.category.show_subcategories";"Show subcategories on category pages";"ar"
"abt__ut2.settings.category.show_subcategories.tooltip";"Allows subcategories to be displayed in categories";"ar"
"abt__ut2.settings.category_description";"Here are the theme settings for Categories pages";"ar"
"abt__ut2.settings.deprecated";"This setting is outdated and will be removed in a short time";"ar"
"abt__ut2.settings.features";"Features";"ar"
"abt__ut2.settings.features.description_position";"Display description of feature variant";"ar"
"abt__ut2.settings.features.description_position.tooltip";"Determines how the feature description is displayed (nevertheless, regardless of the place of display, the Description field will be displayed in the code always above the product block, this is one of the recommendations of SEO audits)";"ar"
"abt__ut2.settings.features.description_position.variants.bottom";"After products";"ar"
"abt__ut2.settings.features.description_position.variants.none";"Don't display";"ar"
"abt__ut2.settings.features.description_position.variants.top";"Before products";"ar"
"abt__ut2.settings.features_description";"Here are the settings for the Features pages (Purpose: Brand, author, etc.)";"ar"
"abt__ut2.settings.general";"General";"ar"
"abt__ut2.settings.general.bfcache";"Quick moving back";"ar"
"abt__ut2.settings.general.bfcache.tooltip";"Save product and category pages into the browser cache for quick loading after clicking the button ""Back"". Functionality can fail to work when some chats or widgets of streaming platform exist, as well as opening the page using a link with an attribute target=""_blank"". <a href=""https://web.dev/i18n/en/bfcache/"" target=""_blank"">Read more</a> about functionality";"ar"
"abt__ut2.settings.general.block_loader_additional_margin";"Padding from the screen bottom to start loading the section with delayed loading, px";"ar"
"abt__ut2.settings.general.block_loader_additional_margin.tooltip";"Distance in pixels from the screen bottom to the section, where the setting ""Use delayed loading of section"" is active, to start loading the content of the section";"ar"
"abt__ut2.settings.general.blog_page_id";"Blog main page ID";"ar"
"abt__ut2.settings.general.blog_page_id.button";"All blog articles";"ar"
"abt__ut2.settings.general.blog_page_id.tooltip";"Specify this setting to display the link ""All pages"" in the block ""Actual news"" (see Website → Blog)";"ar"
"abt__ut2.settings.general.brand_feature_id";"Brand feature ID";"ar"
"abt__ut2.settings.general.brand_feature_id.tooltip";"Specify brand Feature ID (Purpose: Brand, author, etc.). Feature ID is located next to the feature name in the features list (Products → Features in the store administrative panel).The parameter ""Show in product list"" must be checked/ticked for specified feature";"ar"
"abt__ut2.settings.general.change_main_image_on_variation_hover";"Change product main image when hovering mouse pointer over variation icon";"ar"
"abt__ut2.settings.general.change_main_image_on_variation_hover.tooltip";"On the product page and in quick viewing window product main image will be changed on variation image when hovering mouse pointer over it. After termination of hovering, product image will return to common state";"ar"
"abt__ut2.settings.general.check_clone_theme";"Check the usage of cloned themes";"ar"
"abt__ut2.settings.general.check_clone_theme.tooltip";"All cloned themes from original theme AB: UniTheme2 couldn't be updated through ""Upgrade center""! For more information see <a target=""_blank"" href=""https://docs.cs-cart.abt.team/en/abt__unitheme2.doc#p-3141"">the documentation</a>.";"ar"
"abt__ut2.settings.general.lazy_load";"Use images lazy load";"ar"
"abt__ut2.settings.general.lazy_load.tooltip";"Speeds up the category page loading due to the fact, that images are loaded after the page is already loaded, images will be loaded only by users screen demand. Not compatible with activated option of setting ""Show product mini icons gallery in the product list""";"ar"
"abt__ut2.settings.general.menu_min_height";"AB: Minimum height for the menu, px";"ar"
"abt__ut2.settings.general.menu_min_height.tooltip";"The minimum height for the menu block with items of the second level. It is used to make the match of the height for left and right parts of menu (well described in the theme documentation)";"ar"
"abt__ut2.settings.general.mobile_tooltip";"Use alternative tooltip style for mobile devices";"ar"
"abt__ut2.settings.general.price_format";"Price format";"ar"
"abt__ut2.settings.general.price_format.tooltip";"Set appearance for product price on the storefront";"ar"
"abt__ut2.settings.general.price_format.variants.default";"Default";"ar"
"abt__ut2.settings.general.price_format.variants.default.tooltip";"No additional formating of the price shall be done";"ar"
"abt__ut2.settings.general.price_format.variants.subscript_decimals";"Decimal value at the lower index";"ar"
"abt__ut2.settings.general.price_format.variants.subscript_decimals.tooltip";"Decimal value of the price will be displayed at the lower index. Currency setting 'Decimal delimiter' will be ignored";"ar"
"abt__ut2.settings.general.price_format.variants.superscript_decimals";"Decimal value at the top index";"ar"
"abt__ut2.settings.general.price_format.variants.superscript_decimals.tooltip";"Decimal value of the price will be displayed at the top index. Currency setting 'Decimal delimiter' will be ignored";"ar"
"abt__ut2.settings.general.skeleton_sizes.default_height";"Height by default for all blocks";"ar"
"abt__ut2.settings.general.skeleton_sizes_group";"Skeleton settings";"ar"
"abt__ut2.settings.general.skeleton_sizes_group_description";"Allows to set skeleton height for each block type. These settings will be used during the block loading in a section when the setting ""Use delayed loading of section"" is enabled";"ar"
"abt__ut2.settings.general.sticky_panel.account";"الحساب";"ar"
"abt__ut2.settings.general.sticky_panel.cart";"Mini Cart";"ar"
"abt__ut2.settings.general.sticky_panel.catalog";"Catalog / Menu";"ar"
"abt__ut2.settings.general.sticky_panel.comparison";"Products in Comparison list";"ar"
"abt__ut2.settings.general.sticky_panel.enable_sticky_add_to_cart";"Enable sticky ""Add to Cart"" button";"ar"
"abt__ut2.settings.general.sticky_panel.enable_sticky_panel";"Enable bottom sticky panel";"ar"
"abt__ut2.settings.general.sticky_panel.enable_sticky_panel.tooltip";"Allows to display a sticky panel with store navigation elements at the bottom of the screen. The panel is displayed on mobile devices only.";"ar"
"abt__ut2.settings.general.sticky_panel.enable_sticky_panel_labels";"Display titles for panel items";"ar"
"abt__ut2.settings.general.sticky_panel.link_home";"Link to Home Page";"ar"
"abt__ut2.settings.general.sticky_panel.phones";"Contacts";"ar"
"abt__ut2.settings.general.sticky_panel.search";"Search products";"ar"
"abt__ut2.settings.general.sticky_panel.sticky_panel_contacts_block_id";"Display block with contacts for the ""Contact us"" element. Specify the block ID";"ar"
"abt__ut2.settings.general.sticky_panel.wishlist";"Products in Wishlist";"ar"
"abt__ut2.settings.general.sticky_panel_group";"Bottom sticky panel";"ar"
"abt__ut2.settings.general.sticky_panel_group_description";"Here you can manage display and content of the bottom sticky panel (works only for mobile phones). The maximum number of items to display is ""6"".";"ar"
"abt__ut2.settings.general.top_sticky_panel.enable";"Enable top sticky panel";"ar"
"abt__ut2.settings.general.top_sticky_panel.enable.tooltip";"Allows to display a sticky panel with elements of the header. The main elements of the store header will be visible even when scrolling";"ar"
"abt__ut2.settings.general.top_sticky_panel_group";"Top sticky panel";"ar"
"abt__ut2.settings.general.top_sticky_panel_group_description";"Here you can manage view of the top sticky panel";"ar"
"abt__ut2.settings.general_description";"Here are the general theme settings, they affect the appearance and store functionality";"ar"
"abt__ut2.settings.load_more";"Show more";"ar"
"abt__ut2.settings.load_more.before_end";"Start for N px to the end of the page";"ar"
"abt__ut2.settings.load_more.before_end.tooltip";"Used only for working mode Automatically";"ar"
"abt__ut2.settings.load_more.blog";"Allow for the Blog";"ar"
"abt__ut2.settings.load_more.blog.tooltip";"Allow displaying ""Show more"" button for Blog posts";"ar"
"abt__ut2.settings.load_more.mode";"Paginator operation mode";"ar"
"abt__ut2.settings.load_more.mode.tooltip";"Choose working mode for button Show more.<br /><b>Automatically</b> — in this mode next page will be loaded over N px before the end of page while scrolling down.<br /><b>By button click</b> — next products page will be loaded only clicking the button by the user";"ar"
"abt__ut2.settings.load_more.mode.variants.auto";"Automatically";"ar"
"abt__ut2.settings.load_more.mode.variants.on_button_click";"By button click";"ar"
"abt__ut2.settings.load_more.product_list";"Allow for product lists";"ar"
"abt__ut2.settings.load_more.product_list.tooltip";"Allow display of ""Show more"" button for categories, brands, newest pages etc.";"ar"
"abt__ut2.settings.load_more_description";"Below are the settings for the ""Show more"" functional for various objects in lists (lazy pagination)";"ar"
"abt__ut2.settings.name";"Name";"ar"
"abt__ut2.settings.position";"Position";"ar"
"abt__ut2.settings.products";"Product";"ar"
"abt__ut2.settings.products.abt__ut2_bigpicture_flat_template.multiple_product_images";"Number of displayed images of the product gallery";"ar"
"abt__ut2.settings.products.abt__ut2_bigpicture_flat_template.multiple_product_images.tooltip";"Values 2-3 are recommended for the ""AB: Gallery"" product page template. It can be used in other product page templates but with sufficient width of your layout (>1400px).";"ar"
"abt__ut2.settings.products.abt__ut2_bigpicture_flat_template.multiple_product_images.variants.1";"1";"ar"
"abt__ut2.settings.products.abt__ut2_bigpicture_flat_template.multiple_product_images.variants.2";"2";"ar"
"abt__ut2.settings.products.abt__ut2_bigpicture_flat_template.multiple_product_images.variants.3";"3";"ar"
"abt__ut2.settings.products.abt__ut2_bigpicture_flat_template_group";"Settings for the product card template ""AB: Big picture, flat""";"ar"
"abt__ut2.settings.products.abt__ut2_bigpicture_flat_template_group_description";"Settings for the product card template ""AB: Big picture, flat"". Please note, that some settings allow you to control the output of functional elements for different devices separately";"ar"
"abt__ut2.settings.products.abt__ut2_bigpicture_gallery_template.multiple_product_images";"Number of displayed images of the product gallery";"ar"
"abt__ut2.settings.products.abt__ut2_bigpicture_gallery_template.multiple_product_images.tooltip";"Values 2-3 are recommended for the ""AB: Gallery"" product page template. It can be used in other product page templates but with sufficient width of your layout (>1400px).";"ar"
"abt__ut2.settings.products.abt__ut2_bigpicture_gallery_template.multiple_product_images.variants.1";"1";"ar"
"abt__ut2.settings.products.abt__ut2_bigpicture_gallery_template.multiple_product_images.variants.2";"2";"ar"
"abt__ut2.settings.products.abt__ut2_bigpicture_gallery_template.multiple_product_images.variants.3";"3";"ar"
"abt__ut2.settings.products.abt__ut2_bigpicture_gallery_template_group";"Settings for the product card template ""AB: Gallery""";"ar"
"abt__ut2.settings.products.abt__ut2_bigpicture_gallery_template_group_description";"Settings for the product card template ""AB: Gallery"". Please note, that some settings allow you to control the output of functional elements for different devices separately";"ar"
"abt__ut2.settings.products.abt__ut2_cascade_gallery_template.formation_multiple_product_images";"Combinations of product gallery image formations";"ar"
"abt__ut2.settings.products.abt__ut2_cascade_gallery_template.formation_multiple_product_images.variants.1";"1";"ar"
"abt__ut2.settings.products.abt__ut2_cascade_gallery_template.formation_multiple_product_images.variants.2";"2";"ar"
"abt__ut2.settings.products.abt__ut2_cascade_gallery_template.formation_multiple_product_images.variants.3";"3";"ar"
"abt__ut2.settings.products.abt__ut2_cascade_gallery_template_group";"Setting for the product card template ""AB: Cascade gallery""";"ar"
"abt__ut2.settings.products.abt__ut2_cascade_gallery_template_group_description";"Settings for the product card template ""AB: Cascade gallery"".";"ar"
"abt__ut2.settings.products.abt__ut2_three_columns_template.multiple_product_images";"Number of displayed images of the product gallery";"ar"
"abt__ut2.settings.products.abt__ut2_three_columns_template.multiple_product_images.tooltip";"Values 2-3 are recommended for the ""AB: Gallery"" product page template. It can be used in other product page templates but with sufficient width of your layout (>1400px).";"ar"
"abt__ut2.settings.products.abt__ut2_three_columns_template.multiple_product_images.variants.1";"1";"ar"
"abt__ut2.settings.products.abt__ut2_three_columns_template.multiple_product_images.variants.2";"2";"ar"
"abt__ut2.settings.products.abt__ut2_three_columns_template.multiple_product_images.variants.3";"3";"ar"
"abt__ut2.settings.products.abt__ut2_three_columns_template_group";"Settings for the product card template ""AB: Three-columned""";"ar"
"abt__ut2.settings.products.abt__ut2_three_columns_template_group_description";"Settings for the product card template ""AB: Gallery"". Please note, that some settings allow you to control the output of functional elements for different devices separately";"ar"
"abt__ut2.settings.products.addon_buy_together.view";"Way of display";"ar"
"abt__ut2.settings.products.addon_buy_together.view.tooltip";"Choose way of display (added by AB: UniTheme2 theme or standard output by the tab)";"ar"
"abt__ut2.settings.products.addon_buy_together.view.variants.as_block_above_tabs";"As block before product tabs";"ar"
"abt__ut2.settings.products.addon_buy_together.view.variants.as_tab_in_tabs";"As product tab";"ar"
"abt__ut2.settings.products.addon_buy_together_group";"""Buy together"" addon";"ar"
"abt__ut2.settings.products.addon_buy_together_group_description";"Native CS-Cart add-on, which allows to display profitable offers in combination with the current product, on the page of which the user is located";"ar"
"abt__ut2.settings.products.addon_required_products.item_quantity";"Show products in row";"ar"
"abt__ut2.settings.products.addon_required_products.item_quantity.tooltip";"Specify the quantity products to display in a row (only for ""Grid"")";"ar"
"abt__ut2.settings.products.addon_required_products.list_type";"Template";"ar"
"abt__ut2.settings.products.addon_required_products.list_type.tooltip";"Choose template for displaying product list";"ar"
"abt__ut2.settings.products.addon_required_products.list_type.variants.compact_list";"Compact list";"ar"
"abt__ut2.settings.products.addon_required_products.list_type.variants.grid_list";"Grid";"ar"
"abt__ut2.settings.products.addon_required_products.list_type.variants.product_list";"List without options";"ar"
"abt__ut2.settings.products.addon_required_products_group";"""Required products"" addon";"ar"
"abt__ut2.settings.products.addon_required_products_group_description";"Native CS-Cart addon ""Required products"" creates a group of products, that will be added to the cart with the product, on which page the user is located";"ar"
"abt__ut2.settings.products.addon_social_buttons.view";"Show Share buttons for social networks";"ar"
"abt__ut2.settings.products.addon_social_buttons.view.tooltip";"Please note, that using this option slows down the loading of the product page. Not recommended for displaying on mobile devices.";"ar"
"abt__ut2.settings.products.addon_social_buttons_group";"Addon ""Social buttons""";"ar"
"abt__ut2.settings.products.addon_social_buttons_group_description";"Native CS-Cart addon ""Social Buttons"" displays Share buttons widgets for social networks";"ar"
"abt__ut2.settings.products.bigpicture_template.multiple_product_images";"Number of displayed images of the product gallery";"ar"
"abt__ut2.settings.products.bigpicture_template.multiple_product_images.tooltip";"Values 2-3 are recommended for the ""AB: Gallery"" product page template. It can be used in other product page templates but with sufficient width of your layout (>1400px).";"ar"
"abt__ut2.settings.products.bigpicture_template.multiple_product_images.variants.1";"1";"ar"
"abt__ut2.settings.products.bigpicture_template.multiple_product_images.variants.2";"2";"ar"
"abt__ut2.settings.products.bigpicture_template.multiple_product_images.variants.3";"3";"ar"
"abt__ut2.settings.products.bigpicture_template_group";"Settings for the product card template ""The big picture""";"ar"
"abt__ut2.settings.products.bigpicture_template_group_description";"Settings for the product card template ""The big picture"". Please note, that some settings allow you to control the output of functional elements for different devices separately";"ar"
"abt__ut2.settings.products.custom_block_id";"Custom block ID";"ar"
"abt__ut2.settings.products.custom_block_id.tooltip";"Specify the custom block ID, which you want to display of the product detail page (the block must be added to the <b>Products</b> layout and can be turned off, a special function will add it to the intended place to bypass the CS-Cart layout system) (well described in the theme <a target=""_blank"" href=""https://docs.cs-cart.abt.team/en/abt__unitheme2.doc/v4.18.1.b#p-5438"">documentation</a>)";"ar"
"abt__ut2.settings.products.default_template.multiple_product_images";"Number of displayed images of the product gallery";"ar"
"abt__ut2.settings.products.default_template.multiple_product_images.tooltip";"Values 2-3 are recommended for the ""AB: Gallery"" product page template. It can be used in other product page templates but with sufficient width of your layout (>1400px).";"ar"
"abt__ut2.settings.products.default_template.multiple_product_images.variants.1";"1";"ar"
"abt__ut2.settings.products.default_template.multiple_product_images.variants.2";"2";"ar"
"abt__ut2.settings.products.default_template.multiple_product_images.variants.3";"3";"ar"
"abt__ut2.settings.products.default_template_group";"Settings for the product card template ""Default template""";"ar"
"abt__ut2.settings.products.default_template_group_description";"Settings for the product card template ""Default template"". Please note, that some settings allow you to control the output of functional elements for different devices separately";"ar"
"abt__ut2.settings.products.preload_main_image";"Preload main product image";"ar"
"abt__ut2.settings.products.preload_main_image.tooltip";"Disables Lazy Load for the main image. Also adds <code>&#60;link rel=""preload""></code> for this image. Increases preformance of PageSpeed Insights.";"ar"
"abt__ut2.settings.products.search_similar_in_category";"Enable search of similar products in the category";"ar"
"abt__ut2.settings.products.search_similar_in_category.tooltip";"In the feature tab, checkbox will be added for each feature variant with created filter. Button, that opens window with a basic product category and filter corresponding to selected checkboxes, will be added as well.";"ar"
"abt__ut2.settings.products.vendor.show_ask_question_link";"Show ""Ask a question"" link";"ar"
"abt__ut2.settings.products.vendor.show_ask_question_link.tooltip";"Allows customers to communicate with the vendor using chat. Depends on ""Ask seller a question"" addon";"ar"
"abt__ut2.settings.products.vendor.show_logo";"Show vendor logo";"ar"
"abt__ut2.settings.products.vendor.show_logo.tooltip";"Displays the vendor's logo";"ar"
"abt__ut2.settings.products.vendor.show_name_as_link";"Use vendor name as a link on a vendor page";"ar"
"abt__ut2.settings.products.vendor.show_name_as_link.tooltip";"Allows use vendor name as a link to the page of this vendor";"ar"
"abt__ut2.settings.products.vendor.show_phone";"Show vendor phone number";"ar"
"abt__ut2.settings.products.vendor.show_phone.tooltip";"Allows you to display the phone number of the vendor";"ar"
"abt__ut2.settings.products.vendor.truncate_short_description";"Number of characters for vendor description";"ar"
"abt__ut2.settings.products.vendor.truncate_short_description.tooltip";"Allows you to limit the output of a vendor description, specify the number of displayed characters. To disable output, use the value ""0""";"ar"
"abt__ut2.settings.products.vendor_group";"Block with vendor information";"ar"
"abt__ut2.settings.products.vendor_group_description";"Settings for block with vendor information on the product page";"ar"
"abt__ut2.settings.products.view.ab__s_pictogram_position";"AB: Stickers: Display pictograms";"ar"
"abt__ut2.settings.products.view.ab__s_pictogram_position.variants.n";"Do not display";"ar"
"abt__ut2.settings.products.view.ab__s_pictogram_position.variants.position_1";"Position 1";"ar"
"abt__ut2.settings.products.view.ab__s_pictogram_position.variants.position_2";"Position 2";"ar"
"abt__ut2.settings.products.view.brand_link_behavior";"Brand logo link behavior";"ar"
"abt__ut2.settings.products.view.brand_link_behavior.tooltip";"Determines the brand logo link";"ar"
"abt__ut2.settings.products.view.brand_link_behavior.variants.to_brand_page";"The link leads to brand page";"ar"
"abt__ut2.settings.products.view.brand_link_behavior.variants.to_category_with_filter";"The link leads to the main product category with the selected filter by product brand";"ar"
"abt__ut2.settings.products.view.image_height";"Product Image Height";"ar"
"abt__ut2.settings.products.view.image_width";"Product Image Width";"ar"
"abt__ut2.settings.products.view.show_brand_format";"Show product brand information";"ar"
"abt__ut2.settings.products.view.show_brand_format.tooltip";"Allow to display name or logo of the product brand. For proper work of the setting, you must correctly specify ""Brand feature ID"" setting value in the ""General"" tab";"ar"
"abt__ut2.settings.products.view.show_brand_format.variants.logo";"Show logo of the product brand";"ar"
"abt__ut2.settings.products.view.show_brand_format.variants.name";"Show name of the product brand";"ar"
"abt__ut2.settings.products.view.show_brand_format.variants.none";"Don't show";"ar"
"abt__ut2.settings.products.view.show_features";"Show product features";"ar"
"abt__ut2.settings.products.view.show_features.tooltip";"Allow displaying of selected product features (for displaying on the product page (but not in Features tab), the feature must have an active setting ""Show in header on the product details page"")";"ar"
"abt__ut2.settings.products.view.show_features_in_two_col";"Show features in two columns";"ar"
"abt__ut2.settings.products.view.show_features_in_two_col.tooltip";"Changes view of feature list (in two columns)";"ar"
"abt__ut2.settings.products.view.show_qty";"Show quantity changer";"ar"
"abt__ut2.settings.products.view.show_qty.tooltip";"Allow the display of the quantity selection field";"ar"
"abt__ut2.settings.products.view.show_short_description";"Show short description";"ar"
"abt__ut2.settings.products.view.show_short_description.tooltip";"Allow the display of the ""Short description""";"ar"
"abt__ut2.settings.products.view.show_sku";"Show product code (Sku)";"ar"
"abt__ut2.settings.products.view.show_sku.tooltip";"Allow product code (Sku) showing";"ar"
"abt__ut2.settings.products.view.show_sticky_add_to_cart";"Show sticky block Add to cart (only for mobile devices)";"ar"
"abt__ut2.settings.products.view.show_sticky_add_to_cart.tooltip";"Allow output of a fixed block with the Add to cart button at the bottom of the mobile device screen. Also depending on the state of the option ""Show quantity changer"" in the block, the changer of products quantity for the order can be shown";"ar"
"abt__ut2.settings.products.view.show_you_save";"Show ""You save""";"ar"
"abt__ut2.settings.products.view.show_you_save.tooltip";"Shows information about savings (amount of your savings)";"ar"
"abt__ut2.settings.products.view.show_you_save.variants.full";"Full";"ar"
"abt__ut2.settings.products.view.show_you_save.variants.none";"Do not display";"ar"
"abt__ut2.settings.products.view.show_you_save.variants.short";"Short";"ar"
"abt__ut2.settings.products.view.thumbnails_gallery_format";"Appearance of image gallery";"ar"
"abt__ut2.settings.products.view.thumbnails_gallery_format.tooltip";"Gallery is displayed in a list view or as image scroller by default.";"ar"
"abt__ut2.settings.products.view.thumbnails_gallery_format.variants.counter_only";"Counter only";"ar"
"abt__ut2.settings.products.view.thumbnails_gallery_format.variants.default";"Default";"ar"
"abt__ut2.settings.products.view.thumbnails_gallery_format.variants.lines_only";"Dots only";"ar"
"abt__ut2.settings.products.view_group";"Additional display settings";"ar"
"abt__ut2.settings.products.view_group_description";"Additional appearance settings for the product page";"ar"
"abt__ut2.settings.products_description";"Here theme settings which affect the product detailed page appearance";"ar"
"abt__ut2.settings.product_list";"Product lists";"ar"
"abt__ut2.settings.product_list.button_compare_view";"Display ""Add to comparison list"" button";"ar"
"abt__ut2.settings.product_list.button_wish_list_view";"Display ""Add to wish list"" button";"ar"
"abt__ut2.settings.product_list.decolorate_out_of_stock_products";"Decolorize out of stock products";"ar"
"abt__ut2.settings.product_list.decolorate_out_of_stock_products.tooltip";"Applies the effect of decolorize for product items, that are out of stock. Only for lists in categories is used";"ar"
"abt__ut2.settings.product_list.default_products_view";"Product list default view";"ar"
"abt__ut2.settings.product_list.default_products_view.tooltip";"Specify template of product list by default for specific mobile devices";"ar"
"abt__ut2.settings.product_list.default_products_view.variants.products_multicolumns";"Grid";"ar"
"abt__ut2.settings.product_list.default_products_view.variants.products_without_options";"List without options";"ar"
"abt__ut2.settings.product_list.default_products_view.variants.short_list";"Compact list";"ar"
"abt__ut2.settings.product_list.hover_buttons_w_c_q";"Display buttons ""Quick view, Add to wish list, Add to comparison list"" when hovering over a product cell";"ar"
"abt__ut2.settings.product_list.max_features";"Max number of displayed features in lists";"ar"
"abt__ut2.settings.product_list.max_features.tooltip";"Specify the number of features displayed in all available lists for different devices";"ar"
"abt__ut2.settings.product_list.price_display_format";"Price display format";"ar"
"abt__ut2.settings.product_list.price_display_format.tooltip";"Formats options (of the elements positions) of price display";"ar"
"abt__ut2.settings.product_list.price_display_format.variants.col";"Option 1";"ar"
"abt__ut2.settings.product_list.price_display_format.variants.mix";"Option 3";"ar"
"abt__ut2.settings.product_list.price_display_format.variants.row";"Option 2";"ar"
"abt__ut2.settings.product_list.price_display_format.variants.row-mix";"Option 4";"ar"
"abt__ut2.settings.product_list.price_position_top";"Show price at the top";"ar"
"abt__ut2.settings.product_list.price_position_top.tooltip";"Allows to display price at the top of the content, just after the product image";"ar"
"abt__ut2.settings.product_list.products_multicolumns.ab__s_pictogram_position";"AB: Stickers: Display pictograms";"ar"
"abt__ut2.settings.product_list.products_multicolumns.ab__s_pictogram_position.variants.n";"Do not display";"ar"
"abt__ut2.settings.product_list.products_multicolumns.ab__s_pictogram_position.variants.position_1";"Position 1";"ar"
"abt__ut2.settings.product_list.products_multicolumns.ab__s_pictogram_position.variants.position_2";"Position 2";"ar"
"abt__ut2.settings.product_list.products_multicolumns.enable_hover_gallery";"Switch product image when hovering mouse pointer";"ar"
"abt__ut2.settings.product_list.products_multicolumns.enable_hover_gallery.tooltip";"If you hover mouse pointer over the product with 2 or more images, then images will be shifting. When activating this setting, value of the setting ""Show standard image gallery"" will be ignored for specific device types";"ar"
"abt__ut2.settings.product_list.products_multicolumns.enable_hover_gallery.variants.lines";"With stripes";"ar"
"abt__ut2.settings.product_list.products_multicolumns.enable_hover_gallery.variants.n";"Do not switch";"ar"
"abt__ut2.settings.product_list.products_multicolumns.enable_hover_gallery.variants.points";"With dots";"ar"
"abt__ut2.settings.product_list.products_multicolumns.grid_item_bottom_content";"Additional product information";"ar"
"abt__ut2.settings.product_list.products_multicolumns.grid_item_bottom_content.tooltip";"Select the fields that will be used as additional information about the product item";"ar"
"abt__ut2.settings.product_list.products_multicolumns.grid_item_bottom_content.variants.description";"Short description";"ar"
"abt__ut2.settings.product_list.products_multicolumns.grid_item_bottom_content.variants.features";"Features list";"ar"
"abt__ut2.settings.product_list.products_multicolumns.grid_item_bottom_content.variants.features_and_description";"Short description and variations";"ar"
"abt__ut2.settings.product_list.products_multicolumns.grid_item_bottom_content.variants.features_and_variations";"Features and variations list";"ar"
"abt__ut2.settings.product_list.products_multicolumns.grid_item_bottom_content.variants.none";"Don't display";"ar"
"abt__ut2.settings.product_list.products_multicolumns.grid_item_bottom_content.variants.variations";"Variations list";"ar"
"abt__ut2.settings.product_list.products_multicolumns.grid_item_height";"Minimum height for product cell, px";"ar"
"abt__ut2.settings.product_list.products_multicolumns.grid_item_height.tooltip";"Defines the product cell height according to your needs";"ar"
"abt__ut2.settings.product_list.products_multicolumns.image_height";"Product icon height";"ar"
"abt__ut2.settings.product_list.products_multicolumns.image_height.tooltip";"Icon height in product lists with the ""Grid"" template, individually for each device type";"ar"
"abt__ut2.settings.product_list.products_multicolumns.image_width";"Product icon width";"ar"
"abt__ut2.settings.product_list.products_multicolumns.image_width.tooltip";"Icon width in product lists with the ""Grid"" template, individually for each device type";"ar"
"abt__ut2.settings.product_list.products_multicolumns.lines_number_in_name_product";"Number of lines in the product name";"ar"
"abt__ut2.settings.product_list.products_multicolumns.lines_number_in_name_product.variants.1";"1";"ar"
"abt__ut2.settings.product_list.products_multicolumns.lines_number_in_name_product.variants.2";"2";"ar"
"abt__ut2.settings.product_list.products_multicolumns.lines_number_in_name_product.variants.3";"3";"ar"
"abt__ut2.settings.product_list.products_multicolumns.lines_number_in_name_product.variants.4";"4";"ar"
"abt__ut2.settings.product_list.products_multicolumns.show_amount";"Show availability status";"ar"
"abt__ut2.settings.product_list.products_multicolumns.show_amount.tooltip";"Allow to display the availability status of a product (In stock, Out of stock, Pre-order)";"ar"
"abt__ut2.settings.product_list.products_multicolumns.show_brand_logo";"Show brand logo";"ar"
"abt__ut2.settings.product_list.products_multicolumns.show_brand_logo.tooltip";"Allow to display brand logo. There following steps are required:<br>* assign option ""Brand feature ID"" in the ""General"" section of theme settings;<br>* at feature set the checkbox ""Show in product list"";<br>* load an image for feature variant Brand.";"ar"
"abt__ut2.settings.product_list.products_multicolumns.show_buttons_on_hover";"Show buttons on hover";"ar"
"abt__ut2.settings.product_list.products_multicolumns.show_buttons_on_hover.tooltip";"Buttons ""Add to cart"" and ""Buy now with 1-click"" will be shown only while hovering on the product cell";"ar"
"abt__ut2.settings.product_list.products_multicolumns.show_button_add_to_cart";"Show ""Add to Cart"" button";"ar"
"abt__ut2.settings.product_list.products_multicolumns.show_button_add_to_cart.tooltip";"Allow to display ""Add to Cart"" button";"ar"
"abt__ut2.settings.product_list.products_multicolumns.show_button_add_to_cart.variants.icon";"Icon of the Cart only (simplified version)";"ar"
"abt__ut2.settings.product_list.products_multicolumns.show_button_add_to_cart.variants.icon_and_text";"Icon of the Cart and text";"ar"
"abt__ut2.settings.product_list.products_multicolumns.show_button_add_to_cart.variants.icon_button";"Icon of the Cart only";"ar"
"abt__ut2.settings.product_list.products_multicolumns.show_button_add_to_cart.variants.none";"Don't display";"ar"
"abt__ut2.settings.product_list.products_multicolumns.show_button_add_to_cart.variants.text";"Text only";"ar"
"abt__ut2.settings.product_list.products_multicolumns.show_content_on_hover";"Show additional information on hover";"ar"
"abt__ut2.settings.product_list.products_multicolumns.show_gallery";"Show standard image gallery";"ar"
"abt__ut2.settings.product_list.products_multicolumns.show_gallery.variants.arrows";"Arrows navigation";"ar"
"abt__ut2.settings.product_list.products_multicolumns.show_gallery.variants.n";"Do not display";"ar"
"abt__ut2.settings.product_list.products_multicolumns.show_gallery.variants.points";"Dots navigation";"ar"
"abt__ut2.settings.product_list.products_multicolumns.show_qty";"Show quantity changer";"ar"
"abt__ut2.settings.product_list.products_multicolumns.show_qty.tooltip";"Allow the display of the quantity selection field";"ar"
"abt__ut2.settings.product_list.products_multicolumns.show_sku";"Show product code (Sku)";"ar"
"abt__ut2.settings.product_list.products_multicolumns.show_sku.tooltip";"Allow product code (Sku) showing";"ar"
"abt__ut2.settings.product_list.products_multicolumns_group";"Settings for ""Grid"" product list view";"ar"
"abt__ut2.settings.product_list.products_multicolumns_group_description";"Settings for ""Grid"" product list view. Please note, that some settings allow you to control the output of functional elements for different devices separately";"ar"
"abt__ut2.settings.product_list.products_scroller.lines_number_in_name_product";"Number of lines in the product name";"ar"
"abt__ut2.settings.product_list.products_scroller.lines_number_in_name_product.variants.1";"1";"ar"
"abt__ut2.settings.product_list.products_scroller.lines_number_in_name_product.variants.2";"2";"ar"
"abt__ut2.settings.product_list.products_scroller.lines_number_in_name_product.variants.3";"3";"ar"
"abt__ut2.settings.product_list.products_scroller.show_amount";"Show availability status";"ar"
"abt__ut2.settings.product_list.products_scroller.show_amount.tooltip";"Allow to display the availability status of a product (In stock, Out of stock, Pre-order)";"ar"
"abt__ut2.settings.product_list.products_scroller.show_button_add_to_cart";"Show ""Add to Cart"" button";"ar"
"abt__ut2.settings.product_list.products_scroller.show_button_add_to_cart.tooltip";"Allow to display of the ""Add to Cart"" button. Please note, there is a block-dependent setting with the template ""Scroller: Block settings → Hide the button for adding the product to the cart""";"ar"
"abt__ut2.settings.product_list.products_scroller.show_button_add_to_cart.variants.icon";"Icon of the Cart only (simplified version)";"ar"
"abt__ut2.settings.product_list.products_scroller.show_button_add_to_cart.variants.icon_and_text";"Icon of the Cart and text";"ar"
"abt__ut2.settings.product_list.products_scroller.show_button_add_to_cart.variants.icon_button";"Icon of the Cart only";"ar"
"abt__ut2.settings.product_list.products_scroller.show_button_add_to_cart.variants.text";"Text only";"ar"
"abt__ut2.settings.product_list.products_scroller.show_qty";"Show quantity changer";"ar"
"abt__ut2.settings.product_list.products_scroller.show_qty.tooltip";"Allow the display of the quantity selection field";"ar"
"abt__ut2.settings.product_list.products_scroller.show_quick_view_button";"Show ""Quick view"" button";"ar"
"abt__ut2.settings.product_list.products_scroller.show_quick_view_button.tooltip";"To display the ""Quick View"" button, pay attention to the dependency with the CS-Cart setting ""Settings → Appearance → Enable Quick View"" and the setting of the product block with the ""Scroller"" template ""Enable Quick View"". The setting allows you to manipulate the display of this button on pages with this list of products, where display settings are missing";"ar"
"abt__ut2.settings.product_list.products_scroller_group";"Settings for the product list view with the ""Scroller"" template";"ar"
"abt__ut2.settings.product_list.products_scroller_group_description";"Settings for the product list view with the ""Scroller"" template. Please note, there are block-dependent settings. Some settings allow you to control the display of functionality elements for different devices separately";"ar"
"abt__ut2.settings.product_list.products_without_options.ab__s_pictogram_position";"AB: Stickers: Display pictograms";"ar"
"abt__ut2.settings.product_list.products_without_options.ab__s_pictogram_position.variants.n";"Do not display";"ar"
"abt__ut2.settings.product_list.products_without_options.ab__s_pictogram_position.variants.position_1";"Position 1";"ar"
"abt__ut2.settings.product_list.products_without_options.ab__s_pictogram_position.variants.position_2";"Position 2";"ar"
"abt__ut2.settings.product_list.products_without_options.enable_hover_gallery";"Switch product image when hovering mouse pointer";"ar"
"abt__ut2.settings.product_list.products_without_options.enable_hover_gallery.tooltip";"If you hover mouse pointer over the product with 2 or more images, then images will be shifting. When activating this setting, value of the setting ""Show standard image gallery"" will be ignored for specific device types";"ar"
"abt__ut2.settings.product_list.products_without_options.enable_hover_gallery.variants.lines";"With stripes";"ar"
"abt__ut2.settings.product_list.products_without_options.enable_hover_gallery.variants.n";"Do not switch";"ar"
"abt__ut2.settings.product_list.products_without_options.enable_hover_gallery.variants.points";"With dots";"ar"
"abt__ut2.settings.product_list.products_without_options.grid_item_bottom_content";"Content under description";"ar"
"abt__ut2.settings.product_list.products_without_options.grid_item_bottom_content.tooltip";"Select, what fields will be used as the additional information of the product item";"ar"
"abt__ut2.settings.product_list.products_without_options.grid_item_bottom_content.variants.features";"Features list";"ar"
"abt__ut2.settings.product_list.products_without_options.grid_item_bottom_content.variants.features_and_variations";"Features and variations list";"ar"
"abt__ut2.settings.product_list.products_without_options.grid_item_bottom_content.variants.none";"Don't display";"ar"
"abt__ut2.settings.product_list.products_without_options.grid_item_bottom_content.variants.variations";"Variations list";"ar"
"abt__ut2.settings.product_list.products_without_options.image_height";"Product icon height";"ar"
"abt__ut2.settings.product_list.products_without_options.image_height.tooltip";"Icon height in product lists with the ""List without options"" template, individually for each device type";"ar"
"abt__ut2.settings.product_list.products_without_options.image_width";"Product icon width";"ar"
"abt__ut2.settings.product_list.products_without_options.image_width.tooltip";"Icon width in product lists with the ""List without options"" template, individually for each device type";"ar"
"abt__ut2.settings.product_list.products_without_options.show_amount";"Show product availability status";"ar"
"abt__ut2.settings.product_list.products_without_options.show_amount.tooltip";"Allow the display of the status of stock availability (In stock, Out of stock)";"ar"
"abt__ut2.settings.product_list.products_without_options.show_brand_logo";"Show brand logo";"ar"
"abt__ut2.settings.product_list.products_without_options.show_brand_logo.tooltip";"Allow to display brand logo. There following steps are required:<br>* assign option ""Brand feature ID"" in the ""General"" section of theme settings;<br>* at feature set the checkbox ""Show in product list"";<br>* load an image for feature variant Brand.";"ar"
"abt__ut2.settings.product_list.products_without_options.show_button_add_to_cart";"Show ""Add to Cart"" button";"ar"
"abt__ut2.settings.product_list.products_without_options.show_button_add_to_cart.tooltip";"Allow to display ""Add to Cart"" button";"ar"
"abt__ut2.settings.product_list.products_without_options.show_button_add_to_cart.variants.icon_and_text";"Icon of the Cart and text";"ar"
"abt__ut2.settings.product_list.products_without_options.show_button_add_to_cart.variants.icon_button";"Icon of the Cart only";"ar"
"abt__ut2.settings.product_list.products_without_options.show_button_add_to_cart.variants.none";"Don't display";"ar"
"abt__ut2.settings.product_list.products_without_options.show_button_add_to_cart.variants.text";"Text only";"ar"
"abt__ut2.settings.product_list.products_without_options.show_features";"Show product features";"ar"
"abt__ut2.settings.product_list.products_without_options.show_features.tooltip";"Allow display of selected product features (for displaying in the product list the feature must have an active setting ""Show in product list"")";"ar"
"abt__ut2.settings.product_list.products_without_options.show_gallery";"Show standard image gallery";"ar"
"abt__ut2.settings.product_list.products_without_options.show_gallery.variants.arrows";"Arrows navigation";"ar"
"abt__ut2.settings.product_list.products_without_options.show_gallery.variants.n";"Do not display";"ar"
"abt__ut2.settings.product_list.products_without_options.show_gallery.variants.points";"Dots navigation";"ar"
"abt__ut2.settings.product_list.products_without_options.show_options";"Show product options";"ar"
"abt__ut2.settings.product_list.products_without_options.show_options.tooltip";"Allow display of product options";"ar"
"abt__ut2.settings.product_list.products_without_options.show_qty";"Show quantity changer";"ar"
"abt__ut2.settings.product_list.products_without_options.show_qty.tooltip";"Allow the display of the quantity selection field";"ar"
"abt__ut2.settings.product_list.products_without_options.show_sku";"Show product code (Sku)";"ar"
"abt__ut2.settings.product_list.products_without_options.show_sku.tooltip";"Allow product code (Sku) showing";"ar"
"abt__ut2.settings.product_list.products_without_options_group";"Settings for ""List without options"" product list view";"ar"
"abt__ut2.settings.product_list.products_without_options_group_description";"Settings for ""List without options"" product list view. Please note, that some settings allow you to control the output of functional elements for different devices separately";"ar"
"abt__ut2.settings.product_list.product_variations.allow_variations_selection";"Allow to select variations/options from lists";"ar"
"abt__ut2.settings.product_list.product_variations.display_as_links";"Display as links";"ar"
"abt__ut2.settings.product_list.product_variations.display_as_links.tooltip";"Display variations as links that transfer to a product page of the chosen variation";"ar"
"abt__ut2.settings.product_list.product_variations.limit";"The maximum quantity of the displayed products variations";"ar"
"abt__ut2.settings.product_list.product_variations.limit.tooltip";"Specify the number of available variations, that will be shown for the product in the list, if more variations are available, than specified in the setting, the remaining amount will be indicated in brackets (+ N more). Value <code>0</code> in setting will block the display of variations.";"ar"
"abt__ut2.settings.product_list.product_variations_group";"""Product variations"" add-on";"ar"
"abt__ut2.settings.product_list.product_variations_group_description";"Settings of functionality of the add-on in products lists";"ar"
"abt__ut2.settings.product_list.short_list.ab__s_pictogram_position";"AB: Stickers: Display pictograms";"ar"
"abt__ut2.settings.product_list.short_list.ab__s_pictogram_position.variants.n";"Do not display";"ar"
"abt__ut2.settings.product_list.short_list.ab__s_pictogram_position.variants.position_1";" ";"ar"
"abt__ut2.settings.product_list.short_list.image_height";"Product icon height";"ar"
"abt__ut2.settings.product_list.short_list.image_height.tooltip";"Icon height in product lists with the ""Compact list"" template, individually for each device type";"ar"
"abt__ut2.settings.product_list.short_list.image_width";"Product icon width";"ar"
"abt__ut2.settings.product_list.short_list.image_width.tooltip";"Icon width in product lists with the ""Compact list"" template, individually for each device type";"ar"
"abt__ut2.settings.product_list.short_list.show_amount";"Show availability status";"ar"
"abt__ut2.settings.product_list.short_list.show_amount.tooltip";"Allow to display the availability status of a product (In stock, Out of stock, Pre-order)";"ar"
"abt__ut2.settings.product_list.short_list.show_button";"Show ""Add to cart"" button";"ar"
"abt__ut2.settings.product_list.short_list.show_button.tooltip";"Allow the display of the ""Add to cart"" buttons";"ar"
"abt__ut2.settings.product_list.short_list.show_button_add_to_cart";"Show ""Add to Cart"" button";"ar"
"abt__ut2.settings.product_list.short_list.show_button_add_to_cart.tooltip";"Allow to display ""Add to Cart"" button";"ar"
"abt__ut2.settings.product_list.short_list.show_button_add_to_cart.variants.icon";"Icon of the Cart only (simplified version)";"ar"
"abt__ut2.settings.product_list.short_list.show_button_add_to_cart.variants.icon_and_text";"Icon of the Cart and text";"ar"
"abt__ut2.settings.product_list.short_list.show_button_add_to_cart.variants.icon_button";"Icon of the Cart only";"ar"
"abt__ut2.settings.product_list.short_list.show_button_add_to_cart.variants.none";"Don't display";"ar"
"abt__ut2.settings.product_list.short_list.show_button_add_to_cart.variants.text";"Text only";"ar"
"abt__ut2.settings.product_list.short_list.show_button_compare";"Show ""Add to comparison list"" button";"ar"
"abt__ut2.settings.product_list.short_list.show_button_compare.tooltip";"Allow the display of the ""Add to comparison list"" button";"ar"
"abt__ut2.settings.product_list.short_list.show_button_quick_view";"Show ""Quick view"" button";"ar"
"abt__ut2.settings.product_list.short_list.show_button_quick_view.tooltip";"Allow the display of the ""Quick view"" button";"ar"
"abt__ut2.settings.product_list.short_list.show_button_wishlist";"Show ""Add to wishlist"" button";"ar"
"abt__ut2.settings.product_list.short_list.show_button_wishlist.tooltip";"Allow the display of the ""Add to wishlist"" button";"ar"
"abt__ut2.settings.product_list.short_list.show_qty";"Show quantity changer";"ar"
"abt__ut2.settings.product_list.short_list.show_qty.tooltip";"Allow the display of the quantity selection field";"ar"
"abt__ut2.settings.product_list.short_list.show_sku";"Show product code (Sku)";"ar"
"abt__ut2.settings.product_list.short_list.show_sku.tooltip";"Allow product code (Sku) showing";"ar"
"abt__ut2.settings.product_list.short_list.show_two_columns";"Display products in two columns";"ar"
"abt__ut2.settings.product_list.short_list_group";"Settings for ""Compact list"" product list view";"ar"
"abt__ut2.settings.product_list.short_list_group_description";"Settings for ""Compact list"" product list view. Pay attention to the presence of addon-dependent settings. Some settings allow managing functionality elements output for different devices separately";"ar"
"abt__ut2.settings.product_list.show_cart_status";"Display statuses for ""Add to cart"" button";"ar"
"abt__ut2.settings.product_list.show_cart_status.tooltip";"Allows to display the status of the cart (number of the added products) for the ""Add to cart"" button";"ar"
"abt__ut2.settings.product_list.show_cart_status.variants.check-icon";"Icon";"ar"
"abt__ut2.settings.product_list.show_cart_status.variants.counter";"Number of products";"ar"
"abt__ut2.settings.product_list.show_cart_status.variants.not-show";"Do not display";"ar"
"abt__ut2.settings.product_list.show_favorite_compare_status";"Display statuses for buttons ""Add to wish list"", ""Add to comparison list""";"ar"
"abt__ut2.settings.product_list.show_favorite_compare_status.tooltip";"Allows to display the status of the added product for the buttons ""Add to wish list"", ""Add to comparison list""";"ar"
"abt__ut2.settings.product_list.show_gallery";"Show product mini icons gallery in the product list";"ar"
"abt__ut2.settings.product_list.show_gallery.tooltip";"Activates the option of scrolling the product photos mini gallery in the lists. Applies only to the product list with the ""Grid"" output template";"ar"
"abt__ut2.settings.product_list.show_rating";"Display empty stars of product rating";"ar"
"abt__ut2.settings.product_list.show_rating.tooltip";"Allows to display empty stars at products without rating";"ar"
"abt__ut2.settings.product_list.show_rating_num";"Display common value of product rating";"ar"
"abt__ut2.settings.product_list.show_rating_num.tooltip";"Allows to display common value of product rating, changes the view of product rating stars";"ar"
"abt__ut2.settings.product_list.show_you_save";"Show ""You save""";"ar"
"abt__ut2.settings.product_list.show_you_save.tooltip";"Shows information about savings (amount of your savings)";"ar"
"abt__ut2.settings.product_list.show_you_save.variants.full";"Full";"ar"
"abt__ut2.settings.product_list.show_you_save.variants.none";"Do not display";"ar"
"abt__ut2.settings.product_list.show_you_save.variants.short";"Short";"ar"
"abt__ut2.settings.product_list.small_items.lines_number_in_name_product";"Number of lines in the product name";"ar"
"abt__ut2.settings.product_list.small_items.lines_number_in_name_product.variants.1";"1";"ar"
"abt__ut2.settings.product_list.small_items.lines_number_in_name_product.variants.2";"2";"ar"
"abt__ut2.settings.product_list.small_items.lines_number_in_name_product.variants.3";"3";"ar"
"abt__ut2.settings.product_list.small_items.lines_number_in_name_product.variants.4";"4";"ar"
"abt__ut2.settings.product_list.small_items.show_amount";"Show availability status";"ar"
"abt__ut2.settings.product_list.small_items.show_amount.tooltip";"Allow to display the availability status of a product (In stock, Out of stock, Pre-order)";"ar"
"abt__ut2.settings.product_list.small_items.show_button_add_to_cart";"Show ""Add to Cart"" button";"ar"
"abt__ut2.settings.product_list.small_items.show_button_add_to_cart.tooltip";"Allow to display ""Add to Cart"" button";"ar"
"abt__ut2.settings.product_list.small_items.show_button_add_to_cart.variants.icon";"Icon of the Cart only (simplified version)";"ar"
"abt__ut2.settings.product_list.small_items.show_button_add_to_cart.variants.icon_and_text";"Icon of the Cart and text";"ar"
"abt__ut2.settings.product_list.small_items.show_button_add_to_cart.variants.icon_button";"Icon of the Cart only";"ar"
"abt__ut2.settings.product_list.small_items.show_button_add_to_cart.variants.text";"Text only";"ar"
"abt__ut2.settings.product_list.small_items.show_qty";"Show quantity changer";"ar"
"abt__ut2.settings.product_list.small_items.show_qty.tooltip";"Allow the display of the quantity selection field";"ar"
"abt__ut2.settings.product_list.small_items.show_sku";"Show product code (Sku)";"ar"
"abt__ut2.settings.product_list.small_items.show_sku.tooltip";"Allow product code (Sku) showing";"ar"
"abt__ut2.settings.product_list.small_items_group";"Settings for ""Small Items"" product list view";"ar"
"abt__ut2.settings.product_list.small_items_group_description";"Settings for ""Small Items"" product list view. Pay attention to the presence of addon-dependent settings. Some settings allow managing functionality elements output for different devices separately";"ar"
"abt__ut2.settings.product_list_description";"Here are the product lists settings of the theme, that affect the output for all product blocks and product lists on categories, search, features pages. Note: blocks can have their own settings and not use selected parameters. The presence of the <i class=""icon-is-addon""></i> icon for the setting means, that it is dependent on the presence of an addon, that needs to be turned on";"ar"
"abt__ut2.settings.value";"Value for all devices";"ar"
"abt__ut2.settings.value.desktop";"Value for Desktop";"ar"
"abt__ut2.settings.value.mobile";"Value for Phone";"ar"
"abt__ut2.settings.value.tablet";"Value for Tablet";"ar"
"abt__ut2.settings.vendor";"Vendor";"ar"
"abt__ut2.settings.vendor.show_ask_question_link";"Display ""Ask a question"" link";"ar"
"abt__ut2.settings.vendor.show_ask_question_link.tooltip";"Allows customers to communicate with the vendor using chat. Depends on ""Ask seller a question"" addon";"ar"
"abt__ut2.settings.vendor.truncate_short_description";"Number of characters for vendor description";"ar"
"abt__ut2.settings.vendor.truncate_short_description.tooltip";"Allows you to limit the output of vendor short description, specify the number of displayed characters. To disable output, use the value ""0""";"ar"
"abt__ut2.settings.vendor_description";"Block with vendor information on the vendor's page";"ar"
"abt__ut2.sku_copy_status_fail";"Failed to copy SKU";"ar"
"abt__ut2.sku_copy_status_success";"Successed to copy SKU";"ar"
"abt__ut2.sort_by_absolute_vendor_rating_asc";"Sort by Vendor rating: Low to High";"ar"
"abt__ut2.sort_by_absolute_vendor_rating_desc";"Sort by Vendor rating";"ar"
"abt__ut2.sort_by_bestsellers_asc";"Bestselling: Low to High";"ar"
"abt__ut2.sort_by_bestsellers_desc";"Bestselling First";"ar"
"abt__ut2.sort_by_cls_rel_asc";"Relevance";"ar"
"abt__ut2.sort_by_cls_rel_pop_asc";"Relevance";"ar"
"abt__ut2.sort_by_company_asc";"Sort by alphabetical: A to Z";"ar"
"abt__ut2.sort_by_company_desc";"Sort by alphabetical: Z to A";"ar"
"abt__ut2.sort_by_helpfulness_asc";"Helpful Last";"ar"
"abt__ut2.sort_by_helpfulness_desc";"Helpful First";"ar"
"abt__ut2.sort_by_null_asc";"Without sorting";"ar"
"abt__ut2.sort_by_on_sale_asc";"Discount: Low to High";"ar"
"abt__ut2.sort_by_on_sale_desc";"Discount: High to Low";"ar"
"abt__ut2.sort_by_popularity_asc";"Popularity: Low to High";"ar"
"abt__ut2.sort_by_popularity_desc";"Popular First";"ar"
"abt__ut2.sort_by_position_asc";"Position: Low to High";"ar"
"abt__ut2.sort_by_position_desc";"Position: High to Low";"ar"
"abt__ut2.sort_by_price_asc";"Price: Low to High";"ar"
"abt__ut2.sort_by_price_desc";"Price: High to Low";"ar"
"abt__ut2.sort_by_product_asc";"from A to Z";"ar"
"abt__ut2.sort_by_product_desc";"from Z to A";"ar"
"abt__ut2.sort_by_product_review_timestamp_asc";"Oldest Items First";"ar"
"abt__ut2.sort_by_product_review_timestamp_desc";"Newest Items First";"ar"
"abt__ut2.sort_by_rating_asc";"Sort by rating: Low to High";"ar"
"abt__ut2.sort_by_rating_desc";"Sort by rating";"ar"
"abt__ut2.sort_by_rating_value_asc";"Low rated";"ar"
"abt__ut2.sort_by_rating_value_desc";"Highly rated";"ar"
"abt__ut2.sort_by_timestamp_asc";"Oldest Items First";"ar"
"abt__ut2.sort_by_timestamp_desc";"Newest Items First";"ar"
"abt__ut2.upgrade_notifications.4.10.2.d.new_layouts.text";"Use the following <a target=""_blank"" href=""https://docs.cs-cart.abt.team/en/abt__unitheme2.doc#p-142"">instruction</a> to update used layout.";"ar"
"abt__ut2.upgrade_notifications.4.10.2.d.new_layouts.title";"New layout ""Checkout"" is available!";"ar"
"abt__ut2.upgrade_notifications.4.10.3.a.new_layouts.text";"Use the following <a target=""_blank"" href=""https://docs.cs-cart.abt.team/en/abt__unitheme2.doc#p-142"">instruction</a> to update the used layout.";"ar"
"abt__ut2.upgrade_notifications.4.10.3.a.new_layouts.title";"We recommend to update the used layout!";"ar"
"abt__ut2.upgrade_notifications.4.10.3.b.added_compatibility_with_ab__ia.text";"For users of <a target=""_blank"" href=""https://cs-cart.alexbranding.com/en/addon-intellectual-analogues-accessories-by-features.html"">AB: Intellectual selection of products</a> addon starting from version 2.6.0: special places for displaying a block of selected products were added in theme (optionally above or below the product tabs, taking into account the display settings for various devices).";"ar"
"abt__ut2.upgrade_notifications.4.10.3.b.added_compatibility_with_ab__ia.title";"Fixed compatibility with ""AB: Intellectual selection of products"" addon";"ar"
"abt__ut2.upgrade_notifications.4.10.4.b.added_new_less_settings.text";"<p>In this version, we have significantly expanded the settings for ""color schemes"" and grouped them into tabs corresponding to their place of application and functional purpose.</p><p><b>IMPORTANT!!!</b></p><p>After the upgrade, your current color scheme will work as before. To use the new settings you need to perform one of the variants: <ol><li>or adjust the current used color scheme. To do this, go to the page AB: Add-ons → AB: UniTheme2 → Color scheme settings, select the active color scheme and set the necessary values for all settings;</li><li>or create a new color scheme using the ""Theme Editor"" based on the color schemes available in this version.</li></ol></p><p>List of new color scheme settings (AB: Addons → AB: UniTheme2 → Color scheme settings):<ul><li>General → Display headers in capital letters;</li><li>General → Buttons → Display text in capital letters;</li><li>General → Buttons → Add shadow;</li><li>General → Buttons → Add bulk;</li><li>General → Labels (stickers) → Use border style;</li> <li>General → Labels (stickers) → Add shadow;</li><li>General → Labels (stickers) → Add shadow for text;</li><li>Containers → Header → Add dividing strips;</li><li>Containers → Header → Color for hovering over a first level menu item;</li><li>Containers → Header → Color for hovering over the elements ""Categories"", ""Account"" and ""Cart"";</li><li>Containers → Header → The color of the icons for elements ""Categories"", ""Account"" and ""Cart"";</li><li>Product → Set individual color for ""Add to cart"" button.</li></ul><p>";"ar"
"abt__ut2.upgrade_notifications.4.10.4.b.added_new_less_settings.title";"We recommend to update the used color scheme (Style) settings!";"ar"
"abt__ut2.upgrade_notifications.4.11.3.b.ab__deal_of_the_day.text";"For theme version v4.11.3.b is needed the add-on ""AB: Product of the day and extended promotions"" version v3.2.0 to provide the correct display of the add-on elements in the theme.";"ar"
"abt__ut2.upgrade_notifications.4.11.3.b.ab__deal_of_the_day.title";"Attention! The update of the ""AB: Product of the day and extended promotions"" add-on is needed";"ar"
"abt__ut2.upgrade_notifications.4.11.3.b.brands_page_will_be_removed.text";"The functionality of the Brands page will be moved and expanded into the separate add-on <a href=""https://cs-cart.alexbranding.com/en/seo-for-brands.html"" target=""_blank"">AB: SEO for Brands</a> from the next version of the theme. It is available in the package <a href=""https://cs-cart.alexbranding.com/en/seo-package.html"" target=""_blank"">SEO</a>.";"ar"
"abt__ut2.upgrade_notifications.4.11.3.b.brands_page_will_be_removed.title";"Attention! The removing of Brands page functionality is planned";"ar"
"abt__ut2.upgrade_notifications.4.11.3.c.ab__category_banners.text";"For theme version v4.11.3.b is needed the add-on ""AB: Banners for categories"" version v2.1.0 to ensure the correct operation of the setting ""AB: UniTheme2: Theme Settings → Product Lists → Use Deferred Image Upload"".";"ar"
"abt__ut2.upgrade_notifications.4.11.3.c.ab__category_banners.title";"Attention! The update of the ""AB: Banners for categories"" add-on is needed";"ar"
"abt__ut2.upgrade_notifications.4.11.3.c.ab__video_gallery.text";"For theme version v4.11.3.b is needed the add-on ""AB: Video gallery of the product"" version v2.2.0 to ensure the correct operation of the setting ""AB: UniTheme2: Theme Settings → Product Lists → Use Deferred Image Upload"".";"ar"
"abt__ut2.upgrade_notifications.4.11.3.c.ab__video_gallery.title";"Attention! The update of the ""AB: Video gallery of the product"" add-on is needed";"ar"
"abt__ut2.upgrade_notifications.4.11.3.c.brands_page_was_removed.text";"Functionality of the Brands page was moved out and expanded to the separate add-on <a href=""https://cs-cart.alexbranding.com/ru/seo-dlya-brendov.html"" target=""_blank"">AB: SEO for Brands</a> that is available in the package <a href=""https://cs-cart.alexbranding.com/ru/paket-moduley-seo.html"" target=""_blank"">SEO</a>. In the absence of the specified add-on, theme will still use outdated functionality, which will be permanently removed in the next releases.";"ar"
"abt__ut2.upgrade_notifications.4.11.3.c.brands_page_was_removed.title";"Attention! The Brands page functionality was moved out to the separate add-on.";"ar"
"abt__ut2.upgrade_notifications.4.11.4.a.ab__antibot.text";"Due to the closure of support for the SEOhide add-on, starting from the theme version v4.11.4.a, the integration of the new <a target=""_blank"" href=""https://cs-cart.alexbranding.com/en/antibot-seo.html"">AB: Antibot</a> add-on included in the <a target=""_blank"" href=""https://cs-cart.alexbranding.com/en/seo-package.html"">SEO</a> and <a target=""_blank"" href=""https://cs-cart.alexbranding.com/en/set-speedup.html"">Speed-Up</a> packages is used to hide content from bots. Uninstall the SEOhide add-on, install the <a target=""_blank"" href=""https://cs-cart.alexbranding.com/en/antibot-seo.html"">AB: Antibot</a> add-on and configure it according to the <a target=""_blank"" href=""https://docs.cs-cart.abt.team/en/ab__antibot.doc"">documentation</a>.";"ar"
"abt__ut2.upgrade_notifications.4.11.4.a.ab__antibot.title";"Attention! If you use the SEOhide add-on - check!!!";"ar"
"abt__ut2.upgrade_notifications.recommend_to_update_layouts.text";"Use the following <a target=""_blank"" href=""https://docs.cs-cart.abt.team/en/abt__unitheme2.doc#p-142"">instruction</a> to update the used layout.";"ar"
"abt__ut2.upgrade_notifications.recommend_to_update_layouts.title";"We recommend to update the used layout!";"ar"
"abt__ut2.upgrade_notifications.text";"The detailed list of changes for <b>v[ver]</b> version look in documentation for the theme in the section <a target=""_blank"" href=""https://docs.cs-cart.abt.team/en/abt__unitheme2.doc#p-118"">List of releases</a>.";"ar"
"abt__ut2.upgrade_notifications.title";"AB: UniTheme2 was successfully updated to v[ver]!";"ar"
"abt__ut2.use_for_checkout";"AB: Display on checkout page";"ar"
"abt__ut2.youtube_url_warning";"YouTube url is incorrect";"ar"
"abt__ut2_advanced_subcategories_menu";"AB: Advanced subcategories menu";"ar"
"abt__ut2_as_select";"Show as dropdown list";"ar"
"abt__ut2_banner_carousel_combined";"AB: Advanced banner (Carousel)";"ar"
"abt__ut2_banner_combined";"AB: Advanced banner";"ar"
"abt__ut2_banner_multiple";"AB: Advanced banner (multiple banners in row)";"ar"
"abt__ut2_bigpicture_flat_template";"AB: Big picture, flat";"ar"
"abt__ut2_bigpicture_gallery_template";"AB: Gallery";"ar"
"abt__ut2_block_id";"Choose block";"ar"
"abt__ut2_block_opener";"AB: Open onclick-dropdown list";"ar"
"abt__ut2_btn_filters_collapse";"Collapse";"ar"
"abt__ut2_cascade_gallery_template";"AB: Cascade gallery";"ar"
"abt__ut2_columns_count";"AB: Maximum columns count in the row";"ar"
"abt__ut2_columns_count.1";"1";"ar"
"abt__ut2_columns_count.2";"2";"ar"
"abt__ut2_columns_count.3";"3";"ar"
"abt__ut2_columns_count.4";"4";"ar"
"abt__ut2_columns_count.5";"5";"ar"
"abt__ut2_columns_count.6";"6";"ar"
"abt__ut2_extra_link_full_product_information";"Full product information";"ar"
"abt__ut2_filling_type";"AB: Filling type";"ar"
"abt__ut2_fly_menu";"AB: Fly menu";"ar"
"abt__ut2_loading_type";"Loading type";"ar"
"abt__ut2_loading_type.onclick";"By click";"ar"
"abt__ut2_loading_type.onclick_and_scroll";"By scroll (after clicking the button)";"ar"
"abt__ut2_mv.autoinstall.add_layouts";"Added layouts for Multi-Vendor";"ar"
"abt__ut2_mv.help";"Help";"ar"
"abt__ut2_mv.help.doc";"Read <a target='_blank' href='https://cs-cart.alexbranding.com/en/abt__unitheme2_mv.doc'>the documentation</a>.";"ar"
"abt__ut2_mv.product_page_vendor_settings";"Vendor settings on product page";"ar"
"abt__ut2_mv.upgrade_notifications.4.10.2.b.new_layouts.text";"Use the following <a target=""_blank"" href=""https://docs.cs-cart.abt.team/en/abt__unitheme2.doc#p-142"">instruction</a> to update the used layout.";"ar"
"abt__ut2_mv.upgrade_notifications.4.10.2.b.new_layouts.title";"We recommend to update the used layout!";"ar"
"abt__ut2_mv.upgrade_notifications.4.11.2.a.new_settings.text";"<h3>Block with information about the vendor on the product page</h3><p>To edit this settings go to: Admin panel → AB: Addons → AB: UniTheme2 → Theme settings, go to Product tab and find section Block with vendor information:</p><ul><li>Use vendor name as a link on a vendor page;</li><li>Show vendor logo;</li><li>Number of characters for vendor description;</li><li>Show vendor phone number;</li><li>Show ""Ask a question"" link.</li></ul><h3>Block with information about the vendor on the vendor's page</h3><p>To edit this settings go to: Admin panel → AB: Addons → AB: UniTheme2 → Theme settings, go to Vendor tab:</p><ul><li>Number of characters for vendor description;</li><li>Display ""Ask a question"" link.</li></ul>";"ar"
"abt__ut2_mv.upgrade_notifications.4.11.2.a.new_settings.title";"Added new settings";"ar"
"abt__ut2_mv.upgrade_notifications.recommend_to_update_layouts.text";"Use the following <a target=""_blank"" href=""https://docs.cs-cart.abt.team/en/abt__unitheme2.doc#p-142"">instruction</a> to update the used layout.";"ar"
"abt__ut2_mv.upgrade_notifications.recommend_to_update_layouts.title";"We recommend to update the used layout!";"ar"
"abt__ut2_mv.upgrade_notifications.text";"The detailed list of changes for <b>v[ver]</b> version look in documentation for the theme in the section <a target=""_blank"" href=""https://docs.cs-cart.abt.team/en/abt__unitheme2_mv.doc#p-1276"">List of releases</a>.";"ar"
"abt__ut2_mv.upgrade_notifications.title";"AB: UniTheme2 (Multi-Vendor) was successfully updated to v[ver]!";"ar"
"abt__ut2_mv.vendor_settings_tab";"Vendor settings on vendor page";"ar"
"abt__ut2_onclick_dropdown_outside_position";"AB: Onclick-dropdown (external allocation)";"ar"
"abt__ut2_products_in_cart";"AB: Products in cart";"ar"
"abt__ut2_selected_filters";"AB: Selected filter variants";"ar"
"abt__ut2_show_children";"Show child categories";"ar"
"abt__ut2_show_parents";"Show parent categories";"ar"
"abt__ut2_show_siblings";"Show sibling categories";"ar"
"abt__ut2_show_title";"Show title";"ar"
"abt__ut2_sign_in_please";"سجّل الدخول للحصول على المزيد من الفرص";"ar"
"abt__ut2_simple_payment_methods";"AB: Payment methods";"ar"
"abt__ut2_simple_shipping_methods";"AB: Shipping methods";"ar"
"abt__ut2_three_columns_template";"AB: Three-columned";"ar"
"abt__ut2_thumbnail_height";"Scroller thumbnail height";"ar"
"abt__ut2_view_more_btn_behavior";"AB: Behaviour for the ""More"" button";"ar"
"abt__ut2_view_more_btn_behavior.tooltip";"The setting determines the behavior variants of the button and will display the hidden menu elements when hover the mouse cursor or it will transfer to the parent menu item";"ar"
"abt__ut2_view_more_btn_behavior_trigger_parent_link";"Go to the parent menu item link";"ar"
"abt__ut2_view_more_btn_behavior_view_items";"Show hidden items";"ar"
"abt__ut2__block_contacts.social_links";"<a target=""_blank"" href=""your_social_link""><i class=""ut2-icon-facebook""></i></a> <a target=""_blank"" href=""your_social_link""><i class=""ut2-icon-twitter""></i></a> <a target=""_blank"" href=""your_social_link""><i class=""ut2-icon-instagram""></i></a> <a target=""_blank"" href=""your_social_link""><i class=""ut2-icon-youtube""></i></a> <a target=""_blank"" href=""your_social_link""><i class=""ut2-icon-skype""></i></a>";"ar"
"abt__ut2__block_contacts_open_right_panel";"AB: Show content in sidebar";"ar"
"abt__ut2__block_contacts_show_addres";"AB: Display Address";"ar"
"abt__ut2__block_contacts_show_call_request_button";"AB: Display ""Request call"" button<br><span style=""color: silver"">(Requires an active add-on ""Call requests"")</span>";"ar"
"abt__ut2__block_contacts_show_email";"AB: Display Email";"ar"
"abt__ut2__block_contacts_show_social_buttons";"AB: Display buttons on social networks<br><span style=""color: silver"">(You can edit the set of buttons in the language variable ""abt__ut2__block_contacts.social_links"")</span>";"ar"
"abt__ut2__light_scroller";"AB: Light scroller";"ar"
"abt__ut2__mainbox_general";"AB: Main block (SEO)";"ar"
"abt__ut2__mainbox_simple";"AB: Simplified block";"ar"
"abt__ut2__my_account";"AB: My account (block)";"ar"
"abt__ut2__scroller_advanced";"AB: Scroller advanced";"ar"
"abt__ut2__sidebox_general";"AB: Secondary block";"ar"
"abt__ut2__sidebox_important";"AB: Secondary framed block";"ar"
"abt__ut2__swipe";"AB: Swipe block";"ar"
"abt__yt.less_settings.addons.ab__deal_of_the_day.block_background";"Block background";"ar"
"abt__yt.less_settings.addons.ab__deal_of_the_day.block_fonts_color";"Text color in the block";"ar"
"abt__yt.less_settings.addons.ab__deal_of_the_day.block_fonts_color.tooltip";"Setting works only if block background matches with website background";"ar"
"abt__yt.less_settings.addons.ab__deal_of_the_day.bordered_block";"Add border for block";"ar"
"abt__yt.less_settings.addons.ab__deal_of_the_day.bordered_block.tooltip";"Setting works only if block background matches with website background";"ar"
"abt__yt.less_settings.addons.ab__deal_of_the_day.bright_color_promotion_title";"Highlight the title of the promotion";"ar"
"abt__yt.less_settings.addons.ab__deal_of_the_day.bright_color_promotion_title.tooltip";"Colors the title of the promotion with the theme color ""Discount Label""";"ar"
"abt__yt.less_settings.addons.ab__deal_of_the_day.rounded_corners_blocks";"Round corners at elements of block";"ar"
"abt__yt.less_settings.addons.ab__deal_of_the_day.shadow_block";"Add shadow for block";"ar"
"abt__yt.less_settings.addons.ab__deal_of_the_day_group";"AB: Extended promotions";"ar"
"abt__yt.less_settings.addons.ab__deal_of_the_day_group_description";"There are settings below that influence elements that are added by the add-on ""AB: Extended promotions""";"ar"
"abt__yt.settings.addons.ab__landing_categories.thumbnail_height";"Thumbnail height";"ar"
"abt__yt.settings.addons.ab__landing_categories.thumbnail_width";"Thumbnail width";"ar"
"abt__yt.settings.addons.ab__landing_categories_group";"""AB: Landing categories/pages"" add-on";"ar"
"abt__yt.settings.products.ab__s_pictogram_position";"AB: Stickers: Display pictograms";"ar"
"abt__yt.settings.products.ab__s_pictogram_position.variants.n";"Do not display";"ar"
"abt__yt.settings.products.ab__s_pictogram_position.variants.position_1";"Position 1";"ar"
"abt__yt.settings.product_list.ab__s_pictogram_position";"AB: Stickers: Display pictograms";"ar"
"abt__yt.settings.product_list.ab__s_pictogram_position.variants.n";"Do not display";"ar"
"abt__yt.settings.product_list.ab__s_pictogram_position.variants.position_1";"Position 1";"ar"
"ab_set_video_as_product_image";"Set video as the default product image";"ar"
"ab__addons";"AB: Add-ons";"ar"
"ab__addons_manager";"AB: Add-ons Manager";"ar"
"ab__am.addon.action.install_addon";"New version <code>v[ver]</code> is available for you";"ar"
"ab__am.addon.action.install_addon.button.tooltip";"By clicking on this button, the v[ver] of add-on '[name]' will be automatically downloaded and installed to bypass the standard installation of CS-Cart. You also have the possibility to install the add-on in a standard way by downloading the version of the add-on, compatible with your store on the page My Profile → Orders page on the <a href='https://cs-cart.alexbranding.com/en/orders/'>cs-cart.alexbranding.com </a>";"ar"
"ab__am.addon.action.install_addon.button.value";"Install v[ver]";"ar"
"ab__am.addon.action.not_tested_yet";"The installed version <code>v[ver]</code> has not yet passed testing for your version of the store <b>[cscart]</b>";"ar"
"ab__am.addon.action.require_update";"To install the add-on or updates, please, update <b>AB: Add-ons Manager</b> to the actual version <code>v[ver]<code>";"ar"
"ab__am.addon.action.unavailable_addon";"The add-on is not available for you (either due to incompatibility with your version of the CS-Cart <b>[cscart]</b> or your subscription for updates has expired)";"ar"
"ab__am.addon.action.update_addon";"Update <code>v[ver]</code> is available for you";"ar"
"ab__am.addon.action.update_addon.button.tooltip";"If the update is not available through the CS-Cart Upgrade Center, uninstall the add-on on the page <b> Add-ons → Manage Add-ons</b> and '[name]' v[ver] will be available for installation on this page";"ar"
"ab__am.addon.action.update_addon.button.value";"Update to v[ver]";"ar"
"ab__am.addon.action.wait_new_version";"The latest version <code>v[ver]</code> is compatible with <b>[cscart]</b> according to your subscription";"ar"
"ab__am.addon.button_buy_updates.text";"Renew your subscription to the add-on";"ar"
"ab__am.addon.button_buy_updates.tooltip";"Renew the subscription to get the latest updates";"ar"
"ab__am.addon.button_download_am.note";"<p>AB: Add-ons manager is necessary for the proper operation of our solutions.It organizes your add-ons and groups them by sets. Unobtrusively notifying you about new available updates of the add-on, and gives the opportunity to update them in one click.Also, you can easily extend the subscription to our solutions and get the most current version of the add-on. We constantly update add-ons to make them as useful to you, as possible.<p>Please note, that in order to install and/or update the add-ons, you must have the latest version of AB: Add-ons Manager v[ver]. You will be informed about the release of the new version of the add-on and a link will be provided for downloading add-on archive.</p><hr><p></b>How to update AB: Add-ons Manager to v[ver]?</b></p><ol><li>When a notification appears about the availability of the new version of AB: Add-ons Manager, download the archive;</li><li>Close the storefront. (To do this go to Settings → General → Close storefront - set the checkbox and click on the [Save] button, close for just 2 minutes);</li><li>Delete AB: Add-ons Manager (To do this, go to Add-ons → Manage Add-ons → AB: Add-ons Manager: Delete);</li><li>Install archive of AB: Add-ons Manager from step 1 (To do this, on the Add-ons → Manage add-ons → button [+]: select the previously downloaded archive from step 1);</li><li>Clear the cache (Go to the menu item Administration → Storage → Clear Cache);</li><li>Open the storefront. (To do this, go to Settings → General → Close storefront - uncheck the checkbox and click the [Save] button);</li></ol>";"ar"
"ab__am.addon.button_download_am.text";"Download";"ar"
"ab__am.addon.changelog";"List of changes";"ar"
"ab__am.addon.doc";"Documentation";"ar"
"ab__am.addon.msg.available_version_is_installed";"The latest available version of the add-on is installed";"ar"
"ab__am.addon.msg.expired_subscription";"Only v[ver] is available to your store. Renew the subscription to get the actual version of the add-on";"ar"
"ab__am.addon.msg.final_version_is_installed";"The Actual version of the add-on is installed";"ar"
"ab__am.addon.msg.not_available";"The add-on is not available for your store!";"ar"
"ab__am.addon.new_version_is_available";"v[ver] from [date]";"ar"
"ab__am.addon.new_version_is_available.tooltip";"New version v[ver] is available from [date]";"ar"
"ab__am.addon.settings";"Add-on settings";"ar"
"ab__am.addon.status.a";"Add-on status – Active";"ar"
"ab__am.addon.status.d";"Add-on status – Inactive";"ar"
"ab__am.addon.status.n";"Add-on status – Not installed yet";"ar"
"ab__am.addon.subscription.active";"Subscription is active until [date]";"ar"
"ab__am.addon.subscription.exp";"Your subscription for updates has expired <b>[date]</b>. To access the current add-on versions, you must buy a subscription.";"ar"
"ab__am.addon.subscription.exp.button.tooltip";"Buy subscription to get access to the current add-on versions";"ar"
"ab__am.addon.subscription.exp.button.value";"Buy subscription";"ar"
"ab__am.addon.subscription.expired";"Subscription expired on [date]. Renew subscription to get actual add-on versions";"ar"
"ab__am.addon.subscription.ok";"Your subscription is active until <b>[date]</b>";"ar"
"ab__am.addon.subscription.ok.button.tooltip";"Renew subscription to get access to the current add-on versions";"ar"
"ab__am.addon.subscription.ok.button.value";"Renew subscription";"ar"
"ab__am.addon.subscription_updates";"Updates are available until [date]";"ar"
"ab__am.addon.table_head.actions";"Actions";"ar"
"ab__am.addon.table_head.addon";"Add-on name";"ar"
"ab__am.addon.table_head.note";"Note";"ar"
"ab__am.addon.table_head.subscription";"Subscription";"ar"
"ab__am.addon.table_head.versions";"Versions";"ar"
"ab__am.addon.table_head.versions.tooltip";"List of variants: Installed, Available and Actual";"ar"
"ab__am.addon.update_instruction";"Procedure of updating";"ar"
"ab__am.addon.versions.available";"Available";"ar"
"ab__am.addon.versions.final";"Actual";"ar"
"ab__am.addon.versions.installed";"Installed";"ar"
"ab__am.addon.version_info";"<b>Release date</b>: [date]<br><b>Compatibility</b>:<br>CS-Cart: [ultimate]<br>Multivendor: [multivendor]";"ar"
"ab__am.addons";"AB: List of available sets/add-ons";"ar"
"ab__am.addons_sets.notes";"<h4>Basic concepts</h4><p><u>The installed version</u> is the version of the add-on, that is currently installed on your store.</p><p><u>The available version</u> is the latest version of the add-on, that is available for you to install and/or update within the prepaid subscription for updates. For example, for the add-on there are versions v2.0 from February 15, 2019 and v2.1 from March 2, 2019 and your subscription to the add-on updates ended on March 1, 2019, then the latest available version for you will be version v2.0 from 15 February 2019. To receive version v2.1 of March 2, 2019, it is necessary to renew the subscription period.</p><p><u>The actual version</u> is the latest version of the add-on at the moment. We recommend you always update to the actual version, which contains fixed bugs and new useful functionality.</p><p><u>The add-on is not available for your store</u> – it is possible, the version of your CS-Cart does not correspond to the minimum acceptable version for the add-on. For example, the YoupiTheme is available only for CS-Cart 4.7.x and more.</p><br><h4>Installation process</h4><p>The installation of the add-on has never been so simple as it is now. After purchasing AlexBranding add-ons and installing <b>AB: Add-ons Manager</b> you can install the latest version of the add-on in one click, without any visits to the personal cabinet in the store, order search, downloading of archives, etc.</p><br><h4>Upgrade process</h4><p>Add-ons updating goes via CS-Cart <b>Upgrade Center</b>. If there is no update available in the CS-Cart Upgrade Center, the update is performed by Deinstallation the old version of the add-on and Installing the new version</p><br><h4>Cache</h4><p>After installing and/or updating, you must reset CS-Cart cache. See CS-Cart <a target='_blank' href='https://docs.cs-cart.com/4.7.x/developer_guide/getting_started/cache_clearing.html'>documentation</a> for more details.</p>";"ar"
"ab__am.available_addons";"List of available AB: Add-ons";"ar"
"ab__am.available_sets";"List of available AB: Sets";"ar"
"ab__am.filter";"Filter ([active] from [total])";"ar"
"ab__am.go_to_all_stores";"AB: Add-ons are available only in the <a href='[link]'>All stores</a> mode.";"ar"
"ab__am.install.checking";"[name] – <b>checking</b>";"ar"
"ab__am.install.clearing_cache";"Clearing cache";"ar"
"ab__am.install.downloading";"[name] – <b>downloading</b>";"ar"
"ab__am.install.install";"The installation process";"ar"
"ab__am.install.installing";"[name] – <b>installing</b>";"ar"
"ab__am.install.update";"The update process";"ar"
"ab__am.menu.available_update";"Update available";"ar"
"ab__am.menu.available_updates";"Updates available";"ar"
"ab__am.menu.new_version";"v[ver]";"ar"
"ab__am.menu.number_of_notifications";"Number of notifications";"ar"
"ab__am.menu.number_of_updates";"Number of updates";"ar"
"ab__am.msg.addon_is_already_installed";"You have already installed the add-on <b>[name]</b> the latest version <b>[version]</b>";"ar"
"ab__am.msg.addon_is_already_installed_upd";"You have already installed the add-on <b>[name]</b> the latest version <b>[version]</b>, you can perform the add-on update to version <b>[version_last]</b>";"ar"
"ab__am.msg.error_code";"Error Code";"ar"
"ab__am.msg.no_permissions";"No write permission";"ar"
"ab__am.msg.update_am";"To install and/or update our add-ons, you should update AB: Add-ons Manager to the latest version <b>v[ver]</b>!";"ar"
"ab__am.note";"More info";"ar"
"ab__am.notifications";"List of notifications from AlexBranding";"ar"
"ab__am.notifications.notes";"In this section you will find information about our news and promotions. Regularly we will inform you about the releases of our new solutions, discounts or closed promotions, available only for you.";"ar"
"ab__am.no_data";"To use AlexBranding add-ons and/or sets, your domain <b>[domain]</b> must be licensed.<br>In the case of absence of the domain <b>[domain]</b> in the list of licensed domains, all AlexBranding solutions will be automatically turned off. <br>Contact <b>info@alexbranding.com</b> for problem solving.";"ar"
"ab__am.no_data.notification";"Due to the fact, that your domain [domain] is not included in the list of licensed, some AlexBranding add-ons have been automatically turned off. <a href='[link]'>More info</a>.";"ar"
"ab__am.order";"(Order #[order_id])";"ar"
"ab__am.our_store";"AlexBranding's store";"ar"
"ab__am.set.available_updates";"New versions are available: [n]";"ar"
"ab__am.set.button_buy_updates.text";"Renew your subscription to the set";"ar"
"ab__am.set.button_buy_updates.tooltip";"Update subscription expired [date]. Renew the subscription for the latest updates";"ar"
"ab__am.set.set";"Set name";"ar"
"ab__am.set.subscription_updates";"Updates are available until [date]";"ar"
"ab__am.submit.install.text";"Install version v[ver]";"ar"
"ab__am.submit.tooltip";"Keep in mind that before installing/updating all files of this add-on will be deleted, including your changes in this add-on. If you have any files - be sure to save them. [update_info]";"ar"
"ab__am.submit.tooltip.update_info";"Be sure to remember add-on settings to restore them after the update if they are";"ar"
"ab__am.submit.update.text";"Update to version v[ver]";"ar"
"ab__am.submit.update.tooltip";"";"ar"
"ab__am.subscription";"Subscribe to our channels to be the first<br>to know about new releases and promotions!";"ar"
"ab__am.subscription.channels.variant.email.href";"https://cs-cart.alexbranding.com/en/subscription-en.html";"ar"
"ab__am.subscription.channels.variant.email.title";"Email";"ar"
"ab__am.subscription.channels.variant.facebook.href";"https://fb.me/AlexBrandingEn";"ar"
"ab__am.subscription.channels.variant.facebook.title";"Facebook";"ar"
"ab__am.subscription.channels.variant.instagram.href";"https://www.instagram.com/alexbrandingteam/";"ar"
"ab__am.subscription.channels.variant.instagram.title";"Instagram";"ar"
"ab__am.subscription.channels.variant.telegram.href";"https://t.me/alexbranding_en";"ar"
"ab__am.subscription.channels.variant.telegram.title";"Telegram";"ar"
"ab__am.subscription.channels.variant.twitter.href";"https://twitter.com/alexbranding_en";"ar"
"ab__am.subscription.channels.variant.twitter.title";"Twitter";"ar"
"ab__am.subscription.channels.variant.whatsapp.href";"https://chat.whatsapp.com/GzW9eZjXH6YL2b0d9gitvk";"ar"
"ab__am.subscription.channels.variant.whatsapp.title";"WhatsApp";"ar"
"ab__am.subscription.channels.variant.youtube.href";"https://www.youtube.com/channel/UCTkiV2DqPqQaLOyWZzBFjaA";"ar"
"ab__am.subscription.channels.variant.youtube.title";"Youtube";"ar"
"ab__am.tools.change_licenses";"Replace add-on licenses (code)";"ar"
"ab__am.tools.change_licenses.btn";"Replace";"ar"
"ab__am.tools.fix_licenses";"Fix add-on licenses (version, code, build)";"ar"
"ab__am.tools.fix_licenses.btn";"Fix";"ar"
"ab__am.tools.fix_licenses.done";"Fixed!";"ar"
"ab__am.tools.fix_licenses.empty";"No fixing required!";"ar"
"ab__category_banners";"AB: Banners for categories";"ar"
"ab__category_banners.add";"Add banner for category";"ar"
"ab__category_banners.adding";"Adding banner for category";"ar"
"ab__category_banners.demodata";"Demo data";"ar"
"ab__category_banners.editing";"Editing banner for category";"ar"
"ab__category_banners.export";"Data export";"ar"
"ab__category_banners.help";"Help";"ar"
"ab__category_banners.manage";"Banners management";"ar"
"ab__cb.autoinstall.banners_created";"Demo category banners [banners] is created successfully";"ar"
"ab__cb.autoinstall.banners_not_created";"Failed to create demo category banners";"ar"
"ab__cb.autoinstall.no_category";"Available category not found";"ar"
"ab__cb.autoinstall.no_demodata";"File with demo data is missing";"ar"
"ab__cb.banner_position";"Banner position, which can be specified in the one way to:<br/><ul><li><code>7</code> - single position number</li><li><code>1,5,7,9</code> - numbers for several positions</li><li><code>1-10</code> - range of several positions</li></ul>Using combinations of these options is permitted. For example:<br/><code>1-5, 7-9, 13</code> - will be shown banner in one position from: 1, 2, 3, 4, 5, 7, 8, 9, 13";"ar"
"ab__cb.cat_banner";"banner for category";"ar"
"ab__cb.cron_links";"<p>For an automatic switching off of expired banners - use one of these links:<b/r><br/><code>[cron_cmd]</code><br/>or<br/><code>[cron_url]</code></p>";"ar"
"ab__cb.datatime";"date/time";"ar"
"ab__cb.demodata.table.action";"Action";"ar"
"ab__cb.demodata.table.add_banners";"Add banners";"ar"
"ab__cb.demodata.table.description";"Demo data";"ar"
"ab__cb.demodata_description";"Demo data can be downloaded on this page";"ar"
"ab__cb.errors.cron_key";"<p>Warning! The value <code>[value]</code> of the setting <code>Cron key</code> doesn't meet the safety requirements</p>";"ar"
"ab__cb.export.actions.banners";"Banners export";"ar"
"ab__cb.export.actions.banners.placeholder";"Banners ID";"ar"
"ab__cb.export.table.action";"Action";"ar"
"ab__cb.export.table.data";"Data for export";"ar"
"ab__cb.export.table.description";"Data export";"ar"
"ab__cb.export_description";"Add-on data can be exported on this page";"ar"
"ab__cb.form.content_general";"General";"ar"
"ab__cb.form.content_link";"Link";"ar"
"ab__cb.form.content_schedule";"Schedule";"ar"
"ab__cb.form.friday";"Friday";"ar"
"ab__cb.form.from_date";"Active from date/time";"ar"
"ab__cb.form.grid_image";"Images for an output as a grid";"ar"
"ab__cb.form.include_subcategories";"Show in subcategories";"ar"
"ab__cb.form.list_image";"Images for an output as a list without options";"ar"
"ab__cb.form.monday";"Monday";"ar"
"ab__cb.form.m_turn_off";"Switch off selected";"ar"
"ab__cb.form.m_turn_on";"Switch on selected";"ar"
"ab__cb.form.nofollow";"Add attribute rel=""nofollow""";"ar"
"ab__cb.form.position";"Position";"ar"
"ab__cb.form.saturday";"Saturday";"ar"
"ab__cb.form.short_list_image";"Images for an output as a compact list";"ar"
"ab__cb.form.sunday";"Sunday";"ar"
"ab__cb.form.target_blank";"Open banner link in a new window";"ar"
"ab__cb.form.thursday";"Thursday";"ar"
"ab__cb.form.to_date";"Active to date/time";"ar"
"ab__cb.form.tuesday";"Tuesday";"ar"
"ab__cb.form.url";"Link";"ar"
"ab__cb.form.wednesday";"Wednesday";"ar"
"ab__cb.help.cron.title";"Automatic switching off of expired banners";"ar"
"ab__cb.help.doc";"Read the <a target='_blank' href='https://cs-cart.alexbranding.com/en/ab__category_banners.doc'>documentation</a>.";"ar"
"ab__cb.settings";"General settings";"ar"
"ab__cb.set_from_and_to";"Set the time of action of banner 'from' and 'to'.<br/>If start time didn't set, then it is equal 00:00<br/>If end time didn't set, then it is equal 23:59<br/>If both values didn't set then banner will be displayed from 00:00 to 23:59";"ar"
"ab__cb.upgrade_notifications.2.0.0.text";"Banners behavier has been changed. The output of several banners at the same time is allowed. They will be displayed in random order at the specified positions. Check the settings and change the position of the banners if necessary.";"ar"
"ab__cb.upgrade_notifications.2.0.0.title";"Multiple banners output";"ar"
"ab__cb.validator.wrong_time_format";"Time shall be in a format hh:mm";"ar"
"ab__deal_of_the_day";"AB: Extended promotions";"ar"
"ab__deal_of_the_day_title_product";"Promotions";"ar"
"ab__dotd.add_promotions";"Add promotions";"ar"
"ab__dotd.add_promotions_and_close";"Add promotions and close";"ar"
"ab__dotd.all_products";"All categories";"ar"
"ab__dotd.all_promotions";"Also in promotions";"ar"
"ab__dotd.all_promotions.title";"View all promotions for this product";"ar"
"ab__dotd.all_promotions_list";"All promotions";"ar"
"ab__dotd.autoinstall.no_demodata";"File with demo data is missing";"ar"
"ab__dotd.autoinstall.promotions_created";"Demo promotions [promotions] are created successfully";"ar"
"ab__dotd.autoinstall.promotions_not_created";"Failed to create demo promotions";"ar"
"ab__dotd.block.priority";"Priority";"ar"
"ab__dotd.category_filter_icon";"Icon for block of filters";"ar"
"ab__dotd.chains_list.title";"Products combinations";"ar"
"ab__dotd.choose_promotion";"Choose promotion";"ar"
"ab__dotd.clear_filter";"Clear filter";"ar"
"ab__dotd.countdown.days";"[n] day|[n] days|[n] days";"ar"
"ab__dotd.countdown.hours";"[n] hour|[n] hours|[n] hours";"ar"
"ab__dotd.countdown.minutes";"[n] minute|[n] minutes|[n] minutes";"ar"
"ab__dotd.countdown.months";"[n] month|[n] months|[n] months";"ar"
"ab__dotd.countdown.seconds";"[n] second|[n] seconds|[n] seconds";"ar"
"ab__dotd.countdown.simple.days";"days";"ar"
"ab__dotd.countdown.simple.hours";"hours";"ar"
"ab__dotd.countdown.simple.minutes";"minutes";"ar"
"ab__dotd.countdown.simple.months";"months";"ar"
"ab__dotd.countdown.simple.seconds";"seconds";"ar"
"ab__dotd.countdown.simple.years";"years";"ar"
"ab__dotd.countdown.years";"[n] year|[n] years|[n] years";"ar"
"ab__dotd.days_left";"<span>[n]</span> <div>day left</div>|<span>[n]</span> <div>days left</div>";"ar"
"ab__dotd.days_to_start";"<span>[n]</span> day left before the start|<span>[n]</span> days left before the start";"ar"
"ab__dotd.demodata";"Demo data";"ar"
"ab__dotd.demodata.place_into_blocks";"Place into blocks";"ar"
"ab__dotd.demodata.table.action";"Action";"ar"
"ab__dotd.demodata.table.add_promotions";"Add promotions";"ar"
"ab__dotd.demodata.table.description";"Demo data";"ar"
"ab__dotd.demodata_description";"Installing demo data page";"ar"
"ab__dotd.detailed";"Promotion details";"ar"
"ab__dotd.error.use_schedule_is_on";"When using the ""AB: Promotion schedule"" available period changes are not available";"ar"
"ab__dotd.form.group_by_category";"Group by category";"ar"
"ab__dotd.form.h1";"h1 tag";"ar"
"ab__dotd.form.hide_products_block";"Hide product block";"ar"
"ab__dotd.form.list_image";"Image for promotions list";"ar"
"ab__dotd.form.meta_description";"Meta tag <code>description</code>";"ar"
"ab__dotd.form.meta_keywords";"Meta tag <code>keywords</code>";"ar"
"ab__dotd.form.page_image";"Image for promotion page";"ar"
"ab__dotd.form.page_title";"Page title";"ar"
"ab__dotd.form.show_countdown_on_product_page";"Display countdown on the product page";"ar"
"ab__dotd.form.show_countdown_on_promotion_page";"Display countdown on the promotion page";"ar"
"ab__dotd.form.show_in_products_lists";"Display promotion in product lists";"ar"
"ab__dotd.form.show_label_in_products_lists";"Display label (sticker) ""Promotion"" in products lists";"ar"
"ab__dotd.form.show_label_in_products_lists.tooltip";"All products with this promotion will be output in products lists with ""Promotion"" label";"ar"
"ab__dotd.form.use_products_filter";"Use filter by products";"ar"
"ab__dotd.form.use_schedule";"Use schedule";"ar"
"ab__dotd.form.use_schedule.tooltip";"If you activate this option, the standard promotion setting ""Use available period"" will be disabled and the promotion activity will be determined by the Schedule that you can set in this tab interface. Conversely, if you disable this setting, the standard option ""Use available period"" will control activity of the promotion.";"ar"
"ab__dotd.from";"from";"ar"
"ab__dotd.get_more_combinations";"Show more [n] combination|Show more [n] combinations";"ar"
"ab__dotd.help";"Help";"ar"
"ab__dotd.layouts";"Layouts";"ar"
"ab__dotd.layouts.choose_layout_to_reset";"Choose layout to reset";"ar"
"ab__dotd.layouts.header";"All layout pages, added by the add-on, are displayed on this page. You can reset pages in any layout to the default state. Also you can download xml-file of a layout page and import it manually.";"ar"
"ab__dotd.layouts.layout_is_not_found";"Layout is not found";"ar"
"ab__dotd.layouts.layout_was_reset";"Layout was reset";"ar"
"ab__dotd.layouts.table.action";"Action";"ar"
"ab__dotd.layouts.table.dispatch";"Dispatch";"ar"
"ab__dotd.layouts.table.dispatch_description";"Type of the layout page";"ar"
"ab__dotd.layouts.table.get_file";"Get file";"ar"
"ab__dotd.layouts.table.layouts";"Layouts";"ar"
"ab__dotd.less";"Less";"ar"
"ab__dotd.main_category_filter_icon";"Image for item ""All categories"" of the filter by categories";"ar"
"ab__dotd.more";"More";"ar"
"ab__dotd.more_products_from_category";"More products from the category [category]";"ar"
"ab__dotd.page_action_period";"Promotion period:";"ar"
"ab__dotd.placeholders.detailed_description";"<b>[detailed_description]</b> — promotion detailed description";"ar"
"ab__dotd.placeholders.h1";"<b>[h1_tag]</b> — h1 value (as is)<br><b>[h1_tag_lower]</b> — h1 value (lowercase)<br><b>[H1_tag]</b> — h1 value (the first letter is uppercase others are lowercase)<br><b>[H1_TAG]</b> — h1 value (uppercase)";"ar"
"ab__dotd.placeholders.promotion";"<b>[promotion]</b> — promotion name (as is)<br><b>[promotion_lower]</b> — promotion name (lowercase)<br><b>[Promotion]</b> — promotion name (the first letter is uppercase others are lowercase)<br><b>[PROMOTION]</b> — promotion name (uppercase)";"ar"
"ab__dotd.placeholders.short_description";"<b>[short_description]</b> — promotion short description";"ar"
"ab__dotd.promotion_awaited";"Promotion is awaiting";"ar"
"ab__dotd.promotion_expired";"Promotion has expired";"ar"
"ab__dotd.schedule.table_header";"Time and Date";"ar"
"ab__dotd.settings";"General settings";"ar"
"ab__dotd.showed_combinations";"Shown [n] from [total]";"ar"
"ab__dotd.sort.created";"by creation date";"ar"
"ab__dotd.sort.name";"by name";"ar"
"ab__dotd.sort.priority";"by priority";"ar"
"ab__dotd.sort.to_date";"by ending date";"ar"
"ab__dotd.tab.ab__dotd_schedule_header";"Use the time range selection for each day of each month to specify the promotion activity period. When setting the schedule, refer to that left mouse button - select, right mouse button - unselect";"ar"
"ab__dotd.to";"to";"ar"
"ab__dotd.today_only";"Only today";"ar"
"ab__dotd.view_promotion";"More";"ar"
"ab__dotd_awaited_promotions";"Awaiting promotions";"ar"
"ab__dotd_enable_countdown_timer";"Display promotion countdown";"ar"
"ab__dotd_expired_promotions";"Expired promotions";"ar"
"ab__dotd_help.docs";"Read the <a target='_blank' href='https://cs-cart.alexbranding.com/en/ab__deal_of_the_day.doc'>documentation</a>";"ar"
"ab__dotd_product_label";"Promotion";"ar"
"ab__dotd_schedule";"AB: Promotion schedule";"ar"
"ab__dotd_scroller";"Promotions scroller";"ar"
"ab__dotd_sorted_promotions";"Active promotions";"ar"
"ab__dotd_time_awaited_left";"To start promotion remains";"ar"
"ab__dotd_time_left";"Promotion expires within";"ar"
"ab__emd.setting.header.promotions.view";"Promotions general pattern";"ar"
"ab__emd.setting.promotions.view.action";"Redefine categories meta tags";"ar"
"ab__emd.setting.promotions.view.action.do_not_override";"Do not redefine";"ar"
"ab__emd.setting.promotions.view.action.override_all";"Redefine all";"ar"
"ab__emd.setting.promotions.view.action.override_empty";"Redefine empty";"ar"
"ab__emd.setting.promotions.view.meta_description";"Meta tag <code>description</code> pattern";"ar"
"ab__emd.setting.promotions.view.meta_keywords";"Meta tag <code>keywords</code> pattern";"ar"
"ab__emd.setting.promotions.view.page_title";"Page tag <code>title</code> pattern";"ar"
"ab__emd.tabs.promotions.view";"Promotions";"ar"
"ab__fast_navigation";"AB: Fast navigation";"ar"
"ab__fast_navigation.demodata";"Demo data";"ar"
"ab__fast_navigation.export";"Export";"ar"
"ab__fast_navigation.help";"Help";"ar"
"ab__fast_navigation.help.doc";"Read the <a target='_blank' href='https://cs-cart.alexbranding.com/en/ab__fast_navigation.doc'>documentation</a>.";"ar"
"ab__fn.category.label";"Label text";"ar"
"ab__fn.category.label.show";"Show label";"ar"
"ab__fn.category.label.show.tooltip";"Display label for this language";"ar"
"ab__fn.category.label_background";"Label background color";"ar"
"ab__fn.category.label_color";"Label text color";"ar"
"ab__fn.category.status";"Allow displaying in AB: Fast navigation";"ar"
"ab__fn.category.status.tooltip";"Activate an option for editing the AB: Fast navigation block element";"ar"
"ab__fn.category.use_origin_image";"Use images originals";"ar"
"ab__fn.category.use_origin_image.tooltip";"When the option is enabled — uploaded originals will be used ""as is""(recommend using small size images). Images sizes are set in the block settings on layouts page";"ar"
"ab__fn.common_btn_text.tooltip";"Allows to set button text. If leave empty — text ""BUTTON"" will be represented by default";"ar"
"ab__fn.demodata.actions.export_menu";"Menu";"ar"
"ab__fn.demodata.actions.export_menu.placeholder";"Menu ID";"ar"
"ab__fn.demodata.errors.file_broken";"File [file_path] does not exist or was broken";"ar"
"ab__fn.demodata.place_into_blocks";"Place into blocks";"ar"
"ab__fn.demodata.success.menu_created";"Demo menu <a target=""_blank"" href=""[href]"">[name]</a> is added";"ar"
"ab__fn.demodata.success.menu_created.blocks_placed";"Menu added to block [names]";"ar"
"ab__fn.demodata.table.action";"Action";"ar"
"ab__fn.demodata.table.add_menu";"Add the menu";"ar"
"ab__fn.demodata.table.description";"Demo data";"ar"
"ab__fn.demodata_description";"Fast demo data creation for add-on";"ar"
"ab__fn.export.table.action";"Action";"ar"
"ab__fn.export.table.data";"Data for export";"ar"
"ab__fn.export.table.description";"The export data";"ar"
"ab__fn.export_description";"Fast menu export for the add-on AB: Fast navigation";"ar"
"ab__fn.front.button.defult_text";"Button";"ar"
"ab__fn.menu.icon";"Icon";"ar"
"ab__fn.menu.label";"Label text";"ar"
"ab__fn.menu.label.show";"Show label";"ar"
"ab__fn.menu.label.show.tooltip";"Display label for this language";"ar"
"ab__fn.menu.label_background";"Label background color";"ar"
"ab__fn.menu.label_color";"Label text color";"ar"
"ab__fn.menu.status";"Allow displaying in AB: Fast navigation";"ar"
"ab__fn.menu.status.tooltip";"Activate an option for editing the AB: Fast navigation block element";"ar"
"ab__fn.menu.use_origin_image";"Use images originals";"ar"
"ab__fn.menu.use_origin_image.tooltip";"When the option is enabled — uploaded originals will be used ""as is""(recommend using small size images). Images sizes are set in the block settings on layouts page";"ar"
"ab__fn.more";"All from the section";"ar"
"ab__fn.show_more";"Show more [x] of [y]";"ar"
"ab__fn_add_link";"Add a link on ""All from the section""";"ar"
"ab__fn_add_link.tooltip";"The link will have the URL of the parent element";"ar"
"ab__fn_cbt_as_btn";"Button";"ar"
"ab__fn_cbt_as_txt";"Text";"ar"
"ab__fn_common_btn_class";"""General link"" additional class";"ar"
"ab__fn_common_btn_class.tooltip";"List of classes that will be added to the link (space-separated)";"ar"
"ab__fn_common_btn_text";"""General link"" button text";"ar"
"ab__fn_common_btn_type";"Appearance of the ""General link"" button";"ar"
"ab__fn_common_btn_type.tooltip";"Choose the button representation on the storefront";"ar"
"ab__fn_display_type";"Display type";"ar"
"ab__fn_grid";"Grid";"ar"
"ab__fn_icon_width";"Icon width, px";"ar"
"ab__fn_init_scrollbar";"Enable scroll progress bar for the first level";"ar"
"ab__fn_init_second_level_scroll";"Enable scroller for the second level";"ar"
"ab__fn_number_of_columns";"Number of columns in the list";"ar"
"ab__fn_number_of_columns.tooltip";"Number of columns for screens";"ar"
"ab__fn_number_of_columns_desktop";"Number of columns in the list (Desktop)";"ar"
"ab__fn_number_of_columns_desktop.tooltip";"Number of columns for screens > 1230px";"ar"
"ab__fn_number_of_columns_desktop_small";"Number of columns in the list (Notebook)";"ar"
"ab__fn_number_of_columns_desktop_small.tooltip";"Number of columns for screens 992px - 1229px";"ar"
"ab__fn_number_of_columns_mobile";"Number of columns in the list (Phone)";"ar"
"ab__fn_number_of_columns_mobile.tooltip";"Number of columns for screens < 575px";"ar"
"ab__fn_number_of_columns_tablet";"Number of columns in the list (Tablet)";"ar"
"ab__fn_number_of_columns_tablet.tooltip";"Number of columns for screens 768px - 991px";"ar"
"ab__fn_number_of_columns_tablet_small";"Number of columns in the list (Phablet)";"ar"
"ab__fn_number_of_columns_tablet_small.tooltip";"Number of columns for screens 576px - 767px";"ar"
"ab__fn_one_level";"Single-level navigation";"ar"
"ab__fn_scroller";"Scroller";"ar"
"ab__fn_show_common_btn";"Show ""General link"" button";"ar"
"ab__fn_show_common_btn.tooltip";"A ""General link"" with assigned URL will be displayed under a block";"ar"
"ab__fn_show_common_btn_link";"""General link"" URL";"ar"
"ab__fn_show_common_btn_link.tooltip";"Destination URL. Can be an external link, a link inside the store or a dispatcher";"ar"
"ab__fn_two_level";"Two-level navigation";"ar"
"ab__hide_product_description";"AB: Hide the part of the content up to a certain height";"ar"
"ab__image_previewers";"AB: Advanced image previewers";"ar"
"ab__image_previewers.added_by_addon";"Functionality is added by add-on ""AB: Advanced image previewers""";"ar"
"ab__image_previewers.autoinstall.photoswipe";"AB: PhotoSwipe was set as previewer by default";"ar"
"ab__image_previewers.default_previewer_changed";"Image previewer by default was changed on [previewer]";"ar"
"ab__image_previewers.help";"Help";"ar"
"ab__image_previewers.help.docs";"Read the <a target='_blank' href='https://cs-cart.alexbranding.com/en/ab__image_previewers.doc'>documentation</a>.";"ar"
"ab__image_previewers.settings";"General settings";"ar"
"ab__landing_categories";"AB: Landing categories/pages";"ar"
"ab__lc.add_menu.added_new_menu";"The new Menu is created";"ar"
"ab__lc.add_menu.used_existing_menu";"The existing Menu is used";"ar"
"ab__lc.breadcrumb_catalog";"Catalog";"ar"
"ab__lc.catalog.icon";"Category mini-icon";"ar"
"ab__lc.catalog.image_control";"Way of displaying icon";"ar"
"ab__lc.catalog.image_control.left";"Display the category mini-icon to the left of the name";"ar"
"ab__lc.catalog.image_control.none";"Don't display";"ar"
"ab__lc.catalog.image_control.top";"Display the category image on top of the name";"ar"
"ab__lc.catalog.show_more";"More";"ar"
"ab__lc.category.list";"Landing categories list";"ar"
"ab__lc.category.list.tooltip";"To correctly display the hierarchy of categories, the parent categories for the landing categories will be displayed, even if they are not landing categories!";"ar"
"ab__lc.control_subcategory_structure";"AB: Management of the displayed structure of landing category/page";"ar"
"ab__lc.control_subcategory_structure.add_menu";"Add and/or associate Menu";"ar"
"ab__lc.control_subcategory_structure.add_menu.added_new_menu";"The Menu has been successfully created and is associated with the current category!";"ar"
"ab__lc.control_subcategory_structure.add_menu.info";"The landing category menu is created only if necessary, as the menu is searched for by code <code>ABLC-xxx</code>, where <code>xxx</code> — category_id";"ar"
"ab__lc.control_subcategory_structure.add_menu.info.multiplestore";"Before creating the Menu — select <b>Store</b>";"ar"
"ab__lc.control_subcategory_structure.add_menu.used_existing_menu";"The Menu already existed and was associated with the current category!";"ar"
"ab__lc.control_subcategory_structure.how_to_use_menu";"Using of menu items";"ar"
"ab__lc.control_subcategory_structure.how_to_use_menu.append";"Add menu items in the end of a structure of the subcategories";"ar"
"ab__lc.control_subcategory_structure.how_to_use_menu.not_to_use";"Not to use";"ar"
"ab__lc.control_subcategory_structure.how_to_use_menu.prepend";"Add menu items in the beginning of a structure of the subcategories";"ar"
"ab__lc.control_subcategory_structure.how_to_use_menu.replace";"Replace the current sub-categories structure with the menu items";"ar"
"ab__lc.control_subcategory_structure.inherit_control";"To inherit management";"ar"
"ab__lc.control_subcategory_structure.menu_id";"Menu ID";"ar"
"ab__lc.demodata";"Demo data";"ar"
"ab__lc.demodata.actions.export_category";"Categories";"ar"
"ab__lc.demodata.actions.export_category.placeholder";"Categories ID";"ar"
"ab__lc.demodata.success.category";"<a href=""[href]"" target=""_blank"">Demo category</a> was installed successfully";"ar"
"ab__lc.demodata.table.action";"Action";"ar"
"ab__lc.demodata.table.add_category";"Add a category";"ar"
"ab__lc.demodata.table.description";"Demo data";"ar"
"ab__lc.demodata_description";"The page of quick creation of a demo category for demonstration of operating of the addon";"ar"
"ab__lc.export";"Export";"ar"
"ab__lc.export.description";"The page of quick creation of the exports of the functional";"ar"
"ab__lc.export.table.action";"Action";"ar"
"ab__lc.export.table.data";"Data for export";"ar"
"ab__lc.export.table.description";"The exported data";"ar"
"ab__lc.help";"Help";"ar"
"ab__lc.help.doc";"Read the <a target='_blank' href='https://cs-cart.alexbranding.com/en/ab__landing_categories.doc'>documentation</a>.";"ar"
"ab__lc.landing_category.landing";"Use category as a landing page";"ar"
"ab__lc.landing_category.show_more";"More";"ar"
"ab__lc.landing_category.subsubcategories";"Amount of sub-subcategories";"ar"
"ab__lc.settings";"General settings";"ar"
"ab__lc_catalog";"AB: Catalog";"ar"
"ab__lc_landing_category";"AB: Landing category/page";"ar"
"ab__mb.admin.categories_update.description";"There is a <a href=""[href]"" target=""_blank"">list of motivational elements</a> that will be displayed for products in this category.<br/>Please note that <span title=""[text]"" class=""cm-tooltip"" style=""color: red"">other conditions</span> may be used due to which these motivational elements will not be displayed for products of this category";"ar"
"ab__mb.admin.categories_update.description.tooltip";"The conditions for displaying motivational elements depend on:<ul><li>Terms for categories</li><li>Terms for destinations</li></ul>See <a href='[href]' title='Documentation' target='_blank'>the documentation</a> for more details";"ar"
"ab__mb.admin.categories_update.description.tooltip.link";"https://docs.cs-cart.abt.team/en/ab__motivation_block.doc/#p-946";"ar"
"ab__mb.class_copied";"The class is copied in a clipboard";"ar"
"ab__mb.demodata.description";"On this page, you can quickly create a demo data for the motivation block";"ar"
"ab__mb.demodata.errors.no_data";"It seems the ""data.json"" file was deleted";"ar"
"ab__mb.demodata.successes.blocks";"Motivational elements [blocks] were successfully created";"ar"
"ab__mb.demodata.table.add_blocks";"Add demo data into the motivation block";"ar"
"ab__mb.demodata.table.description";"Demo data type";"ar"
"ab__mb.description";"Custom content (HTML/Smarty)";"ar"
"ab__mb.destinations";"Rate areas";"ar"
"ab__mb.destinations.add_destinations";"Add rate areas";"ar"
"ab__mb.destinations.add_destinations_and_close";"Add rate areas and close";"ar"
"ab__mb.destinations.text_all_destinations_included";"All rate areas are included";"ar"
"ab__mb.editing_motivation_item";"Editing motivational element";"ar"
"ab__mb.errors.disabled_option_choosen";"Invalid value for ""[field]"" field";"ar"
"ab__mb.exclude.categories";"Active for";"ar"
"ab__mb.exclude.categories.tooltip";"Choose how to use objects selected by picker";"ar"
"ab__mb.exclude.destinations";"Active for";"ar"
"ab__mb.exclude.destinations.tooltip";"Choose how to use objects selected by picker";"ar"
"ab__mb.exclude.exclude";"all not in the list";"ar"
"ab__mb.exclude.exclude.full_text";"Active for all not in the list";"ar"
"ab__mb.exclude.not_exclude";"all in the list";"ar"
"ab__mb.exclude.not_exclude.full_text";"Active for all in the list";"ar"
"ab__mb.exclude.products";"Active for";"ar"
"ab__mb.exclude.products.tooltip";"Choose how to use objects selected by picker";"ar"
"ab__mb.go_to";"Go to page of";"ar"
"ab__mb.go_to.destinations_manage";"Go to page of destinations management";"ar"
"ab__mb.go_to.mb_manage";"Go to page of motivational elements management";"ar"
"ab__mb.icons.class";"Icon class";"ar"
"ab__mb.icons.class.tooltip";"A value which needs to be used in the field ""Icon class"" in motivation block settings";"ar"
"ab__mb.icons.info";"On this page, you can find the available icons list";"ar"
"ab__mb.icons.refresh";"Refresh icons";"ar"
"ab__mb.icons.refreshed_successfully";"Icons have been updated successfully";"ar"
"ab__mb.icons.tygh_icons";"Icons list by default";"ar"
"ab__mb.icons.yt_icons";"List of icons added by AB: YoupiTheme";"ar"
"ab__mb.icon_class";"Icon class";"ar"
"ab__mb.icon_color";"Icon color";"ar"
"ab__mb.icon_type";"Icon type";"ar"
"ab__mb.new_motivation_item";"New motivational element";"ar"
"ab__mb.not_display_on";"Do not display on";"ar"
"ab__mb.only_for.vertical_tabs.tooltip";"This setting only works if the ""Vertical tabs"" display option is selected in the add-on settings";"ar"
"ab__mb.products.also_in_categories";"This product also participates in category|This product also participates in categories";"ar"
"ab__mb.settings";"General settings";"ar"
"ab__mb.set_default_value";"Restore by default";"ar"
"ab__mb.templates_settings.brand_feature_id";"""Brand"" feature ID";"ar"
"ab__mb.templates_settings.brand_feature_id.tooltip";"This setting will be used to form a filter link in the product category";"ar"
"ab__mb.templates_settings.max_tags_count";"Maximum tags count";"ar"
"ab__mb.template_path.search.ignore_this_field";"Ignore this field";"ar"
"ab__mb.template_path.search.ignore_this_field.tooltip";"When choosing this option - the 'Template' field of the motivational element will not be taken into account when sampling";"ar"
"ab__mb.template_path.templates.categories_list";"Product categories list";"ar"
"ab__mb.template_path.templates.categories_list.tooltip";"The template displays a list of all categories in which the product is involved. It is available if there is at least one category in the store (except for the ""Trash category"")";"ar"
"ab__mb.template_path.templates.geo_maps";"Shipping information";"ar"
"ab__mb.template_path.templates.geo_maps.tooltip";"The template displays information about the cost of delivery of products. Available when the ""Maps and Geolocation"" add-on is active. Information will be shown only with active setting ""Show shipping cost and time on product pages"" for ""Maps and Geolocation"" add-on. The standard information output provided by CS-Cart by default will be blocked";"ar"
"ab__mb.template_path.templates.payment_methods";"Payment methods information";"ar"
"ab__mb.template_path.templates.payment_methods.tooltip";"The template displays information about the available payment methods";"ar"
"ab__mb.template_path.templates.tags_list";"Product tags list";"ar"
"ab__mb.template_path.templates.tags_list.tooltip";"The template displays a list of all tags assigned to the product. Available when the ""Tags"" add-on is active. Be sure to create and assigned tags for products";"ar"
"ab__mb.template_path.templates.warning";"The standard information output provided by CS-Cart by default will be blocked";"ar"
"ab__mb.template_path.tooltip";"Choose a way to fill content of motivational element";"ar"
"ab__mb.template_path.variants.custom";"Custom content (HTML/Smarty)";"ar"
"ab__mb.template_path.variants.custom.tooltip";"Allows you to set your own fill for the motivational element";"ar"
"ab__mb.update_help.tip_1";"To fill the content of motivational elements, you can use all the variables declared on the Smarty product page, for example:<br/><hr>Array <code>{$product}</code> - information about the current product;<br/><hr>Massive <code>{$currencies}</code> - currency information;<br/><hr>Array <code>{$user_info}</code> - information about the user (note that if the client is not authorized, the array will be empty);<br/><hr>Array <code>{$settings}</code> - an array of store settings.";"ar"
"ab__mb.update_help.title";"Additional info for content managing";"ar"
"ab__mb.upgrade_notifications.2.0.0.added_new_settings.text";"Please note that new settings have been added to the add-on settings.";"ar"
"ab__mb.upgrade_notifications.2.0.0.added_new_settings.title";"Added new settings";"ar"
"ab__mb.upgrade_notifications.2.0.0.added_templates.text";"Please note that in the settings of the motivational element, the ""Template"" field was added that defines the way the content of the motivational element is filled.";"ar"
"ab__mb.upgrade_notifications.2.0.0.added_templates.title";"A new way of filling motivational elements has been added.";"ar"
"ab__mb.upgrade_notifications.2.1.0.added_template.text";"Please note that a new version of the template has been added to fill the content of the motivational element";"ar"
"ab__mb.upgrade_notifications.2.1.0.added_template.title";"Added a new template ""Information about payment methods""";"ar"
"ab__mb.upgrade_notifications.2.1.0.regenerate_data.text";"If you use old demo-data of the add-on (or your data is based on old demo-data), regenerate demo-data";"ar"
"ab__mb.upgrade_notifications.2.1.0.regenerate_data.title";"Regenerate demo-data";"ar"
"ab__mb.upgrade_notifications.2.11.1.sf_addon_deleted.text";"Add-on ""Security bug fix for ""AB: Motivation block"" was deleted";"ar"
"ab__mb.upgrade_notifications.text";"The detailed list of changes for <b>v[ver]</b> version look in documentation for the add-on in the section <a target=""_blank"" href=""https://docs.cs-cart.abt.team/en/ab__motivation_block.doc#p-929"">List of releases</a>.";"ar"
"ab__mb.upgrade_notifications.title";"AB: Motivation block was successfully updated to v[ver]!";"ar"
"ab__mb.vendor.motivation_item.template_choosen";"For this motivational element, the type of filling using the template is set. <br>You can contact the store administrator to create another motivational element with the filling type ""Custom content (HTML/Smarty)""";"ar"
"ab__mb_all_destinations";"All rate areas";"ar"
"ab__mb_bg_color";"Block color";"ar"
"ab__mb_expanded";"Set the disclosure element by default";"ar"
"ab__mb_help.docs";"Read the <a target='_blank' href='https://cs-cart.alexbranding.com/en/ab__motivation_block.doc'>documentation</a>.";"ar"
"ab__mb_icon_class.tooltip";"The complete available icons list can be found on the page<a href=""[link]"">Administration panel → AB: Add-ons → AB: Motivation block → Available icons</a>";"ar"
"ab__mb_icon_type.icon";"Icon";"ar"
"ab__mb_icon_type.img";"Image";"ar"
"ab__mb_icon_type.nothing";"No icon";"ar"
"ab__mb_vendor_edit";"Allow vendor editing";"ar"
"ab__motivation_block";"AB: Motivation block";"ar"
"ab__motivation_block.breadcrumbs.manage";"AB: Motivation block: Data management";"ar"
"ab__motivation_block.demodata";"Demo data";"ar"
"ab__motivation_block.help";"Help";"ar"
"ab__motivation_block.icons";"Available icons";"ar"
"ab__motivation_block.manage";"Data management";"ar"
"ab__name_without_icons";"AB: Show language names (without flags)";"ar"
"ab__pb.days_left";"<span>[n]</span> day left|<span>[n]</span> days left";"ar"
"ab__photoswipe";"AB: PhotoSwipe";"ar"
"ab__promotions_list";"AB: Promotions list";"ar"
"ab__promotions_view";"AB: Promotion page";"ar"
"ab__promotion_categories_filter";"AB: Filter by categories";"ar"
"ab__promotion_main_data";"Promotion header";"ar"
"ab__scroll_to_top";"AB: ""Scroll to top"" button";"ar"
"ab__scroll_to_top.arrow";"Arrow";"ar"
"ab__scroll_to_top.help";"Help";"ar"
"ab__scroll_to_top.help.doc";"Read the <a target='_blank' href='https://cs-cart.alexbranding.com/en/ab__scroll_to_top.doc'>documentation</a>.";"ar"
"ab__search_motivation";"AB: Search motivation";"ar"
"ab__search_motivation.default_search_phrases";"Search expressions by default";"ar"
"ab__search_motivation.help";"Help";"ar"
"ab__search_motivation.help.doc";"Read <a target='_blank' href='https://cs-cart.alexbranding.com/en/ab__search_motivation.doc'>the documentation</a>.";"ar"
"ab__search_motivation.manage";"Search expressions by default";"ar"
"ab__search_motivation.search_phrases";"Search expressions";"ar"
"ab__show_additional_product_images";"Show additional products images";"ar"
"ab__sm.demo_phrases.0";"Try our search";"ar"
"ab__sm.demo_phrases.1";"Enter the product name here";"ar"
"ab__sm.demo_phrases.2";"For example, iphone X";"ar"
"ab__sm.demo_phrases.added";"Added search motivation expressions";"ar"
"ab__sm.random_char";"abcdefghijklmnopqrstuvwxyz";"ar"
"ab__sm.settings";"General settings";"ar"
"ab__smc";"AB: Hide the part of the content up to a certain height";"ar"
"ab__smc.help";"Help";"ar"
"ab__smc.help.doc";"Read the <a target='_blank' href='https://cs-cart.alexbranding.com/en/ab__hide_product_description.doc'>documentation</a>.";"ar"
"ab__smc.less";"Less";"ar"
"ab__smc.more";"More";"ar"
"ab__smc.product_tabs.height";"Displaying height, px";"ar"
"ab__smc.product_tabs.height.tooltip";"The value will set own height of the content display in px";"ar"
"ab__smc.product_tabs.hide_content";"Hide the content";"ar"
"ab__smc.product_tabs.hide_content.less";"Button text for hiding content";"ar"
"ab__smc.product_tabs.hide_content.more";"Button text for showing more content";"ar"
"ab__smc.product_tabs.override";"Redefine height for the tab";"ar"
"ab__smc.product_tabs.override.tooltip";"The value of the height of content will undertake from settings of the tab";"ar"
"ab__smc.product_tabs.tab_description";"""AB: Hide the part of the content up to a certain height"" add-on settings";"ar"
"ab__smc.settings";"General settings";"ar"
"ab__smc.settings.align.center";"center";"ar"
"ab__smc.settings.align.left";"left";"ar"
"ab__smc.settings.align.right";"right";"ar"
"ab__smc.settings.appearance.button";"Button";"ar"
"ab__smc.settings.appearance.text";"Text";"ar"
"ab__smc.settings.appearance.text2";"Text 2";"ar"
"ab__smc.settings.transition.10";"No animation";"ar"
"ab__smc.settings.transition.100";"0,1 sec";"ar"
"ab__smc.settings.transition.1000";"1 sec";"ar"
"ab__smc.settings.transition.1100";"1,1 sec";"ar"
"ab__smc.settings.transition.1200";"1,2 sec";"ar"
"ab__smc.settings.transition.1300";"1,3 sec";"ar"
"ab__smc.settings.transition.1400";"1,4 sec";"ar"
"ab__smc.settings.transition.1500";"1,5 sec";"ar"
"ab__smc.settings.transition.200";"0,2 sec";"ar"
"ab__smc.settings.transition.300";"0,3 sec";"ar"
"ab__smc.settings.transition.400";"0,4 sec";"ar"
"ab__smc.settings.transition.500";"0,5 sec";"ar"
"ab__smc.settings.transition.600";"0,6 sec";"ar"
"ab__smc.settings.transition.700";"0,7 sec";"ar"
"ab__smc.settings.transition.800";"0,8 sec";"ar"
"ab__smc.settings.transition.900";"0,9 sec";"ar"
"ab__stcikers.pictogram.font_download";"Font(s)";"ar"
"ab__stcikers.pictogram.font_download.help";"You may find fonts <a href='https://fonts.google.com/' target='_blank'>here</a>";"ar"
"ab__stickers";"AB: Stickers";"ar"
"ab__stickers.added_by_addon";"Functionality is added by the add-on AB: Stickers";"ar"
"ab__stickers.appearance_style";"Appearance";"ar"
"ab__stickers.appearance_style.beveled_angle";"Beveled angle";"ar"
"ab__stickers.appearance_style.circle";"Circle";"ar"
"ab__stickers.appearance_style.default.tooltip";"Setting value 'Appearance' will be used from the tab 'Text stickers' of the add-on setting";"ar"
"ab__stickers.appearance_style.rectangular";"Rectangular";"ar"
"ab__stickers.appearance_style.rounded";"Rounded";"ar"
"ab__stickers.appearance_style.teardrop";"Teardrop";"ar"
"ab__stickers.attached_products";"Attached products";"ar"
"ab__stickers.attached_stickers";"Attached stickers";"ar"
"ab__stickers.attached_stickers.product_page.tooltip";"Selected stickers will always be displayed on this product";"ar"
"ab__stickers.attached_stickers.sticker_page.tooltip";"The selected sticker will always be displayed on the pages of the following products";"ar"
"ab__stickers.available_placeholders";"The following placeholders are available for fields ""Text for full view"", ""Text for short view"", ""Description""";"ar"
"ab__stickers.available_placeholders.header";"Available placeholders";"ar"
"ab__stickers.available_tags";"For fields Text for full view and Text for short view there are available some html tags and <a target=""_blank"" href=""https://www.w3schools.com/charsets/ref_emoji.asp"">Emoji Unicode</a>";"ar"
"ab__stickers.available_tags.content";"Available tags:[available_tags]You can see examples after install of <a href=""[href_demo]"" target=""_blank"">demo data</a> or in <a href=""https://docs.cs-cart.abt.team/en/ab__stickers.doc/#p-2891"" target=""_blank"">documentation</a>";"ar"
"ab__stickers.available_tags.header";"Available html tags and other entities";"ar"
"ab__stickers.avail_from";"Available from";"ar"
"ab__stickers.avail_till";"Available to";"ar"
"ab__stickers.border_color";"Outline color";"ar"
"ab__stickers.border_width";"Outline width";"ar"
"ab__stickers.cloned";"[Cloned]";"ar"
"ab__stickers.cloned_stickers";"[n] sticker was cloned|[n] stickers were cloned";"ar"
"ab__stickers.conditions.all";"every";"ar"
"ab__stickers.conditions.any";"any";"ar"
"ab__stickers.conditions.false";"are false";"ar"
"ab__stickers.conditions.names.age_verification";"Age limit";"ar"
"ab__stickers.conditions.names.amount";"In stock";"ar"
"ab__stickers.conditions.names.buy_together";"Buy together";"ar"
"ab__stickers.conditions.names.buy_together.tooltip";"Product consists of product combination";"ar"
"ab__stickers.conditions.names.categories";"Categories";"ar"
"ab__stickers.conditions.names.comments";"Number of reviews";"ar"
"ab__stickers.conditions.names.comments.tooltip";"Only accepted reviews will be counted";"ar"
"ab__stickers.conditions.names.company_id";"Vendor";"ar"
"ab__stickers.conditions.names.creating_date";"Creating date";"ar"
"ab__stickers.conditions.names.creating_date.tooltip";"Number of the days from creation date of the product to current date";"ar"
"ab__stickers.conditions.names.discount";"Discount, %";"ar"
"ab__stickers.conditions.names.discount_sum";"Discount amount";"ar"
"ab__stickers.conditions.names.feature";"Product feature";"ar"
"ab__stickers.conditions.names.free_shipping";"Free shipping";"ar"
"ab__stickers.conditions.names.popularity";"Product popularity";"ar"
"ab__stickers.conditions.names.pre_order";"Buy in advance";"ar"
"ab__stickers.conditions.names.price";"Product price";"ar"
"ab__stickers.conditions.names.promotion";"Promotion";"ar"
"ab__stickers.conditions.names.qty_discounts";"Quantity discounts";"ar"
"ab__stickers.conditions.names.rating";"Product rating";"ar"
"ab__stickers.conditions.names.rating.tooltip";"The value must be decimal";"ar"
"ab__stickers.conditions.names.sales_amount";"Number of sales";"ar"
"ab__stickers.conditions.names.tags";"Product tag";"ar"
"ab__stickers.conditions.names.vendor_plans";"Vendor plan";"ar"
"ab__stickers.conditions.names.weight";"Product weight";"ar"
"ab__stickers.conditions.placeholders.amount";"Product quantity in stock";"ar"
"ab__stickers.conditions.placeholders.avail_since";"The date when buy in advance for product is available";"ar"
"ab__stickers.conditions.placeholders.ceil_integer_weight";"Product weight (rounded up to bigger integer number)";"ar"
"ab__stickers.conditions.placeholders.discount";"The discount value in percents";"ar"
"ab__stickers.conditions.placeholders.discount_sum";"Discount amount in the selected currency";"ar"
"ab__stickers.conditions.placeholders.feature_value";"Feature value, where [id] is the identifier of the feature whose value you want to display";"ar"
"ab__stickers.conditions.placeholders.min_qty_discount_count";"Minimal products quantity for quantity discount";"ar"
"ab__stickers.conditions.placeholders.min_qty_discount_percentage";"Discount percentage with minimal quantity discount";"ar"
"ab__stickers.conditions.placeholders.min_qty_discount_price";"Minimal products price with quantity discount";"ar"
"ab__stickers.conditions.placeholders.price";"Product price";"ar"
"ab__stickers.conditions.placeholders.rating";"Product rating value, for example: 4.5 or 5.0";"ar"
"ab__stickers.conditions.placeholders.weight";"Product weight";"ar"
"ab__stickers.conditions.true";"are true";"ar"
"ab__stickers.condition_groups.default";"Default conditions";"ar"
"ab__stickers.cron.generate_links_text";"To update deprecated information on Cron, use this command:";"ar"
"ab__stickers.cron.generate_links_title";"Links generation";"ar"
"ab__stickers.cron.generate_pictograms_text";"Use this command to generate pictograms by Cron.<br><b>Limits</b><br>Use parameter <code>--limit</code> to specify a number of processing pictograms in 1 iteration.";"ar"
"ab__stickers.cron.generate_pictograms_title";"Generate pictograms";"ar"
"ab__stickers.cron.limit_description";"<b>Limits</b><br>Use parameter <code>--limit</code> to specify a number of processing pictograms in 1 iteration.";"ar"
"ab__stickers.cron_jobs";"Cron tasks";"ar"
"ab__stickers.default_placeholders";"<p><code>[end_line]</code> - break line</p>";"ar"
"ab__stickers.deleted_stickers";"[n] sticker is deleted|[n] stickers are deleted";"ar"
"ab__stickers.delete_all";"Delete all stickers";"ar"
"ab__stickers.demodata";"Demo data";"ar"
"ab__stickers.demodata.description";"On this page you can quickly add demo stickers";"ar"
"ab__stickers.demodata.download_graphic_stickers_source";"If you wish to change demo stickers (e.g., background color of the sticker), you may download correspond source images by <a href=""https://drive.google.com/drive/folders/1VnZIlP0X6ES2UYUZXNiQWvc9G_tDr6KA"" target=""_blank"">reference</a>";"ar"
"ab__stickers.demodata.install.success";"Demo stickers were created successfully";"ar"
"ab__stickers.demodata.table.add_stickers";"Add demo stickers";"ar"
"ab__stickers.demodata.table.description";"Demo data view";"ar"
"ab__stickers.description";"Description";"ar"
"ab__stickers.description.tooltip";"This field value will be displayed when hover mouse pointer";"ar"
"ab__stickers.editing_sticker";"Sticker managing";"ar"
"ab__stickers.errors.missed_fields";"These fields are required and cannot be deleted";"ar"
"ab__stickers.errors.no_pictograms_for_generation";"No links for pictograms were found. <br>Possible reasons:<br/>You didn't update links for pictograms (stickers).<br/>Pictograms are already in a generation process.";"ar"
"ab__stickers.errors.no_stickers_for_generation";"There are no stickers to generate links<br/>Probable causes:<br/>You probably updated your links recently<br/>You have not static stickers with conditions";"ar"
"ab__stickers.field_with_available_placeholders";"For the field there are available placeholders, html tags and <a target=""_blank"" href=""https://www.w3schools.com/charsets/ref_emoji.asp"">Emoji Unicode</a>";"ar"
"ab__stickers.field_with_available_placeholders.wysiwyg";"For the field there are available placeholders and html tags";"ar"
"ab__stickers.find_available_stickers";"Find available stickers";"ar"
"ab__stickers.font_family";"Font";"ar"
"ab__stickers.font_size";"Text size, px";"ar"
"ab__stickers.full_size.image_size";"Image size (full view)";"ar"
"ab__stickers.generate.checking_generated";"Check of generated links";"ar"
"ab__stickers.generate.generated_ids.description";"Generate sticker links to products|Generate stickers links to products";"ar"
"ab__stickers.generate.in_progress";"Links generation";"ar"
"ab__stickers.generate.prev_query_in_process";"Updating of the links is in progress. The last change was made [last_time] seconds ago. Please, wait.";"ar"
"ab__stickers.generated_for_sticker";"<a href=""[sticker_href]"" target=""_blank"">[sticker]</a> <a href=""[links_href]"" target=""_blank"">number of links: [links]</a>";"ar"
"ab__stickers.generated_stickers";"Generated stickers";"ar"
"ab__stickers.generated_stickers.product_page.tooltip";"These static stickers are attached to the product through the conditions";"ar"
"ab__stickers.generation.description";"To update deprecated information on Cron, use this command:";"ar"
"ab__stickers.group_conditions";"If [set] of these conditions [set_value]";"ar"
"ab__stickers.help";"Help";"ar"
"ab__stickers.help.docs";"Read <a target='_blank' href='https://cs-cart.alexbranding.com/en/ab__stickers.doc'>the documentation</a>.";"ar"
"ab__stickers.horizontal_margin";"Padding horizontally, px";"ar"
"ab__stickers.horizontal_position";"Horizontal align";"ar"
"ab__stickers.link_generation";"Links generation";"ar"
"ab__stickers.list_has_prohibited_positions";"This list type consists of forbidden positions of display";"ar"
"ab__stickers.list_has_prohibited_positions.docs";"See the details in <a href=""https://docs.cs-cart.abt.team/en/ab__stickers.doc/v1.2.0#p-3171"" target=""_blank"">documentation</a>";"ar"
"ab__stickers.manage";"Sticker list";"ar"
"ab__stickers.manage.add.constant";"Add static sticker";"ar"
"ab__stickers.manage.add.dynamic";"Add dynamic sticker";"ar"
"ab__stickers.manage.edit";"Edit sticker";"ar"
"ab__stickers.manage.remove_links";"Remove all links with the objects";"ar"
"ab__stickers.max_count";"Maximal number";"ar"
"ab__stickers.name.tooltip";"This field value will be displayed on";"ar"
"ab__stickers.name_for_desktop";"Text for full view";"ar"
"ab__stickers.name_for_desktop.tooltip";"This field value will be displayed on Desktop and Tablet devices (recommended for templates with big product images)";"ar"
"ab__stickers.name_for_mobile";"Text for short view";"ar"
"ab__stickers.name_for_mobile.tooltip";"This field value will be displayed on Phone devices (recommended for templates with small product images)";"ar"
"ab__stickers.new_sticker";"New sticker";"ar"
"ab__stickers.notify_generate_links";"Links generation";"ar"
"ab__stickers.notify_generate_pictograms";"Generate pictograms";"ar"
"ab__stickers.notify_limit";"Up to [limit] records will be processed in one time.";"ar"
"ab__stickers.object.select";"Select sticker(-s)";"ar"
"ab__stickers.object.you_need_to_select_company";"Please, select a Store to choose stickers";"ar"
"ab__stickers.op_exist";"exist";"ar"
"ab__stickers.op_not_empty";"not empty";"ar"
"ab__stickers.output_position.AP";"All positions";"ar"
"ab__stickers.output_position.B";"Lower corner";"ar"
"ab__stickers.output_position.BL";"Lower left corner";"ar"
"ab__stickers.output_position.BR";"Lower right corner";"ar"
"ab__stickers.output_position.detailed_page";"Positions on product page";"ar"
"ab__stickers.output_position.list";"Positions in product lists";"ar"
"ab__stickers.output_position.T";"Upper corner";"ar"
"ab__stickers.output_position.TL";"Upper left corner";"ar"
"ab__stickers.output_position.TR";"Upper right corner";"ar"
"ab__stickers.output_positions";"Positions";"ar"
"ab__stickers.output_settings.full_size";"Full view";"ar"
"ab__stickers.output_settings.not_display";"Do not display";"ar"
"ab__stickers.output_settings.small_size";"Short view";"ar"
"ab__stickers.output_settings.tooltip";"You can set sticker display on the product page and in different lists types (to display stickers properly in the lists with small product images)";"ar"
"ab__stickers.output_type";"Stickers output type";"ar"
"ab__stickers.output_type.column";"Column";"ar"
"ab__stickers.output_type.row";"Row";"ar"
"ab__stickers.output_type.tooltip";"The setting allows to specify how the sticker list will be presented in each corner (upper left, upper right, lower left and lower right) of the product grid template ""Grid"" and in the product image block on the product page";"ar"
"ab__stickers.params.available_from";"Available from";"ar"
"ab__stickers.params.available_to";"Available till";"ar"
"ab__stickers.params.available_use";"Validity period";"ar"
"ab__stickers.params.background";"Background color";"ar"
"ab__stickers.params.background.tooltip";"Please, select the checkbox to use your own color";"ar"
"ab__stickers.params.class";"User-defined CSS-class";"ar"
"ab__stickers.params.color";"Text color";"ar"
"ab__stickers.params.color.tooltip";"Please, select the checkbox to use your own color";"ar"
"ab__stickers.params.link_count";"Links";"ar"
"ab__stickers.params.link_count.tooltip";"Number of linked objects to the sticker";"ar"
"ab__stickers.params.name";"Name";"ar"
"ab__stickers.params.position";"Position";"ar"
"ab__stickers.params.status";"Status";"ar"
"ab__stickers.params.type";"Type";"ar"
"ab__stickers.params.type.A";"All types";"ar"
"ab__stickers.params.type.C";"Static sticker";"ar"
"ab__stickers.params.type.category";"Category sticker";"ar"
"ab__stickers.params.type.D";"Dynamic sticker";"ar"
"ab__stickers.params.type.product";"Product sticker";"ar"
"ab__stickers.pictogram.fonts";"Font list";"ar"
"ab__stickers.pictogram.fonts.add_font";"Upload font(s)";"ar"
"ab__stickers.pictogram.fonts.delete_all";"Delete all selected fonts";"ar"
"ab__stickers.pictogram.font_group.custom";"Loaded fonts";"ar"
"ab__stickers.pictogram.font_group.default";"Standard fonts";"ar"
"ab__stickers.pictogram.generated_pictogram";"[sticker]: [count] products";"ar"
"ab__stickers.pictogram.generate_for_products";"Generate pictograms for products";"ar"
"ab__stickers.pictogram.help.for_all_languages";"Change color for all languages";"ar"
"ab__stickers.pictogram.help.text";"You can use the following placeholders:<br><br><code>[feature_<b>***</b>_name]</code> - feature name.<br><br><code>[feature_***]</code> - feature value.<br><br><code>[feature_***_with_prefix]</code> - feature value with prefix.<br><br><code>[feature_***_with_suffix]</code> - feature value with suffix.<br><br><code>[feature_***_with_prefix_and_<br>suffix]</code> - feature value with prefix and suffix.<br><br><code>[feature_***_prefix]</code> - feature prefix.<br><br><code>[feature_***_suffix]</code> - feature suffix.<br><br>You can also use a special parameter <b>space</b> for placeholders<br><br><code>[feature_***_with_prefix]</code> ,<br><br><code>[feature_***_with_suffix]</code> ,<br><br><code>[feature_***_with_prefix_and_<br>suffix]</code> ,<br> to add spaces between prefix, value and suffix.<br><br>For example, <code>[feature_***_with_prefix|space]</code> (parameter <b>space</b> must be at the end of placeholder).<br><br>Where <code>***</code> is a feature identity (id)";"ar"
"ab__stickers.pictograms.deleted_fonts";"Scripts are removed";"ar"
"ab__stickers.pictograms.not_deleted_fonts";"Some scripts cannot be removed as they are used in the following pictograms:<br>";"ar"
"ab__stickers.pictograms.successes_generated";"The following pictograms are generated:<br><br>[sticker]";"ar"
"ab__stickers.pictogram_horizontal_position.HC";"Center";"ar"
"ab__stickers.pictogram_horizontal_position.HL";"Left";"ar"
"ab__stickers.pictogram_horizontal_position.HR";"Right";"ar"
"ab__stickers.pictogram_vertical_position.VB";"Below";"ar"
"ab__stickers.pictogram_vertical_position.VM";"Center";"ar"
"ab__stickers.pictogram_vertical_position.VT";"Top";"ar"
"ab__stickers.rotate";"Rotation, &#176;";"ar"
"ab__stickers.search_by";"Search by AB: Stickers";"ar"
"ab__stickers.settings";"General settings";"ar"
"ab__stickers.show";"Display";"ar"
"ab__stickers.show.small";"Display in the lists with small items";"ar"
"ab__stickers.show.small.tooltip";"Catalog lists:<br/>Small items;<br/>Text links;<br/>";"ar"
"ab__stickers.small_size.image_size";"Image size (short view)";"ar"
"ab__stickers.stickers_list.below";"There is a sticker list that you can attach to the product";"ar"
"ab__stickers.sticker_bg";"Background color";"ar"
"ab__stickers.sticker_bg.opacity";"Background color saturation";"ar"
"ab__stickers.storefronts.sticker_page.description";"Select the storefronts for which this sticker will be applied";"ar"
"ab__stickers.style";"Style";"ar"
"ab__stickers.style.G";"Graphic";"ar"
"ab__stickers.style.P";"Pictogram";"ar"
"ab__stickers.style.T";"Text";"ar"
"ab__stickers.successes.generated";"Links for sticker [sticker] were generated successfully|Links for stickers <br/>[sticker]<br/> were generated successfully";"ar"
"ab__stickers.text_color";"Text color";"ar"
"ab__stickers.text_stroke_color";"Inking color";"ar"
"ab__stickers.text_stroke_width";"Inking width";"ar"
"ab__stickers.update";"Sticker managing";"ar"
"ab__stickers.uppercase_text";"Text in capitals";"ar"
"ab__stickers.use_theme_presets";"Use color values from the current theme";"ar"
"ab__stickers.use_theme_presets.tooltip";"Setting value ""Discount label"" will be used from settings <a href=""[href]"" target=""_blank"">of theme colors</a>";"ar"
"ab__stickers.vendor_edit";"Allow vendor to manage";"ar"
"ab__stickers.vertical_margin";"Padding vertically, px";"ar"
"ab__stickers.vertical_position";"Vertical align";"ar"
"ab__stickers.will_used_default";"Default stickers of active theme will be used";"ar"
"ab__stickers.you_have_no_standart_stickers";"You need to create Discount and Free Shipping stickers or add Demo data in the ""AB: Stickers"" add-on, because when the add-on is activated, it intercepts the display of basic CS-Cart labels";"ar"
"ab__stickers_export";"AB: Stickers: Export";"ar"
"ab__stickers_import";"AB: Stickers: Import";"ar"
"ab__stt.color";"Value of the icon attribute <b>color</b>";"ar"
"ab__stt.only_integer";"Only integers";"ar"
"ab__stt.settings";"General settings";"ar"
"ab__ut2.autoinstall.demodata";"Added demo data (new banners, menus and blog pages)";"ar"
"ab__ut2.autoinstall.fly_menu";"Added data for ""<a href=""[href]"" target=""_blank"">AB: Fly menu</a>"" block";"ar"
"ab__ut2.autoinstall.fly_menu.no_data";"No blocks to fill ""AB: Fly menu"". For automatic menu filling, set the layout to ult5/mv6 and above. Or fill in the <a href=""[href]"" target=""_blank"">menu</a> manually.";"ar"
"ab__ut2.autoinstall.theme";"Installed theme AB: UniTheme2";"ar"
"ab__ut2.banners.background_type.image";"Background image";"ar"
"ab__ut2.banners.background_type.mp4_video";"Background video (MP4)";"ar"
"ab__ut2.search_similar";"Find similar";"ar"
"ab__ut2.tmpl_grid";"AB: Grid (with button ""Show more"")";"ar"
"ab__vg.3";"3";"ar"
"ab__vg.4";"4";"ar"
"ab__vg.5";"5";"ar"
"ab__vg.6";"6";"ar"
"ab__vg.7";"7";"ar"
"ab__vg.8";"8";"ar"
"ab__vg.9";"9";"ar"
"ab__vg.added_by_addon";"Functionality is added by AB: Video gallery of the product";"ar"
"ab__vg.exim.remove_videos";"Clear up";"ar"
"ab__vg.exim.remove_videos.text";"When importing the existing videos of the updated product will be removed";"ar"
"ab__vg.form.all_storefronts";"All storefronts";"ar"
"ab__vg.form.autoplay";"Autoplay";"ar"
"ab__vg.form.autoplay.tooltip";"Autoplay video by default. Controls for this video will be disabled.";"ar"
"ab__vg.form.description";"Description";"ar"
"ab__vg.form.icon";"Icon";"ar"
"ab__vg.form.icon_type";"Icon type";"ar"
"ab__vg.form.icon_type.icon";"Manual icon";"ar"
"ab__vg.form.icon_type.none";"No icon";"ar"
"ab__vg.form.icon_type.snapshot";"Video snapshot";"ar"
"ab__vg.form.pos";"Pos.";"ar"
"ab__vg.form.product_pos";"Position in the image gallery";"ar"
"ab__vg.form.product_pos_type.b";"In the end";"ar"
"ab__vg.form.product_pos_type.c";"After the selected image";"ar"
"ab__vg.form.product_pos_type.d";"Global ([setting])";"ar"
"ab__vg.form.product_pos_type.t";"At the beginning";"ar"
"ab__vg.form.product_settings";"Settings";"ar"
"ab__vg.form.product_videos";"Video";"ar"
"ab__vg.form.replace_image";"Set video as the default product image";"ar"
"ab__vg.form.show_in_list";"Show in product lists";"ar"
"ab__vg.form.show_in_list.tooltip";"Show video in product list ""Grid"" in place of image. Works only with the active setting ""Autoplay"". Video will always be displayed first when the image gallery is enabled.";"ar"
"ab__vg.form.status";"Status";"ar"
"ab__vg.form.title";"Video title";"ar"
"ab__vg.form.type";"Video type";"ar"
"ab__vg.form.type.descr";"When this video type is chosen";"ar"
"ab__vg.form.type.h";"Link";"ar"
"ab__vg.form.type.h.descr";"When this video type is chosen You shall load icon manually";"ar"
"ab__vg.form.type.r";"Resource";"ar"
"ab__vg.form.type.r.descr";"When this video type is chosen You shall download an icon manually";"ar"
"ab__vg.form.type.v";"Vimeo";"ar"
"ab__vg.form.type.y";"YouTube";"ar"
"ab__vg.form.video_path";"URL-address of video ID";"ar"
"ab__vg.form.video_path.tooltip";"For example, for YouTube video ""https://www.youtube.com/watch?v=Wx7vo__48oE"" video ID is <code>Wx7vo__48oE</code><br/>For example, for Vimeo video ""https://vimeo.com/138767317"" video ID is <code>138767317</code><br/>When choosing type ""Link"" or ""Resource"", video ID will be the whole URL-address<br/>Use the ""Resource"" type if the link is a specific video file (supported formats are WAV, H.264(mp4), Ogg Theora(ogv), WebM), for example ""https://mysite.com/video.mp4"".";"ar"
"ab__vg.iframe_attributes";"Tag attributes <code>iframe</code>";"ar"
"ab__vg.iframe_attributes.description";"<span style=""color:red"">Attention!</span> Value of the setting will be implemented directly into the code. Use caution when filling its value";"ar"
"ab__vg.iframe_attributes.tooltip";"";"ar"
"ab__vg.json_ld.warning";"Field ""Video title"" is mandatory. Otherwise, it will cause an error of microdata of your video";"ar"
"ab__vg.label_product_videos";"Video";"ar"
"ab__vg.products_search.with_video";"Products with video";"ar"
"ab__vg.settings";"General settings";"ar"
"ab__vg.settings.video_icon.variants.video";"Video icon";"ar"
"ab__vg.settings.video_icon.variants.youtube";"YouTube icon";"ar"
"ab__vg.video_attributes";"Tag attributes <code>video</code>";"ar"
"ab__vg.video_attributes.description";"<span style=""color:red"">Attention!</span> Value of the setting will be implemented directly into the code. Use caution when filling its value";"ar"
"ab__vg.video_attributes.tooltip";"";"ar"
"ab__vg.video_settings.additional";"Adittional video settings";"ar"
"ab__vg.view_videos_product";"More detalis on product";"ar"
"ab__vg.vimeo.add_byline";"Add line ""from...""";"ar"
"ab__vg.vimeo.add_byline.description";"Line with account name which possess a video";"ar"
"ab__vg.vimeo.add_portrait";"Add portrait";"ar"
"ab__vg.vimeo.add_portrait.description";"Portrait of the account which possess a video";"ar"
"ab__vg.vimeo.add_title";"Add title";"ar"
"ab__vg.vimeo.add_title.description";"Video title, specified on the service";"ar"
"ab__vg_help.docs";"Read the <a target='_blank' href='https://cs-cart.alexbranding.com/en/ab__video_gallery.doc'>documentation</a>.";"ar"
"ab__vg_image_height";"Icon height";"ar"
"ab__vg_image_width";"Icon width";"ar"
"ab__vg_max_videos";"Number of videos";"ar"
"ab__vg_show_product_link";"Display link to product";"ar"
"ab__vg_show_video_description";"Display video description";"ar"
"ab__vg_show_video_title";"Display video title";"ar"
"ab__vg_videos";"AB: Video of products";"ar"
"ab__video_gallery";"AB: Video gallery of the product";"ar"
"ab__video_gallery.help";"Help";"ar"
"ab__video_gallery_title_product";"Video gallery";"ar"
"accept";"قبول";"ar"
"accept_products";"قبول المنتجات";"ar"
"access_denied";"دخول غير مسموح";"ar"
"access_denied_text";"ليس لديكم صلاحية الوصول لهذه الصفحة.";"ar"
"access_for_authorized_customers_only";"الوصول للعملاء المصرح لهم فقط";"ar"
"access_restrictions";"Access restrictions";"ar"
"account";"الحساب";"ar"
"account_name";"اسم الحساب";"ar"
"account_number";"رقم الحساب";"ar"
"account_type";"نوع الحساب";"ar"
"acquirerid";"المعرف المكتسب";"ar"
"action";"التأثير";"ar"
"actions";"التأثيرات";"ar"
"actions.bulk_product_addition";"إضافة العديد من المنتجات";"ar"
"actions.cdn_settings";"إعدادات CDN";"ar"
"actions.cities";"مدن";"ar"
"actions.clear_cache";"مسح ذاكرة التخزين المؤقت";"ar"
"actions.clear_thumbnails";"مسح الصور المصغرة";"ar"
"actions.companies_invitations";"دعوات البائعين المعلقة";"ar"
"actions.countries";"بلدان";"ar"
"actions.datakeeper_optimize";"تحسين قاعدة البيانات";"ar"
"actions.destinations";"مناطق المعدل";"ar"
"actions.export";"يصدّر";"ar"
"actions.export_found";"تم العثور على التصدير";"ar"
"actions.feature_groups";"المجموعات المميزة";"ar"
"actions.files";"مدير الملفات";"ar"
"actions.file_changes_detector";"تم تغيير الملفات الأساسية";"ar"
"actions.global_update";"التحديث العالمي";"ar"
"actions.import";"يستورد";"ar"
"actions.invite_vendors";"دعوة البائعين";"ar"
"actions.languages";"اللغات";"ar"
"actions.layouts";"التخطيطات";"ar"
"actions.live_editor";"تحرير في الموقع";"ar"
"actions.localizations";"التعريب";"ar"
"actions.logs";"السجلات";"ar"
"actions.more";"أكثر";"ar"
"actions.preview";"معاينة";"ar"
"actions.product_subscriptions";"المنتجات المتوقعة";"ar"
"actions.product_tabs";"علامات تبويب المنتج";"ar"
"actions.seo_robots";"ملف الروبوتات.txt";"ar"
"actions.shipment_statuses";"حالات الشحن";"ar"
"actions.states";"تنص على";"ar"
"actions.templates";"قوالب";"ar"
"actions.upload_backup";"رفع ملف";"ar"
"actions.user_group_requests";"طلبات مجموعة المستخدمين";"ar"
"actions.vendor_administrators";"مسؤولي البائعين";"ar"
"actions.vendor_administrators_mobile";"مشرف البائع";"ar"
"activate";"تنشيط";"ar"
"activate_menu_tab_for";"تفعيل القائمة في قسم معين";"ar"
"activate_selected";"تفعيل المحدد";"ar"
"activate_skrill_merchant_tools";"تفعيل أدوات التاجر سكريل";"ar"
"activation_key";"مفتاح التفعيل";"ar"
"activation_link";"رابط تفعيل العضوية";"ar"
"activation_mode";"طريقة التفعيل";"ar"
"active";"مفعل";"ar"
"active_categories";"الفئات المفعلة";"ar"
"active_preset";"التجهيز الفعال";"ar"
"active_products";"المنتجات الفعالة";"ar"
"active_promotions";"العروض النشطة";"ar"
"active_style";"الاستايل النشط";"ar"
"actual_version";"النسخة الفعلية";"ar"
"act_on_behalf";"التصرف بالنيابة عن";"ar"
"add";"إضافة";"ar"
"added";"مضافة";"ar"
"adding_block_to_grid";"إضافة الكتلة للشبكة";"ar"
"adding_grid";"إضافة شبكة";"ar"
"additional_data";"بيانات إضافية";"ar"
"additional_images";"صور أخرى";"ar"
"additional_options";"خيارات إضافية";"ar"
"additional_parameter_not_correct";"المتغير الإضافي غير صحيح";"ar"
"additional_popup_larger_image";"صور أكبر منبثقة للصور المصغرة الاضافية";"ar"
"additional_settings";"إعدادات إضافية";"ar"
"additional_storefront_license_required";"مطلوب ترخيص واجهة المتجر [product] إضافي";"ar"
"additional_thumbnail";"صور مصغرة اضافية";"ar"
"additional__option_thumbnail";"صورة مصغرة أخرى للخيار";"ar"
"addon";"الإضافة";"ar"
"addons";"الإضافات";"ar"
"addons.activate";"تنشيط";"ar"
"addons.and_half_stars";"ونصف النجوم";"ar"
"addons.disabled";"معطل";"ar"
"addons.documentation";"توثيق";"ar"
"addons.error_at_sending_addon_review";"حدث خطأ ما في إرسال مراجعة الوظيفة الإضافية. الرجاء معاودة المحاولة في وقت لاحق.";"ar"
"addons.error_while_sending_review";"لم يتم نشر مراجعة الوظيفة الإضافية الخاصة بك في السوق. يرجى التأكد من حصولك على هذه الوظيفة الإضافية من CS-Cart Marketplace وإعادة المحاولة لاحقًا.";"ar"
"addons.form_builder.email_subject_field";"حقل موضوع البريد الإلكتروني";"ar"
"addons.form_builder.form_fields";"حقول النموذج";"ar"
"addons.form_builder.form_name";"اسم النموذج";"ar"
"addons.form_builder.other_subject";"موضوع آخر (حدد أدناه)";"ar"
"addons.forum";"المنتدى";"ar"
"addons.forum_en";"المنتدى (EN)";"ar"
"addons.forum_ru";"المنتدى (RU)";"ar"
"addons.get_support";"احصل على الدعم";"ar"
"addons.hide_all_reviews";"إخفاء جميع التقييمات";"ar"
"addons.install";"تركيب";"ar"
"addons.is_enjoying_addon";"هل تستمتع بالوظيفة الإضافية؟";"ar"
"addons.is_enjoying_addon_name";"هل تستمتع بـ [addon]؟";"ar"
"addons.latest_available_for_installation_version";"أحدث نسخة متاحة للتثبيت";"ar"
"addons.latest_version";"أحدث نسخة صادرة";"ar"
"addons.message";"الرسالة";"ar"
"addons.multiple_dependencies_required";"لا يمكن تثبيت الوظيفة الإضافية لأنها تعتمد على الوظائف الإضافية التالية:<ul>[addon_list]</ul> الرجاء تثبيت هذه الوظائف الإضافية أولاً.";"ar"
"addons.mve_ult_or_plus_required";"[product] Plus أو Ultimate مطلوب";"ar"
"addons.name";"اسم الوظيفة الإضافية";"ar"
"addons.newsletters.email_exists_in_list";"<b>[email]</b> موجود بالفعل في القائمة البريدية";"ar"
"addons.newsletters.hide_on_registration_and_profile";"إخفاء في صفحات تفاصيل التسجيل والملف الشخصي";"ar"
"addons.newsletters.show_on_registration_and_profile";"اعرض على صفحات التسجيل وصفحات الملف الشخصي";"ar"
"addons.not_installed";"غير مركبة";"ar"
"addons.no_changelog";"لا تغيير";"ar"
"addons.no_information";"لا يوجد معلومات";"ar"
"addons.no_reviews";"لم يتم تقديم تقييمات";"ar"
"addons.n_reviews";"التقييم | التقييمات";"ar"
"addons.other_category";"آخر";"ar"
"addons.out_of_five";"من 5";"ar"
"addons.rss_feed.icon";"رمز الاشتراك في موجز RSS";"ar"
"addons.search_description";"ابحث عن طريق اسم الوظيفة الإضافية والوصف والمطور ومعرف الوظيفة الإضافية.";"ar"
"addons.show_all_reviews";"إظهار كافة التقييمات";"ar"
"addons.show_n_reviews";"إظهار [n] مراجعة | إظهار [n] من المراجعات";"ar"
"addons.show_review";"عرض التقييم";"ar"
"addons.something_went_wrong";"حدث خطأ ما في طلبك. الرجاء معاودة المحاولة في وقت لاحق.";"ar"
"addons.stars";"النجوم";"ar"
"addons.support";"الدعم";"ar"
"addons.tags.add_a_tag";"أضف علامة";"ar"
"addons.tap_star_to_rate_on_marketplace";"اضغط على نجمة لتقييمها في CS-Cart Marketplace.";"ar"
"addons.text_post_pended";"سيتم فحص منشورك قبل نشره.";"ar"
"addons.text_thank_you_for_post";"شكرا لمشاركتك";"ar"
"addons.ult_required";"[product] في نهاية المطاف المطلوبة";"ar"
"addons.upgrades";"ترقيات";"ar"
"addons.upgrade_available";"التحديث متاح";"ar"
"addons.upgrade_to_product_version";"الترقية إلى [product] [version]";"ar"
"addons.upgrade_to_version";"قم بالترقية إلى [version]";"ar"
"addons.vendor_plans.commission_description_absolute";"[amount] من [sum]";"ar"
"addons.vendor_plans.commission_description_percent";"[amount]٪ من [sum]";"ar"
"addons.vendor_plans.payout_for_the_plan";"العائد لخطة البائع: [plan]";"ar"
"addons.website";"الموقع";"ar"
"addons.write_review";"أكتب تقييم";"ar"
"addons.your_account_doesnt_have_this_addon";"لا يمكنك إنشاء مراجعة للوظيفة الإضافية نظرًا لعدم شراء هذه الوظيفة الإضافية في حساب Marketplace الخاص بك.";"ar"
"addons.your_message";"نص رسالتكم";"ar"
"addons.you_already_posted_review";"لا يمكنك إنشاء مراجعة الوظيفة الإضافية لأن لديك بالفعل مراجعة تتطلب إجراء مراجعة مسبقة";"ar"
"addons_developers";"المطورين";"ar"
"addons_source";"المصدر";"ar"
"addon_added_to_favorites";"تمت إضافة الوظيفة الإضافية إلى مفضلاتك";"ar"
"addon_built_in";"مدمج";"ar"
"addon_files_was_copied";"تم نسخ ملفات الوظيفة الإضافية <b> ""[addon]"" </b> بنجاح";"ar"
"addon_has_admin_review";"لقد تركت مراجعة للوظيفة الإضافية";"ar"
"addon_id";"معرف الوظيفة الإضافية";"ar"
"addon_is_compatible";"يتوافق إصدار الوظيفة الإضافية هذا مع إصدار [product] الحالي لديك.";"ar"
"addon_license_key_tooltip";"أدخل مفتاح الترخيص لقد تلقيت بالبريد الإلكتروني من أجل الحصول على ترقيات الوظائف الإضافية.";"ar"
"addon_market";"سوق الإضافات";"ar"
"addon_market_n";"السوق الإضافي ([n])";"ar"
"addon_reinstall.dangerous_way";"<strong>The dangerous way:</strong> we'll replace all the files of the add-on with new ones, but keep all the add-on's data in the database intact. This can break the add-on, or might even break your store. Please don't use the dangerous way, unless you absolutely know what you're doing.";"ar"
"addon_reinstall.dangerous_way.action";"استخدم الطريق الخطير";"ar"
"addon_reinstall.dangerous_way.confirm";"أعرف المخاطر وأريد استخدام الطريق الخطير.";"ar"
"addon_reinstall.intro";"يبدو أنك تحاول تثبيت وظيفة إضافية مثبتة بالفعل. يمكننا القيام بذلك من أجلك بطريقتين ؛ نوصي بالطريقة الآمنة.";"ar"
"addon_reinstall.safe_way";"<strong>The safe way:</strong> we'll uninstall the old add-on first, and then install the new one. The drawback is that any data and settings related to the add-on will be lost.";"ar"
"addon_reinstall.safe_way.action";"استخدم الطريق الآمن";"ar"
"addon_removed_from_favorites";"تمت إزالة الوظيفة الإضافية من المفضلة";"ar"
"addon_required_version";"تتطلب الوظيفة الإضافية إصدار [version].";"ar"
"addon_reviews";"التقيمات";"ar"
"addon_sql_error";"حدث خطأ في صيغة الـ SQL أثناء تركيب الإضافة.";"ar"
"addon_status";"حالة الإضافة";"ar"
"addon_subscriptions";"الاشتراكات ([n])";"ar"
"addon_third_party";"طرف ثالث";"ar"
"addon_type";"نوع الوظيفة الإضافية";"ar"
"addon_uninstall_sql_error";"حدث خطأ في استعلام SQL أثناء إلغاء تثبيت الوظيفة الإضافية.";"ar"
"address";"العنوان";"ar"
"addresses";"العناوين";"ar"
"address_2";"العنوان (السطر 2)";"ar"
"address_commercial";"تجاري";"ar"
"address_residential";"سكني";"ar"
"address_type";"نوع العنوان";"ar"
"add_addon_to_favorites";"أضف إضافة إلى المفضلة";"ar"
"add_administrator";"إضافة أدمن";"ar"
"add_all_destinations";"إضافة الجميع";"ar"
"add_as_order";"أضف حسب الطلب";"ar"
"add_attachment";"إضافة مرفق";"ar"
"add_autoresponder";"إضافة الرد الآلي";"ar"
"add_banner";"إضافة بانر";"ar"
"add_banners";"إضافة بانرات";"ar"
"add_banners_and_close";"إضافة بانرات وإغلاق";"ar"
"add_block";"إضافة كتلة";"ar"
"add_bonus";"إضافة علاوة";"ar"
"add_campaign";"أضف حملة";"ar"
"add_cart_promotion";"إضافة عرض لسلّة التسوق";"ar"
"add_catalog_promotion";"إضافة عرض لمنتج أو فئة";"ar"
"add_categories";"إضافة فئات";"ar"
"add_categories_and_close";"إضافة الفئات وإغلاق";"ar"
"add_category";"إضافة فئة";"ar"
"add_chart";"إضافة رسم بياني";"ar"
"add_combination";"إضافة تركيبة";"ar"
"add_companies";"إضافة باعة";"ar"
"add_companies_and_close";"إضافة الباعة وإغلاق";"ar"
"add_condition";"إضافة شرط";"ar"
"add_credit_card";"أضف بطاقة إئتمان";"ar"
"add_currency";"إضافة عملة";"ar"
"add_customer";"إضافة عميل";"ar"
"add_datafeed";"مغذي بيانات جديد";"ar"
"add_domains";"أضف دومين";"ar"
"add_elements";"إضافة عناصر";"ar"
"add_emails";"أضف عنوان بريد إلكتروني";"ar"
"add_email_snippet";"إضافة قصاصة";"ar"
"add_empty_item";"إضافة عنصر فارغ";"ar"
"add_feature";"إضافة مواصفة";"ar"
"add_field";"إضافة حقل";"ar"
"add_file";"إضافة ملف";"ar"
"add_filter";"إضافة مصفاة";"ar"
"add_filters";"إضافة مصفات";"ar"
"add_filters_and_close";"إضافة المصفات وإغلاق";"ar"
"add_folder";"إضافة مجلد";"ar"
"add_form";"إضافة نموذج";"ar"
"add_gift_certificate";"إضافة شهادة هدية";"ar"
"add_global_option";"إضافة خيار عام";"ar"
"add_grid_block";"إضافة شبكة أو كتلة";"ar"
"add_group";"إضافة مجموعة";"ar"
"add_image_from_server";"إضافة صورة من الخادم";"ar"
"add_image_from_url";"أضف صورة من URL";"ar"
"add_in_all_realtime_shippings";"أضف جميع طرق الشحن في الوقت الفعلي";"ar"
"add_ips";"أضف عناوين IP";"ar"
"add_item";"إضافة عنصر";"ar"
"add_items";"إضافة [items]";"ar"
"add_language";"إضافة لغة";"ar"
"add_language_variable";"إضافة متغير لغة";"ar"
"add_layout";"إضافة تخطيط";"ar"
"add_link";"إضافة رابط";"ar"
"add_localization";"إضافة تمركز";"ar"
"add_location";"إضافة منطقة";"ar"
"add_mailing_lists";"إضافة قائمة بريدية";"ar"
"add_menu";"إضافة قائمة";"ar"
"add_new";"إضافة";"ar"
"add_newsletter";"إضافة النشرة الإخبارية";"ar"
"add_new_datafeed";"مغذي بيانات جديد";"ar"
"add_new_field";"إضافة حقل جديد";"ar"
"add_new_order";"إضافة طلب جديد";"ar"
"add_new_variant";"إضافة تنوع جديد";"ar"
"add_option";"إضافة خيار";"ar"
"add_order";"إضافة طلب";"ar"
"add_orders";"إضافة طلبات";"ar"
"add_orders_and_close";"إضافة الطلبات وإغلاق";"ar"
"add_page";"إضافة صفحة";"ar"
"add_pages";"إضافة صفحات";"ar"
"add_pages_and_close";"إضافة الصفحات وإغلاق";"ar"
"add_payment";"أضف طريقة الدفع";"ar"
"add_payout";"إضافة مدفوع";"ar"
"add_poll";"إضافة استطلاع";"ar"
"add_polls";"إضافة استطلاعات الرأي";"ar"
"add_polls_and_close";"إضافة استطلاعات الرأي وإغلاق";"ar"
"add_post";"اضافه بوست";"ar"
"add_product";"إضافة منتجات";"ar"
"add_products";"إضافة المنتجات";"ar"
"add_products_and_close";"إضافة المنتجات وإغلاق";"ar"
"add_products_to_section";"إضافة منتجات داخل هذا القسم";"ar"
"add_product_filter";"إضافة مصفاة المنتج";"ar"
"add_profile_fields";"إضافة حقول الملف الشخصي";"ar"
"add_profile_fields_and_close";"إضافة حقول الملف الشخصي وإغلاق";"ar"
"add_promotion";"إضافة الترويج";"ar"
"add_promotions";"إضافة عروض";"ar"
"add_question";"إضافة سؤال";"ar"
"add_rate_area";"إضافة منطقة معدل";"ar"
"add_reason";"أضف سببًا";"ar"
"add_recipients_from_users";"أضف مستلمين من المستخدمين";"ar"
"add_report";"إضافة تقرير";"ar"
"add_section";"إضافة قسم";"ar"
"add_selected_to_cart";"أضف المحدد لسلّة التسوق";"ar"
"add_shipping_method";"إضافة طريقة شحن";"ar"
"add_site_map_section";"إضافة قسم بخريطة الموقع";"ar"
"add_snippet";"إضافة قصاصة";"ar"
"add_state";"إضافة محافظة";"ar"
"add_status";"إضافة حالة";"ar"
"add_storefront";"أضف واجهة محل";"ar"
"add_storefronts";"أضف واجهات المحلات";"ar"
"add_storefronts_and_close";"أضف واجهات المحلات وأغلق";"ar"
"add_store_location";"إضافة موقع مخزن";"ar"
"add_subcategory";"إضافة فئة فرعية";"ar"
"add_subscriber";"إضافة مشترك";"ar"
"add_subscribers_from_users";"إضافة مشتركين من الأعضاء";"ar"
"add_subtract_points";"جمع وطرح النقاط";"ar"
"add_tab";"إضافة لسان";"ar"
"add_table_column";"إضافة عمود";"ar"
"add_tag";"إضافة علامة";"ar"
"add_tax";"إضافة ضريبة";"ar"
"add_template";"إضافة قالب";"ar"
"add_to_cart";"أضف للسلّة";"ar"
"add_to_comparison_list";"إضافة إلى قائمة المقارنة";"ar"
"add_to_wishlist";"أضف لقائمة الأمنيات";"ar"
"add_user";"إضافة عضو";"ar"
"add_users";"إضافة أعضاء";"ar"
"add_users_and_close";"إضافة الأعضاء وإغلاق";"ar"
"add_variant";"إضافة متغير";"ar"
"add_vendor";"إضافة بائع";"ar"
"add_vendor_administrator";"إضافة أدمن البائع";"ar"
"add_withdrawal";"طلب سحب";"ar"
"admin.go_to_the_homepage";"اذهب الى الصفحة الرئيسية";"ar"
"admin2";"لا يمكنكم الاستيراد إلى هذا المتجر لأنكم تستخدمون نسخة تجريبية منتهية";"ar"
"administration";"إدارة";"ar"
"administration_panel";"لوحة تحكم الأدمن";"ar"
"administration_view";"إعدادات";"ar"
"administrator";"أدمن";"ar"
"administrators";"الأدمنز";"ar"
"administrators_notified";"تم إبلاغ [count] أدمن.";"ar"
"admin_menu.add_item";"اضافة عنصر";"ar"
"admin_menu.add_item_for_menu_title";"إضافة عنصر للقائمة";"ar"
"admin_menu.add_item_title";"اضافة عنصر";"ar"
"admin_menu.edit_item_title";"تعديل عنصر";"ar"
"admin_notifications";"مدير الإشعارات";"ar"
"admin_panel";"لوحة تحكم الأدمن";"ar"
"admin_panel.block_manager";"تحرير التخطيط";"ar"
"admin_panel_will_be_blocked";"فشل التحقق من سلامة التركيب. سيتم حظر الوصول إلى لوحة الإدارة خلال يومين. الرجاء الاتصال <a href=""[href]""> فريق الدعم</a> لدينا";"ar"
"admin_search_button";"بحث";"ar"
"admin_search_field";"بحث";"ar"
"admin_search_general";"بحث";"ar"
"admin_search_title";"بحث";"ar"
"admin_text_letter_footer";"[company_name].";"ar"
"advanced";"متقدم";"ar"
"advanced_companies_search";"بحث متقدم عن الشركات";"ar"
"advanced_customer_search";"بحث متقدم عن العملاء";"ar"
"advanced_feature_creation";"إنشاء ميزة متقدمة";"ar"
"advanced_import.additional_settings";"إعدادات إضافية";"ar"
"advanced_import.add_preset";"إضافة الإعداد المسبق";"ar"
"advanced_import.advanced_products_import";"المنتجات";"ar"
"advanced_import.archive_with_images";"أرشفة بالصور";"ar"
"advanced_import.cannot_detect_csv_delimiter";"لا يمكن الكشف عن المحدد تلقائيا. يرجى تحديد المحدد الصحيح يدويًا في الإعدادات الإضافية في علامة التبويب ""ملف"".";"ar"
"advanced_import.cant_export_example";"لا يمكن تصدير ملف المثال. املأ تعيين الحقول للإعداد المسبق الحالي.";"ar"
"advanced_import.cant_load_file";"لا يمكن تحميل الملف";"ar"
"advanced_import.cant_load_file_for_company";"لا يمكن تحميل الملف للشركة المحددة";"ar"
"advanced_import.cant_save_preset_invalid_modifiers";"لا يمكن حفظ الإعداد المسبق لأنه يحتوي على معدِّلات غير صالحة";"ar"
"advanced_import.column_header";"اسم العمود في الملف الذي تم استيراده";"ar"
"advanced_import.coming_soon";".. قريبا";"ar"
"advanced_import.common_preset";"كل الباعة";"ar"
"advanced_import.common_presets";"الإعدادات المسبقة للسوق";"ar"
"advanced_import.create_new_products_only";"قم بإنشاء منتجات جديدة فقط";"ar"
"advanced_import.delete_additional_images";"حذف صور إضافية موجودة";"ar"
"advanced_import.delete_additional_images_tooltip";"إذا قمت بتمكين هذا الإعداد ، فسيتم استبدال الصور الإضافية الموجودة للمنتجات المستوردة بالصور المحددة في الملف المدرج (في حالة عدم تحديد أي صور ، ستبقى الصور القديمة). إذا تم تعطيل الإعداد ، فسيتم ببساطة إضافة الصور الإضافية الجديدة إلى الصور الموجودة.";"ar"
"advanced_import.editing_preset";"تحرير إعداد مسبق: [preset]";"ar"
"advanced_import.example_imported_title";"على سبيل المثال، هنا قيمة في السطر الأول من الملف الخاص بك:";"ar"
"advanced_import.example_modified_title";"وهنا كيف سيتم استيراد هذه القيمة:";"ar"
"advanced_import.export_example";"مثال تصدير";"ar"
"advanced_import.fetching_schema_failed_check_file";"قبل أن تتمكن من تشغيل الاستيراد ، يرجى التأكد من: <ul><li> لقد قمت بإنشاء الإعداد المسبق للاستيراد باستخدام الزر ""إنشاء"". إذا كنت ترى حفظ بدلاً من إنشاء ، فقد قمت بالفعل بذلك. </li><li> لقد حددت العقدة الهدف XML الصحيحة في علامة التبويب ملف وحفظ الإعداد المسبق. </li><li> لقد قمت بمطابقة المعلومات التي تم استيرادها مع خصائص المنتج في CS-Cart في علامة التبويب تعيين الحقول وحفظ الإعداد المسبق. </li></ul> إذا رأيت هذه الرسالة ، فإنك لم تكمل النقطة 1 أو 2.";"ar"
"advanced_import.fetching_schema_failed_check_target_node";"يرجى التأكد من ملء حقل <b>XML target node</b> بشكل صحيح.";"ar"
"advanced_import.fields_delimiter";"محدد عقدة XML";"ar"
"advanced_import.fields_delimiter.description";"الفاصل بين العقد المتشابهة.";"ar"
"advanced_import.fields_mapping";"حقول التعيين";"ar"
"advanced_import.fields_mapping.description";"يحتوي هذا الجدول على قائمة الأعمدة من الملف الذي تم استيراده. لكل عمود تريد استيراد، حدد خاصية منتج المطابق في [product]. ثم تحقق من أي نوع من البيانات سوف تكون مستوردة من هذا العمود، واستخدام معدلات لتغيير تلك البيانات، إذا لزم الأمر. تذكر أن تقوم بحفظ التغييرات الخاصة بك.";"ar"
"advanced_import.file";"ملف";"ar"
"advanced_import.file_extension_was_not_supported_by_owner";"تعذر استخدام ملفك [name]. يسمح هذا الإعداد المسبق للاستيراد بالامتدادات التالية فقط: [ext].";"ar"
"advanced_import.file_not_loaded";"لم يتم تحميل الملف. يرجى إعادة تحميل الصفحة وحاول مرة أخرى.";"ar"
"advanced_import.file_will_be_deleted_are_you_sure_to_proceed";"سيؤدي حذف إعداد الاستيراد المسبق هذا أيضًا إلى حذف الملف المرفق به. هل انت متأكد انك تريد المتابعة؟";"ar"
"advanced_import.first_line_import_value";"مثال للقيمة المستوردة";"ar"
"advanced_import.general_settings";"الإعدادات العامة";"ar"
"advanced_import.has_modifiers";"لديه معدل";"ar"
"advanced_import.images_delimiter";"محدد الصور";"ar"
"advanced_import.images_delimiter.description";"محدد بين الصور للمنتج.";"ar"
"advanced_import.import_all";"استيراد جميع المنتجات من الملف";"ar"
"advanced_import.import_fields";"ادخال او استيراد ملف";"ar"
"advanced_import.import_file";"ادخال او استيراد ملف";"ar"
"advanced_import.import_products";"ادخال او استيراد المنتجات";"ar"
"advanced_import.import_products_w_preset";"استيراد المنتجات: [preset]";"ar"
"advanced_import.import_strategy";"استراتيجية الاستيراد";"ar"
"advanced_import.import_strategy_tooltip";"إذا حددت ""تحديث المنتجات الحالية فقط"" ، فسيتم تخطي المنتجات التي لا توجد في قاعدة بيانات متجرك أثناء الاستيراد. <br> إذا قمت بتحديد ""إنشاء منتجات جديدة فقط"" ، فإن المنتجات الموجودة في قاعدة بيانات متجرك سيتم تخطي أثناء الاستيراد.";"ar"
"advanced_import.incorrect_delimiter";"يبدو المحدد (أو الكشف التلقائي) غير صحيح. يرجى تحديد المحدد الصحيح يدويًا في الإعدادات الإضافية في علامة التبويب ""ملف"".";"ar"
"advanced_import.invalid_function_firs_character";"لا يمكن أن يبدأ اسم المُبدِّل بحرف <b> [character] </b>.";"ar"
"advanced_import.invalid_modifier_message";"المعدل <b> [modifier] </b> غير صالح. [message]";"ar"
"advanced_import.invalid_number_of_parameters_provided";"عدد غير صالح من المعلمات المقدمة لمعدّل: <b> [modifier] </b>: المتوقع [expected_count] ، حصل على [actual_count].";"ar"
"advanced_import.last_launch";"اخر ادخال";"ar"
"advanced_import.last_status";"الحاله";"ar"
"advanced_import.last_status.F";"فشل";"ar"
"advanced_import.last_status.P";"جار المعالجة";"ar"
"advanced_import.last_status.S";"نجاح";"ar"
"advanced_import.last_status.X";"&mdash;";"ar"
"advanced_import.link_to_file";"ارتباط بالملف";"ar"
"advanced_import.local_file_selected";"تم تحديد الملف المحلي";"ar"
"advanced_import.missing_parameters_list_closer";"<b> [closer] </b> المتوقع بعد فقدان قائمة المعلمات.";"ar"
"advanced_import.modifier";"المعدل";"ar"
"advanced_import.modifiers_description";"استخدام هذه الدالات في العمود <b>التعديل</b> لتغيير القيم الموجودة في الحقول من الملف الذي تم استيراده. أدخل الوظائف على النحو التالي: <b>وظيفة (المعلمة, المعلمة)</b>. يرجى ملاحظة أن تداخل الدالات غير معتمدة.";"ar"
"advanced_import.modifiers_list";"قائمة المعدلين";"ar"
"advanced_import.modifiers_self_referencing_info";"تسمح لك معظم الوظائف باستخدام القيمة غير المعدلة للحقل الذي تم استيراده باستخدام <b>$value</b> كمعلمة. إذا كانت هناك أي استثناءات ، فسيتم ذكرها في الوصف الوظيفي.";"ar"
"advanced_import.modifier_description.case";"<b>حالة</b>&mdash;المعلمات الفردية هي تعبيرات ، والمعلمات الزوجية التالية هي قيم متطابقة. تتحقق الوظيفة من التعبيرات وترجع القيمة المقابلة للتعبير الأول الذي ينتهي بـ <i>صحيح</i>.<ul><li>أمثلة: حالة</li><ul><li><b>($value> 100 ، ""أكثر من 100"" ، $value> 70 ، ""أكثر من 70"" ، $value> 20 ، ""أكثر من 20"" ، $value> 0 ، ""متوفر"" ، $value= 0، ""غير متوفر"")</b> سينتج <i>أكثر من 70</i> إذا كان <i>$value</i> في الملف المستورد عبارة عن رقم بين 71 و 100</li></ul><li>ملاحظات:<ul><li>تشارك هذه الوظيفة قواعد التعبير والعمليات المتاحة مع <b>إذا</b> وظيفة.</li><li>فقط الأرقام الزوجية للمعلمات مدعومة: <b>2 ، 4 ، 6 ، 8</b>، إلخ.</li></ul></li></ul>";"ar"
"advanced_import.modifier_description.concat";"يربط <b> concat </b> &mdash; جميع المعلمات المتوفرة. <ul><li> أمثلة:</li><ul><li><b>concat('abc', def)</b> ستؤدي إلى <i>abcdef</i> </li> <li > <b> concat ('PRODUCT_'، $ value، '_CODE') </b> ستؤدي إلى <i> PRODUCT_ $ value_CODE </i> ، ولكن سيتم استبدال <b> قيمة $ </ b> بـ قيمة الحقل المستورد </ li> </ul> </ul>";"ar"
"advanced_import.modifier_description.div";"<b> div </b> &mdash; يقسم المعلمة الأولى على الثانية. <ul><li> أمثلة: </li><ul><li><b>div(9, 3)</b> يساوي <i>3</i> </li> <li> <b> div ($ value، 7) </b> يساوي <i> قيمة الحقل المستورد ÷ 7 </i> </li> </ul> </ul>";"ar"
"advanced_import.modifier_description.if";"<b>if</b>&mdash;checks the expression in the first parameter. If the first parameter is <i>true</i>, the function returns the second parameter. Otherwise the function returns the third parameter.<ul><li>Examples:</li><ul><li><b>if($value>""0"", ""In Stock"", ""Out of stock"")</b> will result in <i>In Stock</i> if <i>$value > 0</i> is <i>true</i>; otherwise the result will be <i>Out of stock</i></li></ul><li>Available operations for the expression are:<ul><li><b>=</b>&mdash;checks for equaliy: <i>if($value=100, ...)</i></li><li><b>!=</b>&mdash;checks for inequality: <i>if($value!=100, ...)</i></li><li><b>&gt;</b>&mdash;checks if the first value is greater than the second: <i>if($value&gt;100, ...)</i></li><li><b>&lt;</b>&mdash;checks if the first value is less than the second: <i>if($value&lt;100, ...)</i></li><li><b>&gt;=</b>&mdash;checks if the first value is greater than or equal to the second: <i>if($value&gt;=100, ...)</i></li><li><b>&lt;=</b>&mdash;checks if the first value is less than or equal to the second: <i>if($value&lt;=100, ...)</i></li></ul></li><li>Notes:<ul><li>If you use single (') or double ("") quotes in the first parameter, make sure that the first parameter is either wrapped in quotes entirely, or that there is no end quote in the middle of the parameter. For example, <i>if(""My value""=$value, ...)</i> will not work, but <i>if(""My value=$value"", ...)</i> will.</ul></li></ul>";"ar"
"advanced_import.modifier_description.mul";"<b> mul </b> &mdash; يضاعف الأرقام المقدمة كمعلمات. <ul><li> أمثلة: </li><ul><li><b>mul(3, 1)</b> يساوي <i>3</i> </li> <li> <b> mul ($ value، 7) </b> يساوي <i> قيمة الحقل المستورد × 7 </i> </li> </ul> </ul>";"ar"
"advanced_import.modifier_description.rand";"<b>rand</b>&mdash; يولد عددًا عشوائيًا من 1 إلى أقصى قيمة يتم توفيرها كمعامل.<ul><li>أمثلة:</li><ul><li><b>rand(999)</b>قد ينتج عنه أي رقم من 1 إلى 999.</li></ul></ul>";"ar"
"advanced_import.modifier_description.replace";"<b> استبدال </ b> &mdash; يستبدل كل تكرارات سلسلة البحث بسلسلة الاستبدال. <br> ترتيب المعلمات مهم: <b> replace('search', 'replace', 'subject') </ b>. <ul><li> أمثلة:</li><ul><li><b> ستؤدي replace('a', !, ""banana"") </b> إلى <i> b! n! n! < / i> </li> <li> <b> replace(""t-shirt"", 'T-Shirt', $value) </b> سيستبدل كل ظهور لـ <i> قميص </ i> بـ <i> قميص </ i> في كل إدخال في العمود. </ li> </ul> </ul>";"ar"
"advanced_import.modifier_description.sub";"<b> sub </b> &mdash;طرح المعلمة الثانية من الأولى. <ul><li> أمثلة:</li><ul><li><b>sub(3, 1)</b> يساوي <i>2</i> </li> <li> <b> sub ($ value، 7) </b> تساوي <i> قيمة الحقل المستورد - 7 </i> </li> </ul> </ul>";"ar"
"advanced_import.modifier_description.sum";"<b> جمع </b> &mdash; يجمع رقمين مقدمين كمعلمات. <ul><li> أمثلة:</li><ul><li><b>sum(1, 3)</b> equals <i>4</i></li> <li><b>sum(7, $value)</b> equals <i>7 + قيمة الحقل المستورد </ i> </li> </ul> </ul>";"ar"
"advanced_import.modifier_description.w_replace";"<b>w_replace</b>&mdash; يستبدل جميع تكرارات سلسلة البحث بسلسلة الاستبدال باستخدام أحرف البدل. <br> ترتيب المعلمات مهم: <b> w_replace ('search'، 'replace'، 'subject') </b>. <br> أحرف البدل المدعومة: <b>؟ </b> &mdash; أي حرف واحد؛ <b> * </b>&mdash; أي عدد من الأحرف في نهاية الكلمة. <ul><li> أمثلة </li><ul><li><b> w_replace('banan?', bananas, banana banans bananz) </b> سينتج عنها <i> bananas bananas bananas </i> </li> <li> <b> w_replace (""ban *""، 'bananas'، banana banans bananz) </b> سينتج عنها أيضًا <i> bananas bananas bananas </i></li></ul></ul>";"ar"
"advanced_import.modifier_number_of_parameters";"عدد المعلمات";"ar"
"advanced_import.modifier_self_reference_is_unsupported";"لا تدعم هذه الوظيفة استخدام قيمة غير معدلة من الملف المدرج.";"ar"
"advanced_import.modifier_title";"التعديل هو قاعدة أن يغير القيم في عمود";"ar"
"advanced_import.never";"ابدأ";"ar"
"advanced_import.new_preset";"استيراد جديد";"ar"
"advanced_import.options";"الخيارات";"ar"
"advanced_import.preset_last_view";"المعد مسبقا";"ar"
"advanced_import.preset_not_found";"لم يتم العثور على الإعداد المسبق";"ar"
"advanced_import.previewing_fields_mapping";"معاينة حقول التعيين للإعداد المسبق: [preset]";"ar"
"advanced_import.product_property";"خاصية المنتج في [product]";"ar"
"advanced_import.properties";"خصائص";"ar"
"advanced_import.remove_images";"إزالة صور إضافية";"ar"
"advanced_import.run_import_via_cron_message";"يمكنك تشغيل الاستيراد تلقائيًا في فترات زمنية معينة. للقيام بذلك ، قم بإضافة الأمر التالي إلى CRON:";"ar"
"advanced_import.save_selected_file";"احفظ الملف المحدد";"ar"
"advanced_import.show_less";"عرض أقل";"ar"
"advanced_import.show_more";"إظهار المزيد";"ar"
"advanced_import.some_product_properties_not_found";"بعض خصائص المنتج التي تم تعيينها مسبقًا لم تعد متوفرة. على سبيل المثال، يمكن أن يحدث هذا عند تعطيل إحدى ميزات المنتج.";"ar"
"advanced_import.step_map_fields";"الخطوة التالية: تعيين الحقول";"ar"
"advanced_import.target_node";"العقدة الهدف XML";"ar"
"advanced_import.target_node.description";"المسار الكامل لعقدة XML مع معلومات حول كيان تم استيراده. سيتم استخدام العقد المتداخلة في العقدة المحددة كأعمدة للملف الذي تم استيراده. هنا مثال على المسار: yml_catalog/shop/offers/offer";"ar"
"advanced_import.test_import";"إجراء اختبار الاستيراد";"ar"
"advanced_import.test_import_tooltip";"إذا قمت بتمكين هذا الإعداد ، فستتم معالجة أول منتج [n] فقط. إذا قمت بتمكين هذا الإعداد ، فلن تتم معالجة سوى أول [n] من المنتجات.";"ar"
"advanced_import.text_allowed_to_upload_file_extension_with_image_size_info";"يتم دعم امتدادات الملفات التالية: <b>[ext]</b>. الحد الأقصى لحجم ملفات الصور هو [file_size] ميغابايت.";"ar"
"advanced_import.text_popup_file_editor_notice_full_link";"يمكنك تحميل الملفات وتنزيلها عبر <a class=""advanced-import-file-editor-opener"" data-target-input-id=""[target]""> [link_text] </a>";"ar"
"advanced_import.text_popup_file_editor_notice_with_image_size_info";"يمكنك رفع وتنزيل الملفات عبر <a class=""advanced-import-file-editor-opener"" data-target-input-id=""[target]"">[link_text]</a>. الحد الأقصى لحجم ملفات الصور هو [file_size] ميغابايت.";"ar"
"advanced_import.unexpected_parameter_passed";"المتوقع <b>[delimiter]</b> أو <b>[closer]</b> حصل <b>[char]</b>.";"ar"
"advanced_import.unrecognized_modifier";"معدّل <b>[modifier]</b> غير موجود.";"ar"
"advanced_import.uploading_file";"تحميل الملف للإعداد المسبق: [preset]";"ar"
"advanced_import.user_upload";"تحميل المستخدم";"ar"
"advanced_import.your_presets";"الإعدادات المسبقة للبائع";"ar"
"advanced_import_attachments";"مرفقات المنتح";"ar"
"advanced_import_images";"صور المنتج";"ar"
"advanced_option_creation";"إنشاء خيارات متقدمة";"ar"
"advanced_products_search";"بحث متقدم عن المنتجات";"ar"
"advanced_search";"بحث متقدم";"ar"
"advanced_search_options";"خيارات البحث المتقدم";"ar"
"advanced_storefronts_search";"البحث المتقدم عن واجهات المحلات";"ar"
"affected_email_templates";"قوالب البريد الإلكتروني باستخدام هذا المستند";"ar"
"after_full_payment";"بعد الدفع الكامل";"ar"
"after_sum";"بعد القيمة";"ar"
"agent_id";"معرف العميل";"ar"
"agreement_required";"الاتفاقية مطلوبة";"ar"
"all";"الكل";"ar"
"allowed";"مسموح";"ar"
"allowed_combinations";"التركيبات المتاحة";"ar"
"allowed_extensions";"الامتدادات المتاحة";"ar"
"allowed_extensions_hint";"اترك هذا الحقل فارغاً للسماح برفع كل امتدادات الملفات, أو أدخل الامتدادت المتاحة مفصولة بفاصلة. مثال: jpg,bmp,gif,pdf";"ar"
"allow_api_access";"السماح لهذا العضو باستخدام API";"ar"
"allow_return_registration";"السماح بعودة التسجيل";"ar"
"all_actions";"كل الإجراءات";"ar"
"all_block_types";"جميع أنواع الكتل";"ar"
"all_categories";"كل الفئات";"ar"
"all_companies";"كل الباعة";"ar"
"all_currencies";"جميع العملات";"ar"
"all_downloads";"كل التحميلات";"ar"
"all_features";"كل المواصفات";"ar"
"all_filters";"كل مصفات المنتج";"ar"
"all_languages";"كل اللغات";"ar"
"all_layouts";"كل التخطيطات";"ar"
"all_locations";"جميع المواقع";"ar"
"all_pages";"كل الصفحات";"ar"
"all_products_have_been_updated";"تم تحديث كل المنتجات بنجاح.";"ar"
"all_storefronts";"جميع واجهات المحلات";"ar"
"all_storefronts_short";"الكل";"ar"
"all_stores";"كل المتاجر";"ar"
"all_vendors";"كل الباعة";"ar"
"all_words";"كل هذه الكلمات";"ar"
"also_bought";"اشتروا أيضاً";"ar"
"alternative_text";"نص بديل";"ar"
"alt_text";"النص البديل";"ar"
"always";"دائماً";"ar"
"american_express";"أمريكان إكسبريس";"ar"
"american_express_info";"CVV على الجهة الأمامية للبطاقة أعلاه هو رقم بطاقة الائتمان (سواء على اليمين أو على الجانب الأيسر من بطاقة الائتمان).";"ar"
"amount";"القيمة";"ar"
"amount_decreased";"تم إنقاص الكمية بـ";"ar"
"amount_increased";"تم زيادة الكمية بـ";"ar"
"amount_type";"نوع المبلغ";"ar"
"and";"و";"ar"
"anonymize";"إخفاء الهوية";"ar"
"anonymous";"مجهول";"ar"
"answer";"الإجابة";"ar"
"answers";"الإجابات";"ar"
"answer_text";"نص الإجابة";"ar"
"any";"أي";"ar"
"any_category";"أي فئة";"ar"
"any_date";"أي تاريخ";"ar"
"any_option_combinations";"أي تركيبة خيارات";"ar"
"any_product";"أي منتج";"ar"
"any_status";"أي حالة";"ar"
"any_vendor";"أي بائع";"ar"
"any_words";"أياً من هذه الكلمات";"ar"
"api";"API";"ar"
"api_access";"API";"ar"
"api_access_for_user";"وصول API لهذا المستخدم";"ar"
"api_access_has_been_disabled";"من الآن فصاعدا، لا يمكنك استخدام API";"ar"
"api_access_has_been_enabled";"أنت حر في استخدام API الآن";"ar"
"api_empty_value";"تم تحديد قيمة فارغة للحقل [field] المطلوب.";"ar"
"api_invalid_value";"قيمة غير صالحة `[value]` المحددة لـ [field]";"ar"
"api_invalid_value_w_valid_list";"قيمة غير صالحة `[value]` المحددة لـ [field]. القيم الصالحة هي: [valid_list]";"ar"
"api_key";"مفتاح API";"ar"
"api_need_correct_company_id";"لم يتم العثور على رمز الشركة الذي تم تمريره";"ar"
"api_need_id";"رمز الكائن غير معروف";"ar"
"api_need_params";"معلومات مفقودة";"ar"
"api_need_store";"المتجر يطلوب  (company_id أو كيان المتجر)";"ar"
"api_not_need_id";"يجب أن لا يتم تعريف  الرمز";"ar"
"api_no_shipping_methods_available";"لا توجد طرق شحن متاحة";"ar"
"api_one_of_fields_required";"أحد الحقول التالية مطلوب: [fields]";"ar"
"api_order_couldnt_be_created";"لا يمكن إنشاء الطلب";"ar"
"api_partner";"شريك API";"ar"
"api_password";"كلمة المرور API";"ar"
"api_required_field";"خانة [field] مطلوبة";"ar"
"api_required_fields";"الحقول التالية مطلوبة: [fields]";"ar"
"api_shipments_not_allow_update";"السماح لطلبات توصيل متعددة لطلب فردي";"ar"
"api_shipments_status_not_correct";"قيمة حقل الحالة غير صحيحة. القيم المسموح بها: ""A"" و ""P"" و ""S""";"ar"
"api_shipments_update_not_allowed";"يمكن فقط تحديث رقم التتبع والحالة والتعليقات والطابع الزمني";"ar"
"api_user";"API المستخدم";"ar"
"api_wrong_user_company_relation";"المستخدم غير موجود لهذا المتجر ، وتم تعطيل مشاركة المستخدمين بين المتاجر.";"ar"
"appearance";"المظهر";"ar"
"appearance_settings";"خصائص المظهر";"ar"
"appearance_type";"نوع الظهور";"ar"
"application_id";"معرف التطبيق";"ar"
"application_login";"تسجيل الدخول للتطبيق";"ar"
"apply";"تطبيق";"ar"
"apply_as_link";"تطبيق كرابط";"ar"
"apply_for_vendor_account";"طلب الانضمام كبائع";"ar"
"apply_shipping_for_all_vendors";"السماح بالشحن لجميع البائعين";"ar"
"apply_shipping_for_all_vendors_confirm";"سيتم تطبيق أسلوب الشحن لجميع البائعين. هل أنت متأكد من أنك تريد المتابعة؟";"ar"
"apply_tax_to_products";"تطبيق الضرائب المحددة على كل المنتجات";"ar"
"apply_to_all_languages";"تطبيق على كل اللغات";"ar"
"apply_to_products";"تطبيق على المنتجات";"ar"
"approval";"الموافقة";"ar"
"approve";"اعتمد";"ar"
"approved";"معتمد";"ar"
"approve_selected";"اعتمد المحدد";"ar"
"arabic";"العربيّة";"ar"
"arrows";"الأسهم";"ar"
"asc";"تصاعدي";"ar"
"assign_to_me";"خصص لي";"ar"
"attachments";"المرفقات";"ar"
"attachments.attachments_delimiter";"فاصل المرفقات";"ar"
"attachments.attachments_delimiter.description";"الفاصل بين المرفقات أو المنتجات.";"ar"
"attachments.attachments_directory";"مجلد الملفات";"ar"
"attachments.attachments_need_located_root_dir";"يرجى تعريف مجلد الصور نسبة إلى مجلد المتجر الرئيسي. قم بوضع الصور لاستيرادها في هذا المجلد.";"ar"
"attachments.cant_upload_file";"لم يتم تحميل [url] لمنتج [product]";"ar"
"attachments.delete_attachments";"احذف المرفقات الموجودة";"ar"
"attachments.delete_attachments_tooltip";"إذا قمت بتمكين هذا الإعداد ، فسيتم استبدال الصور الإضافية الموجودة للمنتجات المستوردة بالصور المحددة في الملف المدرج (في حالة عدم تحديد أي صور ، ستبقى الصور القديمة). إذا تم تعطيل الإعداد ، فسيتم ببساطة إضافة الصور الإضافية الجديدة إلى الصور الموجودة.";"ar"
"attachments.error_exim_get_attachments_for_products";"لم نستطع استيراد المرفقات لبعض المنتجات. قد تكون المرفقات غير موجودة أو أن المسار لها غير صحيح.";"ar"
"attempt_to_set_itself_or_a_own_child_as_its_parent_warning";"الصفحة الرئيسية لم تتغير. السبب: لا يمكن تعيين الصفحة الفرعية كأصل لوالدها.";"ar"
"attention";"انتبه!";"ar"
"audience";"الجمهور";"ar"
"auth.one_time_password.notification.error_password_invalid";"عذرًا ، يبدو أن الرمز الذي أدخلته غير صحيح. ربما انتهت صلاحيته أو تم استخدامه بالفعل. يرجى التحقق من الرمز الذي تقوم بإدخاله أو طلب رمز جديد.";"ar"
"auth.one_time_password.notification.error_password_required";"الرجاء إدخال الرمز لتسجيل الدخول.";"ar"
"auth.one_time_password.notification.info_password_sent";"لقد أرسلنا رمزًا لمرة واحدة إلى [email].";"ar"
"auth.one_time_password.popup.input_placeholder";"أدخل الرمز هنا";"ar"
"auth.one_time_password.popup.message";"لقد أرسلنا رمزًا لمرة واحدة إلى <strong> [email] </strong>. الرجاء إدخاله أدناه ، وسنقوم بتسجيل دخولك بدون كلمة مرور.";"ar"
"auth.one_time_password.popup.resend_btn";"أعد إرسال الرمز";"ar"
"auth.one_time_password.popup.sign_in_btn";"سجل دخولي";"ar"
"auth.one_time_password.popup.title";"تسجيل الدخول بدون كلمة مرور";"ar"
"authentication_failed";"فشلت عملية تسجيل الدخول";"ar"
"authentication_key";"المفتاح";"ar"
"authentication_password";"كلمة المرور";"ar"
"author";"المؤلف";"ar"
"authorization";"الدخول";"ar"
"authorize";"يأذن";"ar"
"authorize_before_order";"يمكن للعملاء المسجلين فقط تقديم طلب. الرجاء تسجيل الدخول إلى حسابك أو تسجيل حساب جديد.";"ar"
"authorize_capture";"الترخيص والاستيلاء على";"ar"
"authorize_only";"الترخيص فقط";"ar"
"auth_code";"رمز المصادقة";"ar"
"auth_info";"معلومات تسجيل الدخول";"ar"
"auto";"تلقائي";"ar"
"autoresponders";"المجيب التلقائي";"ar"
"auto_set_permissions_via_ftp";"الإعداد التلقائي للصلاحيات عبر الـ FTP";"ar"
"avail";"متاح";"ar"
"availability";"الامكانية";"ar"
"available";"متاح";"ar"
"available_fields";"الحقول المتاحة";"ar"
"available_for_vendor";"متاح للبائع";"ar"
"available_items";"العناصر المتاحة";"ar"
"available_languages";"متاح للتركيب";"ar"
"available_since";"متاح منذ";"ar"
"available_upgrades";"الترقيات المتوفرة";"ar"
"available_views";"طرق العرض المتوفرة";"ar"
"avail_from";"متاح منذ";"ar"
"avail_till";"متاح حتى";"ar"
"average";"لا بأس به";"ar"
"avs";"AVS";"ar"
"awaiting";"بالانتظار";"ar"
"awaiting_approval";"بانتظار الاعتماد";"ar"
"backoffice_color_scheme.dark_mode";"موضوع مظلم";"ar"
"backoffice_color_scheme.light_mode";"موضوع خفيف";"ar"
"backoffice_color_scheme.system_mode";"موضوع النظام";"ar"
"backtrace";"التتبع";"ar"
"backup";"نسخ احتياطي";"ar"
"backupping_data";"نسخ بيانات";"ar"
"backupping_schema";"نسخ تصميم قاعدة بيانات";"ar"
"backup_data";"نسخ بيانات قاعدة البيانات";"ar"
"backup_filename";"اسم ملف النسخة الاحتياطية";"ar"
"backup_files";"ملفات النسخ الاحتياطية";"ar"
"backup_options";"خيارات النسخ الاحتياطي";"ar"
"backup_restore";"النسخ الاحتياطي / الاستعادة";"ar"
"backup_schema";"نسخ تصميم قاعدة البيانات";"ar"
"back_in_stock_notification_footer";"يشرفنا خدمتكم!";"ar"
"back_in_stock_notification_header";"يسرنا أن نبلغكم أن المنتج التالي أصبح متوفر للشراء:";"ar"
"balance";"الرصيد";"ar"
"balance_account";"رصيد الحساب";"ar"
"balance_carried_forward";"الرصيد المرحل";"ar"
"bank";"البنك";"ar"
"bank_cic";"Groupe CIC";"ar"
"bank_cm";"Credit Mutuel";"ar"
"bank_obc";"OBC";"ar"
"bank_routing_number";"رقم التوجيه المصرفي";"ar"
"banner";"بانر";"ar"
"banners";"بانرات";"ar"
"banners.editing_banner";"تحرير بانر";"ar"
"banners.new_banner";"بانر جديد";"ar"
"banner_code";"رمز البانر";"ar"
"banner_code_for_some_products";"رمز بانر لبعض المنتجات";"ar"
"banner_details_notes";"بعد قيامك بإنشاء بانر هنا، يجب استخدام <strong>محرر تخطيط</strong> لإضافته إلى الواجهة. <br/> <br/> الذهاب إلى <a href=""[layouts_href]"" target=""_blank""> تخطيطات ← التصميم</a>، قم بالتبديل إلى الموقع حيث تريد الراية تظهر، وإضافة كتلة جديدة مع نوع <strong>لافتات</strong>. <br/> <br/> في هذا إعدادات كتلة، انتقل إلى علامة التبويب <strong>محتوى</strong>، اختيار شغل <strong>يدوي</strong>، وانقر فوق الزر <strong>إضافة لافتات</strong>. <br/> <br/> سوف تشاهد قائمة جميع لافتات في المخزن الخاص بك. اختر منها التي تحتاج إليها، وانقر فوق الزر <strong>إضافة لافتات وإغلاق</strong>. <br/> <br/> أخيرا، انقر على الزر ""<strong>إنشاء</strong>"" لحفظ التغييرات الخاصة بك.";"ar"
"banner_type.abt__ut2";"AB: UniTheme2: Advanced banner";"ar"
"bar";"شريط";"ar"
"base";"الأساسية";"ar"
"base_currency";"الأساسية";"ar"
"base_currency_not_deleted";"لم يتم حذف العملة, حيث أنها العملة الأساسية للمتجر.";"ar"
"base_price";"السعر الأساسي";"ar"
"base_rate";"سعر الأساس";"ar"
"bestsellers";"الأكثر مبيعاً";"ar"
"bestselling";"الأكثر مبيعاً";"ar"
"bigpicture_template";"الصورة الكبيرة";"ar"
"biller_code";"الكود المفوتر";"ar"
"billing_address";"عنوان الدفع";"ar"
"billing_address_line_2";"الفواتير: العنوان  (سطر 2)";"ar"
"billing_city";"الفواتير: المدينة";"ar"
"billing_country";"الفواتير: البلد";"ar"
"billing_first_name";"الفواتير: الاسم الأول";"ar"
"billing_last_name";"الفواتير: الاسم الأخير";"ar"
"billing_options";"خيار الدفع";"ar"
"billing_phone";"الفواتير: الهاتف";"ar"
"billing_shipping_address";"عنوان الدفع والشحن";"ar"
"billing_state";"الفواتير: الولاية";"ar"
"billing_zipcode";"الفواتير: الرمز البريدي";"ar"
"bill_to";"تقديم إلى";"ar"
"block";"الكتلة";"ar"
"blocks";"الكتل";"ar"
"block_abt__ut2_advanced_subcategories_menu";"AB: Advanced subcategories menu";"ar"
"block_abt__ut2_block_opener";"AB: Open onclick-dropdown list";"ar"
"block_abt__ut2_block_opener_description";"Opens a block with the wrapper ""Onclick-dropdown"" or ""AB: Onclick-dropdown (external allocation)""";"ar"
"block_abt__ut2_contacts_manually";"AB: Block: Contacts (manual filling)";"ar"
"block_abt__ut2_fly_menu";"AB: Fly menu";"ar"
"block_abt__ut2_lite_checkout_place_order_button";"AB: Checkout: place order button";"ar"
"block_abt__ut2_lite_checkout_promotion_coupon";"AB: Promo code";"ar"
"block_abt__ut2_mv_vendor_subcategories_menu";"AB: Vendor categories";"ar"
"block_ab__deal_of_the_day";"AB: Deal of the day";"ar"
"block_ab__deal_of_the_day_description";"Preview of the chosen promotion";"ar"
"block_ab__fast_navigation";"AB: Fast navigation";"ar"
"block_ab__fast_navigation_categories";"AB: Fast navigation by categories";"ar"
"block_ab__fast_navigation_categories_description";"Fast navigation block by subcategories";"ar"
"block_ab__fast_navigation_description";"Block with fast navigation";"ar"
"block_ab__motivation_block";"AB: Motivation block";"ar"
"block_ab__motivation_block_description";"Output additional information about the store work";"ar"
"block_ab__multi_deal_of_the_day";"AB: Multi Deal of the day";"ar"
"block_ab__multi_deal_of_the_day_description";"Display anounce of one of chosen promotions, considering to their priorities";"ar"
"block_ab__promotions";"AB: Promotions";"ar"
"block_ab__promotions_description";"Promotions list";"ar"
"block_ab__promotion_categories_filter";"AB: Filter by categories";"ar"
"block_ab__promotion_categories_filter_description";"List of product categories that participate in the promotion";"ar"
"block_ab__promotion_main_data";"AB: Promotion header";"ar"
"block_ab__promotion_main_data_description";"General promotion data (name, image, description etc.)";"ar"
"block_ab__vg_videos";"AB: Video of products";"ar"
"block_ab__vg_videos_description";"Displays video list that are attached to products of selected page";"ar"
"block_already_exists_in_grid";"هذه الكتلة موجودة بالفعل في الشبكة";"ar"
"block_banners";"بانرات";"ar"
"block_banners_description";"بانرات بصرية ونصية";"ar"
"block_blog";"المشاركات الأخيرة";"ar"
"block_breadcrumbs";"المسارات";"ar"
"block_breadcrumbs_description";"مسارات التصفح";"ar"
"block_call_request";"طلب اتصال";"ar"
"block_call_request_description";"هاتف المتجر و نموذج طلب الاتصال";"ar"
"block_cart_content";"محتويات السلّة";"ar"
"block_cart_content_description";"محتويات السلّة الحالية";"ar"
"block_categories";"الفئات";"ar"
"block_categories_description";"إضافة قائمة الفئات";"ar"
"block_checkout";"إتمام الشراء";"ar"
"block_checkout_description";"معلومات الطلب الحالي";"ar"
"block_content";"محتوى الكتلة";"ar"
"block_currencies";"العملات";"ar"
"block_currencies_description";"محدد العملة";"ar"
"block_disabled";"تم تعطيل الكتلة لهذه المنطقة";"ar"
"block_enabled";"تم تعطيل الكتلة لهذه المنطقة";"ar"
"block_gdpr";"GDPR";"ar"
"block_gdpr_description";"يسمح للمستخدمين المسجلين بطلب بياناتهم الشخصية أو إخفاء الهوية";"ar"
"block_geo_maps_customer_location";"موقع العميل";"ar"
"block_geo_maps_customer_location_description";"استمارة اختيار مدينة العميل والمدينة";"ar"
"block_gift_certificates_verify";"التحقق من شهادة الهدية";"ar"
"block_gift_certificates_verify_description";"إدخال شهادة هدية والتحقق من صحتها";"ar"
"block_html_block";"كتلة HTML";"ar"
"block_html_block_description";"أي محتوى HTML";"ar"
"block_ip_after";"حظر الآي بي بعد عدد معين من المحاولات الغير ناجحة";"ar"
"block_languages";"اللغات";"ar"
"block_languages_description";"مغير اللغة";"ar"
"block_lite_checkout_customer_address";"الدفع: العنوان";"ar"
"block_lite_checkout_customer_address_description";"حقول الملف الشخصي لعنوان العميل";"ar"
"block_lite_checkout_customer_billing";"الدفع: عنوان إرسال الفواتير";"ar"
"block_lite_checkout_customer_billing_description";"حقول الملف الشخصي لعنوان الفواتير";"ar"
"block_lite_checkout_customer_information";"الدفع: معلومات العميل";"ar"
"block_lite_checkout_customer_information_description";"حقول الملف الشخصي لمعلومات العميل";"ar"
"block_lite_checkout_customer_notes";"الدفع: ملاحظات";"ar"
"block_lite_checkout_customer_notes_description";"ملاحظات العميل حول الطلب";"ar"
"block_lite_checkout_customer_sign_in";"الدفع: تسجيل الدخول";"ar"
"block_lite_checkout_customer_sign_in_description";"زر تسجيل الدخول";"ar"
"block_lite_checkout_location";"الدفع: الموقع";"ar"
"block_lite_checkout_location_description";"مدينة العميل وولايته وبلده";"ar"
"block_lite_checkout_newsletters";"الخروج: الرسائل الإخبارية";"ar"
"block_lite_checkout_newsletters_description";"القدرة على الاشتراك في النشرات الإخبارية";"ar"
"block_lite_checkout_payment_methods";"الدفع: طرق الدفع";"ar"
"block_lite_checkout_payment_methods_description";"اختيار طريقة الدفع";"ar"
"block_lite_checkout_shipping_methods";"الدفع: طرق الشحن";"ar"
"block_lite_checkout_shipping_methods_description";"اختيار طريقة الشحن";"ar"
"block_lite_checkout_terms_and_conditions";"الدفع: الشروط والأحكام";"ar"
"block_lite_checkout_terms_and_conditions_description";"خانة اختيار لقبول الشروط والأحكام";"ar"
"block_localizations";"التمركزات";"ar"
"block_localizations_description";"مغير التمركز";"ar"
"block_mailing_lists";"الاشتراك في النشرة الإخبارية";"ar"
"block_mailing_lists_description";"حقل البريد الإلكتروني للاشتراك في النشرة الإخبارية";"ar"
"block_main";"الأساسي";"ar"
"block_main_description";"المحتوى الأساسي (يتم تحميله تلقائياً)";"ar"
"block_manager";"مدير الكتل";"ar"
"block_manager.add_layout_page";"إضافة تخطيط الصفحة";"ar"
"block_manager.availability.desktop";"Desktop";"ar"
"block_manager.availability.phone";"الهاتف";"ar"
"block_manager.availability.show_on";"تظهر على";"ar"
"block_manager.availability.tablet";"لوح";"ar"
"block_manager.brands_per_screen";"العلامات التجارية لكل شاشة";"ar"
"block_manager.can_not_add_product";"معذرةً ، لم نتمكن من نقلك إلى صفحة الدفع. إنها تتطلب منتجًا واحدًا على الأقل في سلة التسوق ، ولا يمكننا إضافة أي منتج. يُرجى إنشاء منتج وإتاحته في واجهة المحل أولاً.";"ar"
"block_manager.description_available_values_for_grid_select";"تعتمد القيم المتاحة على حجم وإزاحة العناصر الأصلية والمتداخلة.";"ar"
"block_manager.dynamic_entity_categories";"الفئة";"ar"
"block_manager.dynamic_entity_companies";"المتجر";"ar"
"block_manager.dynamic_entity_pages";"صفحة";"ar"
"block_manager.dynamic_entity_products";"منتج";"ar"
"block_manager.editing_layout_page";"تحرير تخطيط الصفحة";"ar"
"block_manager.fixed_layout";"عرض ثابت";"ar"
"block_manager.fluid_layout";"عرض سلس";"ar"
"block_manager.forbid_changing_layout_in_css_mode";"لا يمكن تغيير التخطيط أثناء عمل الثيم في وضع الـ CSS. يرجى تفعيل وضع الـ LESS من <a target=""_blank"" href=""[url]"">محرر الثيم</a>.";"ar"
"block_manager.full_width_layout";"عرض كامل";"ar"
"block_manager.grid_columns";"عواميد الشبكة";"ar"
"block_manager.layout_pages";"تخطيط الصفحات";"ar"
"block_manager.layout_width";"عرض التخطيط";"ar"
"block_manager.manage_layout_in_tab_not_exist_location";"<p>هذا [entity] ليس له حاليًا صفحة تنسيق مقترنة. لهذا السبب يستخدم كتل من صفحة التخطيط الافتراضية.<br> إذا كنت ترغب في تعديل الكتل خصيصًا لهذا [entity]، فعندئذٍ:</p><p><ol><li>انتقل إلى <b><a href=""[link]"">التصميم → التخطيطات</a></b></li><li>أضف صفحة تخطيط باستخدام <b>إرسال:</b> <code>[dispatch_value]</code>.</li><li>قم بالتبديل إلى علامة التبويب <b>[entity_tab]</b> وتأكد من تمكين صفحة التنسيق لـ[entity] هذا.</li><li>احفظ التغييرات وقم بالرجوع هنا.</li></ol></p>";"ar"
"block_manager.manage_layout_in_tab_unavailable";"عذرًا ، لا يمكنك تحرير المجموعات لهذا [entity]. إذا كنت ترغب في القيام بذلك ، الرجاء الاتصال بالمسؤول الرئيسي. اطلب منه التحقق من علامة التبويب <b> التخطيطات </b> لهذا [entity] في لوحة الإدارة الخاصة به. سيعطي ذلك المسؤول الرئيسي جميع المعلومات اللازمة.";"ar"
"block_manager.manage_layout_in_tab_unavailable_by_object_id";"<p>هذا [entity] ليس له حاليًا صفحة تنسيق مقترنة. لهذا السبب يستخدم كتل من صفحة التخطيط الافتراضية.<br> إذا كنت ترغب في تعديل الكتل على وجه التحديد لهذا [entity]، فعندئذٍ:</p><p><ol><li>قم بتحرير <b><a href=""[link]"">[location_name]</a></b> صفحة التخطيط.</li><li>قم بالتبديل إلى علامة تبويب [entity_tab] وتأكد من تمكين صفحة التخطيط لهذا [entity].</li><li>احفظ التغييرات وارجع إلى هنا.</li></ol></p>";"ar"
"block_manager.max_width";"العرض الأقصى";"ar"
"block_manager.min_width";"العرض الأدنى";"ar"
"block_manager.new_layout_page";"صفحة تخطيط جديد";"ar"
"block_manager.total_displayed_brands";"العدد الإجمالي للعلامات التجارية المعروضة";"ar"
"block_manager.view_layout.desktop";"معاينة Desktop";"ar"
"block_manager.view_layout.phone";"معاينة الهاتف";"ar"
"block_manager.view_layout.reset_filter";"تحرير التخطيطات";"ar"
"block_manager.view_layout.tablet";"معاينة الجهاز اللوحي";"ar"
"block_manager.wrappers.abt__ut2_lite_checkout";"AB: Light Checkout";"ar"
"block_manager.wrappers.lite_checkout";"لايت الدفع";"ar"
"block_menu";"القائمة";"ar"
"block_my_account";"حسابي";"ar"
"block_my_account_description";"الوصول لملف العميل";"ar"
"block_name";"اسم الكتلة";"ar"
"block_options";"خيارات الكتلة";"ar"
"block_order";"ترتيب الكتلة";"ar"
"block_our_brands";"الماركات";"ar"
"block_our_brands_description";"ماركات المنتجات المعروضة في المتجر";"ar"
"block_pages";"الصفحات";"ar"
"block_pages_description";"صفحات المتجر";"ar"
"block_payment_methods";"طرق الدفع";"ar"
"block_payment_methods_description";"طرق الدفع المتاحة";"ar"
"block_polls";"استطلاعات الرأي";"ar"
"block_products";"المنتجات";"ar"
"block_products_description";"وسائل متعددة لعرض المنتجات";"ar"
"block_product_bundles";"حزم المنتجات";"ar"
"block_product_bundles_description";"شكل حزم المنتجات";"ar"
"block_product_filters";"مصفات المنتجات";"ar"
"block_product_filters_description";"خيارات مصفات المنتجات";"ar"
"block_product_filters_home";"مرشحات المنتج للصفحة الرئيسية";"ar"
"block_product_filters_home_description";"تصفية خيارات، سيتم عرضها على الصفحة الرئيسية للمنتج";"ar"
"block_rss_feed";"مغذي RSS";"ar"
"block_rss_feed_description";"رمز الاشتراك في موجز RSS";"ar"
"block_safe_smarty_block";"كتلة HTML مع دعم Smarty";"ar"
"block_safe_smarty_block_description";"أي محتوى HTML / Smarty";"ar"
"block_settings";"خصائص الكتلة";"ar"
"block_shipping_methods";"طرق الشحن";"ar"
"block_shipping_methods_description";"طرق الشحن المتاحة";"ar"
"block_smarty_block";"كتلة HTML مع دعم Smarty";"ar"
"block_smarty_block_deprecated_notice";"تم إهمال نوع الحظر هذا لأسباب أمنية. لا يزال الحظر يعمل ، لكن لا يمكن تحرير محتواه. لتحرير المحتوى ، قم بإنشاء ""كتلة HTML مع دعم Smarty"" وانسخ المحتوى من هذه الكتلة إلى الكتلة الجديدة. بعد ذلك ، تحقق مما إذا كانت الكتلة الجديدة تعمل بشكل صحيح في واجهة المتجر - فقد لا يعمل الرمز الذي يحتمل أن يكون خطيرًا.";"ar"
"block_smarty_block_description";"أي محتوى HTML/Smarty";"ar"
"block_store_locator";"عنوان المتجر";"ar"
"block_store_locator_description";"كتلة محدد موقع المتجر";"ar"
"block_tags";"العلامات";"ar"
"block_tags_description";"علامات المنتج";"ar"
"block_template";"قالب";"ar"
"block_template_description";"كتلة ذات قالب خاص";"ar"
"block_testimonials";"شهادات";"ar"
"block_testimonials_description";"شهادات المستخدم";"ar"
"block_text";"نص الكتلة";"ar"
"block_time";"الوقت الذي يجب أن يتم حظر الآي بي";"ar"
"block_vendors";"الباعة";"ar"
"block_vendor_blog";"منشورات البائع الأخيرة";"ar"
"block_vendor_categories";"فئات البائع";"ar"
"block_vendor_categories_description";"فئات المنتجات المتاحة لبائع معين";"ar"
"block_vendor_filters";"مرشحات المورد";"ar"
"block_vendor_information";"معلومات المورد";"ar"
"block_vendor_logo";"شعار المورد";"ar"
"block_vendor_plan_info";"معلومات خطة البائع";"ar"
"block_vendor_plan_info_description";"يعرض معلومات حول خطة البائعين المحددة";"ar"
"block_vendor_search";"البحث بواسطة منتجات الموردين";"ar"
"block_width";"عرض الكتلة";"ar"
"block_wrapper_updated";"تم تحديث غلاف الكتلة";"ar"
"blog";"المدونه";"ar"
"blog.abt_ut2_recent_posts";"AB: Blog: Recent posts";"ar"
"blog.add_post";"اضافه مشاركه للمدونه";"ar"
"blog.editing_post";"تحرير مشاركه فى المدونه";"ar"
"blog.new_post";"اضافه جديده للمدونه";"ar"
"blog.post";"مشاركة";"ar"
"blog.posts";"مشاركات";"ar"
"blog.read_more";"اقرأ المزيد";"ar"
"blog.recent_posts";"المدونه: اعاده ارسال المشاركات";"ar"
"blog.recent_posts_scroller";"المدونة: شريط تمرير المشاركات الأخيرة";"ar"
"blog.text_links";"المدونة: روابط نصية";"ar"
"blog.view_post";"عرض مشاركة";"ar"
"blog_functionality_notes";"<p>استخدام هذه الصفحة لإدارة المدونة الخاصة بك. هكذا ينبغي عليك تنظيم مشاركات مدونتك:</p> <ul><li>يحتوي على الوظيفة المعتادة للمدونة <b>الجذر مستوى الصفحة</b> كالصفحة الأصل.</li> <li>اختر <b>مدونة</b> كالصفحة الأصل لنشر المدونة الخاصة بك.</li></ul>";"ar"
"bm.customer_information_block.warning.email_or_phome_must_be_required";"يجب أن تحتوي معلومات الاتصال دائمًا إما على البريد الإلكتروني أو الهاتف كحقل مطلوب.";"ar"
"bm.customer_information_block.warning.field_automaticly_added";"تمت إضافة ""[field_name]"" كحقل مطلوب تلقائيًا.";"ar"
"bm.customer_information_block.warning.field_marked_as_required";"تم تعليم الحقل ""[field_name]"" على أنه مطلوب.";"ar"
"bm_confirm";"سيتم [action] هذه الكتلة من صفحات [location_name]. هل ترغب بالاستمرار؟";"ar"
"body";"الجسم";"ar"
"body_html";"نص HTML";"ar"
"bonus";"العلاوة";"ar"
"bonuses";"العلاوات";"ar"
"both";"كلاهما";"ar"
"bottom_panel.admin_panel";"لوحة الادارة";"ar"
"bottom_panel.build_mode";"تحرير الهيكل";"ar"
"bottom_panel.build_mode.not_available";"متوفر في أنواع الصفحات التالية: الصفحة الرئيسية ، المنتج ، الفئة ، الخروج.";"ar"
"bottom_panel.buy_license";"شراء ترخيص";"ar"
"bottom_panel.change_theme";"غير الخلفية";"ar"
"bottom_panel.community_forums";"منتديات إجتماعية";"ar"
"bottom_panel.customer_help_desk";"اتصل بالدعم";"ar"
"bottom_panel.documentation";"توثيق";"ar"
"bottom_panel.download";"تحميل";"ar"
"bottom_panel.edit_layout";"تحرير التخطيط";"ar"
"bottom_panel.edit_menus";"تحرير القوائم";"ar"
"bottom_panel.edit_product_tabs";"تحرير علامات تبويب المنتج";"ar"
"bottom_panel.edit_template";"تحرير القالب";"ar"
"bottom_panel.edit_translations";"تحرير الترجمات";"ar"
"bottom_panel.faq";"أسئلة شائعة";"ar"
"bottom_panel.go_to_dashboard";"الذهاب إلى لوحة القيادة";"ar"
"bottom_panel.go_to_home_page";"اذهب إلى الصفحة الرئيسية";"ar"
"bottom_panel.help";"مساعدة";"ar"
"bottom_panel.hide_bottom_admin_panel";"إخفاء شريط أدوات المسؤول";"ar"
"bottom_panel.hire_a_developers";"وظف مطورًا";"ar"
"bottom_panel.preview_mode";"معاينة";"ar"
"bottom_panel.restore_demo";"استعادة العرض demo";"ar"
"bottom_panel.settings";"الإعدادات";"ar"
"bottom_panel.show_bottom_admin_panel";"إظهار شريط أدوات المسؤول";"ar"
"bottom_panel.storefront";"واجهة المحل";"ar"
"bottom_panel.text_mode";"تحرير النصوص";"ar"
"bottom_panel.theme_mode";"تحرير النمط";"ar"
"bottom_panel.theme_mode.not_available";"متاح فقط في microstore الخاص بك أو على صفحات منتجاتك ومقالات المدونة الخاصة بك.";"ar"
"bottom_panel.trial_left";"الفترة التجريبية المتبقية";"ar"
"bottom_panel.vendor_panel";"لوحة البائع";"ar"
"bottom_panel.video_tutorials";"فيديوهات تعليمية";"ar"
"bought";"اشترى بالفعل";"ar"
"bought_amount";"الكمية المشتراة";"ar"
"box_height";"ارتفاع الصندوق";"ar"
"box_length";"طول الصندوق";"ar"
"box_size";"حجم الصندوق";"ar"
"box_width";"عرض الصندوق";"ar"
"brand";"الماركة";"ar"
"brand_type";"الماركة/الشركة المنتجة";"ar"
"breadcrumbs";"المسارات";"ar"
"broken_addon_pack";"هيكل إضافة غير صحيح. لا يمكن تركيب الملف المرفوع.";"ar"
"broken_po_pack";"بنية حزمة غير صحيحة. لا يمكن تثبيت حزمة تم تحميلها.";"ar"
"browse";"استعراض...";"ar"
"browser_upgrade_notice";"<p>اكتشفنا أن المتصفح  الذي تستخدمه لا يدعمها تماما لدينا صفحة  المشرف. يمكنك عرض هذا الموقع باستخدام المستعرض الحالي الخاص بك ولكن قد لا يتم عرض بشكل صحيح، وأنك قد لا تكون قادراً على الاستفادة الكاملة من جميع الميزات.</p><br><p>صفحة  المشرف هو أفضل عرضها باستخدام المتصفحات التالية:</p> <br><ul><li>– <a href=""http://windows.microsoft.com/en-US/internet-explorer/products/ie/home"" target=""_blank""> إنترنت إكسبلورر 9 وأعلاه</a></li> <li>– <a href=""http://www.mozilla.org/en-US/"" target=""_blank""> موزيلا فايرفوكس (الإصدار الأخير)</a></li> <li>– <a href=""https://www.google.com/intl/en/chrome/browser/"" target=""_blank""> جوجل كروم (الإصدار الأخير)</a></li></ul> <br><p>انقر فوق أحد الارتباطات لتحميل متصفح اختيارك. وبمجرد الانتهاء من التحميل، تثبيت المستعرض عن طريق تشغيل برنامج الإعداد-</p><br><p>إذا كان لا يمكنك ترقية المتصفح الخاص بك الآن، لا يزال يمكنك الوصول إلى لوحة المشرف، ولكن قد لا تتمكن من الاستفادة الكاملة من جميع الميزات. <br><br><a href=""[url]""> مواصلة</a></p>";"ar"
"browser_upgrade_notice_title";"تنبيه ترقية المتصفح";"ar"
"browse_all_available_addons";"تصفح جميع الوظائف الإضافية المتاحة";"ar"
"browse_all_available_themes";"استعرض كل السمات المتاحة";"ar"
"bucket";"مقدار كبير";"ar"
"bulk_attempt_to_set_itself_or_a_own_child_as_its_parent_warning";"لم يتم تغيير الصفحة الرئيسية لبعض الصفحات المحددة. السبب: لا يمكن تعيين الصفحة الفرعية كأصل لوالدها.";"ar"
"bulk_category_addition";"إضافة فئات متعددة";"ar"
"bulk_category_deletion_side_effects";"This will delete all selected categories' products, as well as their subcategories and their products.";"ar"
"bulk_edit.decrease_hint";"لتقليل القيمة استخدم ""-"". مثال: -5";"ar"
"bulk_edit.example_of_modified_value";"مثال على القيمة المعدلة";"ar"
"bulk_edit.make_active";"اجعل المنتجات نشطة";"ar"
"bulk_edit.make_disabled";"جعل المنتجات معطلة";"ar"
"bulk_edit.make_hidden";"اجعل المنتجات مخفية";"ar"
"bulk_edit.price_and_stock";"السعر والمخزون";"ar"
"bulk_edit.some_products_were_omitted";"تم تخطي بعض المنتجات لأنه لا يمكن إزالة الفئة الأخيرة المتبقية أو إضافتها لأحد المنتجات.";"ar"
"bulk_edit.some_products_were_omitted_other_storefront";"تعذر تعديل المنتجات المحددة. تنتمي بعض المنتجات المحددة إلى واجهات متاجر أخرى؛ يرجى إلغاء تحديد هذه المنتجات لتتمكن من تعديل المنتجات المتبقية.";"ar"
"bulk_edit.unable_to_delete_all_categories";"يجب تحديد فئة واحدة على الأقل";"ar"
"bulk_edit.what_do_these_checkboxes_mean";"ماذا تعني مربعات الاختيار هذه؟";"ar"
"bulk_edit.what_do_these_checkboxes_mean_checked";"جميع المنتجات المحددة تنتمي إلى هذه الفئة أو سيتم تخصيصها لها.";"ar"
"bulk_edit.what_do_these_checkboxes_mean_indeterminate";"تنتمي بعض المنتجات المختارة إلى هذه الفئة ؛ لن يتم إجراء أية تغييرات.";"ar"
"bulk_edit.what_do_these_checkboxes_mean_unchecked";"لا تنتمي أي من المنتجات المحددة إلى هذه الفئة ، أو ستتم إزالتها منها.";"ar"
"bulk_print_invoice";"طبع فواتير مجتمعة";"ar"
"bulk_print_packing_slip";"Packing slip bulk print";"ar"
"bulk_print_pdf";"Invoice bulk print (PDF)";"ar"
"bulk_product_addition";"إضافة منتجات متعددة";"ar"
"bulk_product_features_warning";"لن يؤثر هذا التغيير على بعض الميزات المحددة ، لأنها تنتمي إلى مجموعة ميزة. يمكنك تعيين فئات لمجموعة ميزات بأكملها.";"ar"
"button_bgcolor";"لون خلفية الزر";"ar"
"button_text_color";"لون نص الزر";"ar"
"but_change";"تغيير";"ar"
"buyer_name";"اسم المشتري";"ar"
"buy_in_advance";"شراء مقدماً";"ar"
"buy_license";"شراء ترخيص";"ar"
"buy_new_storefront_license";"شراء ترخيص واجهة متجر [product]";"ar"
"buy_now";"اشتري الآن";"ar"
"buy_now_url";"شراء الآن URL";"ar"
"by";"من";"ar"
"bytes";"بايت";"ar"
"by_fixed";"بواسطة قيمة محددة";"ar"
"by_percentage";"بالنسبة المئوية للسعر الأصلي";"ar"
"b_first_name_and_last_name";"الاسم الأول واسم العائلة (للفواتير)";"ar"
"b_fullname";"الاسم الكامل (للفواتير)";"ar"
"b_last_name_and_first_name";"الاسم الأخير والاسم الأول (للفواتير)";"ar"
"C128A";"Code 128 is a high-density barcode symbology.<br/>Used extensively worldwide.<br/>Code 128 is designed to encode 128 full ASCII characters.<br/>Code 128-A - 0-9, A-Z, ASCII control codes, special characters.<br/>Code 128-B - 0-9, A-Z, a-z, special characters.<br/>Code 128-C - 00-99 (double density encoding of numeric only data).<br/>";"ar"
"C128B";"Code 128 is a high-density barcode symbology.<br/>Used extensively worldwide.<br/>Code 128 is designed to encode 128 full ASCII characters.<br/>Code 128-A - 0-9, A-Z, ASCII control codes, special characters.<br/>Code 128-B - 0-9, A-Z, a-z, special characters.<br/>Code 128-C - 00-99 (double density encoding of numeric only data).<br/>";"ar"
"C128C";"Code 128 is a high-density barcode symbology.<br/>Used extensively worldwide.<br/>Code 128 is designed to encode 128 full ASCII characters.<br/>Code 128-A - 0-9, A-Z, ASCII control codes, special characters.<br/>Code 128-B - 0-9, A-Z, a-z, special characters.<br/>Code 128-C - 00-99 (double density encoding of numeric only data).<br/>";"ar"
"C39";"Known also as USS Code 39, 3 of 9.<br/>Code 39 can encode alphanumeric characters.<br/>The symbology is used in non-retail environment.<br/>Code 39 is designed to encode 26 upper case letters, 10 digits and 7 special characters.";"ar"
"cache_cleared";"تم إفراغ الكاش";"ar"
"calculate";"احسب";"ar"
"calculated_automatically";"تحسب تلقائيا";"ar"
"calculated_rate";"السعر المحسوب";"ar"
"calculate_shipping_cost";"احتساب تكلفة الشحن";"ar"
"calendar";"التقويم";"ar"
"call_request.work_time";"الاثنين-الجمعه 09:00 ص-06:00 م";"ar"
"call_requests";"طلبات الإتصال";"ar"
"call_requests.agreement_text_full_request_call_request_form";"<p> سنستخدم نحن ([company]) البيانات التي تقدمها هنا للاتصال بك بخصوص طلب أو طلب المكالمة. ستبقى هذه البيانات في نظامنا ، مرئية لموظفينا (أو البائع ذي الصلة) ، حتى تسحب موافقتك. إذا كنت ترغب في إزالة بياناتك الشخصية ، قم بإرسال بريد إلكتروني إلى [email].</p><p> إذا كنت تعتقد أن بياناتك الشخصية قد أسيء استخدامها، فيحق لك تقديم شكوى لدى سلطة إشرافية. نحن ملزمون بقانون حماية البيانات العامة للاتحاد الأوروبي لإعلامك بهذا الحق؛ لا نعتزم في الواقع إساءة استخدام بياناتك.</p>";"ar"
"call_requests.agreement_text_short_request_call_request_form";"أوافق على معالجة بياناتي الشخصية <u> كما يلي. </u>";"ar"
"call_requests.awaiting_call";"انتظار المكالمة";"ar"
"call_requests.buy_now_with_one_click";"شراء الآن بضغطة زر";"ar"
"call_requests.convenient_time";"وقت مناسب";"ar"
"call_requests.dashboard.analytics_card.recent_call_requests";"طلبات المكالمات الأخيرة";"ar"
"call_requests.dashboard.analytics_card.view_call_requests";"عرض طلبات الاتصال";"ar"
"call_requests.enter_phone_or_email_text";"الرجاء إدخال رقم الهاتف أو البريد الإلكتروني (لكي يتم الاتصال بك)";"ar"
"call_requests.error_validate_call_form";"الرجاء إدخال رقم الهاتف أو البريد الإلكتروني الخاص بك";"ar"
"call_requests.error_validator_phone";"رقم الهاتف <b>[field]</b> غير صحيح.";"ar"
"call_requests.event.request_about_product_created.name";"طلبات الاتصال: طلب حول المنتج الذي تم إنشاؤه";"ar"
"call_requests.event.request_created.name";"طلبات الاتصال: تم إنشاء الطلب";"ar"
"call_requests.notes";"ملاحظات";"ar"
"call_requests.no_name_specified";"لايوجد اسم محدد";"ar"
"call_requests.order_exists";"طلب موجود";"ar"
"call_requests.order_placed";"لقد تلقينا الطلب الخاص بك! الطلب ء[order_id] # تم بنجاح. سيتم الاتصال بك قريبا.";"ar"
"call_requests.person_name_and_phone";"الإسم ورقم الهاتف";"ar"
"call_requests.phone_from_settings";"اعدادات الهاتف";"ar"
"call_requests.requested_product";"المنتج المطلوب";"ar"
"call_requests.request_call";"طلب اتصال";"ar"
"call_requests.request_call_request_form";"طلبات الاتصال: نموذج الطلب";"ar"
"call_requests.request_recieved";"لقد تلقينا الطلب الخاص بك! سيتم الاتصال بك قريبا.";"ar"
"call_requests.responsible";"مسؤول";"ar"
"call_requests.status.completed";"مكتمل";"ar"
"call_requests.status.in_progress";"جار المعالجة";"ar"
"call_requests.status.new";"جديد";"ar"
"call_requests.status.no_answer";"لا يوجد إجابة";"ar"
"call_requests.text_buy_with_one_click_request";"Сustomer [customer] <a href=""[href]"">ينتظر المكالمة</a> على [phone_number]، فيما يتعلق بشراء منتج <a href=""[product_href]"">[product_name]</a>.";"ar"
"call_requests.text_call_request";"[customer] العميل <a href=""[href]""> انتظار المكالمة</a> على [phone_number].";"ar"
"call_requests.text_call_request_call_time";"وقت المكالمة ما بين [time_from] و [time_to].";"ar"
"call_requests.use_for_call_requests";"اطلب واشتر الان بضغطة زر";"ar"
"campaign";"حملة";"ar"
"campaigns";"الحملات";"ar"
"campaign_stats";"إحصائيات الحملة";"ar"
"canada_post_activation_error";"لتنشيط معالج الشحن في كندا، يجب عليك تمكين العملة ""الدولار الكندي"".";"ar"
"cancel";"إلغاء";"ar"
"canceled_reversal";"انعكاس ملغي";"ar"
"cancelled";"ألغيت";"ar"
"cancel_url_target";"إلغاء هدف الرابط";"ar"
"cannot_buy";"لا يمكنك شراء المنتج بهذه الخيارات";"ar"
"cannot_proccess_checkout";"لا يمكنكم الوصول إلى صفحة الدفع لأن سلّة التسوق فارغة.";"ar"
"cannot_proccess_checkout_without_payment_methods";"لا يمكنكم استكمال عملية الشراء لأنه لا توجد طرق دفع متوفرة.";"ar"
"cannot_remove_active_theme";"لا يمكن إزالة العرض نشط";"ar"
"cannot_remove_theme_has_dependent_themes";"لا يمكن إزالة القالب التي تعتمد عليها بالمواضيع التالية: [dependent_themes]";"ar"
"cannot_upload_file";"لا يمكن تحميل الملف";"ar"
"cannot_write_file";"لا يمكن الكتابة إلى الملف <b>[file]</b>. يرجى مراجعة صلاحيات المجلد.";"ar"
"cant_create_backup_file";"لا يمكن تحميل ملف النسخ الاحتياطي. الرجاء التحقق من أذونات الدليل ""var/backups"" للتثبيت الخاص بك.";"ar"
"cant_find_thread";"لا يمكن العثور على الموضوع.";"ar"
"cant_remove_addon_files";"لا يمكن إزالة ملفات الوظائف الإضافية";"ar"
"cant_remove_default_storefront";"لا يمكن إزالة واجهة المتجر الافتراضية <b> [url] </b>";"ar"
"cant_save_percentage_price";"لا يمكن استخدام قيمة مئوية للسعر الأساسي.";"ar"
"cant_upload_file";"تعذر تحميل الملف. المشكلة ليست بالضرورة في نهاية [product]. إذا حدث ذلك بانتظام ، فيرجى الاتصال بمسؤول الخادم أو الدعم الفني لدينا.";"ar"
"can_not_add_file_type_profile_field";"عذرًا ، هذه الصفحة لا تدعم الحقول من نوع ""ملف"" ، ولم تتم إضافتها.";"ar"
"capture";"الاستيلاء على";"ar"
"card";"البطاقة";"ar"
"cardholder_name";"اسم صاحب البطاقة";"ar"
"card_number";"رقم البطاقة";"ar"
"carousel";"متحرك";"ar"
"carousel_swiper";"Swiper";"ar"
"carrier";"الموزع";"ar"
"carrier_aup";"Australia Post";"ar"
"carrier_can";"Canada Post";"ar"
"carrier_dhl";"دي إتش إل";"ar"
"carrier_fedex";"FedEx [غير مستخدم]";"ar"
"carrier_fedexrest";"فيديكس";"ar"
"carrier_store_locator";"استلام";"ar"
"carrier_swisspost";"SwissPost";"ar"
"carrier_ups";"يو بي إس";"ar"
"carrier_upsdeprecated";"يو بي إس [Deprecated]";"ar"
"carrier_usps";"USPS";"ar"
"cart";"سلّة التسوق";"ar"
"cart_content";"محتويات سلّة التسوق";"ar"
"cart_contents";"محتويات سلّة التسوق";"ar"
"cart_info";"معلومات المتجر";"ar"
"cart_is_empty";"سلّة التسوق فارغة";"ar"
"cart_items";"عناصر السلّة";"ar"
"cart_or_wishlist";"عربة التسوق أو قائمة الرغبات";"ar"
"cart_subtotal";"إجمالي سلّة التسوق";"ar"
"cash_on_delivery";"الدفع عند التسليم";"ar"
"catalog";"فهرس المنتجات";"ar"
"catalog_mode";"وضع كتالوج";"ar"
"catalog_pages";"صفحات الفئة";"ar"
"categories";"الفئات";"ar"
"categories_have_been_added";"تم إضافة الفئات";"ar"
"categories_in";"الفئات";"ar"
"category";"الفئة";"ar"
"category_deletion_side_effects";"This will delete all selected category's products, as well as its subcategories and their products.";"ar"
"category_delimiter";"فاصلة الفئة";"ar"
"category_description";"وصف الفئة";"ar"
"category_location";"موقع الفئة";"ar"
"category_name";"اسم الفئة";"ar"
"category_template";"قالب الفئة";"ar"
"cc_button_submit";"التقدم بإتمام الشراء";"ar"
"cdn_settings";"إعدادات الـ CDN";"ar"
"ceca.actual_version_installed";"The latest version is installed";"ar"
"ceca.addon_upgrades";"Add-on upgrades";"ar"
"ceca.category_code";"Category code";"ar"
"ceca.category_codes_was_set_success";"Category codes was generated success!";"ar"
"ceca.category_code_tlp";"Unique category number (within one storefront) to identify category on import process.";"ar"
"ceca.csc_addons";"CS-Commerce Addons";"ar"
"ceca.current_v";"Installed version";"ar"
"ceca.days_left";"<b>[n]</b> day left until the end of the subscription|<b>[n]</b> days left until the end of the subscription";"ar"
"ceca.documentation";"Documentation";"ar"
"ceca.export_selected_products";"Export products from selected";"ar"
"ceca.feedback";"Have questions? Mail us!";"ar"
"ceca.generate_codes";"Generate category codes for categories without it ([no_codes])";"ar"
"ceca.license_error";"License error";"ar"
"ceca.menu";"Menu";"ar"
"ceca.new_v";"New add-on version";"ar"
"ceca.other_addons";"Our other add-ons →";"ar"
"ceca.parent_category_not_exists";"Parent category not exist: ";"ar"
"ceca.prolongate";"Prolongate subscription";"ar"
"ceca.prolongate_discount";"Renew your subscription with a <b>30% discount until [date]</b>";"ar"
"ceca.rate_us";"Like this add-on? Rate it!";"ar"
"ceca.settings";"General settings";"ar"
"ceca.subscription_expired";"Upgrade subscription expired";"ar"
"ceca.tab_general";"General settings";"ar"
"ceca.title_general_settings";"General settings";"ar"
"ceca.upgrade";"Upgrade center";"ar"
"ceca_backup_categories";"Backup data";"ar"
"ceca_backup_categories_descr";"Create buckup categories and seo-names tables before import";"ar"
"ceca_categories";"Categories";"ar"
"ceca_create_new_only";"Create only new categories";"ar"
"ceca_export_categories";"Export categories";"ar"
"ceca_import_categories";"Import categories";"ar"
"ceca_import_mode";"Import mode";"ar"
"ceca_import_mode_desc";"Select logic of updating exists categories and create new categories";"ar"
"ceca_update_exists_only";"Update only exist categories";"ar"
"central";"متوسط";"ar"
"central_content";"المحتوى الأوسط";"ar"
"certificate";"شهادة";"ar"
"certificate_already_used";"شهادة الإهداء هذه قيد الاستخدام مسبقاً";"ar"
"certificate_code_not_available";"لا يمكن تطبيق شهادة هدية. الرجاء الاتصال بإدارة المتجر.";"ar"
"certificate_code_not_valid";"شهادة هدية رمز غير صالح";"ar"
"certificate_filename";"اسم ملف الشهادة";"ar"
"certificate_verification";"التحقق من صحة/ترويجي، شهادة إهداء";"ar"
"change";"تغيير";"ar"
"changed";"متغيرة";"ar"
"changes";"الاختلافات";"ar"
"change_access_permission_to_config";"ينصح أيضاً بتغيير تصريح الوصول للملف config.local.php. يجب أن يكون التصريح 644";"ar"
"change_addons_initialization";"تغيير تهيئة الإضافات";"ar"
"change_addons_initialization_description";"لتحديد إذا كان هناك مشكلة معينة بإحدى الوظائف إضافية، يمكنك تعطيل كافة الوظائف الإضافية أو الوظائف الإضافية لجهة خارجية. إعادة تمكينها لاحقاً بنقرة واحدة.";"ar"
"change_customer";"تغيير العميل";"ar"
"change_gift_certificate_status";"تغيير حالة شهادة هدية إلى";"ar"
"change_language";"تغيير اللغة";"ar"
"change_order_status_b_subj";"الطلب#[order] يحتاج الى باك اوردر";"ar"
"change_order_status_b_text";"الطلب الخاص بك backordered.";"ar"
"change_order_status_c_subj";"تم اكتمال الطلب#[order]";"ar"
"change_order_status_c_text";"تم اكتمال الطلب الخاص بك. شكرا لاختيارك لنا.";"ar"
"change_order_status_default_subj";"تم تغيير حالة الطلب#[order] إلى [status]";"ar"
"change_order_status_default_text";"تم تغيير حالة الطلب الخاص بك إلى [status].";"ar"
"change_order_status_d_subj";"تم رفض الطلب #[order]";"ar"
"change_order_status_d_text";"تم رفض طلبك. الرجاء الاتصال بإدارة المتجر.";"ar"
"change_order_status_f_subj";"الطلب[order]# فشل";"ar"
"change_order_status_f_text";"لم ينجح الطلب الخاص بك. الرجاء الاتصال بإدارة المتجر.";"ar"
"change_order_status_i_subj";"تم إلغاء الطلب#[order]";"ar"
"change_order_status_i_text";"تم إلغاء الطلب الخاص بك. الرجاء الاتصال بإدارة المتجر.";"ar"
"change_order_status_o_subj";"وقد وضع الطلب#[order] بنجاح";"ar"
"change_order_status_o_text";"شكرا لك على الطلب. نرحب بعودتكم دائماً!";"ar"
"change_order_status_p_subj";"تم تجهيز الطلب#[order]";"ar"
"change_order_status_p_text";"تم بنجاح معالجة طلبك.";"ar"
"change_password_notification";"يرجى تغيير كلمة المرور الخاصة بكم";"ar"
"change_password_notification_body";"كلمة المرور لوحة تحكم الأدمن للمتجر [store] لم يتم تغييرها منذ [days] يوم. لدواعي أمنية, نرجو تغيير كلمة المرور عبر الرابط التالي:";"ar"
"change_permissions";"تغيير الصلاحيات";"ar"
"change_points";"تغيير النقاط";"ar"
"change_range";"تغيير المدى";"ar"
"change_to_status";"تغيير إلى [status]";"ar"
"charged_amount";"القيمة المحصلة";"ar"
"charge_to_vendor_account";"تحصيل لحساب البائع";"ar"
"charset";"الترميز";"ar"
"chart";"رسم بياني";"ar"
"charts";"رسوم بيانية";"ar"
"chart_type";"نوع الرسم البياني";"ar"
"check";"الفحص";"ar"
"checkbox";"صندوق اختيار";"ar"
"checked";"فحصت";"ar"
"checking_account_number";"رقم الحساب الجاري";"ar"
"checking_core_edition_is_not_suitable";"إصدار متجركم ([current_edition]) غير مدعوم. الإصدار المطلوب: [required_edition].";"ar"
"checking_core_version_is_not_suitable";"إصدار متجركم ([version]) غير مدعوم. الحد الأدنى: [min]. الحد الأقصى: [max].";"ar"
"checking_extension_should_be_installed";"يجب أن يكون الـ extension المسمى <strong>[extension]</strong> مركب على سيرفركم حتى تعمل الإضافة بشكل صحيح.";"ar"
"checking_extension_should_be_removed";"يجب حذف الـ extension المسمى <strong>[extension]</strong> من على سيرفركم حتى تعمل الإضافة بشكل طبيعي.";"ar"
"checking_extension_version_is_not_suitable";"الـ extension المسمى <strong>[extension]</strong> إصداره <strong>([version])</strong> غير مدعوم بواسطة الإضافة. الحد الأدنى: [min]. الحد الأقصى: [max].";"ar"
"checking_php_version_is_not_suitable";"إصدار PHP ([version]) غير مدعوم. الحد الأدنى: [min]. الحد الأقصى: [max].";"ar"
"checkout";"إتمام الشراء";"ar"
"checkout.email_exists.popup.cancel_btn";"استخدم بريدًا إلكترونيًا آخر";"ar"
"checkout.email_exists.popup.message";"حساب مع البريد الإلكتروني الخاص بك موجود بالفعل. يمكننا تسجيل الدخول (لن تكون هناك حاجة إلى كلمة المرور) ، أو يمكنك استخدام بريد إلكتروني آخر إذا كنت ترغب في ذلك.";"ar"
"checkout.email_exists.popup.sign_in_btn";"سجل دخولي";"ar"
"checkout.email_exists.popup.title";"ربما اشتريت منا من قبل";"ar"
"checkout.min_cart_subtotal_required";"لمتابعة عملية الدفع ، يجب أن يتجاوز الإجمالي الفرعي لطلبك [amount]";"ar"
"checkout_as_guest";"الدفع كزائر";"ar"
"checkout_block_with_heading";"كتلة الدفع (عنوان H2)";"ar"
"checkout_edp_terms_n_conditions";"أنا أوافق على الشروط في";"ar"
"checkout_select_profile_before_order";"يرجى تحديد ملف تعريف قبل تقديم الطلب.";"ar"
"checkout_terms_n_conditions";"حدد خانة الاختيار هذه لقبول في [terms_href]";"ar"
"checkout_terms_n_conditions_alert";"للاستمرار يجب أن توافق على شروط واتفاقية الاستخدام.";"ar"
"checkout_terms_n_conditions_name";"الشروط والأحكام";"ar"
"check_active";"نشطة";"ar"
"check_again";"إعادة الفحص";"ar"
"check_all";"الكل";"ar"
"check_disabled";"معطل";"ar"
"check_hidden";"مخفية";"ar"
"check_items_text";"لإدراج حالات الطلب, طرق دفع ومناطق في قائمة الشروط, قم بتحديد العنصر اللازم وانقر على زر ""حفظ"".";"ar"
"check_none";"-";"ar"
"check_number";"رقم الشيك";"ar"
"check_other_sources_for_personal_data";"<p>يرجى ملاحظة أن إخفاء الهوية لا يؤثر على أي نسخ احتياطية أو سجلات قد تكون لديك. إذا لزم الأمر ، يرجى القيام بما يلي:</p><ol><li>امسح السجلات ضمن <b>الإدارة ← السجلات</b>.</li><li>تأمين وحذف النُسخ الاحتياطية التي قد تكون لديك تحت <b>إدارة ← نسخ احتياطي / استعادة</b>.</li></ol>";"ar"
"check_pending";"بالانتظار";"ar"
"check_permissions";"تحقق من الأذونات";"ar"
"check_php_timeout";"Check PHP script timeout";"ar"
"check_server_export_settings";"تحقق من إعدادات تصدير الخادم";"ar"
"check_ssl";"فحص الـ SSL";"ar"
"check_uncheck_all";"تحديد / إلغاء تحديد الكل";"ar"
"chinese";"Chinese";"ar"
"choose";"اختيار";"ar"
"choose_action";"اختر التأثير";"ar"
"choose_category";"اختر الفئة";"ar"
"choose_user";"اختر عضو";"ar"
"choose_your_country";"اختر دولتك";"ar"
"choose_your_store_mode";"يرجى اختيار وضع الترخيص";"ar"
"cities";"المدن";"ar"
"city";"المدينة";"ar"
"classes";"صنف";"ar"
"clean";"إفراغ";"ar"
"cleanup_all_history";"Delete all data";"ar"
"cleanup_history";"إفراغ الأحداث الماضية";"ar"
"cleanup_log";"سجل التنظيف";"ar"
"clean_logs";"إفراغ السجلات";"ar"
"clean_old_logs";"مسح السجلات الأقدم من [n] يوم|مسح السجلات الأقدم من [n] يوم";"ar"
"clean_up_all_locations_on_import";"إفراغ المناطق قبل الاستيراد";"ar"
"clear";"إفراغ";"ar"
"clear_cache";"إفراغ الكاش";"ar"
"clear_cart";"إفراغ سلّة التسوق";"ar"
"clear_conditions";"إفراغ الشروط";"ar"
"clear_fields";"إفراغ الحقول";"ar"
"clear_list";"إفراغ القائمة";"ar"
"clear_thumbnails";"إفراغ الصور المصغرة المنشأة تلقائياً";"ar"
"clear_wishlist";"مسح قائمة الأمنيات";"ar"
"clicks";"ضغطة";"ar"
"client_id";"معرف العميل";"ar"
"clone";"نسخ";"ar"
"clone_categories";"نسخ الفئات";"ar"
"clone_from";"نسخ من";"ar"
"clone_layouts";"نسخ التخطيطات";"ar"
"clone_pages";"مشاركة الصفحات";"ar"
"clone_payments";"مشاركة طرق الدفع";"ar"
"clone_products";"مشاركة المنتجات";"ar"
"clone_product_features";"مشاركة مواصفات المنتج";"ar"
"clone_product_filters";"مشاركة مصفات المنتج";"ar"
"clone_profile_fields";"مشاركة حقول البروفايل";"ar"
"clone_promotions";"مشاركة العروض";"ar"
"clone_selected";"نسخ المحدد";"ar"
"clone_settings";"نسخ الإعدادات";"ar"
"clone_shippings";"مشاركة طرق الشحن";"ar"
"clone_sitemap";"نسخ خريطة الموقع";"ar"
"clone_static_data_clone";"نسخ القوائم";"ar"
"clone_table";"نسخ الجدول";"ar"
"clone_theme";"نسخ الثيم";"ar"
"clone_this_item";"نسخ هذا العنصر";"ar"
"clone_this_page";"نسخ هذه الصفحة";"ar"
"close";"إغلاق";"ar"
"close_selected_storefronts";"إغلاق المحدد";"ar"
"close_storefront";"إغلاق واجهة المحل";"ar"
"close_storefront.setting_notice";"يمكنك فتح أو إغلاق واجهة محل في صفحة تحرير واجهة المحل";"ar"
"cls.about_cron_turbo_clear_cache";"If there is a need to schedule Turbo-cache clearance on your project (for example, after a bulk import of products), or to initiate Turbo-cache clearance from an external script, you can use the commands provided below:";"ar"
"cls.ab__seo_filters_ignore_placeholder";"Don't search in SEO categories with placeholders in the title";"ar"
"cls.ab__seo_filters_limit";"Filters categories limit";"ar"
"cls.active_elements_background";"Header and hover background";"ar"
"cls.active_elements_color";"Active Buttons color";"ar"
"cls.actual_version_installed";"The latest version is installed";"ar"
"cls.added_to_cart";"Product was added to cart";"ar"
"cls.added_to_comparison";"Product <b>[product]</b> was added to <a href=""[url]"">Comparison list</a>.";"ar"
"cls.added_to_wish";"Product <b>[product]</b> was added to <a href=""[url]"">Wishlist</a>.";"ar"
"cls.addon_upgrades";"Add-on upgrades";"ar"
"cls.add_to_cart";"Add to cart";"ar"
"cls.add_to_compare";"Add to compare list";"ar"
"cls.add_to_wishlist";"Add to wishlist";"ar"
"cls.allow_storefronts";"Allowed storefronts";"ar"
"cls.allow_storefronts_tooltip";"Select the storefronts where you want to search for categories.";"ar"
"cls.anti_csrf";"Block bots requests";"ar"
"cls.anti_csrf_tooltip";"By enabling this option you activate security function, it prevent search results for bots.";"ar"
"cls.auth_users_only";"Available to authorized users only";"ar"
"cls.autoredirect";"Autoredirect when found 1 product";"ar"
"cls.autoredirect_tooltip";"If found 1 product, on press search button customer will be redirected to product page";"ar"
"cls.back_to_all_cats";"Back to all categories";"ar"
"cls.base_text_color";"Text color";"ar"
"cls.block_enter_press";"Block press Enter button";"ar"
"cls.block_enter_press_tooltip";"On enter press button user will not be redirected to search results page";"ar"
"cls.border_radius";"Border radius, px.";"ar"
"cls.brands_feature_id";"Brand feature";"ar"
"cls.brands_limit";"Display no more than";"ar"
"cls.brand_pages";"Brand pages";"ar"
"cls.browse_products_by_category";"Browse products by category for";"ar"
"cls.category_e";"Label color";"ar"
"cls.category_hide_category";"Hide category in live search add-on";"ar"
"cls.cats_limit";"Display no more than";"ar"
"cls.cats_sort_by";"Sort categories by";"ar"
"cls.characters_limit";"Min. chars to start live search";"ar"
"cls.characters_limit_tooltip";"Live search will start searching for products when the number of entered characters is equal to or greater than the specified value";"ar"
"cls.classic";"Classic";"ar"
"cls.clear_all_requests";"Delete all requests history";"ar"
"cls.clear_indexes";"Clear all indexes";"ar"
"cls.clear_turbo_cache";"Clear all turbo cache";"ar"
"cls.clear_turbo_cache_tooltip";"Press button to clear all turbo cache records";"ar"
"cls.clear_turbo_cache_when";"Clear turbo cache on";"ar"
"cls.clear_turbo_cache_when_tooltip";"The turbo cache will not be deleted completely, but segmented. Only the cache segment that includes this product will be deleted.";"ar"
"cls.click";"Click";"ar"
"cls.clicks";"Clicks";"ar"
"cls.clsm_motivation_text_en";"Search motivation phrases";"ar"
"cls.clsm_motivation_text_en_tooltip";"Search motivation phrases can be not only individual words but whole phrases. Start typing a word or phrase and press ENTER when you have finished entering a phrase or you want to start typing a new one.";"ar"
"cls.clsm_motivation_text_ru";"Search motivation phrases";"ar"
"cls.clsm_motivation_text_ru_tooltip";"Search motivation phrases can be not only individual words but whole phrases. Start typing a word or phrase and press ENTER when you have finished entering a phrase or you want to start typing a new one.";"ar"
"cls.clsm_redirect_category";"Autoredirect to category";"ar"
"cls.clsm_redirect_category_tooltip";"When nothing found except one category, on submit form user will be redirected to this category";"ar"
"cls.clsm_show_parent_level";"Level of parent category";"ar"
"cls.clsm_show_parent_level_tooltip";"If pointed level will be higher or equal of found category - closest parent category will be displayed";"ar"
"cls.clsm_status";"Enable/Disable Search motivation";"ar"
"cls.clsm_status_ttl";"Change status to ""OFF"" if you don't want use Search motivation function.";"ar"
"cls.clss_admin_status";"Speed-up status<br>for admin panel";"ar"
"cls.clss_admin_status_ttl";"You can enable speedup only for admin panel only, or completely disable using toggles.";"ar"
"cls.clss_can_need_reindexation";"You have changed settings search on fields. As you use search SpeedUp function -  In this case you need to delete indexes and run indexation again to apply changes.";"ar"
"cls.clss_need_clear_turbo";"After changing search parameters, don't forget to clear turbo cache!";"ar"
"cls.clss_status";"Speed-up status<br>for storefront";"ar"
"cls.clss_status_ttl";"You can enable speedup only for storefront, or completely disable using toggles.";"ar"
"cls.color_type";"Label color";"ar"
"cls.color_type_tooltip";"<b>One color for all:</b> fixed color for all category labels. Color can be selected by admin.<br><b>One of 10 preset:</b> every category will have one of 10 addon preset colors.<br><b>Randomly for each category:</b> every category will have their unique color hash.";"ar"
"cls.contain_stop_words";"Do not display products that contain the following phrases";"ar"
"cls.contain_stop_words_ttl";"Stop-words can be not only individual words but whole phrases. Start typing a word or phrase and press ENTER when you have finished entering a phrase or you want to start typing a new one.";"ar"
"cls.cron_job";"You can setup cron job to clear old unneeded requests. Change days parameter to delete requests older than pointed days. See below Cron job examples ещ delet requests older than 30 days:";"ar"
"cls.csc_addons";"CS-Commerce Addons";"ar"
"cls.current_v";"Installed version";"ar"
"cls.custom_result_ids";"Additional result ids";"ar"
"cls.custom_result_ids_tooltip";"Insert comma separated blocks ids what you want to update after add product to cart or wishlist from live search search window";"ar"
"cls.days_clear";"Delete requests older than [days] days";"ar"
"cls.days_left";"<b>[n]</b> day left until the end of the subscription|<b>[n]</b> days left until the end of the subscription";"ar"
"cls.delimiter";"Synonyms Delimiter";"ar"
"cls.desktop_max_width";"Max. width, px.";"ar"
"cls.desktop_max_width_tooltip";"Only for desktop view";"ar"
"cls.disable_history_on_user_enabled";"Status was not changed! To disable search history you need to disable ""Show the user their search history"" first";"ar"
"cls.display";"Display";"ar"
"cls.display_all";"All history";"ar"
"cls.display_authed";"Show for logged in only";"ar"
"cls.display_only_by_clicks";"Only clicked vebdor products";"ar"
"cls.documentation";"Add-on documentation";"ar"
"cls.dont_search_variation";"Don't search on variations";"ar"
"cls.enable_history";"Search history journal status";"ar"
"cls.enter_more_symbols";"Enter at least <b>[n] character</b> | Enter at least <b>[n] characters</b>";"ar"
"cls.featured_products";"Featured products";"ar"
"cls.feedback";"Have questions? Mail us!";"ar"
"cls.feedback_info";"Have questions about Live search add-on addon by cs-commerce.com<br>or you have any ideas for improving the functionality? Mail us!";"ar"
"cls.fixed_color";"One color for all";"ar"
"cls.force_reload_prices";"Force reload prices";"ar"
"cls.force_reload_prices_tooltip";"Check this checkbox if you have a price discrepancy in the live search and on the storefront";"ar"
"cls.found";"Found";"ar"
"cls.found_categories";"Found categories";"ar"
"cls.found_products";"Products search result";"ar"
"cls.from_turbo";"From Turbo cache";"ar"
"cls.group_by_root_cats";"Group by root";"ar"
"cls.group_by_root_cats_tooltip";"Group categories by their root category";"ar"
"cls.guest";"Guest";"ar"
"cls.hard";"Hard";"ar"
"cls.hide_cat_both";"Hide on search results and filter by category";"ar"
"cls.hide_cat_only_filter";"Hide only on filter by category";"ar"
"cls.hide_cat_only_search";"Hide only on search results";"ar"
"cls.history_limit";"Number of queries displayed";"ar"
"cls.history_per_product";"History per product";"ar"
"cls.history_per_request";"History per requests";"ar"
"cls.history_per_user";"History per user";"ar"
"cls.history_per_word";"History per search phrase";"ar"
"cls.hooks_before_response";"before_response hook";"ar"
"cls.hooks_get_brands";"get_brands hook";"ar"
"cls.hooks_get_categories";"get_categories hook";"ar"
"cls.hooks_get_categories_fields_condition";"get_categories_fields_condition hook";"ar"
"cls.hooks_get_conditions";"get_conditions hook";"ar"
"cls.hooks_get_fields";"get_fields hook";"ar"
"cls.hooks_get_joins";"get_joins hook";"ar"
"cls.hooks_get_pages";"get_pages hook";"ar"
"cls.hooks_get_pages_fields_condition";"cls.hooks_get_pages_fields_condition hook";"ar"
"cls.hooks_get_products";"get_products hook";"ar"
"cls.hooks_get_products_tooltip";"This feature is for developers! This hook will call the selected functions before sending the SQL request to receive зкщвгсеы. Thus, you can change the search conditions, or the query itself as a whole by changing any parameters. For more information on connecting to a hook, see the add-on's documentation.";"ar"
"cls.hooks_get_product_phrase_condition";"get_product_phrase_condition hook";"ar"
"cls.hooks_get_speedup_product_data";"get_speedup_product_data hook";"ar"
"cls.hooks_get_vendors";"get_vendors hook";"ar"
"cls.ignore_lang_code";"Ignore language";"ar"
"cls.ignore_lang_code_tooltip";"On multilingual website allow to search in all languages in one time";"ar"
"cls.increase_popularity";"Automatically increase the search popularity of a product";"ar"
"cls.installation_warning";"Installation was not completed automatically. User action is needed. Please, <a href='[url]'>go to this page</a> and check red block instructions.";"ar"
"cls.installation_was_not_completed";"Installation was not completed by file system access restrictions, or Live search addon initial file has been deleted from website ROOT folder.<br>Please, <a href='[url]' class=""cm-ajax"" data-ca-target-id=""clsWarningInstallation"">click this link</a> to copy initial file to website root folder.<br>If action is not completed success, please, <a href='[download]'>Download file from this link</a> and put it to ROOT folder of your website manually. Downloaded file strongly must have <b>cls.php</b> name.";"ar"
"cls.last_activity";"Last activity";"ar"
"cls.license_error";"License error";"ar"
"cls.light";"Recommended";"ar"
"cls.link_color";"Links color";"ar"
"cls.menu";"Menu";"ar"
"cls.min_chars_limit";"Min. characters to display search results";"ar"
"cls.min_chars_limit_tooltip";"Min. characters to display products on search results page";"ar"
"cls.modern";"Modern";"ar"
"cls.need_redis_auth";"Redis authorization required";"ar"
"cls.new_phrase";"Add new search phrase";"ar"
"cls.new_stop_word";"Add stop-word";"ar"
"cls.new_synonym";"New Synonym";"ar"
"cls.new_v";"New add-on version";"ar"
"cls.nothing_found";"Unfortunately, for query [q] no products found.";"ar"
"cls.not_display";"Don't display";"ar"
"cls.one_of_ten";"One of 10 preset";"ar"
"cls.other_addons";"Our other add-ons →";"ar"
"cls.out_stock_end";"Display out of stock products on end of the list";"ar"
"cls.pb_ignore_lang_code";"Ignore language";"ar"
"cls.pb_ignore_lang_code_tooltip";"On multilingual website allow to search in all languages in one time";"ar"
"cls.pb_limit";"Display no more than";"ar"
"cls.phrase";"Search for";"ar"
"cls.phrases";"Search phrases";"ar"
"cls.play_category";"Game consoles";"ar"
"cls.play_check1";"Game consoles";"ar"
"cls.play_check2";"Console Games";"ar"
"cls.play_check3";"Console accessories";"ar"
"cls.play_product";"Sony PlayStation 5";"ar"
"cls.play_product2";"Microsoft Xbox One S1";"ar"
"cls.popular_searches";"Popular search phrases";"ar"
"cls.porpose_correction";"You may be looking for:";"ar"
"cls.products_per_page";"Products per request";"ar"
"cls.product_code";"Product code: ";"ar"
"cls.prolongate";"Prolongate subscription";"ar"
"cls.prolongate_discount";"Renew your subscription with a <b>30% discount until [date]</b>";"ar"
"cls.quick_view";"Quick view";"ar"
"cls.rand_every_category";"Randomly for each category";"ar"
"cls.rate_us";"Like this add-on? Rate it!";"ar"
"cls.redis_login";"Redis server login";"ar"
"cls.redis_pass";"Redis server password";"ar"
"cls.redis_port";"Redis server port";"ar"
"cls.redis_server";"Redis server host";"ar"
"cls.replace_with_break";"Replace with a break";"ar"
"cls.replace_with_break_tooltip";"Enter characters separated by a space, which in the search query must be replaced with a space. When the search accelerator is enabled, this logic will also work when indexing products. If search spee-up uses the setting of ignoring characters- it will work first, and then the function of replacing chars with a space.";"ar"
"cls.requests";"Requests";"ar"
"cls.search_blog";"Search blog pages";"ar"
"cls.search_brands";"Search brands";"ar"
"cls.search_brands_on";"Search brands in";"ar"
"cls.search_by_features";"Select features";"ar"
"cls.search_by_features_tooltip";"No select any feature if you need search on all product features. Is recommended to limit the search by selected features for better search performance.";"ar"
"cls.search_categories";"Search categories";"ar"
"cls.search_categories_on";"Search categories in";"ar"
"cls.search_categories_on_ab__seo_filters_tooltip";"Searching for categories on SEO filter pages will work correctly only if you manually fill in the fields (without using placeholders for auto-filling)";"ar"
"cls.search_delay";"Search request delay, ms";"ar"
"cls.search_delay_tooltip";"Used to reduce the load on the server, the request will be sent after a specified time if the user stops typing";"ar"
"cls.search_history";"Search history";"ar"
"cls.search_history_deleted_success";"History was deleted success!";"ar"
"cls.search_history_menu_description";"Track which search phrases have brought buyers to your products ";"ar"
"cls.search_motivation";"Search motivation";"ar"
"cls.search_on_category_metakeywords";"Search on meta-keywords";"ar"
"cls.search_on_category_name";"Search on category name";"ar"
"cls.search_on_description";"Search on product descriptions";"ar"
"cls.search_on_features";"Search on product features";"ar"
"cls.search_on_general_title_no_speed_tooltip";"Search by additional fields is not performed if the search speed-up <b>Hard mode</b> is enabled!";"ar"
"cls.search_on_keywords";"Search on search words";"ar"
"cls.search_on_metadesc";"Search on meta-descriptions";"ar"
"cls.search_on_metakeywords";"Search on meta-keywords";"ar"
"cls.search_on_metatitle";"Search on meta-title";"ar"
"cls.search_on_name";"Search on product name";"ar"
"cls.search_on_options";"Search on product options";"ar"
"cls.search_on_pcode";"Search on product code";"ar"
"cls.search_on_product_id";"Search on product ID field";"ar"
"cls.search_on_short_description";"Search on product short description";"ar"
"cls.search_on_tags";"Search on product tags";"ar"
"cls.search_pages";"Search pages";"ar"
"cls.search_pages_on";"Search pages in";"ar"
"cls.search_phrases";"Search phrases";"ar"
"cls.search_products";"Search products";"ar"
"cls.search_products_on";"Search products in";"ar"
"cls.search_speedup";"Search speed-up";"ar"
"cls.search_speedup_indexation";"Products Indexation";"ar"
"cls.search_speedup_settings";"Speed-up settings";"ar"
"cls.search_storefront_categories";"Search storefront categories";"ar"
"cls.search_storefront_categories_tooltip";"You can search for categories also by all storefronts of your site";"ar"
"cls.search_synonyms";"Search synonyms";"ar"
"cls.search_variation";"Variations search logic";"ar"
"cls.search_variation_show_all";"Search on varioations and show as separate products on search results";"ar"
"cls.search_variation_show_main";"Search on varioations, but show main product only";"ar"
"cls.search_variation_tooltip";"Select how you want to search on products variations";"ar"
"cls.search_vendors";"Search vendors";"ar"
"cls.search_word";"Search";"ar"
"cls.select_product_options";"Select product options to add to cart";"ar"
"cls.settings";"General settings";"ar"
"cls.show_all";"Show all";"ar"
"cls.show_cart";"Show ""Add to cart"" button";"ar"
"cls.show_category";"Show product category";"ar"
"cls.show_category_gradient";"Gradient";"ar"
"cls.show_clear_btn";"Show clear input field button";"ar"
"cls.show_compare";"Show ""Add to compare"" button";"ar"
"cls.show_more";"Show more products";"ar"
"cls.show_parent_category";"Show parent category";"ar"
"cls.show_phrases_rec_products";"Suggest featured products";"ar"
"cls.show_phrases_rec_products_ttl";"Change status to ""OFF"" if you don't want to show featured products by search phrases.";"ar"
"cls.show_price";"Displaying the price";"ar"
"cls.show_product_code";"Show product code";"ar"
"cls.show_quick_view ";"Show ""Quick view"" button";"ar"
"cls.show_user_history";"Show the user their search history";"ar"
"cls.show_user_history_tooltip";"Working only when Search history journal is enabled";"ar"
"cls.show_wish";"Show ""Add to wishlist"" button";"ar"
"cls.skip_chars";"Ignore characters";"ar"
"cls.skip_chars_tooltip";"Enter space-separated characters to be ignored when searching in product names. Only works if a search speed-up is active.";"ar"
"cls.sort_by";"Sorting";"ar"
"cls.speedup";"Search speedup";"ar"
"cls.speedup_cluster_size";"Cluster size";"ar"
"cls.speedup_cluster_size_tooltip";"The cluster size affects the total number of product groups. For most languages, the optimal cluster size is 2 characters. But for some languages, where one character is a group of sounds, or even a whole word, then for such languages you need to choose 1 as cluster size.";"ar"
"cls.speedup_cron_key";"Cron-key";"ar"
"cls.speedup_cron_key_tooltip";"Change this key if you want keep indexation link private.";"ar"
"cls.speedup_exclude_import";"Skip indexation when import is runing";"ar"
"cls.speedup_exclude_import_tooltip";"The product indexing process takes some time, disabling indexing speeds up the import process, but indexing will need to be started manually or by cron after the import is completed";"ar"
"cls.speedup_general_info";"<div class='clsWarnBlock strong'>Don't forget to run indexation process of your products before enabling the search speed-up.</div>";"ar"
"cls.speedup_level";"SpeedUp Mode";"ar"
"cls.speedup_level_tooltip";"Recommended - mode no have search restriction, but Hard mode works faster. Both modes need search indexation.";"ar"
"cls.speedup_scaner_instruction";"The ""Search Speed-up"" feature on HARD mode can accelerator a search query up to 25 times. Products will be grouped into clusters according to the initial letters of each word in the product fields. This is a kind of internal grouping of products that allows you to search only in clusters that have been determined to be relevant according to the search query. But this logic has a slight limitation in the search. For example, typing query 'amsung' will not show Samsung products in the search.<br>It is enough to make indexation once, then the indexation will occur in an automatic mode if the goods are added through the admin panel. If you use third-party programaddons to import your products, or the ""Skip indexation on import"" function is enabled, after each products catalog update, you need to run products indexation by cron job or manually on the ""Products indexation page"". <br><b>In the Hard mode, the ""Search Synonyms"" functionality will not work!</b>";"ar"
"cls.speedup_use_on_admin";"Use speedup on admi panel";"ar"
"cls.stop_then";"Then";"ar"
"cls.stop_word";"If the search query contains phrase";"ar"
"cls.stop_words";"Stop-words";"ar"
"cls.stop_words_info";"Stop words can work on the following fields: SKU, Product name, Search keywords, Meta keywords, Meta description. In speed-up mode, stop words will work on all fields enabled in the search.";"ar"
"cls.stop_words_status";"Enable/Disable Stop-words";"ar"
"cls.stop_words_status_ttl";"Change status to ""OFF"" if you don't want use stop-words on search process.";"ar"
"cls.storefronts_categories";"Categories from friendly stores";"ar"
"cls.styles";"Appearance settings";"ar"
"cls.subscription_expired";"Upgrade subscription expired";"ar"
"cls.suggest_corrections";"Suggest corrections";"ar"
"cls.suggest_corrections_tooltip";"When on search results nothing found we can suggest phrase corrections. Based on free service Yandex Speller.";"ar"
"cls.suggest_phrases";"Suggest serach phrases";"ar"
"cls.suggest_phrases_ttl";"Enable this feature if you want to display search phrases when the user starts typing a query. Search phrases will be displayed only relevant to the user's query.";"ar"
"cls.suggest_products_categories";"Show search based categories filter";"ar"
"cls.suggest_products_categories_tooltip";"Will be displayed categories in which the products were found. User will be able to specify the search by selecting one or more categories that will be of interest to him.";"ar"
"cls.synonyms";"Search synonyms";"ar"
"cls.synonyms_phrase_ttl";"A search phrase is the correct word or phrase that matches the spelling on your site. Synonyms are words or phrases that users can enter. Synonyms can be misspelled words, abbreviated names, or phrases in local dialects.";"ar"
"cls.synonyms_status";"Enable/Disable Synonyms";"ar"
"cls.synonyms_status_ttl";"With synonyms enabled, the search will work based on synonyms for a specific search phrase. For example: You have added the synonym ""Mobile phone"" to the search phrase ""phone"", so the search will search for both Mobile phone  and phones";"ar"
"cls.synonyms_ttl";"Synonyms can be not only individual words but whole phrases. Start typing a word or phrase and press ENTER when you have finished entering a phrase or you want to start typing a new one.";"ar"
"cls.syn_partial_match";"Partial synonym match";"ar"
"cls.syn_partial_match_ttl";"Enable this option for matching synonyms by part of word.";"ar"
"cls.syn_when";"When user types";"ar"
"cls.tables_was_cleared";"Tables of indexations was cleared success!";"ar"
"cls.tab_developers";"For developers";"ar"
"cls.tab_elements";"Display elements";"ar"
"cls.tab_general";"General settings";"ar"
"cls.tab_multivendor";"Multivendor settings";"ar"
"cls.tab_search_settings";"Product search settings";"ar"
"cls.tab_storefronts";"Storefronts search";"ar"
"cls.tab_third_party_compatibility";"Add-on compatibility";"ar"
"cls.tab_turbo_cache";"Turbo cache";"ar"
"cls.tc_dont_clear";"Don't clear";"ar"
"cls.tc_on_create_product";"Create/Delete product";"ar"
"cls.tc_on_create_update_product";"Create/Delete/Update product";"ar"
"cls.text_pages_and_blog";"Information pages";"ar"
"cls.theme";"Theme";"ar"
"cls.title_base_styles_settings";"Base styles settings";"ar"
"cls.title_category_label";"Product category label";"ar"
"cls.title_clsm_title";"Search motivation";"ar"
"cls.title_elements";"Display elements";"ar"
"cls.title_general_info";"General info";"ar"
"cls.title_general_settings";"General settings";"ar"
"cls.title_redis_server_settings";"Redis server settings";"ar"
"cls.title_search_general_title";"Extra settings";"ar"
"cls.title_search_on_general_title";"General search by fields";"ar"
"cls.title_search_on_general_title_no_speed";"Additional search by fields";"ar"
"cls.title_speedup_tech_settings";"Settings";"ar"
"cls.title_ttl_hooks";"Hooks to connect with addon";"ar"
"cls.title_ttl_other_settings";"Professional settings";"ar"
"cls.title_ttl_search_elements";"Setup search objects";"ar"
"cls.title_ttl_serch_on_storefronts";"Search storefronts categories";"ar"
"cls.title_turbo_cache";"Turbo cache";"ar"
"cls.title_turbo_cache_cron";"Commands for clearing Turbo-cache";"ar"
"cls.total_found";"Total found products";"ar"
"cls.turbo_cache_enabled";"Turbo-cache is activated!";"ar"
"cls.turbo_cache_information";"Turbo cache is a cache generated based on user search queries and works on Redis. The results of each new search query are stored in the cache. In the event that a search query already exists in the cache, the add-on skips the search query and returns a list of products directly from the cache. However, product prices are always retrieved from the database. This means that you do not need to clear the turbo cache if you are only updating product prices. Turbo cache operates on the Redis storage.";"ar"
"cls.turbo_cache_status";"Turbo cache status";"ar"
"cls.turbo_cache_status_ttl";"Enable/disable turbo cache";"ar"
"cls.turbo_cache_ttl";"Turbo cache lifetime, hours.";"ar"
"cls.turbo_cache_ttl_tooltip";"Specify the lifetime of the turbo cache in hours. Set the value to 0 if you want turbo cache does not expire.";"ar"
"cls.turbo_cache_unavailable";"Unfortunately, Turbo cache is currently unavailable on your server. Please contact your server's technical support to enable and configure the Redis service.";"ar"
"cls.turbo_cache_was_cleared";"Turbo cache cleared!";"ar"
"cls.upgrade";"Upgrade center";"ar"
"cls.user_last_queries";"Previously you searched";"ar"
"cls.vendors_limit";"Display no more than";"ar"
"cls.vendor_history_access";"Vendor search history access";"ar"
"cls.vendor_pages";"Vendor stores";"ar"
"cls.wrong_redis_configuration";"Turbo-cache is not activated! Please check the Redis server settings (server address, port, authentication). For precise information about the parameters, please contact your server administrator. Technical error details: <br>";"ar"
"cmcic_societe";"Societe";"ar"
"cname";"CNAME";"ar"
"code";"كود";"ar"
"code_snippets";"شفرة المقتطفات";"ar"
"coefficient";"المعامل";"ar"
"collapse_bg_color";"تقليص لون الخلفية";"ar"
"collapse_section";"قسم التصغير";"ar"
"collapse_sublist_of_items";"تقليص القوائم الفرعية";"ar"
"collapse_text_color";"تقليص لون النص";"ar"
"color";"اللون";"ar"
"column";"العمود";"ar"
"combination";"تركيبة";"ar"
"combination_code";"كود الجمع";"ar"
"comma";"فاصلة";"ar"
"comment";"التعليق";"ar"
"comments";"التعليقات";"ar"
"comments_and_reviews";"تعليقات وملاحظات";"ar"
"comment_by";"تعليق بواسطة";"ar"
"comment_hint";"استخدم ملاحظتك ليتم عرضها أسفل الخيار";"ar"
"commission";"العمولة";"ar"
"commissions";"العمولات";"ar"
"commissions_of_last_periods";"عمولات الفترة المنقضية";"ar"
"commission_rates";"معدلات العمولة";"ar"
"communication";"اتصالات";"ar"
"communication_and_rating";"الاتصال والتقييم";"ar"
"compact_list";"قائمة موجزة";"ar"
"companies";"الباعة";"ar"
"company";"الشركة";"ar"
"company_address";"عنوان الشركة";"ar"
"company_language_field_description";"اللغة المفضلة لإشعارات البريد الإلكتروني. سيتم إرسال معلومات الشركة (العنوان، وما إلى ذلك) إلى خدمات الشحن بهذه اللغة، وستظهر بهذه اللغة عند عدم تقديم أي ترجمات.";"ar"
"company_name";"شكراً لكم";"ar"
"company_not_found";"الشركة المختارة غير موجودة.";"ar"
"company_phone";"تليفون الشركة";"ar"
"company_settings";"إعدادات الشركة";"ar"
"compare";"مقارنة";"ar"
"compare_product_features";"مقارنة مواصفات المنتجات";"ar"
"comparison_list";"قائمة المقارنة";"ar"
"comparison_list_note";"انتقل إلى القائمة مقارنة المنتجات";"ar"
"comparsion";"مقارنة";"ar"
"compatibility";"التوافق";"ar"
"compatible_class";"صنف متوافق";"ar"
"completed";"تم";"ar"
"compressing_backup";"ضغط ملف قاعدة البيانات";"ar"
"compress_dump";"ضغط ملف قاعدة البيانات";"ar"
"condition";"الشرط";"ar"
"conditions";"الشروط";"ar"
"configure";"إعداد";"ar"
"confirm";"اعتمد";"ar"
"confirmation_dialog";"رسالة الاعتماد";"ar"
"confirmed";"مؤكد";"ar"
"confirm_password";"أعد كتابة كلمة المرور";"ar"
"conflicts";"التضاربات";"ar"
"congratulations";"تهانينا!";"ar"
"connection_ticket";"تذكرة الاتصال";"ar"
"contact_information";"بيانات الاتصال";"ar"
"contact_the_developer";"اتصل بالمطور";"ar"
"contact_us";"Contact us";"ar"
"contact_us_for_price";"اتصل بنا لمعرفة السعر";"ar"
"container_not_used";"لا يتم استخدام هذه الحاوية. ""[container]"" يتم استخدام حاوية الفووتر من المنطقة الافتراضية. يمكنكم تحديد هذه المنطقة كافتراضية ليتم استخدام هذه الحاوية ""[container]"" كفووتر في كل المناطق.";"ar"
"container_options";"خيارات الحاوية";"ar"
"content";"المحتوى";"ar"
"content_alignment";"محاذاة المحتوى";"ar"
"content_changed_for";"هذه الكتلة تحتوي على محتوى مختلف من";"ar"
"content_more";"المزيد";"ar"
"continue";"استمرار";"ar"
"continue_shopping";"استكمال التسوق";"ar"
"controller";"استبدال بـ";"ar"
"controller_description";"إذا كنت تريد تحديد اسم SEO لعنوان URL ، على سبيل المثال http://example.com/index.php?dispatch=<b>categories.catalog</b>، تحتاج إلى إدخال قيمة ""<b>categories.catalog</b>"" في ""<b>قيمة معلمة ""الإرسال"" من حقل URL</b>""وتحديد اسم تحسين محركات البحث في الحقل""<b>اسم SEO</b>"".";"ar"
"conversion";"التحويل";"ar"
"converting_data_in_table";"جار تحويل البيانات في الجدول [table]";"ar"
"cookie_is_disabled";"للحصول على تجربة تسوق كاملة ، يرجى <a href=""https://www.wikihow.com/Enable-Cookies-in-Your-Internet-Web-Browser"" target=""_blank"">ضبط المتصفح الخاص بك لقبول ملفات تعريف الارتباط</a>";"ar"
"coordinates";"إحداثيات";"ar"
"copied";"نسخ";"ar"
"copy";"نسخة";"ar"
"copyright_shopping_cart";"[product] - برنامج سلة التسوق";"ar"
"copy_theme_from_another_storefront";"انسخ المظهر وتنسيقاته من واجهة متجر أخرى";"ar"
"copy_to_other_locations";"نسخ لأماكن أخرى";"ar"
"core";"اللب";"ar"
"core_addon";"CS-Cart";"ar"
"core_files_have_been_modified";"تم تغيير بعض <a href=""[changes_url]""> الملفات الأساسية</a> يدوياً. يمكن أن تؤدي إلى مشاكل مختلفة، لا سيما عند الترقية إلى إصدار جديد من [product]. لمعرفة المزيد حول لماذا نحن ننصح بعدم تغيير الملفات الأساسية، يرجى قراءة هذه <a href=""[docs_url]"" target=""_blank"" > المادة</a>. [product] <br><br>يبحث تلقائياً عن التغييرات في الملفات الأساسية في كل مرة تقوم بتسجيل الدخول. لتعطيل هذا الاختيار، انتقل إلى <a href=""[settings_url]""> إعدادات ← العامة</a> واونتيك رصد التغييرات في خانة الاختيار الملفات الأساسية.";"ar"
"cost";"التكلفة";"ar"
"cost_dependences";"اعتماداً على التكلفة";"ar"
"could_not_connect_to_database";"لا يمكن الاتصال بقاعدة البيانات";"ar"
"could_not_open_file";"عذراً, لا يمكن فتح الملف.";"ar"
"countries";"الدول";"ar"
"countries_list";"قائمة الدول";"ar"
"country";"الدولة";"ar"
"country_code";"الرقم الدولي";"ar"
"count_document_fail_imported";"فشل استيراد المستندات:";"ar"
"count_document_successfully_imported";"المستندات التي تم استيرادها بنجاح:";"ar"
"count_email_template_fail_imported";"فشل استيراد قوالب البريد الإلكتروني:";"ar"
"count_email_template_successfully_imported";"تم بنجاح استيراد قوالب البريد الإلكتروني:";"ar"
"count_internal_template_fail_imported";"فشل استيراد قوالب الإعلام في الموقع:";"ar"
"count_internal_template_successfully_imported";"تم استيراد قوالب الإعلام في الموقع بنجاح:";"ar"
"count_snippet_fail_imported";"فشل استيراد القصاصات:";"ar"
"count_snippet_successfully_imported";"تم بنجاح استيراد القصاصات:";"ar"
"coupon";"الكوبون";"ar"
"coupons";"الكوبونات";"ar"
"coupon_already_used";"هذا الكوبون قيد الاستخدام بالفعل";"ar"
"coupon_code";"كود الكوبون";"ar"
"cpi_hash_key";"CPI Hash Key";"ar"
"create";"إنشاء";"ar"
"created";"منشأ";"ar"
"create_account";"إنشاء حساب";"ar"
"create_administrator_account";"إنشاء حساب أدمن";"ar"
"create_and_close";"إنشاء وإغلاق";"ar"
"create_backup";"إنشاء النسخ الاحتياطي";"ar"
"create_detailed_shipment";"إنشاء شحنة مفصلة";"ar"
"create_file";"إنشاء ملف";"ar"
"create_filters";"إنشاء الفلاتر";"ar"
"create_folder";"إنشاء مجلد";"ar"
"create_gift_certificate";"إنشاء شهادة هدية";"ar"
"create_gift_certificate_for_customer";"إنشاء شهادة هدية لهذا العميل";"ar"
"create_guest_account";"إتمام الشراء السريع بدون الحاجة لإنشاء حساب جديد";"ar"
"create_new_account";"إنشاء حساب دائم واستخدامه في إتمام الشراء";"ar"
"create_new_block";"إنشاء كتلة جديدة";"ar"
"create_new_layout";"إنشاء تخطيط جديد";"ar"
"create_new_order";"إنشاء طلب جديد";"ar"
"create_new_product";"إنشاء منتج جديد";"ar"
"create_or_link_an_existing_option";"إنشاء أو ربط خيار موجود";"ar"
"create_process_payment";"إنشاء ومعالجة الدفع";"ar"
"create_profile";"إنشاء بروفايل جديد";"ar"
"create_profile_notification_header";"شكرا لك لتصبح مستخدم مسجل في المتجر. أدناه سوف تجد معلومات الحساب الخاص بك.";"ar"
"create_table";"إنشاء جدول جديد";"ar"
"creating";"إنشاء";"ar"
"creating_storefront";"إنشاء واجهة المحل";"ar"
"creating_table";"إنشاء الجدول";"ar"
"creation_date";"تاريخ الإنشاء";"ar"
"credit_card";"البطاقة الائتمانية";"ar"
"credit_card_info";"الرقم المطبوع بجانب مكان الإمضاء على ظهر كارت الإئتمان. 3 ارقام مكتوبة بعد رقم كارت الإئتمان";"ar"
"credit_card_number";"رقم بطاقة الائتمان";"ar"
"credit_memo";"مذكرة الرصيد";"ar"
"credit_memo_id";"معرف مذكرة الرصيد";"ar"
"cresecureapitoken";"CRE SecureAPIToken";"ar"
"cresecureid";"CRE SecureID";"ar"
"cresecure_allowed_types";"أنواع البطاقات المسموحة";"ar"
"cron_export";"إعدادات تصدير Cron";"ar"
"cscart_marketplace";"سوق CS-Cart";"ar"
"cscart_marketplace.buy";"يشتري";"ar"
"cscart_marketplace.list_price";"قائمة الأسعار";"ar"
"cscart_marketplace.price";"السعر";"ar"
"cscart_marketplace.price_free";"حر";"ar"
"cscart_marketplace.search";"يبحث";"ar"
"cscart_marketplace.search_description";"ابحث في سوق الإضافات عن احتياجات عملك";"ar"
"csc_addons";"CS-Commerce Addons";"ar"
"csc_exim_categories";"Import/export categories";"ar"
"csc_live_search";"Live search add-on";"ar"
"csc_live_search.click_btn_below";"Click button below to start indexation process";"ar"
"csc_live_search.cluster_size";"Cluster size";"ar"
"csc_live_search.duration_process";"Process time";"ar"
"csc_live_search.finished_success";"Process of indexation was finished success!";"ar"
"csc_live_search.landing_title";"Products indexation page";"ar"
"csc_live_search.pause";"Pause process";"ar"
"csc_live_search.process_will_be_stopped";"Don't close tab until process will be finished";"ar"
"css.cron_commands";"Cron commands";"ar"
"css.cron_run_speedup_scaner";"Cron job link";"ar"
"css.example_run_php_script";"Cron job command line example";"ar"
"css.full_cron_run_speedup_scaner_with";"Cron job link with clear indexes";"ar"
"css.no_product_for_index";"All products already indexed. Clear indexes first if you want to make full reindexation";"ar"
"css.scaner_finish";"Products was indexed success!";"ar"
"csv_delimiter";"فاصلة الـ CSV";"ar"
"csv_file";"ملف الـ CSV";"ar"
"curl_error_code_reference_link";"لمعرفة ما الذي سبب الخطأ ، ابحث عن رقم الخطأ في <a target=""_blank"" href=""[href]""> هذه المقالة</a>.";"ar"
"curl_error_description_curle_ssl_invalidcertstatus";"الحالة التي تم إرجاعها الفشل عندما سئل مع CURLOPT_SSL_VERIFYSTATUS.";"ar"
"currencies";"العملات";"ar"
"currencies_menu_description";"قم بإعداد العملات التي تظهر بها الأسعار للعملاء.";"ar"
"currency";"العملة";"ar"
"currencycode";"كود العملة";"ar"
"currency_code_aed";"درهم إماراتي";"ar"
"currency_code_afn";"أفغاني أفغاني";"ar"
"currency_code_ang";"ANG";"ar"
"currency_code_aoa";"الأنغولي كوانزا";"ar"
"currency_code_aon";"الأنغولية كوانزا الجديدة";"ar"
"currency_code_ars";"ANG";"ar"
"currency_code_ats";"أنتيليان جيلدر";"ar"
"currency_code_aud";"دولار استرالي";"ar"
"currency_code_awg";"AWG";"ar"
"currency_code_azn";"مانات أذربيجان";"ar"
"currency_code_bam";"علامات البوسنة والهرسك القابلة للتحويل";"ar"
"currency_code_bbd";"دولار بربادوس";"ar"
"currency_code_bdt";"بنجلاديش تاكا";"ar"
"currency_code_bef";"فرنك بلجيكي";"ar"
"currency_code_bgl";"ليف بلغاريا";"ar"
"currency_code_bgn";"BGN";"ar"
"currency_code_bhd";"دينار بحريني";"ar"
"currency_code_bif";"فرنك بوروندي";"ar"
"currency_code_bmd";"الدولار البرمودي";"ar"
"currency_code_bnd";"دولار بروناي";"ar"
"currency_code_bob";"بوليفيانو بوليفي";"ar"
"currency_code_brl";"ريال برازيلي";"ar"
"currency_code_bsd";"الدولار الباهامي";"ar"
"currency_code_btn";"بوتان نولترم";"ar"
"currency_code_bwp";"بوتسوانا بولا";"ar"
"currency_code_byn";"روبل بيلاروسيا";"ar"
"currency_code_byr";"BYN";"ar"
"currency_code_bzd";"دولار بليز";"ar"
"currency_code_cad";"دولار كندي";"ar"
"currency_code_cdf";"فرنك كونغولي";"ar"
"currency_code_chf";"فرنك سويسري";"ar"
"currency_code_clp";"بيزو تشيلي";"ar"
"currency_code_cny";"CNY";"ar"
"currency_code_cop";"بيزو كولومبي";"ar"
"currency_code_crc";"كولون كوستاريكي";"ar"
"currency_code_csd";"دينار صربي";"ar"
"currency_code_cve";"اسكودو الرأس الأخضر";"ar"
"currency_code_cyp";"Cyprus Pound";"ar"
"currency_code_cyr";"Cyprus Pound";"ar"
"currency_code_czk";"Czech Koruna";"ar"
"currency_code_dem";"دويتشه مارك";"ar"
"currency_code_djf";"فرنك جيبوتي";"ar"
"currency_code_dkk";"Danish Kroner";"ar"
"currency_code_dop";"بيزو دومنيكاني";"ar"
"currency_code_dzd";"الدينار الجزائري";"ar"
"currency_code_ecs";"إكوادور سوكري";"ar"
"currency_code_eek";"Estonian Kroon";"ar"
"currency_code_egp";"جنيه مصري";"ar"
"currency_code_ern";"نافكا الارترية";"ar"
"currency_code_esp";"البيزيتا الاسبانية";"ar"
"currency_code_etb";"بر اثيوبي";"ar"
"currency_code_eur";"يورو";"ar"
"currency_code_fim";"ماركا الفنلندية";"ar"
"currency_code_fjd";"Fiji Dollar";"ar"
"currency_code_fkp";"جنيه جزر فوكلاند";"ar"
"currency_code_frf";"فرنك فرنسي";"ar"
"currency_code_gbp";"جنيه إسترليني";"ar"
"currency_code_gel";"GEL";"ar"
"currency_code_ghs";"غانا سيدي";"ar"
"currency_code_gip";"جبل طارق الجنيه";"ar"
"currency_code_gmd";"الدالاسي الجامبي";"ar"
"currency_code_gnf";"فرنك غينيا";"ar"
"currency_code_grd";"دراخما اليونانية";"ar"
"currency_code_gtq";"كوتزال غواتيمالا";"ar"
"currency_code_gyd";"دولار غيانا";"ar"
"currency_code_hkd";"دولار هونج كونجي";"ar"
"currency_code_hnl";"هندوراس لمبيرا";"ar"
"currency_code_hrk";"كرونا كرواتية";"ar"
"currency_code_htg";"هايتي جورد";"ar"
"currency_code_huf";"فورنت مجري";"ar"
"currency_code_idr";"الروبية الاندونيسية";"ar"
"currency_code_iep";"الجنيه الايرلندي";"ar"
"currency_code_ils";"شيكل لدولة الإحتلال الإسرائيلي";"ar"
"currency_code_inr";"روبية هندية";"ar"
"currency_code_iqd";"الدينار العراقي";"ar"
"currency_code_irr";"ريال ايراني";"ar"
"currency_code_isk";"Iceland Krona";"ar"
"currency_code_itl";"ليرة ايطالية";"ar"
"currency_code_jmd";"الدولار الجامايكي";"ar"
"currency_code_jod";"دينار أردني";"ar"
"currency_code_jpy";"ين ياباني";"ar"
"currency_code_kes";"شلن كيني";"ar"
"currency_code_khr";"الريال الكمبودي";"ar"
"currency_code_kmf";"فرنك كونغولي";"ar"
"currency_code_kpw";"North Korean Won";"ar"
"currency_code_krw";"South Korean Won";"ar"
"currency_code_kwd";"دينار كويتي";"ar"
"currency_code_kyd";"دولار جزر كايمان";"ar"
"currency_code_kzt";"Kazakhstani tenge";"ar"
"currency_code_lak";"لاوس كيب";"ar"
"currency_code_lbp";"ليرة لبنانية";"ar"
"currency_code_lkr";"سري لانكا روبية";"ar"
"currency_code_lrd";"الدولار الليبيري";"ar"
"currency_code_lsl";"لوتي ليسوتو (مالوتي)";"ar"
"currency_code_ltl";"Lithuanian Litas";"ar"
"currency_code_luf";"فرنك لوكسمبورغ";"ar"
"currency_code_lvl";"Latvian Lat";"ar"
"currency_code_lyd";"دينار ليبي";"ar"
"currency_code_mad";"MAD";"ar"
"currency_code_mdl";"ليو مولدوفا";"ar"
"currency_code_mga";"مدغشقر أرياري";"ar"
"currency_code_mgf";"فرنك ملغاشي";"ar"
"currency_code_mkd";"دينار مقدوني";"ar"
"currency_code_mmk";"كيات ميانمار";"ar"
"currency_code_mnt";"توغريك المنغولي";"ar"
"currency_code_mop";"ماكاو باتاكا";"ar"
"currency_code_mro";"موريتانيا أوقية";"ar"
"currency_code_mtl";"ليرة مالطية";"ar"
"currency_code_mur";"روبية موريشيوس";"ar"
"currency_code_mvr";"روفيا جزر المالديف";"ar"
"currency_code_mwk";"ملاوي كواشا";"ar"
"currency_code_mxn";"Mexican Peso";"ar"
"currency_code_myr";"Malaysian Ringgit";"ar"
"currency_code_mzn";"موزمبيق متكال";"ar"
"currency_code_nad";"الدولار الناميبي";"ar"
"currency_code_ngn";"نيرة نيجيرية";"ar"
"currency_code_nio";"نيكاراغوا كوردوبا أورو";"ar"
"currency_code_nlg";"جيلدر هولندي";"ar"
"currency_code_nok";"Norwegian Kroner";"ar"
"currency_code_npr";"روبية نيبالية";"ar"
"currency_code_nzd";"دولار نيوزلاندي";"ar"
"currency_code_omr";"الريال العماني";"ar"
"currency_code_pab";"بالبوا بنمي";"ar"
"currency_code_pen";"نويفو سول بيرو";"ar"
"currency_code_pgk";"Papua New Guinea Kina";"ar"
"currency_code_php";"البيزو الفلبيني";"ar"
"currency_code_pkr";"الروبية الباكستانية";"ar"
"currency_code_pln";"زلوتيتش البولندية";"ar"
"currency_code_png";"كينا بابوا غينيا الجديدة";"ar"
"currency_code_pte";"اسكودو برتغالي";"ar"
"currency_code_pyg";"غواراني باراغواي";"ar"
"currency_code_qar";"ريال قطري";"ar"
"currency_code_rol";"الرومانية Lei";"ar"
"currency_code_ron";"RON";"ar"
"currency_code_rsd";"دينار صربي جديد";"ar"
"currency_code_rub";"RUB";"ar"
"currency_code_rur";"الروبل الروسي";"ar"
"currency_code_rwf";"فرنك رواندا";"ar"
"currency_code_sar";"ريال سعودي";"ar"
"currency_code_sbd";"Solomon Islands Dollar";"ar"
"currency_code_scr";"سيشيل روبية";"ar"
"currency_code_sdp";"جنيه سوداني";"ar"
"currency_code_sek";"Sweden Kroner";"ar"
"currency_code_sgd";"دولار سنغافوري";"ar"
"currency_code_shp";"سانت هيلينا باوند";"ar"
"currency_code_sit";"Slovenian Tolar";"ar"
"currency_code_skk";"Slovak Koruna";"ar"
"currency_code_sll";"سيراليون ليون";"ar"
"currency_code_sos";"شلن صومالي";"ar"
"currency_code_srd";"سورينام دولار";"ar"
"currency_code_srg";"سورينام جيلدر";"ar"
"currency_code_std";"دوبرا";"ar"
"currency_code_svc";"السلفادور كولون";"ar"
"currency_code_syp";"الليرة السورية";"ar"
"currency_code_szl";"سوازيلاند ليلانجيني";"ar"
"currency_code_thb";"Thai Baht";"ar"
"currency_code_tjs";"طاجيكستان سوموني";"ar"
"currency_code_tmt";"تركمانستان مانات";"ar"
"currency_code_tnd";"دينار تونسي";"ar"
"currency_code_top";"Tongan Pa'anga";"ar"
"currency_code_trl";"Turkish Lira";"ar"
"currency_code_try";"Turkish Lira";"ar"
"currency_code_ttd";"دولار ترينداد وتوباغو";"ar"
"currency_code_twd";"الدولار التايواني الجديد";"ar"
"currency_code_tzs";"شلن تنزاني";"ar"
"currency_code_uah";"UAH";"ar"
"currency_code_ugx";"أوغندا شلن";"ar"
"currency_code_usd";"دولار أمريكي";"ar"
"currency_code_uyu";"بيزو أوروغواي";"ar"
"currency_code_uzs";"مجموع أوزبكستان";"ar"
"currency_code_veb";"بوليفار فنزويلي";"ar"
"currency_code_vef";"بوليفار فنزويلي فويرتي";"ar"
"currency_code_vnd";"الفيتنامية الجديدة دونغ";"ar"
"currency_code_vuv";"Vanuatu Vatu";"ar"
"currency_code_wst";"Samoan Tala";"ar"
"currency_code_xaf";"XAF";"ar"
"currency_code_xcd";"دولار شرق الكاريبي";"ar"
"currency_code_xof";"XOF";"ar"
"currency_code_xpf";"XPF";"ar"
"currency_code_yer";"ريال يمني";"ar"
"currency_code_yum";"دينار يوغسلافي جديد";"ar"
"currency_code_zar";"Rand";"ar"
"currency_code_zmw";"كواشا زامبيا";"ar"
"currency_code_zwd";"دولار زيمبابوي";"ar"
"currency_deleted";"تم حذف العملة بنجاح.";"ar"
"currency_rate";"النسبة";"ar"
"currency_rate_greater_than_null";"معدل تغيير العملة يجب أن يكون أعلى من صفر.";"ar"
"currency_sign";"التوقيع";"ar"
"currently_in_use";"قيد الاستخدام";"ar"
"current_amount";"المبلغ الحالي";"ar"
"current_database_size";"مساحة قواعد البيانات الحالية";"ar"
"current_path";"المسار الحالي";"ar"
"current_period";"الفترة الزمنية الحالية";"ar"
"current_previous_period";"'الحالية ('[date]') والفترة السابقة'";"ar"
"current_setting_value";"القيمة الحالية";"ar"
"current_theme";"الثيم الحالي";"ar"
"custom";"مخصص";"ar"
"customer";"عميل";"ar"
"customers";"العملاء";"ar"
"customers_menu_title";"المستخدمين";"ar"
"customers_with_abandoned";"العملاء الذين تم التخلي عنهم";"ar"
"customer_address";"عنوان العميل";"ar"
"customer_details";"تفاصيل العميل";"ar"
"customer_email";"إيميل العميل";"ar"
"customer_id";"معرف العميل";"ar"
"customer_info";"بيانات العميل";"ar"
"customer_information";"معلومات العميل";"ar"
"customer_info_sidebar";"معلومات العميل";"ar"
"customer_notes";"تعليقات العملاء";"ar"
"customer_notifications";"إخطارات العملاء";"ar"
"customer_phone";"هاتف العميل";"ar"
"customer_signature";"توقيع العميل";"ar"
"customer_sign_in";"تسجيل دخول العميل";"ar"
"customer_text_letter_footer";"شكراً لاستخدامكم متجرنا الإلكتروني.";"ar"
"customer_to_admin_communication.event.message_received.name";"عميل إلى مسؤول: تم استلام رسالة جديدة";"ar"
"customization";"التخصيص";"ar"
"customize";"تخصيص";"ar"
"custom_blocks.content";"المحتوى";"ar"
"custom_blocks.create_block";"إنشاء كتلة";"ar"
"custom_blocks.dismissed_by_vendor";"تم رفض هذا الحظر من قبل هذا البائع. قد لا يزال البائعون الآخرون يرون ذلك.";"ar"
"custom_blocks.edit_block";"تحرير الكتلة";"ar"
"custom_blocks.first_menu_level_url.hint";"إذا أدخلت رابطًا ، فسيؤدي عنصر القائمة إلى الصفحة المحددة ، ولن يفتح قسم القائمة. يمكن أن يؤدي الارتباط إلى موقع خارجي (مثل https://example.com) أو في مكان ما في لوحة إدارة المورد (استخدم الجزء بعد ""؟ dispatch ="" من شريط العنوان في متصفحك).";"ar"
"custom_blocks.name";"اسم";"ar"
"custom_blocks.sections.onboarding_title";"دليل Onboarding";"ar"
"custom_blocks.url";"URL";"ar"
"custom_blocks.url.hint";"يمكن أن يؤدي الارتباط إلى موقع خارجي (مثل https://example.com) أو في مكان ما في لوحة إدارة المورد (استخدم الجزء بعد ""؟ dispatch ="" من شريط العنوان في متصفحك).";"ar"
"custom_blocks.use_this_space";"استخدم هذه المساحة للإعلانات التي سيشاهدها كل البائعين لديك. يمكنك كتابة نص عادي أو استخدام HTML و CSS للتخصيص.";"ar"
"custom_menu.item_hidden_due_to_privileges";"لا يمكن لهذا البائع رؤية عنصر القائمة هذا بسبب الامتيازات. قد لا يزال البائعون الآخرون يرون ذلك.";"ar"
"custom_menu.section_has_one_visible_item";"يحتوي هذا القسم على عنصر قائمة مرئي واحد فقط. سيظهر هذا العنصر بدلاً من المقطع.";"ar"
"custom_range";"مدى مخصص";"ar"
"custom_search";"بحث مخصص";"ar"
"cutted_product_codes";"أكواد المنتجات التالية أطول من المتاح, وتم تقليل أكوادها إلى 32 حرف:";"ar"
"cvv2";"CVV/CVC";"ar"
"czech";"التشيكية";"ar"
"daily";"يومي";"ar"
"danish";"الدانماركية";"ar"
"dashboard";"الخلاصات";"ar"
"dashboard.analytics_card.active_products";"المنتجات النشطة";"ar"
"dashboard.analytics_card.activity";"نشاط";"ar"
"dashboard.analytics_card.average_order_value";"متوسط قيمة الطلب";"ar"
"dashboard.analytics_card.new_products";"منتجات جديدة";"ar"
"dashboard.analytics_card.new_vendors";"الباعة الجدد";"ar"
"dashboard.analytics_card.orders";"الطلب #٪ s";"ar"
"dashboard.analytics_card.out_of_stock";"إنتهى من المخزن";"ar"
"dashboard.analytics_card.products_details";"تفاصيل المنتجات";"ar"
"dashboard.analytics_card.recent_orders";"الطلبيات الأخيرة";"ar"
"dashboard.analytics_card.registered_customers";"العملاء المسجلين";"ar"
"dashboard.analytics_card.sales";"مبيعات";"ar"
"dashboard.analytics_card.stores";"واجهات المحلات";"ar"
"dashboard.analytics_card.top_products";"أهم المنتجات";"ar"
"dashboard.analytics_card.unlimited";"غير محدود";"ar"
"dashboard.analytics_card.vendors";"الباعة";"ar"
"dashboard.analytics_card.vendors_not_logged";"الباعة الذين لم يسجلوا الدخول";"ar"
"dashboard.analytics_card.vendors_with_new_products";"الباعة مع المنتجات الجديدة";"ar"
"dashboard.analytics_card.vendors_with_sales";"الباعة مع المبيعات";"ar"
"dashboard.analytics_card.vendor_activity";"نشاط البائع";"ar"
"dashboard.analytics_card.vendor_current_balance";"الرصيد الحالي";"ar"
"dashboard.analytics_card.view_accounting";"عرض المحاسبة";"ar"
"dashboard.analytics_card.view_customers";"عرض العملاء";"ar"
"dashboard.analytics_card.view_orders";"عرض الطلبات";"ar"
"dashboard.analytics_card.view_products";"مشاهدة المنتجات";"ar"
"dashboard.analytics_card.view_stores";"عرض واجهات المحلات";"ar"
"dashboard.analytics_card.view_vendors";"عرض البائعين";"ar"
"dashboard.analytics_section_title";"تحليلات";"ar"
"dashboard.todo.has_products_without_category";"<strong>[n] المنتج</strong> لا يحتوي على فئة. الرجاء تعيين فئة لها ، وإلا فقد لا يراها العملاء. |<strong>[n] منتجات</strong> ليس لديها فئة. يرجى تخصيص فئة لهم ، وإلا فقد لا يراها العملاء.";"ar"
"dashboard.todo.new_vendors";"<strong>[n] بائع جديد</strong> ينتظر الوصول إلى لوحة البائع الخاصة بهم. |<strong>[n] بائعين جدد</strong> ينتظرون الوصول إلى لوحة البائعين الخاصة بهم.";"ar"
"dashboard.todo.suspend_alert";"<strong>تم تعليق حسابك.</strong> لرفع التعليق ، يرجى الاتصال بنا.";"ar"
"dashboard.todo.upgrade_center_addons_upgrade_available";"تتوفر إصدارات جديدة لبعض الوظائف الإضافية الخاصة بك.";"ar"
"dashboard.todo.upgrade_center_core_upgrade_available";"يتوفر إصدار جديد من CS-Cart.";"ar"
"dashboard.todo.vendor_status_pending";"<strong>لا تظهر شركتك ومنتجاتك</strong> على واجهة المحل في الوقت الحالي ، في انتظار موافقة المسؤول.";"ar"
"dashboard.todo.vendor_withdrawal_requests";"<strong>[n] اطلب</strong> من البائع لتلقي أموالهم. |<strong>[n] طلبات</strong> من البائعين لاستلام أموالهم.";"ar"
"dashboard.view";"رأي";"ar"
"dashboard.view_all";"مشاهدة الكل";"ar"
"dashboard.view_report";"عرض التقرير";"ar"
"dashboard.view_reports";"عرض التقارير";"ar"
"database";"قاعدة البيانات";"ar"
"database_data_changes";"تغييرات بيانات قاعدة البيانات";"ar"
"database_structure_changes";"تغييرات هيكل قاعدة البيانات";"ar"
"datafeed.description";"سيتم تصدير المنتجات التي تلبي <strong> جميع </strong> الشروط التالية فقط:";"ar"
"datafeed_name";"اسم مغذي البيانات";"ar"
"datakeeper.error_unsupported_file_type";"لا يمكن استعادة الملف. ملفات.sql،.zip و.tgz فقط مسموح بها.";"ar"
"datakeeper.file_cannot_be_overrided";"لا يمكن الكتابة إلى الملف <b>[file]</b>. تعيين أذونات للكتابة يدوياً أو التحقق من الوصول إلى بروتوكول نقل الملفات إلى الخادم الخاص بك في المقطع <a href=""[url]""> ""ترقية مركز""</a>";"ar"
"datakeeper.run_backup_via_cron_message";"يمكنك تشغيل النسخ الاحتياطي تلقائيًا في فترات زمنية معينة. للقيام بذلك ، أضف الأمر التالي إلى <a href=""https://en.wikipedia.org/wiki/Cron"" target=""_blank""> Cron </a>:";"ar"
"datatrans_caa";"تفويض مع تسوية فورية";"ar"
"datatrans_noa";"تفويض فقط";"ar"
"datatrans_sign";"التوقيع الرقمي";"ar"
"data_feed";"مغذي البيانات";"ar"
"data_feed.error_exim_no_data_exported";"لا توجد بيانات مصدرة";"ar"
"data_feeds";"مغذي البيانات";"ar"
"data_feeds.exclude_shared_products";"استبعاد المنتجات المشتركة";"ar"
"data_feeds.text_tooltip_field_name";"اسم العمود في ملف خلاصة البيانات.";"ar"
"data_feeds.text_tooltip_field_type";"نوع البيانات من متجرك والتي سيتم تصديرها إلى هذا العمود لملف خلاصة البيانات.";"ar"
"date";"التاريخ";"ar"
"date_added";"تاريخ الإضافة";"ar"
"date_of_birth";"تاريخ الميلاد";"ar"
"day";"يوم";"ar"
"days";"يوم";"ar"
"days_old";"يوم";"ar"
"day_or_days";"يوم (أيام)";"ar"
"db_backup_restore";"نسخ/استعادة القاعدة";"ar"
"db_name";"اسم قاعدة البيانات";"ar"
"dear";"السلام عليكم يا";"ar"
"debit";"مدين";"ar"
"decimals";"الأرقام العشرية";"ar"
"decline";"رفض";"ar"
"declined";"رفض";"ar"
"declined_products_information";"معلومات المنتجات المرفوضة";"ar"
"decline_products";"رفض المنتجات";"ar"
"decline_selected";"رفض المحدد";"ar"
"decorator";"المزخرف";"ar"
"decrease";"تقليص";"ar"
"dec_sign";"العلامة العشرية";"ar"
"default";"افتراضي";"ar"
"default_category_view";"عرض الفئة الاساسية";"ar"
"default_currency_status";"لا يمكن تغيير حالة العملة الافتراضية";"ar"
"default_custom.custom";"مخصص...";"ar"
"default_custom.custom_value";"مخصص ([value])";"ar"
"default_custom.disabled";"معطل";"ar"
"default_custom.edit_global";"تحرير ([name]) العالمي ...";"ar"
"default_custom.edit_parent";"تحرير الأصل ([name]) ...";"ar"
"default_custom.global";"عالمي ([name])";"ar"
"default_custom.parent";"الأصل ([name])";"ar"
"default_decline_inventory_info";"لتجنب الموقف عندما يشتري عميلان نفس المنتج ، تعمل هذه الحالة دائمًا على تقليل المخزون.";"ar"
"default_filter_by_location";"لم يتم تحديد مصفاة. تم تعيين المصفاة الافتراضية عبر الموقع.";"ar"
"default_language";"اللغة الافتراضية";"ar"
"default_language_status";"لا يمكن تغيير حالة اللغة الافتراضية";"ar"
"default_layout";"التخطيط الافتراضي";"ar"
"default_long_options_template";"القالب الافتراضي (أسماء خيارات المنتج طويلة)";"ar"
"default_product_details_view";"الأصل ([الافتراضي])";"ar"
"default_storefront";"الافتراضي";"ar"
"default_storefront_must_exist";"يجب أن تكون واجهة المتجر الافتراضية موجودة في المتجر";"ar"
"default_template";"القالب الافتراضي";"ar"
"default_value";"القيمة الافتراضية";"ar"
"deferred";"مؤجل";"ar"
"defined";"معرف";"ar"
"defined_desired_products";"قائمة المنتجات المرغوبة";"ar"
"defined_items";"عنصر معرف";"ar"
"delay";"المهلة (بالثواني)";"ar"
"delete";"حذف";"ar"
"deleted";"محذوفة";"ar"
"deleted_product";"منتج محذوف";"ar"
"delete_all_images";"احذف جميع الصور";"ar"
"delete_block";"حذف الكتلة";"ar"
"delete_confirmation";"هل أنت متأكد من أنك تريد حذف العناصر المحددة؟";"ar"
"delete_default_destination_notice";"تعذر حذف منطقة المعدل الافتراضي. يجب أن تكون موجودة دائمًا.";"ar"
"delete_downloadable_product_files";"احذف الملفات الموجودة الخاصة بالمنتجات القابلة للتنزيل";"ar"
"delete_downloadable_product_files_tooltip";"إذا قمت بتمكين هذا الإعداد ، فسيؤدي استيراد المنتجات القابلة للتنزيل إلى حذف ملفاتها الحالية. إذا تم تعطيل الإعداد ، فستتم ببساطة إضافة الملفات الجديدة للمنتجات القابلة للتنزيل إلى الملفات الحالية.";"ar"
"delete_grid";"حذف الشبكة";"ar"
"delete_image";"حذف الصورة";"ar"
"delete_image_pair";"حذف زوج الصور";"ar"
"delete_install_folder";"يرجى حذف مجلد التركيب install.<br /><br />وجود مجلد التركيب على السيرفر من الممكن أن يتسبب في خرق أمني خطير.";"ar"
"delete_my_account";"احذف حسابي";"ar"
"delete_my_account_description";"<p>سنقوم بإلغاء تنشيط حسابك وإزالة جميع بياناتك الشخصية منه. بعد ذلك لن تتمكن من تسجيل الدخول. ومع ذلك ، ستتمكن من تسجيل حساب جديد بنفس عنوان البريد الإلكتروني في المستقبل. يرجى ملاحظة أننا سنحتاج إلى بعض الوقت لمعالجة هذا الطلب ، لذلك لن يتم إلغاء تنشيط حسابك على الفور. إذا كان لديك أي تعليقات بخصوص طلبك ، فيرجى تركها في الحقل أدناه.</p>";"ar"
"delete_range";"حذف المدى";"ar"
"delete_selected";"حذف المحدد";"ar"
"delete_subscribers";"حذف المشتركين";"ar"
"delete_this_category";"حذف هذه الفئة";"ar"
"delete_this_page";"حذف هذه الصفحة";"ar"
"delete_this_return";"احذف هذا الإرجاع";"ar"
"deleting_required_category_notification_text";"الفئة ""[category]"" مطلوبة ولا يمكن حذفها.";"ar"
"delivery_time";"وقت التسليم";"ar"
"demo";"عرض";"ar"
"demo_mode";"وضع العرض التجريبي مفعل";"ar"
"demo_mode_content_text";"<p>المتجر يعمل في <b>وضع العرض التجريبي</b> وهذه الخاصية أو الصفحة غير متاحة.</p>";"ar"
"demo_panel.block_manager.enable";"تعديل الهيكل <br/> <br/> قم بتغيير الكتل المختلفة بالمعلومات: قم بإظهارها أو إخفائها أو نقلها كما تراه مناسبًا. <br/> يعمل هذا حاليًا في أنواع الصفحات التالية: الصفحة الرئيسية ، المنتج ، الفئة ، الخروج . <br/> <br/> لاستخدام هذه الوظيفة في متجر [product] الخاص بك ، انتقل إلى التصميم ← السمات وانقر على ""تعديل التخطيط في الموقع""";"ar"
"demo_panel.demo_store_panel";"لوحة معاينة المتجر التجريبي";"ar"
"demo_panel.demo_will_be_reset_in";"إن شاء الله سيُعاد تعيين المتجر خلال:";"ar"
"demo_panel.go_admin_panel";"اذهب للوحة تحكم الأدمن";"ar"
"demo_panel.go_storefront";"اذهب لواجهة الزوار";"ar"
"demo_panel.go_vendor_panel";"اذهب للوحة تحكم البائع";"ar"
"demo_panel.theme_editor.enable";"تحرير النمط <br/> <br/> قم بتغيير نمط متجرك (الشعارات والألوان والخطوط وما إلى ذلك) وشاهد التغييرات أثناء إجرائها. <br/> <br/> لاستخدام هذه الوظيفة في متجر [product] ، انتقل إلى التصميم ← السمات وانقر على ""محرر السمات""";"ar"
"denied";"مرفوض";"ar"
"dependence";"ترتيب بواسطة";"ar"
"deposit_amount";"قيمة الإيداع";"ar"
"deprecated";"متوقف";"ar"
"desc";"تنازلي";"ar"
"description";"الوصف";"ar"
"descr_avs";"AVS verification response";"ar"
"descr_cvv";"CVV2 verification response";"ar"
"design";"التصميم";"ar"
"design_mode";"وضع التصميم";"ar"
"desired_amount";"الكمية المرغوبة";"ar"
"destination";"الوجهة";"ar"
"destination_nothing_found";"لم يتم العثور على وجهة مناسبة";"ar"
"detailed_description";"وصف تفصيلي";"ar"
"detailed_image";"صورة مفصلة";"ar"
"detailed_images";"صور مفصلة";"ar"
"detailed_image_url";"عنوان URL مفصل للصورة";"ar"
"detailed_info";"معلومات تفصيلية";"ar"
"detailed_shipment";"شحنة مفصلة";"ar"
"details";"تفاصيل";"ar"
"developer";"المطور";"ar"
"developers";"المطورين";"ar"
"developer_page";"صفحة المطور";"ar"
"development";"التطوير";"ar"
"diff";"تغييرات الملف";"ar"
"different_only";"المختلف فقط";"ar"
"directory";"المجلد";"ar"
"direct_download";"تحميل مباشر";"ar"
"disable";"تعطيل";"ar"
"disabled";"معطل";"ar"
"disabled_categories";"الفئات المعطلة";"ar"
"disabled_product_not_added_to_cart";"هذا المنتج معطل ولا يمكن إضافته إلى سلة التسوق";"ar"
"disable_for";"تعطيل لـ";"ar"
"disable_selected";"تعطيل المحدد";"ar"
"disabling_primary_currency_disallowed";"لا يمكن تعطيل العملة لأنها أساسية. اجعل عملة مختلفة أساسية أولاً.";"ar"
"disapprove";"رفض";"ar"
"disapproved";"مرفوض";"ar"
"disapprove_selected";"رفض المحدد";"ar"
"discount";"الخصم";"ar"
"discounted_price";"سعر الخصم";"ar"
"discounts";"الخصومات";"ar"
"discount_coupon";"كوبون الخصم";"ar"
"discount_coupon_code";"كود كوبون الخصم";"ar"
"discussion";"تعليقات وتقيمات";"ar"
"discussion.add_new_review";"مناقشة: تقييم جديد";"ar"
"discussion.agreement_text_full_add_new_review";"<p> سيظهر اسمك بجوار تعليقك أو تعليقك ، وسيكون مرئيًا للجميع. نحن ([company]) نحفظ أيضًا عنوان IP الخاص بك كإجراء احترازي أمني ، ولكن لا يمكن إلا لموظفينا رؤيته. سيبقى في نظامنا حتى تسحب موافقتك. إذا كنت ترغب في إزالة بياناتك الشخصية ، فأرسل بريدًا إلكترونيًا إلى [email]. </p> <p> إذا كنت تعتقد أنه قد تم إساءة استخدام بياناتك الشخصية ، فيحق لك تقديم شكوى إلى سلطة إشرافية . نحن ملزمون بموجب اللائحة العامة لحماية البيانات في الاتحاد الأوروبي بإعلامك بهذا الحق ؛ لا ننوي في الواقع إساءة استخدام بياناتك. </p>";"ar"
"discussion.agreement_text_short_add_new_review";"أوافق على معالجة بياناتي الشخصية <u> كما يلي. </u>";"ar"
"discussion.comments_and_reviews_menu";"تعليقات";"ar"
"discussion.event.categories.new_post";"الفئات: تم نشر تقييم جديد";"ar"
"discussion.event.orders.new_post";"اتصالات الطلب: تمت إضافة رسالة جديدة";"ar"
"discussion.event.pages.new_post";"الصفحات: تم نشر تعليق جديد";"ar"
"discussion.event.products.new_post";"المنتجات: تم نشر تقييم جديد";"ar"
"discussion.event.testimonials.new_post";"الشهادات: تم نشر مراجعة جديدة";"ar"
"discussion.event.vendors.new_post";"الباعة: تم نشر تقييم جديد";"ar"
"discussion.please_log_in_to_write_a_review";"الرجاء تسجيل الدخول لكتابة التقيم";"ar"
"discussion.you_have_to_buy_from_vendor_before_writing_review";"لا يمكنك كتابة مراجعة لهذا البائع. يمكن للعملاء كتابة مراجعات للبائع فقط بعد أن يشتروا شيئًا من هذا البائع. إذا قدمت طلبًا بالفعل مع هذا البائع ، ولكنك ما زلت ترى هذه الرسالة ، فيرجى الاتصال بنا.";"ar"
"discussion.you_have_to_buy_product_before_writing_review";"لا يمكنك كتابة مراجعة لهذا المنتج. يمكن للعملاء كتابة مراجعات للمنتجات التي اشتروها فقط. إذا كنت قد اشتريت هذا المنتج منا بالفعل ، ولكنك لا تزال ترى هذه الرسالة ، فيرجى الاتصال بنا.";"ar"
"discussion_manager";"التغليقات و الاراء";"ar"
"discussion_tab_categories";"تقيمات الفئة";"ar"
"discussion_tab_companies";"تقيمات الشركة";"ar"
"discussion_tab_home_page";"شهادات";"ar"
"discussion_tab_orders";"طلب الاتصال";"ar"
"discussion_tab_pages";"تعليقات الصفحة";"ar"
"discussion_tab_products";"تقيمات المنتج";"ar"
"discussion_title_category";"اراء و تقيينات";"ar"
"discussion_title_company";"تقيمات";"ar"
"discussion_title_giftreg";"سجل الزوار";"ar"
"discussion_title_home_page";"شهادات";"ar"
"discussion_title_order";"اتصالات";"ar"
"discussion_title_page";"التعليقات";"ar"
"discussion_title_product";"ملاحظات";"ar"
"discussion_title_return";"الاتصالات";"ar"
"dismiss";"رفض";"ar"
"dispatch";"المنطقة";"ar"
"dispatch_value";"قيمة الإرسال";"ar"
"display";"عرض";"ar"
"displayed_vendors";"المتاجر المعروضة";"ar"
"display_bottom_buttons";"عرض الأزرار السفلية";"ar"
"display_delete_icons";"عرض أيقونات الحذف";"ar"
"display_message";"عرض الرسالة";"ar"
"display_on";"عرض في";"ar"
"display_type";"نوع العرض";"ar"
"display_variants_count";"عدد الفلاتر الظاهرة يختلف قبل القائمة";"ar"
"documents";"الوثائق";"ar"
"document_exists";"المستند مع الرمز المختار موجود بالفعل، يرجى اختيار آخر.";"ar"
"document_import_success_msg";"تم استيراد كافة قوالب المستندات دون أخطاء.";"ar"
"document_preview_gift_certificate_not_found";"تعذر العثور على شهادة هدية. المعاينة تعمل فقط مع البيانات الموجودة. الرجاء إنشاء شهادة هدية واستخدام معاينة مرة أخرى.";"ar"
"document_preview_order_not_found";"لا يمكن العثور على نظام. معاينة يعمل فقط مع البيانات الموجودة. الرجاء إنشاء أمر شراء واستخدام معاينة مرة أخرى.";"ar"
"document_preview_return_request_not_found";"لا يمكن العثور على طلب إرجاع. المعاينة تعمل فقط مع البيانات الموجودة. الرجاء إنشاء طلب إرجاع واستخدام المعاينة مرة أخرى.";"ar"
"domain";"نطاق";"ar"
"domains";"النطاقات";"ar"
"domestic_usps";"Domestic U.S.P.S.";"ar"
"done";"تم";"ar"
"dont_track";"بدون تعقب";"ar"
"dont_use_cardinal";"Don't use Cardinal Centinel&reg; for 3-D Secure Payer Authentication";"ar"
"dots";"عبر النقاط";"ar"
"down";"أسفل";"ar"
"download";"تحميل";"ar"
"downloadable";"قابل للتحميل الإلكتروني";"ar"
"downloadable_product_files_directory";"دليل لملفات المنتجات القابلة للتنزيل";"ar"
"downloadable_shipping";"تشغيل الشحن إذا كان قابل للتحميل الإلكتروني";"ar"
"downloaded_addons";"الوظائف الإضافية التي تم تنزيلها ([n])";"ar"
"downloaded_add_ons";"الوظائف الإضافية التي تم تنزيلها";"ar"
"downloads";"مركز التحميل";"ar"
"downloads_max_left";"التحميلات (الأقصى/المتبقي)";"ar"
"download_key_expiry";"انتهاء صلاحية مفتاح التحميل";"ar"
"download_link_expired";"رابط التحميل منتهي الصلاحية أو غير جاهز.";"ar"
"do_not_change";"بدون تغيير";"ar"
"do_not_pass_logo";"لا تمرر لوجو سلّة التسوق للتاجر";"ar"
"do_not_use";"-";"ar"
"drlicense_number";"رقم رخصة القيادة";"ar"
"dropdown_horizontal";"منسدلة أفقياً";"ar"
"dropdown_limit";"أقل عدد من العناصر التي سيتم وضعها في القائمة المنسدلة.";"ar"
"dropdown_second_level_elements";"عناصر المستوى الثاني";"ar"
"dropdown_third_level_elements";"عناصر المستوى الثالث";"ar"
"dropdown_vertical";"منسدلة عمودياً";"ar"
"drop_existing_data";"حذف كل ملفات المنتجات قبل الاستيراد";"ar"
"drop_images_select";"حدد الصور";"ar"
"drop_images_select_short";"اختيار";"ar"
"drop_images_to_upload";"أفلت الصور هنا";"ar"
"dump_file_not_writable";"الملف الذي تحاول التخزين فيه غير قابل للكتابة. نرجو التحقق من التصاريح.";"ar"
"duplicate";"عمليات مزدوجة";"ar"
"dutch";"Dutch";"ar"
"dynamic";"ديناميكية";"ar"
"dynamic_content";"ستظهر محتويات هذه الكتلة في <a href=""[url]"">هذه الصفحة</a> فقط.";"ar"
"dynamic_navigation_more";"أكثر";"ar"
"dynamic_tree_cat";"شجرة ديناميكية";"ar"
"dynamic_tree_pages";"شجرة ديناميكية";"ar"
"earned_points";"النقاط المكتسبة لكل منتج";"ar"
"earned_point_modifier";"معدل النقاط المكتسبة";"ar"
"easing";"تسهيل";"ar"
"edit";"تحرير";"ar"
"editing";"تحرير";"ar"
"editing_attachment";"تحرير المرفقات";"ar"
"editing_block";"تحرير الكتلة";"ar"
"editing_category";"تحرير الفئة";"ar"
"editing_certificate";"تحرير الشهادة";"ar"
"editing_chart";"تحرير الرسم البياني";"ar"
"editing_container";"تحرير الحاوية";"ar"
"editing_currency";"تحرير العملة";"ar"
"editing_defined_products";"تحرير المنتجات المعرفة";"ar"
"editing_document";"تحرير [name]";"ar"
"editing_email_snippet";"تحرير المقتطفات";"ar"
"editing_email_template";"تحرير قالب البريد الإلكتروني";"ar"
"editing_file";"تحرير الملف";"ar"
"editing_filter";"تحرير المصفاة";"ar"
"editing_folder";"تحرير المجلد";"ar"
"editing_form";"تحرير النموذج";"ar"
"editing_global_vars";"تحرير المتغيرات العمومية";"ar"
"editing_grid";"تحرير الشبكة";"ar"
"editing_group";"تحرير المجموعة";"ar"
"editing_internal_template";"تحرير قالب الإخطار في الموقع";"ar"
"editing_item";"تحرير العنصر";"ar"
"editing_language";"تحرير اللغة";"ar"
"editing_layout";"تحرير التخطيط";"ar"
"editing_link";"تحرير الرابط";"ar"
"editing_localization";"تحرير التمركز";"ar"
"editing_location";"تحرير المنطقة";"ar"
"editing_mailing_list";"تحرير القائمة البريدية";"ar"
"editing_menu";"تحرير القوائم";"ar"
"editing_option";"تحرير الخيار";"ar"
"editing_order";"تحرير الطلب";"ar"
"editing_order_invoice";"تحرير فاتورة لأمر #[order_id]";"ar"
"editing_order_invoice_responsive";"تحرير فاتورة الطلب";"ar"
"editing_page";"تحرير الصفحة";"ar"
"editing_payment";"تحرير الدفع";"ar"
"editing_poll";"تحرير الاستطلاع";"ar"
"editing_product";"تحرير المنتج";"ar"
"editing_product_feature";"تحرير مواصفة المنتج";"ar"
"editing_profile";"تحرير البروفايل";"ar"
"editing_profile_field";"تحرير خانة البروفايل";"ar"
"editing_profile_name";"تحرير الملف الشخصي: [name]";"ar"
"editing_promotion";"تحرير العرض";"ar"
"editing_question";"تحرير سؤال";"ar"
"editing_quick_menu_link";"تحرير رابط القائمة السريعة";"ar"
"editing_quick_menu_section";"تحرير قسم القائمة السريعة";"ar"
"editing_rate_area";"تحرير منطقة معدل";"ar"
"editing_report";"تحرير التقرير";"ar"
"editing_shipping_method";"تحرير طريقة الشحن";"ar"
"editing_sitemap_section";"تحرير قسم خريطة الموقع";"ar"
"editing_snippet";"تحرير المقتطفات";"ar"
"editing_status";"تحرير الحالة";"ar"
"editing_storefront";"تحرير واجهة المحل";"ar"
"editing_store_location";"تحرير موقع مخزن";"ar"
"editing_tab";"تحرير اللسان";"ar"
"editing_table_column";"تحرير العمود";"ar"
"editing_tax";"تحرير الضريبة";"ar"
"editing_vendor";"تحرير المتجر";"ar"
"edition_type";"نوع الإصدار";"ar"
"edit_admin_notification";"تحرير رسالة البريد الإلكتروني المرسلة إلى المسؤولين";"ar"
"edit_and_send_invoice";"قرص وإرسال الفاتورة";"ar"
"edit_content_on_site";"Edit content on-site";"ar"
"edit_corresponding_profile_field";"لتغيير نوع الحقل أو المتغيرات ، <a href=""[URL]""> عدّل الحقل المقابل في قسم عنوان الشحن </a>.";"ar"
"edit_currencies";"تحرير العملات";"ar"
"edit_customer_notification";"تحرير رسالة البريد الإلكتروني المرسلة إلى العملاء";"ar"
"edit_files";"يمكن التحرير";"ar"
"edit_invoice";"تحرير الفاتورة";"ar"
"edit_layout";"تحرير التخطيط";"ar"
"edit_layout_on_site";"تحرير التخطيط في الموقع";"ar"
"edit_on_site";"تحرير في الموقع";"ar"
"edit_order";"تحرير الطلب";"ar"
"edit_products";"تحرير المنتجات";"ar"
"edit_profile";"تحرير البروفايل";"ar"
"edit_profile_note";"تغيير الإيميل وكلمة المرور ومعلومات الشحن والدفع وإعدادات البروفايل الأخرى";"ar"
"edit_report";"تحرير التقرير";"ar"
"edit_robots";"Edit robots.txt";"ar"
"edit_selected";"تحرير المحدد";"ar"
"edit_texts";"تحرير النصوص";"ar"
"edp_access_granted";"يمكنكم الآن تحميل المنتجات المشتراة.";"ar"
"edp_access_subj";"تم تنفيذ الوصول إلى المنتجات الإلكترونية";"ar"
"edp_enable_shipping";"تفعيل الشحن للبضائع القابلة للتحميل إلكترونياً";"ar"
"elements_per_column_third_level_view";"AB: Number of visible elements in the 3-level menu";"ar"
"elements_per_column_third_level_view.tooltip";"This setting limits the number of elements in the third level of the menu structure. The remaining menu elements of the third level will be displayed when clicking the link <b>More</b>.";"ar"
"email";"البريد الإلكتروني";"ar"
"email.one_time_password.message";"<p> لقد طلبت رمزًا يستخدم لمرة واحدة لتسجيل الدخول إلى <a href=""[storefront_url]""> [storefront_url] </a>. ها هو: </ p> <p> <strong> <code> [password] </code> </strong> </p> <p> من فضلك لا تخبر هذا الرمز لأي شخص آخر. إذا لم تكن قد طلبت الرمز ، فيمكنك تجاهل هذه الرسالة بأمان. لن يتمكن أي شخص من تسجيل الدخول إلى حسابك ، ما لم يعرف كلمة مرورك أو يمكنه عرض صندوق الوارد الخاص بك. </p>";"ar"
"email.one_time_password.title";"تسجيل الدخول بدون كلمة مرور";"ar"
"emails";"الإيميلات";"ar"
"email_address";"الإيميل";"ar"
"email_body_anonymization_request";"<p><a href=""[user_profile_url]"" target=""_blank"">[user]</a> بعنوان البريد الإلكتروني [customer_email] طلب إزالة البيانات الشخصية مع التعليق التالي:</p> <p>[comment]</p> <p>تأكد من إتمام جميع الأعمال مع العميل (الطلبات ، طلبات الإرجاع ، إلخ). ثم <a href=""[user_profile_url]"" target=""_blank"">انتقل إلى صفحة العميل في لوحة الإدارة</a> واختر إجراء ""إخفاء الهوية"". سيؤدي ذلك إلى إزالة البيانات الشخصية للعميل (بما في ذلك البريد الإلكتروني والاسم وما إلى ذلك) في كل مكان في النظام ، مع الاحتفاظ بالبيانات ذات الصلة بعملك (المنتجات المطلوبة ، إلخ). سيتمكن العميل من تسجيل حساب جديد بنفس البريد الإلكتروني.</p>";"ar"
"email_cannot_be_empty";"لا يمكن أن يكون البريد الإلكتروني فارغًا";"ar"
"email_header";"بداية نص الرسالة";"ar"
"email_marketing.confirm_subscription";"المرجو تأكيد الإشتراك";"ar"
"email_marketing.email_subscribed";"لقد كنت مشتركًا في نشرتنا الإخبارية";"ar"
"email_marketing.email_subscribed_2optin";"تم تأكيد الاشتراك";"ar"
"email_marketing.enter_api_key_and_save";"أدخل مفتاح API وحفظ أولاً";"ar"
"email_marketing.error_no_list";"يرجى تحديد القائمة البريدية في إعدادات الوظائف الإضافية لبدء الاستيراد";"ar"
"email_marketing.export_all";"تصدير الكل";"ar"
"email_marketing.new_subscriber";"مشترك جديد";"ar"
"email_marketing.subscription_confirmed";"شكرا لك على الاشتراك في النشرة الإخبارية";"ar"
"email_marketing.subscription_confirmed_2";"جزاك الله خيرا. تم تأكيد الاشتراك";"ar"
"email_marketing.subscription_pending";"تأكيد البريد الإلكتروني مطلوب جزاك الله خيرا!";"ar"
"email_marketing.sync";"المزامنة";"ar"
"email_marketing.text_confirm_subscription";"لقد تلقينا طلب اشتراك منك. الرجاء تأكيدها: <p><a href=""[href]"">انقر هنا لتأكيد اشتراكك في نشرتنا الإخبارية</a></p> إذا تلقيت هذه الرسالة الإلكترونية عن طريق الخطأ ، فاحذفها ببساطة. لن تكون مشتركًا إذا لم تنقر فوق رابط التأكيد أعلاه. وفقك الله.";"ar"
"email_marketing.text_email_subscribed";"شكرا لك على الاشتراك في النشرة الإخبارية.<p>إذا كنت تريد في أي وقت إيقاف تلقي رسائل البريد الإلكتروني الخاصة بنا ، <a href=""[href]"">انقر فوق هذا الارتباط لإلغاء الاشتراك</a>.</p>";"ar"
"email_marketing.text_email_subscribed_2optin";"تم تأكيد اشتراكك في رسالتنا الإخبارية.<p>إذا أردت في أي وقت إيقاف تلقي رسائل البريد الإلكتروني الخاصة بنا ، <a href=""[href]"">انقر فوق هذا الارتباط لإلغاء الاشتراك</a>.</p>";"ar"
"email_marketing.text_subscribe";"الاشتراك في النشرة الإخبارية";"ar"
"email_marketing.text_subscription_confirmed";"تم تأكيد اشتراكك. لا توجد إجراءات إضافية مطلوبة.";"ar"
"email_marketing.text_subscription_confirmed_2";"لقد تم تأكيد اشتراكك في نشرتنا الإخبارية. شكرا لك على الاشتراك!";"ar"
"email_marketing.text_subscription_pending";"نشكرك على الاشتراك في نشرتنا الإخبارية.<p> لقد تم إرسال رسالة تأكيد إليك. يرجى استخدام الرابط في البريد الإلكتروني لتأكيد اشتراكك</p>";"ar"
"email_marketing.text_unsubscribe_successful";"تمت إزالة بريدك الإلكتروني من قائمتنا.";"ar"
"email_marketing.tmpl_subscription";"البريد الإلكتروني والتسويق: استمارة الاشتراك في النشرة الإخبارية";"ar"
"email_marketing.unsubscribe_successful";"إلغاء الاشتراك الناجح";"ar"
"email_marketing.use_for_subscribe_form";"نموذج الاشتراك في التسويق عبر البريد الإلكتروني";"ar"
"email_marketing.warning_email_exists";"[email] مشترك بالفعل";"ar"
"email_order_invoice_subject";"[company_name]: الفاتورة لأمر #[order_id]";"ar"
"email_subject";"عنوان الإيميل";"ar"
"email_subject_anonymization_request";"طلب إزالة البيانات الشخصية: [customer_email]";"ar"
"email_template.accounting_new_payout";"الحسابات: تم دفع امر الصرف";"ar"
"email_template.accounting_new_withdrawal";"المحاسبة: تم طلب امر الانسحاب";"ar"
"email_template.accounting_payout_approved";"المحاسبة: تم اكتمال امر اليصرف";"ar"
"email_template.accounting_payout_declined";"المحاسبة: لم يكتمل الدفع";"ar"
"email_template.accounting_withdrawal_approved";"المحاسبة: تم تنفيذ طلب امر الانسحاب";"ar"
"email_template.accounting_withdrawal_declined";"المحاسبة: تم رفض السحب";"ar"
"email_template.activate_profile";"بروفايل المستخدم يتطلب التنشيط";"ar"
"email_template.apply_for_vendor_notification";"تطبيق للمورد";"ar"
"email_template.back_in_stock_notification";"إشعار العودة للمخزون";"ar"
"email_template.call_requests_buy_with_one_click";"طلبات الإتصال: شراء مع الإخطار بنقرة واحدة";"ar"
"email_template.call_requests_call_request";"طلب اتصال: اشعار بطلب اتصال";"ar"
"email_template.company_payment_notification";"شركة الدفع";"ar"
"email_template.company_status_changed_from_suspended_notification";"تم تغيير حالة البائع من معلق";"ar"
"email_template.company_status_notification";"تغيير حالة الشركة";"ar"
"email_template.company_status_suspended_notification";"تغيير حالة الشركة إلى معلق";"ar"
"email_template.create_profile";"إنشاء ملف التعريف المستخدم";"ar"
"email_template.discussion_notification";"إخطار التعليقات والمراجعات";"ar"
"email_template.edp_access";"أوامر: الوصول إلى المنتجات القابلة للتحميل";"ar"
"email_template.email_marketing_confirmation";"التسويق عبر البريد الإلكتروني: تأكيد الاشتراك";"ar"
"email_template.email_marketing_welcome";"البريد الإلكتروني للتسويق: رسالة ترحيب";"ar"
"email_template.email_marketing_welcome_2optin";"التسويق عبر البريد الإلكتروني: رسالة ترحيب (2optin)";"ar"
"email_template.form_builder_form";"نموذج الاتصال";"ar"
"email_template.gift_certificates_notification";"شهادة هدية";"ar"
"email_template.give_coupon";"الترويج: القسيمة";"ar"
"email_template.hybrid_auth_create_profile";"إنشاء ملف تعريف المستخدم عبر تسجيل الدخول الاجتماعي";"ar"
"email_template.low_stock";"اشعار كمية المنتج منخفضة";"ar"
"email_template.newsletters_newsletter";"النشرة الإخبارية";"ar"
"email_template.newsletters_promotion";"النشرات الإخبارية: الترويج";"ar"
"email_template.new_vendor_notification";"تمت الموافقة على حساب البائع الجديد تلقائيًا";"ar"
"email_template.one_time_password_request";"رمز لمرة واحدة لتسجيل الدخول بدون كلمة مرور";"ar"
"email_template.order_notification";"اشعار الطلب: [name]";"ar"
"email_template.order_notification_default";"اشعار الطلب: القالب الافتراضي لوضع حالة طلب جديد";"ar"
"email_template.params.attach_order_document";"إرفاق مستند بتنسيق PDF";"ar"
"email_template.product_reviews_notification";"تقييمات المنتج: إشعار تقييم جديد";"ar"
"email_template.product_reviews_reply_notification";"تقييمات المنتج: إشعار الرد";"ar"
"email_template.profile_activated";"تفعيل حساب المستخدم";"ar"
"email_template.profile_deactivated";"تعطيل حساب المستخدم";"ar"
"email_template.recover_password";"استعادة كلمة المرور";"ar"
"email_template.reminder";"انتهاء صلاحية كلمة مرور المدير";"ar"
"email_template.reward_points_notification";"نقاط المكافأة";"ar"
"email_template.rma_slip_notification";"قسيمة RMA";"ar"
"email_template.shipment_products";"الطلبات: المنتجات التي تم شحنها";"ar"
"email_template.shipping_error";"الشحن: خطأ في الطلب";"ar"
"email_template.track";"الطلبات: تتبع";"ar"
"email_template.update_profile";"تحديث بروفايل المستخدم";"ar"
"email_template.upgrade_backup_info";"الترقية: رابط الاستعادة";"ar"
"email_template.usergroup_activation";"تنشيط مجموعة المستخدم";"ar"
"email_template.usergroup_disactivation";"الغاء تنشيط مجموعة المستخدم";"ar"
"email_template.usergroup_request";"طلبات مجموعة الأعضاء";"ar"
"email_template.vendor_communication.notify_admin";"اطرح سؤالاً على البائع: إخطار المسؤول";"ar"
"email_template.vendor_communication.notify_customer";"اسأل البائع سؤالاً: إخطار العميل";"ar"
"email_template.vendor_data_premoderation_added_product";"الإصدار المسبق لبيانات البائع: المنتجات التي تنتظر الإشراف";"ar"
"email_template.vendor_data_premoderation_notification";"الإشراف المسبق للبائع";"ar"
"email_template.vendor_debt_payout_email_admin_notification_vendor_status_changed_to_disabled";"إخطارات المدفوعات من البائع إلى المسؤول";"ar"
"email_template.vendor_debt_payout_email_admin_notification_vendor_status_changed_to_suspended";"إخطارات المدفوعات من البائع إلى المسؤول";"ar"
"email_template.vendor_debt_payout_vendor_days_before_suspended";"إخطارات المدفوعات من البائع إلى المسؤول";"ar"
"email_template.vendor_debt_payout_weekly_digest_of_debtors";"الملخص الأسبوعي للمدينين";"ar"
"email_template.vendor_invitation";"دعوة البائع";"ar"
"email_template.vendor_plans_payment";"خطة التاجر: إشعار الدفع";"ar"
"email_template.vendor_plans_plan_changed";"خطة التاجر: إشعار تغيير باقة الخطة";"ar"
"email_template.vendor_plans_revenue";"خطط البائعين: إشعار الإيرادات";"ar"
"email_template.vendor_plans_vendor_plan_changed_info_for_admin";"خطط البائع: تم تغيير خطة البائع";"ar"
"email_templates";"قوالب البريد الإلكتروني";"ar"
"email_template_exists";"قالب البريد الإلكتروني مع الرمز المختار تم اختياره بالفعل، الرجاء محاولة أخرى.";"ar"
"email_template_import_success_msg";"تم استيراد كافة قوالب البريد الإلكتروني دون أخطاء.";"ar"
"email_to";"البريد الإلكتروني إلى";"ar"
"empty";"فارغ";"ar"
"empty_key_value";"إفراغ قيمة table key";"ar"
"enable";"تفعيل";"ar"
"enabled";"مفعل";"ar"
"enable_cdn";"تفعيل الـ CDN";"ar"
"enable_for";"مفعلة لـ";"ar"
"enable_link";"تمكين الرابط";"ar"
"enable_or_disable_block";"تفعيل/تعطيل الكتلة";"ar"
"enable_or_disable_container";"تفعيل/تعطيل الحاوية";"ar"
"enable_or_disable_grid";"تفعيل/تعطيل الشبكة";"ar"
"enable_quick_view";"تفعيل العرض السريع";"ar"
"enclosure";"Enclosure";"ar"
"encryption";"التشفير";"ar"
"encryption_key";"مفتاح التشفير";"ar"
"end_date";"تاريخ الانتهاء";"ar"
"english";"الإنجليزية";"ar"
"enter_category_name_and_path";"أدخل المسار واسم الفئة. مثال ، ""إلكترونيات / أجهزة كمبيوتر / أجهزة كمبيوتر محمولة""";"ar"
"enter_code";"أدخل الكود";"ar"
"enter_color_name_and_code";"أدخل اسم اللون والرمز. مثال ، ""أحمر #ff0000""";"ar"
"enter_data";"أدخل البيانات";"ar"
"enter_disapproval_reason";"أدخل سبب الرفض";"ar"
"enter_email";"ضع إيميلك هنا";"ar"
"enter_new_lang_code";"أدخل كود لغة جديد";"ar"
"enter_other";"إدخال آخر";"ar"
"enter_your_price";"قم بإدخال السعر";"ar"
"entity";"الكيان";"ar"
"entry_page";"صفحة الدخول";"ar"
"entry_point";"نقطة الدخول";"ar"
"envelope";"مظروف";"ar"
"epdq_3ds_main";"النافذة الرئيسية";"ar"
"epdq_3ds_popup";"نافذة منبثقة";"ar"
"error";"خـطــــأ";"ar"
"errorCode";"كود الخطأ";"ar"
"errorName";"اسم الخطأ";"ar"
"error_account_disabled";"تم تعطيل حسابك. يرجى الاتصال بالإدارة.";"ar"
"error_admin_not_created_email_already_used";"لم يتم إنشاء حساب الأدمن. الإيميل مرتبط بعضو آخر! يمكنكم إضافة أدمن هذه الشركة يدوياً.";"ar"
"error_admin_not_created_name_already_used";"لم يتم إنشاء حساب الأدمن. اسم المستخدم مرتبط بعضوية أخرى. يتوجب عليكم تغيير اسم حساب أدمن البائع.";"ar"
"error_admin_registers_as_vendor";"لا يمكنك أن تصبح بائعًا لأنك قمت بتسجيل الدخول حاليًا كمسؤول. الرجاء تسجيل الخروج وإعادة إرسال النموذج. <p> <a class=""ty-btn ty-btn__secondary"" href=""[sign_out_link]""> تسجيل الخروج </a> </p>";"ar"
"error_ajax";"للأسف, حدث خطأ ما ([error]). يرجى إعادة المحاولة.";"ar"
"error_already_posted";"لقد نشرت في هذه المناقشة بالفعل";"ar"
"error_area_access_denied";"غير مسموح لك بالدخول إلى هذه المنطقة.";"ar"
"error_cannot_delete_files";"لا يمكن حذف الملف: <b>[files]</b>. يرجى مراجعة الصلاحيات.";"ar"
"error_change_admin_data_in_frontend";"يمنع تغييرالبريد الإلكتروني أو كلمة المرور المدير في منطقة العميل. الرجاء تسجيل الدخول باستخدام حساب عميل.";"ar"
"error_class_phar_data_not_found";"The PharData class not found. Read more: <a href=""https://php.net/manual/en/class.phardata.php"">https://php.net/manual/en/class.phardata.php</a>";"ar"
"error_class_zip_archive_not_found";"The ZipArchive class not found. Read more: <a href=""https://php.net/manual/en/class.ziparchive.php"">https://php.net/manual/en/class.ziparchive.php</a>";"ar"
"error_confirmation_code_invalid";"عذرًا ، فشل التحقق من صحة برنامج مكافحة الروبوت. حاول مرة اخرى.";"ar"
"error_count_recover_password_ekeys";"لقد طلبت بالفعل إعادة تعيين كلمة المرور. إذا لم تتلق بريدًا إلكترونيًا، فيرجى المحاولة مرة أخرى خلال بضع دقائق.";"ar"
"error_curl_not_exists";"<b>تحذير!</b><br />PHP CURL extension <b>غير مدعوم</b> على سيرفركم, لذا <b>[method]</b> لن تعمل. يرجى الاتصال بمزود خدمة الاستضافة.";"ar"
"error_curl_ssl_not_exists";"<b>تحذير!</b><br /> تم معالجة الـ PHP CURL extension <b>بدون دعم</b> الـ SSL على سيرفركم, لذا <b>[method]</b> لن تعمل. يرجى الاتصال بمزود خدمة الاستضافة.";"ar"
"error_currency_exists";"العملة ذات الكود <b>[code]</b> موجودة بالفعل";"ar"
"error_delete_theme_company";"One of your storefronts uses this theme. Please set another theme before deleting it.";"ar"
"error_delete_theme_layout";"التخطيط الذي يستخدم هذا الثيم معين كافتراضي. يرجى تعيين تخطيط آخر كافتراضي.";"ar"
"error_demo_mode";"المتجر يعمل في الوضع <b>التجريبي</b> وهذه الخاصية غير متاحة في الوقت الحالي.";"ar"
"error_directory_not_writable";"دليل ""[dir]"" غير قابل للكتابة. الرجاء التحقق من الأذونات لهذا الدليل التثبيت الخاص بك.";"ar"
"error_email_already_subscribed";"البريد الإلكتروني الخاص بك مشترك بالفعل.";"ar"
"error_empty_company_name";"لا يمكن أن يكون اسم الشركة فارغ";"ar"
"error_exchange_rate";"غير قادر على الحصول على أسعار الصرف. يرجى محاولة إعادة تحميل هذه الصفحة في دقيقة.";"ar"
"error_exim_cant_open_file";"لا يمكن فتح الملف المرفوع";"ar"
"error_exim_cant_read_file";"لا يمكن قراءة الملف المرفوع";"ar"
"error_exim_fields_not_selected";"لم يتم اختيار حقول للتصدير";"ar"
"error_exim_file_doesnt_exist";"الملف غير موجود";"ar"
"error_exim_get_images_for_products";"تعذر استيراد الصور لبعض المنتجات. إما أن هذه الصور غير موجودة (أو لا يمكن الوصول إليها) ، أو أن المسارات إلى تلك الصور في الملف المستورد غير صحيحة.";"ar"
"error_exim_incorrect_lines";"ملف الـ CSV به أخطاء بنسق البيانات (فاصلة خاطئة, حقول مفقودة, الخ..) في السطور التالية: <b>[lines]</b>";"ar"
"error_exim_incorrent_delimiter";"الفاصلة في ملف الـ CSV تختلف عن المحدد";"ar"
"error_exim_invalid_count_langs";"عدد سطور اللغات المتعددة غير متطابق.";"ar"
"error_exim_layout_required_fields";"الحقول التالية مطلوبة ولا يمكن حذفها من التخطيط:";"ar"
"error_exim_no_data_exported_new";"لايوجد أية بيانات للتصدير. نطاق التصدير خاطئ ربما سبب هذه المشكلة. <a class=""cm-post"" href=""[url]""> مسح نطاق التصدير</a>، ثم حاول مرة أخرى";"ar"
"error_exim_no_file_uploaded";"لم يتم رفع ملفات";"ar"
"error_exim_pattern_definition_alt_keys";"تعريف نمط غير صحيح: المفتاح البديل مفقود";"ar"
"error_exim_pattern_definition_references";"تعريف نمط غير صحيح: مرجعيات الجداول غير متوفرة";"ar"
"error_exim_pattern_dont_match";"الملف المستورد لا يطابق النمط المحدد";"ar"
"error_exim_pattern_not_found";"نمط غير موجود";"ar"
"error_exim_pattern_required_fields";"الملف المستورد يجب أن يحتوي على الحقول التالية: <b>[fields]</b>";"ar"
"error_features_too_many_variants";"البحث بواسطة ميزات غير متوفرة بسبب الزيادة المفرطة في العدد من المتغيرات.";"ar"
"error_file_already_exists";"الملف ""[file]"" موجود مسبقاً.";"ar"
"error_file_not_found";"""[file]"" لم يتم العثور على الملف.";"ar"
"error_filter_by_feature_exists";"الفلترة حسب الميزة ""[name]"" موجود بالفعل.";"ar"
"error_filter_by_product_field_exists";"الفلترة حسب الميزة ""[name]"" موجود بالفعل.";"ar"
"error_gift_cert_code";"رمز شهادة هدية الذي أدخلته غير صالح. الرجاء المحاولة مرة أخرى.";"ar"
"error_hash_generation";"خطأ في الـ hash generation. يرجى اختيار طريقة دفع أخرى.";"ar"
"error_images_need_located_root_dir";"يرجى تعريف مجلد الصور نسبة إلى مجلد المتجر الرئيسي. قم بوضع الصور لاستيرادها في هذا المجلد.";"ar"
"error_image_format_not_supported";"نسق الصورة <b>[format]</b> غير مدعوم بمكتبة الـ GD المركب على سيرفركم. لم يتم إنشاء الصورة المصغرة.";"ar"
"error_incorrect_login";"اسم المستخدم أو كلمة المرور غير صحيحة, يرجى إعادة المحاولة.";"ar"
"error_invalid_emails";"حسابات الإيميلات التالية غير صحيحة: <b>[emails]</b>";"ar"
"error_lang_code_exists";"كود اللغة المدخل ([code]) موجود بالفعل. يرجى إدخال كود مناسب آخر.";"ar"
"error_login_not_exists";"اسم المستخدم الذي أدخلته غير موجود. يرجى التأكد من اسم المستخدم الخاص بكم وإدخاله بشكل صحيح.";"ar"
"error_message_not_sent";"لم يتم إرسال الرسالة.<br />حدث الخطأ التالي:";"ar"
"error_not_logged";"يجب أن تسجل دخولك للوصول هنا!";"ar"
"error_no_items_selected";"لم يتم اختيار شيء! على الأقل يجب أن تقوم باختيار عنصر واحد.";"ar"
"error_n_filters_already_exists";"بعض المرشحات ([n]) موجودة بالفعل.";"ar"
"error_occured";"حدث خطأ ما.";"ar"
"error_occurred";"حدث خطأ ما.";"ar"
"error_passwords_dont_match";"كلمتي المرور غير متطابقتين.";"ar"
"error_password_content";"كلمة المرور يجب أن تحتوي على حروف وأرقام.";"ar"
"error_password_expired";"كلمة المرور الخاصة بكم انتهت. يتوجب عليكم تغيير كلمة المرور الآن.";"ar"
"error_password_expired_change";"كلمة المرور الخاصة بكم انتهت. <p><a href=""[link]"" class=""underlined""><b>تغيير كلمة المرور &#155;&#155;</b></a></p>";"ar"
"error_password_min_symbols";"كلمة المرور يجب أن تحتوي على <b>[number]</b> حروف على الأقل.";"ar"
"error_password_was_used";"كلمة المرور الجديدة يجب ألا تطابق أياً من كلمات المرور الأربع التي استخدمتموها مسبقاً. يرجى استخدام كلمة مرور أخرى.";"ar"
"error_permissions_not_changed";"لا يمكن تغيير التصاريح";"ar"
"error_product_codes_length";"رموز المنتجات التالية طويلة جدًا وتم اقتطاعها عند رموز [product_code_length]:";"ar"
"error_profile_field_code_exists";"يوجد بالفعل حقل ملف تعريف مع هذا الرمز. الرجاء اختيار رمز آخر.";"ar"
"error_profile_field_name_exists";"يوجد استايل بنفس هذا الاسم. يرجى اختيار اسم آخر.";"ar"
"error_shipment_not_created";"تعذر إنشاء شحنة. الرجاء اختيار ناقل أو قم بإدخال رقم تتبع.";"ar"
"error_status_not_changed";"حدث خطأ أثناء تحديث الحالة. لم يتم تغيير الحالة.";"ar"
"error_theme_manifest_missed";"ملف وصف الثيم (""manifest"") غير موجود. تم إلغاء التركيب.";"ar"
"error_unable_to_create_backups";"غير قادر على إنشاء النسخ الاحتياطية.";"ar"
"error_unable_to_create_thumbnail";"غير قادر على إنشاء صورة مصغرة لملف ""[file]"": [error]";"ar"
"error_unknown_archive_format";"تنسيق الأرشيف غير معروف: [ext]";"ar"
"error_user_exists";"اسم المستخدم أو الإيميل الذي اخترته موجود مسبقاً لدينا, يرجى اختيار اسم آخر.";"ar"
"error_validator_ccv";"CVV/CVC is too short.";"ar"
"error_validator_ccv_long";"رقم CVV / CVC طويل جدًا.";"ar"
"error_validator_color";"كود اللون في الخانة <b>[field]</b> غير صحيح.";"ar"
"error_validator_email";"الإيميل في خانة <b>[field]</b> غير صحيح.";"ar"
"error_validator_integer";"قيمة الخانة <b>[field]</b> غير صحيحة. يجب أن تكون رقم صحيح.";"ar"
"error_validator_message";"قيمة الحقل <b>[field]</b> غير صحيحة.";"ar"
"error_validator_multiple";"خانة <b>[field]</b> لا تحتوي على الخيارات المحددة.";"ar"
"error_validator_password";"كلمتي المرور في خانة <b>[field2]</b> وخانة <b>[field]</b> غير متطابقتين.";"ar"
"error_validator_phone";"رقم الهاتف الموجود في الحقل <b>[field]</b> غير صالح. التنسيق الصحيح هو +16175555555.";"ar"
"error_validator_phone_mask";"رقم الهاتف في الحقل <b> [field] </b> غير صالح.";"ar"
"error_validator_phone_mask_with_phone";"رقم الهاتف <b>[phone]</b> غير صالح.";"ar"
"error_validator_phone_number";"يجب استخدام التنسيق التالي لطريقة الدفع هذه: +16175555555.";"ar"
"error_validator_phone_phone_number_with_country_selection";"رقم الهاتف غير صالح";"ar"
"error_validator_recaptcha";"يرجى تأكيد أنك لست روبوت.";"ar"
"error_validator_required";"خانة <b>[field]</b> إجبارية.";"ar"
"error_validator_zipcode";"الرقم البريدي في الخانة <b>[field]</b> غير صحيح. النسق الصحيح هو [extra].";"ar"
"error_vendor_exists";"توجد شركة بنفس الإيميل, يرجى إدخال إيميل آخر.";"ar"
"error_vendor_name_exists";"يوجد بالفعل بائع باسم الشركة هذا. الرجاء استخدام اسم آخر.";"ar"
"error_zip_php_extension_not_installed";"""ZIP"" PHP لم يتم تثبيت ملحق. الرجاء تثبيت ""ZIP"" PHP extension لخلق واستخراج ZIP-archives.";"ar"
"event.apply_for_vendor_notification.name";"طلب الانضمام كبائع جديد";"ar"
"event.new_vendor_notification.name";"تم إنشاء حساب بائع جديد";"ar"
"event.new_vendor_notification.title";"تسجيل بائع جديد";"ar"
"event.notification_type";"نوع الإخطار";"ar"
"event.order.edp.name";"تم منح الوصول إلى المنتجات القابلة للتنزيل";"ar"
"event.order.shipment_updated.name";"تم شحن المنتجات";"ar"
"event.order.status_changed.name";"تم تغيير حالة الطلب إلى [status]";"ar"
"event.order.updated.name";"تم تحديث الطلب";"ar"
"event.product.back_in_stock.name";"المنتج عاد في المخزون";"ar"
"event.profile.activated.name";"تم تنشيط الملف الشخصي";"ar"
"event.profile.added.name";"يتطلب الملف الشخصي التنشيط";"ar"
"event.profile.created.name";"تم إنشاء الملف الشخصي";"ar"
"event.profile.deactivated.name";"تم إلغاء تنشيط الملف الشخصي";"ar"
"event.profile.password_recovery.name";"استعادة كلمة المرور";"ar"
"event.profile.password_reminder.name";"تذكير بتغيير كلمة المرور الضرورية";"ar"
"event.profile.updated.name";"تم تحديث الملف الشخصي";"ar"
"event.profile.usergroup_activation.name";"تنشيط مجموعة المستخدم";"ar"
"event.profile.usergroup_disactivation.name";"الغاء تنشيط مجموعة المستخدم";"ar"
"event.profile.usergroup_request.name";"تم طلب العضوية في مجموعة المستخدمين";"ar"
"event.profile.usergroup_updated.name";"تم تغيير العضوية في مجموعة المستخدمين";"ar"
"event.receiver.a";"أدمن";"ar"
"event.receiver.c";"عميل";"ar"
"event.receiver.v";"بائع";"ar"
"event.rma.status_changed.name";"تم تغيير حالة طلب الإرجاع إلى [status]";"ar"
"event.system.helpdesk_process_message.name";"إخطارات من فريق CS-Cart";"ar"
"event.system.realtime_shipping_error.name";"أخطاء الشحن في الوقت الفعلي";"ar"
"event.transport.internal";"مركز الإخطارات";"ar"
"event.transport.mail";"البريد الإلكتروني";"ar"
"event.vendors_require_approval.name";"يحتاج البائعون إلى الموافقة";"ar"
"event.vendors_require_approval.title";"بعض البائعين في انتظار الموافقة";"ar"
"event.vendor_status_changed.active.message";"ستظهر الآن جميع منتجاتك النشطة في المتجر";"ar"
"event.vendor_status_changed.name";"تغيرت حالة البائع إلى [status]";"ar"
"event.vendor_status_changed.pending.message";"يمكنك العمل مع لوحة الإدارة وإدارة منتجاتك ، لكنها لن تظهر للعملاء حتى تتغير حالتك إلى نشطة.";"ar"
"event.vendor_status_changed.suspended.message";"لرفع التعليق ، يرجى الاتصال بنا.";"ar"
"event.vendor_status_changed.suspended.title";"تم تعليق حسابك";"ar"
"event.vendor_status_changed.title";"تم تغيير حالتك إلى [status]";"ar"
"event.vendor_status_changed_from.name";"تم تغيير وضع البائع من [status]";"ar"
"eway_configuration_note";"<a href='https://go.eway.io/s/article/How-do-I-setup-my-Live-eWAY-API-Key-and-Password' target='_blank'> كيف أقوم بإعداد بي eWAY يعيش API الرئيسية وكلمة السر؟</a>";"ar"
"eway_failed_to_pay";"فشل في دفع ثمن الطلب. يرجى الاتصال بإدارة المتجر حول طريقة الدفع هذه.";"ar"
"exact_phrase";"الجملة بالكامل";"ar"
"excellent";"ممتاز!";"ar"
"exception";"استثناء";"ar"
"exceptions";"الاستثناءات";"ar"
"exceptions_type";"نوع الاستثناءات";"ar"
"exception_disabled";"لا يمكن اختيار تنوع";"ar"
"exception_disregard";"أي تنوع";"ar"
"exception_error";"خـطـــــأ";"ar"
"exception_error_code";"كود الخطأ:";"ar"
"exception_exist";"التركيبة المستثناة موجودة بالفعل";"ar"
"exception_title";"عذراً!<br />لا يمكن العثور على ما تبحث عنه.";"ar"
"exchange_rate";"معدلات التغيير الحية";"ar"
"exclude_disabled_products";"استبعاد المنتجات المعطلة";"ar"
"exclusive_promotions";"خصومات حصرية";"ar"
"exclusive_promotions_content";"اشترك في الأخبار والحصول على قسيمة خصم 10 ٪!";"ar"
"exec";"تنفيذ";"ar"
"exim_cannot_create_variant_for_shareable_feature";"لا يمكنك إنشاء متغير لسمة قابلة للمشاركة.";"ar"
"exim_error_empty_feature_name";"اسم الميزة مفقود. لم يتم تحديث بعض ميزات المنتج.";"ar"
"exim_error_incorrect_concrete_feature_type";"نوع الميزة غير صحيح ""[feature_type]"" لميزة المنتج ""[feature_name]"". تم تخطي ميزة المنتج.";"ar"
"exim_error_incorrect_feature_type";"نوع سمة غير صحيحة. لم يتم تحديث بعض ميزات المنتج.";"ar"
"exim_features";"الميزات (Deprecated)";"ar"
"exim_import_detailed_image";"صورة مفصلة (Deprecated)";"ar"
"exim_remove_additional_images";"إفراغ";"ar"
"exim_reset_inventory_tooltip";"لن يؤثر ذلك على المنتجات التي تحتوي على الكمية المحددة في الملف المستورد.";"ar"
"exim_storefront_feature_name";"اسم ميزة واجهة المتجر";"ar"
"exim_subtotal_discount";"إجمالي الخصم";"ar"
"exim_vendor_cant_create_feature";"لا يمكن إنشاء البائعين ميزات المنتج وأشكالها. لا يمكن تعديل بعض ميزات المنتج.";"ar"
"exit_point";"صفحة الخروج";"ar"
"exp";"Exp";"ar"
"expanded";"ممتدة";"ar"
"expand_collapse_list";"تمديد / تقليص القائمة";"ar"
"expand_section";"قم بتوسيع القسم";"ar"
"expand_sublist_of_items";"تمديد القوائم الفرعية";"ar"
"expenditure";"الإنفاق";"ar"
"expired";"منتهية";"ar"
"expirepreauth";"إذن مسبق";"ar"
"expirepreauth_description";"الإذن المسبق يقوم بتعليق المبلغ لأيام. اكبر قيمة هي 30 يوم. With the ""Sale"" request type, leave this field empty.";"ar"
"expiry_date";"تاريخ الانتهاء";"ar"
"export";"تصدير";"ar"
"exported_fields";"الحقول المصدرة";"ar"
"exported_files";"الملفات المصدرة";"ar"
"exported_items";"الأصناف المصدرة";"ar"
"exporting_data";"تصدير البيانات";"ar"
"export_by_cron";"تصدير بواسطة cron";"ar"
"export_by_cron_to";"تصدير بواسطة cron إلى";"ar"
"export_cron_hint";"استخدم السطر التالي لتشغيل البرنامج النصي وفقًا للجدول";"ar"
"export_data";"تصدير البيانات";"ar"
"export_data_menu_description";"تصدير المنتجات والأوامر والمستخدمين والمزيد.";"ar"
"export_found_products";"تصدير المنتجات التي تم العثور عليها";"ar"
"export_layout";"تصدير التخطيط";"ar"
"export_locations";"تصدير المناطق";"ar"
"export_options";"خيارات التصدير";"ar"
"export_products";"تصدير المنتجات";"ar"
"export_selected";"تصدير المحدد";"ar"
"export_to_ftp";"إعدادات خادم FTP";"ar"
"export_to_server";"تصدير الى الخادم";"ar"
"extended";"ممتد";"ar"
"extra";"تفاصيل";"ar"
"extract_archive";"فك الضغط";"ar"
"extra_fields";"حقول اضافية";"ar"
"extra_folders";"مجلدات إضافية";"ar"
"extra_services";"خدمات إضافية";"ar"
"facebook";"فيسبوك";"ar"
"facebook_obj_type";"نوع كائن Facebook";"ar"
"facebook_pixel.facebook_pixel_cookies_description";"Facebook Pixel هي أداة تسمح لنا بقياس كفاءة الإعلان من خلال تتبع أن المتصفح أو الجهاز الذي تلقى الإعلان قد زار أيضًا صفحة منتج أو أضاف منتجًا إلى سلة التسوق أو قدم طلبًا. فيما يلي <a href=""https://www.facebook.com/about/privacy/previous"" target=""_blank"">سياسة خصوصية Facebook</a>.";"ar"
"facebook_pixel.facebook_pixel_cookies_title";"فيسبوك بيكسل";"ar"
"fail";"فشل";"ar"
"failed";"فشلت";"ar"
"fair";"مقبول";"ar"
"false";"خاطئ";"ar"
"faroese";"Faroese";"ar"
"fast";"سريع";"ar"
"favorites";"المفضلة";"ar"
"fax";"الفاكس";"ar"
"fb_activities";"الأنشطة";"ar"
"fb_businesses";"الأعمال التجارية";"ar"
"fb_groups";"المجموعات";"ar"
"fb_organizations";"المنظمات";"ar"
"fb_people";"الناس";"ar"
"fb_places";"الأماكن";"ar"
"fb_products_entertainment";"المنتجات والترفيه";"ar"
"fb_websites";"مواقع الويب";"ar"
"feature";"مواصفة";"ar"
"features";"المواصفات";"ar"
"features_delimiter";"Feature variants delimiter";"ar"
"feature_already_in_use";"تعذر حذف الميزة. يتم استخدامه بالفعل بواسطة منتجاتك أو منتجات شخص آخر.";"ar"
"feature_category";"فئة الميزة";"ar"
"feature_code";"كود المواصفة";"ar"
"feature_comparison";"مقارنة المواصفات";"ar"
"feature_display_on_catalog";"عرض في قائمة المنتج";"ar"
"feature_display_on_header";"إظهار في رأس الصفحة الخاصة بالمنتج";"ar"
"feature_display_on_product";"عرض في لسان المواصفات";"ar"
"feature_group";"مجموعة الميزات";"ar"
"feature_groups";"ميزة المجموعات";"ar"
"feature_hide_on_catalog";"إخفاء في قائمة المنتجات";"ar"
"feature_hide_on_header";"إخفاء في رأس صفحة تفاصيل المنتج";"ar"
"feature_hide_on_product";"إخفاء في علامة التبويب الميزات";"ar"
"feature_id";"معرف الميزة";"ar"
"feature_name";"اسم الميزة";"ar"
"feature_style";"نمط الميزة";"ar"
"feature_variants_already_in_use";"تعذر حذف بعض متغيرات الميزات. يتم استخدامها بالفعل بواسطة منتجاتك أو منتجات شخص آخر.";"ar"
"feedback_is_sent_successfully";"تم إرسال رد الفعل بنجاح.";"ar"
"feedback_values";"المعلومات المرسلّة";"ar"
"feed_description";"وصف الخلاصة";"ar"
"feed_title";"عنوان الخلاصة";"ar"
"field";"الحقل";"ar"
"fields";"الحقول";"ar"
"field_editor";"محرر الحقل";"ar"
"field_name";"اسم الحقل";"ar"
"field_type";"نوع الحقل";"ar"
"file";"ملف";"ar"
"filename";"اسم الملف";"ar"
"files";"الملفات";"ar"
"filesize";"الحجم";"ar"
"files_are_too_large";"الحجم الإجمالي للملفات التي يتم تحميلها يتجاوز الحد الأقصى من [size].";"ar"
"files_changes";"تغييرات الملف";"ar"
"files_directory";"مجلد الملفات";"ar"
"file_avail_after_payment";"هذا الملف سيكون متاح بعد دفع قيمة الطلب بالكامل.";"ar"
"file_browser";"متصفح الملفات";"ar"
"file_changes_detector";"الكشف عن تغييرات الملف";"ar"
"file_changes_detector.added";"مضافة";"ar"
"file_changes_detector.changed";"متغيرة";"ar"
"file_changes_detector.deleted";"محذوفة";"ar"
"file_changes_detector.snapshot_not_found";"لم يتم العثور على لقطة التثبيت الواضح. يرجى استعادة <b> [dist_filename] </b>.";"ar"
"file_doesnt_have_key";"هذا الملف لا يحتوي على مفتاح تحميل.";"ar"
"file_download_limit_exceeded";"ا يمكن تحميل الملف حيث أن حد التحميل الذي يساوي [limit] تم تجاوزه.";"ar"
"file_editor";"محرر الملفات";"ar"
"file_editor_archive_contains_incorrect_paths";"يحتوي الأرشيف على ملفات ذات مسارات غير صحيحة.";"ar"
"file_is_too_large";"الملف أكبر من اللازم. الحد الأقصى هو [size].";"ar"
"file_tree";"شجرة الملفات";"ar"
"file_uploader.cancel_upload";"إلغاء الرفع";"ar"
"file_uploader.cancel_upload_confirmation";"هل أنت متأكد أنك تريد إلغاء هذا التحميل؟";"ar"
"file_uploader.default_message";"قم بإسقاط الملفات هنا للتحميل";"ar"
"file_uploader.fallback_message";"متصفحك لا يدعم تحميل ملفات السحب والإفلات.";"ar"
"file_uploader.fallback_text";"الرجاء استخدام النموذج الاحتياطي أدناه لتحميل ملفاتك كما في الأيام الخوالي.";"ar"
"file_uploader.file_size_units_b";"ب";"ar"
"file_uploader.file_size_units_gb";"غيغابايت";"ar"
"file_uploader.file_size_units_kb";"كيلو بايت";"ar"
"file_uploader.file_size_units_mb";"ميغابايت";"ar"
"file_uploader.file_size_units_tb";"السل";"ar"
"file_uploader.file_too_big";"الملف كبير جدًا ({{filesize}}ميغابايت). الحد الأقصى للحجم: {{maxFilesize}}ميغابايت.";"ar"
"file_uploader.invalid_file_type";"لا يمكنك تحميل ملفات من هذا النوع.";"ar"
"file_uploader.max_files_exceeded";"لا يمكنك تحميل أي ملفات أخرى.";"ar"
"file_uploader.remove_file";"إزالة الملف";"ar"
"file_uploader.remove_file_confirmation";"هل تريد إزالة هذه الصورة؟";"ar"
"file_uploader.response_error";"استجاب الخادم برمز {{statusCode}} .";"ar"
"file_uploader.upload_canceled";"تم إلغاء التحميل.";"ar"
"file_uploading_in_progress_please_wait";"تحميل الملف قيد التقدم. أرجو الإنتظار.";"ar"
"filling";"النوع";"ar"
"filter";"المصفاة";"ar"
"filters";"المصفات";"ar"
"filters_in_use";"كافة الميزات قيد الاستخدام بالفعل";"ar"
"filter_by";"تصفية بواسطة";"ar"
"filter_by_categories";"تصفية عبر الفئات";"ar"
"filter_description";"وصف المصفاة";"ar"
"filter_name";"اسم المصفاة";"ar"
"filter_style";"نوع فلتر";"ar"
"final_sale";"التخفيضات النهائية";"ar"
"finance_product_code";"كود المنتج المحاسبي";"ar"
"financial_state";"الحالة المالية";"ar"
"find_results_with";"عبارة البحث";"ar"
"finish";"إنهاء";"ar"
"finished";"منتهي";"ar"
"finnish";"Finnish";"ar"
"first_name";"الاسم الأول";"ar"
"first_name_and_last_name";"الاسم الأول والاسم الأخير";"ar"
"first_order";"الطلب الأول";"ar"
"flemish";"Flemish";"ar"
"folder";"المجلد";"ar"
"folder_is_empty";"المجلد فارغ";"ar"
"footer";"الفووتر";"ar"
"footer_general";"Footer general";"ar"
"for";"بـ";"ar"
"forbidden";"محجوب";"ar"
"forbidden_combinations";"التركيبات الغير متاحة";"ar"
"forgot_password_question";"نسيتها؟";"ar"
"form";"نموذج";"ar"
"format";"النسق";"ar"
"forms";"النماذج";"ar"
"form_builder";"منشئ النماذج";"ar"
"form_id";"معرف النموذج";"ar"
"form_submit_text";"تقديم النص";"ar"
"for_all_found_orders";"لكل طلبات الشراء في كل الصفحات";"ar"
"for_this_page_orders";"لكل طلبات الشراء في هذه الصفحة";"ar"
"fragile";"قابل للكسر";"ar"
"free";"مجاني";"ar"
"free_products";"المنتجات المجانية";"ar"
"free_shipping";"شحن مجاني";"ar"
"french";"فرنسي";"ar"
"from";"من";"ar"
"from_date";"من التاريخ";"ar"
"from_email";"من البريد الإلكترونى";"ar"
"from_name";"من الاسم";"ar"
"ftp";"FTP";"ar"
"ftp_connection_problem";"غير قادر على الاتصال بخادم FTP. من فضلك ، تحقق من معلومات اتصال FTP";"ar"
"ftp_directory";"مجلد FTP";"ar"
"ftp_pass";"كلمة مرور بروتوكول نقل الملفات";"ar"
"ftp_server_options";"خيارات سيرفر FTP";"ar"
"ftp_url";"خادم FTP";"ar"
"ftp_url_hint";"التنسيق هو: FTPHOST [: PORT] [/DIRECTORY]. مثال: ftp.yourhost.com:21/home/username/folder";"ar"
"ftp_user";"اسم المستخدم FTP";"ar"
"fulfillment_state";"Fulfillment state";"ar"
"full";"مكتمل";"ar"
"fullauth";"Fullauth";"ar"
"fullname";"الاسم بالكامل";"ar"
"full_description";"الوصف الكامل";"ar"
"full_list";"القائمة الكاملة";"ar"
"full_tree_cat";"شجرة كاملة";"ar"
"full_tree_pages";"شجرة كاملة";"ar"
"full_width";"العرض الكامل";"ar"
"function";"اللب";"ar"
"function_deprecated";"الخاصية [old_function] مهملة, وسيتم حذفها من النسخة القادمة من CS-Cart. يرجى استخدام الخاصية الجديدة [new_function] عوضاً عنها.";"ar"
"gateway";"البوابة";"ar"
"gateways";"البوابات";"ar"
"gc_redeem_and_add_free_products";"استبدال & إضافة منتجات مجانية إلى عربة التسوق";"ar"
"gdpr";"GDPR";"ar"
"gdpr.agreement_required_error";"موافقتك مطلوبة للمضي قدمًا.";"ar"
"gdpr.agreement_variables_hint";"<p> قد تحتوي نصوص الاتفاقيات المدرجة أدناه على <b> [email] </b> أو <b> [company] </b> فيها. هذه هي العناصر النائبة التي سيتم استبدالها تلقائيًا بالبيانات الفعلية عندما يرى العملاء الاتفاقيات. إذا كانت لديك واجهة متجر واحدة فقط ، فسيتم أخذ بيانات العناصر النائبة من <a href=""[company_settings_url]"" target=""_blank""> الإعدادات → الشركة </a>. إذا كانت لديك واجهات متاجر متعددة ، فسيتم أخذ البيانات من إعدادات واجهة المتجر التي يزورها العميل: </p><ul><li> سيتم أخذ <b> [company] </b> من <i> الشركة name </i>.</li><li><b>[email]</b> سيتم أخذها من <i> عنوان البريد الإلكتروني لقسم المستخدم </i>.</li></ul>";"ar"
"gdpr.agreement_variables_hint_mve";"<p> قد تحتوي نصوص الاتفاقيات المدرجة أدناه على <b> [email] </ b> أو <b> [company] </b> فيها. هذه هي العناصر النائبة التي سيتم استبدالها تلقائيًا بالبيانات الفعلية عندما يرى العملاء الاتفاقيات. سيتم الحصول على بيانات العناصر النائبة من <a href=""[company_settings_url]"" target=""_blank""> الإعدادات → الشركة </a>: </p> <ul> <li> <b> [company] </ b > مأخوذ من <i> اسم الشركة </ i>. </li> <li> سيتم أخذ <b> [email] </ b> من <i> عنوان البريد الإلكتروني لقسم المستخدم </i>.</li></ul>";"ar"
"gdpr.anonymize";"إخفاء الهوية";"ar"
"gdpr.checkout.place_order.agreement_text_full_personal_data_processing";"<p> نحن ([company]) نرسل رسائل البريد الإلكتروني المتعلقة بالحساب (مثل إشعارات حالة الطلب ورسائل البريد الإلكتروني لإعادة تعيين كلمة المرور والمزيد) إلى عنوان البريد الإلكتروني المقدم. لهذا السبب ، نحتاج إلى تخزين عنوان بريدك الإلكتروني بينما تظل عميلاً لدينا. </p> <p> نستخدم المعلومات الواردة في قسم عنوان الفوترة / الشحن وقد نرسلها إلى مزود طريقة الشحن أو الدفع من أجل: </ p > <ul> <li> حدد طرق الشحن والدفع المتاحة لموقعك. </li> <li> أكمل عملية الدفع أو الشحن عبر الموفر الذي تختاره عند الدفع عند إرسال الطلب. </ li> </ul> <p> بعض أعضاء طاقم العمل لدينا و / أو البائعين الذين يبيعون المنتجات في متجرنا واستخدام لوحة الإدارة الخاصة به قد تتمكن من الوصول إلى بياناتك. نحن نقدر خصوصيتك ، لذلك يتم توفير الوصول إلى البيانات على أساس الحاجة إلى المعرفة من أجل تشغيل المتجر. على سبيل المثال ، لا يتلقى البائع بياناتك إلا إذا طلبت شيئًا منه ، حتى يتمكن البائع من تلبية هذا الطلب. </p> <p> إذا قررت أنك لم تعد ترغب في استخدام متجرنا وترغب في الحصول على تمت إزالة البيانات الشخصية من قاعدة بياناتنا (أو إذا كنت ترغب في الحصول على جميع البيانات الشخصية المرتبطة بحسابك) ، فيرجى إرسال بريد إلكتروني إلى [email]. </p> <p> إذا كنت تعتقد أن بياناتك الشخصية تم إساءة استخدام البيانات ، يحق لك تقديم شكوى إلى سلطة إشرافية. نحن ملزمون بموجب اللائحة العامة لحماية البيانات في الاتحاد الأوروبي بإعلامك بهذا الحق ؛ لا ننوي في الواقع إساءة استخدام بياناتك. </p>";"ar"
"gdpr.checkout.place_order.agreement_text_short_personal_data_processing";"أوافق على معالجة بياناتي الشخصية <u> كما يلي. </u>";"ar"
"gdpr.checkout.place_order.personal_data_processing";"اتمام الشراء: تقديم الطلب: معالجة البيانات الشخصية";"ar"
"gdpr.checkout.profiles_update.agreement_text_full_personal_data_processing";"<p> نحن ([company]) نرسل رسائل البريد الإلكتروني المتعلقة بالحساب (مثل إشعارات حالة الطلب ورسائل البريد الإلكتروني لإعادة تعيين كلمة المرور والمزيد) إلى عنوان البريد الإلكتروني المقدم. لهذا السبب ، نحتاج إلى تخزين عنوان بريدك الإلكتروني بينما تظل عميلاً لدينا. </p> <p> نستخدم المعلومات الواردة في قسم عنوان الفوترة / الشحن وقد نرسلها إلى مزود طريقة الشحن أو الدفع من أجل: </ p > <ul> <li> حدد طرق الشحن والدفع المتاحة لموقعك. </li> <li> أكمل عملية الدفع أو الشحن عبر الموفر الذي تختاره عند الدفع عند إرسال الطلب. </ li> </ul> <p> بعض أعضاء طاقم العمل لدينا و / أو البائعين الذين يبيعون المنتجات في متجرنا واستخدام لوحة الإدارة الخاصة به قد تتمكن من الوصول إلى بياناتك. نحن نقدر خصوصيتك ، لذلك يتم توفير الوصول إلى البيانات على أساس الحاجة إلى المعرفة من أجل تشغيل المتجر. على سبيل المثال ، لا يتلقى البائع بياناتك إلا إذا طلبت شيئًا منه ، حتى يتمكن البائع من تلبية هذا الطلب. </p> <p> إذا قررت أنك لم تعد ترغب في استخدام متجرنا وترغب في الحصول على تمت إزالة البيانات الشخصية من قاعدة بياناتنا (أو إذا كنت ترغب في الحصول على جميع البيانات الشخصية المرتبطة بحسابك) ، فيرجى إرسال بريد إلكتروني إلى [email].</p> <p> إذا كنت تعتقد أن بياناتك الشخصية تم إساءة استخدام البيانات ، يحق لك تقديم شكوى إلى سلطة إشرافية. نحن ملزمون بموجب اللائحة العامة لحماية البيانات في الاتحاد الأوروبي بإعلامك بهذا الحق ؛ لا ننوي في الواقع إساءة استخدام بياناتك. </p>";"ar"
"gdpr.checkout.profiles_update.agreement_text_short_personal_data_processing";"أوافق على معالجة بياناتي الشخصية <u> على النحو التالي </u>.";"ar"
"gdpr.checkout.profiles_update.personal_data_processing";"اتمام الشراء: تحديث الملفات الشخصية";"ar"
"gdpr.check_other_sources_for_personal_data";"<p> الرجاء ملاحظة أن إخفاء الهوية لا يؤثر على أي نسخ احتياطية أو سجلات قد تكون لديك. إذا لزم الأمر ، يرجى القيام بما يلي: </p><ol><li> امسح السجلات ضمن <b> الإدارة → السجلات </b>.</li><li> قم بتأمين النسخ الاحتياطية التي قد تكون لديك وحذفها ضمن <b> الإدارة → النسخ الاحتياطي / الاستعادة </b>.</li></ol>";"ar"
"gdpr.cookie_consent";"موافقة ملفات تعريف الارتباط";"ar"
"gdpr.cookie_consent_accept";"أنا موافق";"ar"
"gdpr.cookie_consent_decline";"لا ، أخرجني من هنا";"ar"
"gdpr.cookie_consent_message";"<p> يستخدم موقع الويب هذا ملفات تعريف الارتباط (أجزاء صغيرة من البيانات يتم حفظها على جهاز الكمبيوتر الخاص بك). تتم إضافة بعض ملفات تعريف الارتباط بواسطة موقع الويب نفسه: فهي تساعد في إظهار محتوى سلة التسوق الخاصة بك ، وتظل مسجلاً للدخول بمجرد إدخال بريدك الإلكتروني وكلمة المرور ، وتحافظ على تفضيلاتك ، وتقوم بالكثير من الأشياء المفيدة الأخرى. نحن نستخدم ملفات تعريف الارتباط هذه فقط لجعل الموقع يعمل بشكل صحيح من أجلك. يتم تخزين موافقتك على استخدامنا لملفات تعريف الارتباط كملف تعريف ارتباط. </ p> <p> يمكن استخدام ملفات تعريف الارتباط الأخرى بواسطة خدمات جهات خارجية (مثل PayPal و YouTube و Google Maps و Facebook وما إلى ذلك) لتخزين البيانات حول كيفية استخدامك لخدمات الطرف الثالث على موقع الويب. ليس لدينا أي سيطرة على كيفية استخدام الأطراف الثالثة لملفات تعريف الارتباط ، ولكن ملفات تعريف الارتباط هذه مهمة أيضًا للتشغيل السليم للموقع. على سبيل المثال ، قد لا تعمل بعض وظائف PayPal بدون ملفات تعريف ارتباط PayPal. </ p> <p> بدون ملفات تعريف الارتباط ، يمكن أن تسوء أشياء كثيرة. لهذا السبب نطلب منك الموافقة على استخدام ملفات تعريف الارتباط قبل المتابعة. إذا كنت لا تريد أي ملفات تعريف ارتباط ولكنك ترغب في الاستمرار في استخدام موقع الويب ، فالرجاء تكوين متصفحك لحظر ملفات تعريف الارتباط ، وبعد ذلك ستتمكن من ""الموافقة"" على استخدامها ، بينما لن نتعامل مع ذلك على أنه موافقتك . </p>";"ar"
"gdpr.cookie_consent_texts";"نصوص الموافقة على ملفات تعريف الارتباط";"ar"
"gdpr.disable_all_description";"استخدم رمز التبديل هذا لتمكين أو تعطيل كافة الخدمات.";"ar"
"gdpr.disable_all_title";"تمكين أو تعطيل كافة الخدمات";"ar"
"gdpr.email_body_anonymization_request";"طلب <p><a href=""[user_profile_url]"" target=""_blank"">[user]</a> بعنوان البريد الإلكتروني [customer_email] إزالة البيانات الشخصية مع التعليق التالي: </p> <p>[comment]</p> <p> انقر فوق الرابط الموجود في بداية هذه الرسالة واستخدم الزر المقابل في صفحة ملف تعريف العميل في لوحة الإدارة لإخفاء هوية العميل. </p> <p> يرجى ملاحظة أن <b> سيحل هذا الإجراء محل جميع البيانات الشخصية للعميل </b> ببيانات تم إنشاؤها عشوائيًا. من الأفضل التأكد من إتمام جميع الأعمال التجارية مع العميل (مثل الطلبات وطلبات الإرجاع) قبل القيام بذلك. </p>";"ar"
"gdpr.email_body_personal_data_request";"<p> <a href=""[user_profile_url]"" target=""_blank""> طلب [user] </a> بعنوان البريد الإلكتروني [customer_email] نسخة من البيانات الشخصية مع التعليق التالي: </ p> <p > [comment] </ p> <p> انقر فوق الارتباط الموجود في بداية هذه الرسالة واستخدم الزر المقابل في صفحة ملف تعريف العميل في لوحة الإدارة للحصول على البيانات بتنسيق XML. بعد ذلك ، أرسل ملف XML إلى العميل. </p>";"ar"
"gdpr.email_subject_anonymization_request";"طلب إزالة البيانات الشخصية: [customer_email]";"ar"
"gdpr.email_subject_personal_data_request";"طلب نسخ البيانات الشخصية: [customer_email]";"ar"
"gdpr.eway_cookies_description";"eWAY هو مزود الدفع. يسمح لنا بقبول المدفوعات ، إذا اخترت طريقة دفع مدعومة من eWAY. هنا سياسة الخصوصية <a href=""https://www.eway.com.au/privacy-policy/"" target=""_blank"">eWAY</a>.";"ar"
"gdpr.eway_cookies_title";"eWAY";"ar"
"gdpr.export_to_xml";"تصدير إلى XML";"ar"
"gdpr.full_agreement";"نص اتفاق كامل";"ar"
"gdpr.functional_cookies_description";"تتيح ملفات تعريف الارتباط هذه وظائف إضافية على موقع الويب. قد يتم تعيينها بواسطة مزودي الطرف الثالث الذين أضفنا خدماتهم إلى موقع الويب. قد تتضمن هذه الخدمات أشياء كثيرة ، مثل الخرائط أو تحديد الموقع الجغرافي لحساب معدل الشحن الأولي أو القدرة على تسجيل الدخول باستخدام حساب الشبكة الاجتماعية الخاص بك. بدون ملفات تعريف الارتباط الوظيفية ، قد لا تعمل أجزاء الموقع المرتبطة بهذه الخدمات بشكل صحيح.";"ar"
"gdpr.functional_cookies_title";"ملفات تعريف الارتباط الوظيفية";"ar"
"gdpr.gdpr_user_data";"GDPR بيانات المستخدم";"ar"
"gdpr.klaro_accept_all";"قبول الكل";"ar"
"gdpr.klaro_accept_selected";"قبول المحدد";"ar"
"gdpr.klaro_close";"قريب";"ar"
"gdpr.klaro_consent_modal_description";"هنا يمكنك تقييم وتخصيص الخدمات (وملفات تعريف الارتباط الخاصة بها) التي نرغب في استخدامها على هذا الموقع. أنت المسؤول! تمكين أو تعطيل الخدمات كما تراه مناسبا.";"ar"
"gdpr.klaro_consent_modal_title";"ملفات تعريف الارتباط التي نرغب في استخدامها";"ar"
"gdpr.klaro_consent_notice_change_description";"كانت هناك تغييرات منذ زيارتك الأخيرة ، يرجى تجديد موافقتك.";"ar"
"gdpr.klaro_consent_notice_description";"أهلاً! هل يمكننا من فضلك تمكين بعض الخدمات الإضافية التي تتطلب ملفات تعريف الارتباط؟ يمكنك دائمًا تغيير موافقتك أو سحبها لاحقًا.";"ar"
"gdpr.klaro_consent_notice_learn_more";"دعني اختار";"ar"
"gdpr.klaro_consent_notice_testing";"وضع الاختبار!";"ar"
"gdpr.klaro_consent_notice_title";"الموافقة على ملفات تعريف الارتباط";"ar"
"gdpr.klaro_contextual_consent_accept_always";"دائماً";"ar"
"gdpr.klaro_contextual_consent_accept_once";"'نعم'";"ar"
"gdpr.klaro_contextual_consent_description";"هل تريد تحميل المحتوى الخارجي المزود بـ {title}؟";"ar"
"gdpr.klaro_decline";"أنا أرفض";"ar"
"gdpr.klaro_ok";"هذا حسن";"ar"
"gdpr.klaro_powered_by";"أدركت مع Klaro!";"ar"
"gdpr.klaro_privacy_policy_name";"سياسة الخصوصية";"ar"
"gdpr.klaro_privacy_policy_title";"يمكنك معرفة المزيد في هذا المستند: {privacyPolicy}.";"ar"
"gdpr.klaro_service";"الخدمات";"ar"
"gdpr.klaro_services";"خدمات";"ar"
"gdpr.klaro_service_purpose";"غاية";"ar"
"gdpr.klaro_service_purposes";"المقاصد";"ar"
"gdpr.klaro_service_required_description";"هذه الخدمة مطلوبة دائما";"ar"
"gdpr.klaro_service_required_title";"(مطلوب دائما)";"ar"
"gdpr.marketing_cookies_description";"يتم استخدام ملفات تعريف الارتباط هذه من قبل شركائنا في الإعلان. إنها تساعدهم على قياس كفاءة الترويج وتعرض عليك إعلانات أكثر صلة وأقل تكرارًا. يتم تحقيق ذلك عادةً من خلال تذكر المتصفح والجهاز الذي شاهد الإعلان. لن يؤدي إيقاف تشغيل ملفات تعريف الارتباط هذه إلى تقليل عدد الإعلانات التي تشاهدها على الإنترنت ، ولكنه سيجعلها أقل تخصيصًا.";"ar"
"gdpr.marketing_cookies_title";"ملفات تعريف الارتباط التسويقية";"ar"
"gdpr.opt_out_description";"يتم تمكين هذه الخدمة افتراضيًا (ولكن يمكنك إلغاء الاشتراك)";"ar"
"gdpr.opt_out_title";"(انسحب)";"ar"
"gdpr.performance_cookies_description";"تسمح لنا ملفات تعريف الارتباط هذه بمعرفة كيفية عمل الموقع. المعلومات التي تساعد ملفات تعريف الارتباط هذه في جمعها مجهولة الهوية ؛ يتم تقديمه عادة بأرقام. على سبيل المثال ، تساعدنا ملفات تعريف الارتباط هذه في معرفة معدل حدوث الأخطاء ، أو عدد الزوار الفريدين لدينا ، أو متوسط مدة عرض كل صفحة. بفضل ملفات تعريف الارتباط هذه ، يمكننا تحسين الموقع لك.";"ar"
"gdpr.performance_cookies_title";"ملفات تعريف الارتباط الخاصة بالأداء";"ar"
"gdpr.products.subscribe.agreement_text_full_personal_data_processing";"<p> سنقوم ([company]) بإضافة عنوان بريدك الإلكتروني إلى قائمة بريدية خاصة لهذا المنتج. بمجرد أن يصبح المنتج في المخزون ، ستتلقى بريدًا إلكترونيًا حوله تلقائيًا ، وستتم إزالة عنوان بريدك الإلكتروني من القائمة البريدية للمنتج. </ p> <p> ستكون البيانات مرئية لبعض أعضاء فريق العمل لدينا. إذا كنت ترغب في إزالة بياناتك الشخصية ، فأرسل بريدًا إلكترونيًا إلى [email]. </ p> <p> إذا كنت تعتقد أنه قد تم إساءة استخدام بياناتك الشخصية ، فيحق لك تقديم شكوى إلى سلطة إشرافية . نحن ملزمون بموجب اللائحة العامة لحماية البيانات في الاتحاد الأوروبي بإعلامك بهذا الحق ؛ لا ننوي في الواقع إساءة استخدام بياناتك. </p>";"ar"
"gdpr.products.subscribe.agreement_text_short_personal_data_processing";"أوافق على معالجة بياناتي الشخصية <u> كما يلي. </u>";"ar"
"gdpr.products.subscribe.personal_data_processing";"المنتجات: اشتراك";"ar"
"gdpr.profiles.update.agreement_text_full_personal_data_processing";"<p> تميز عناوين البريد الإلكتروني العملاء عن بعضهم البعض. قمت بتسجيل الدخول إلى المتجر عن طريق إدخال عنوان البريد الإلكتروني وكلمة المرور التي قدمتها هنا. </ p> <p> نحن ([الشركة]) أيضًا نرسل رسائل البريد الإلكتروني المتعلقة بالحساب (مثل إشعارات حالة الطلب ، ورسائل البريد الإلكتروني الخاصة بإعادة تعيين كلمة المرور ، والمزيد) إلى عنوان البريد الإلكتروني المقدم. ولهذا السبب ، نحتاج إلى تخزين عنوان بريدك الإلكتروني عندما تظل عميلنا. </ p> <p> يتم تخزين حقول الملفات الشخصية الأخرى التي قد تكون موجودة أو غير موجودة في هذه الصفحة جنبًا إلى جنب مع عنوان بريدك الإلكتروني. قد نستخدم هذه المعلومات للاتصال بك ، في حالة الضرورة. </ p> <p> نستخدم المعلومات في قسم عنوان إرسال الفواتير / الشحن وقد نرسلها إلى مزود خدمة الشحن أو الدفع إلى: </ p> < ul> <li> تحديد طرق الشحن والدفع المتاحة لموقعك. </ li> <li> أكمل عملية الدفع أو الشحن عبر الموفر الذي تختاره عند الدفع عند تقديم الطلب. </ li> </ ul> <p> قد يتمكن بعض أعضاء طاقمنا و / أو بائعينا الذين يبيعون المنتجات في متجرنا ويستخدمون لوحة الإدارة التابعة له من الوصول إلى بياناتك. نحن نقدر خصوصيتك ، لذلك يتم توفير الوصول إلى البيانات على أساس الحاجة إلى المعرفة من أجل تشغيل المتجر. على سبيل المثال ، لا يستلم المورد إلا بياناتك إذا طلبت شيئًا منه ، حتى يتمكن البائع من استيفاء هذا الأمر. </ p> <p> إذا قررت عدم رغبتك في استخدام متجرنا وترغب في الحصول على إزالة البيانات الشخصية من قاعدة البيانات الخاصة بنا (أو إذا كنت ترغب في الحصول على جميع البيانات الشخصية المرتبطة بحسابك لدينا) ، يرجى إرسال بريد إلكتروني إلى [email]. </ p> <p> إذا كنت تعتقد أن بياناتك الشخصية قد أسيء استخدامها ، لديك الحق في تقديم شكوى إلى سلطة إشرافية. نحن ملزمون بقانون حماية البيانات العامة للاتحاد الأوروبي لإعلامك بهذا الحق ؛ لا نعتزم في الواقع إساءة استخدام بياناتك. </ p>";"ar"
"gdpr.profiles.update.agreement_text_short_personal_data_processing";"أوافق على معالجة بياناتي الشخصية <u> كما يلي. </u>";"ar"
"gdpr.profiles.update.personal_data_processing";"الملفات الشخصية: التحديث";"ar"
"gdpr.remove_my_data";"إزالة البيانات الخاصة بي";"ar"
"gdpr.remove_my_data_description";"<p>سنقوم بإلغاء تنشيط حسابك وإزالة جميع بياناتك الشخصية منه. بعد ذلك لن تتمكن من تسجيل الدخول. ومع ذلك ، ستتمكن من تسجيل حساب جديد بنفس عنوان البريد الإلكتروني في المستقبل. يرجى ملاحظة أننا سنحتاج إلى بعض الوقت لمعالجة هذا الطلب ، لذلك لن يتم إلغاء تنشيط حسابك على الفور. إذا كانت لديك أي تعليقات بشأن طلبك ، فالرجاء تركها في الحقل أدناه.</p>";"ar"
"gdpr.send_my_data";"أرسل لي بياناتي";"ar"
"gdpr.send_my_data_description";"<p>سنرسل إليك ملف XML يحتوي على جميع بياناتك الشخصية لدينا. يرجى ملاحظة أننا سنحتاج إلى بعض الوقت لمعالجة هذا الطلب ، لذلك لن يتم إرسال البريد الإلكتروني الذي يحتوي على ملف XML على الفور. إذا كانت لديك أي تعليقات بشأن طلبك ، فالرجاء تركها في الحقل أدناه.</p>";"ar"
"gdpr.short_agreement";"نص إتفاق قصير";"ar"
"gdpr.site_functionality_cookies_description";"تخدم ملفات تعريف الارتباط هذه الوظائف الأساسية للموقع. على سبيل المثال ، يساعدون الموقع على تذكر أنك وضعت شيئًا ما في سلة التسوق أو سجلت الدخول إلى حسابك.";"ar"
"gdpr.site_functionality_cookies_title";"وظائف الموقع";"ar"
"gdpr.strictly_necessary_cookies_description";"ملفات تعريف الارتباط هذه ضرورية لموقع الويب للعمل بشكل صحيح. على سبيل المثال ، يسمحون لك بتقديم طلب ، أو يساعدون الموقع على تذكر أنك سجلت الدخول إلى حسابك. لهذا السبب لا يمكن تعطيلهم من خلال الموقع. يمكنك تكوين متصفحك لتعطيل حتى ملفات تعريف الارتباط هذه ، ولكن لن تعمل أجزاء مهمة من الموقع بدونها.";"ar"
"gdpr.strictly_necessary_cookies_title";"ملفات تعريف الارتباط الضرورية للغاية";"ar"
"gdpr.text_anonymize_question";"بمجرد إخفاء شخص ما ، سيتم استبدال جميع بياناته الشخصية ببيانات تم إنشاؤها عشوائيًا. لا يمكن التراجع عن هذا الإجراء ، إلا إذا قمت باستعادة قاعدة البيانات من نسخة احتياطية. هل انت متأكد انك تريد المتابعة؟";"ar"
"gdpr.uk_cookies_law";"تُستخدم ملفات تعريف الارتباط في هذا الموقع لتوفير أفضل تجربة للمستخدم. إذا تابعت ، نفترض أنك توافق على تلقي ملفات تعريف الارتباط من هذا الموقع.";"ar"
"gdpr.user.registration.agreement_text_full_personal_data_processing";"<p> تميز عناوين البريد الإلكتروني العملاء عن بعضهم البعض. قمت بتسجيل الدخول إلى المتجر عن طريق إدخال عنوان البريد الإلكتروني وكلمة المرور التي قدمتها هنا. </ p> <p> نحن ([الشركة]) أيضًا نرسل رسائل البريد الإلكتروني المتعلقة بالحساب (مثل إشعارات حالة الطلب ، ورسائل البريد الإلكتروني الخاصة بإعادة تعيين كلمة المرور ، والمزيد) إلى عنوان البريد الإلكتروني المقدم. ولهذا السبب ، نحتاج إلى تخزين عنوان بريدك الإلكتروني عندما تظل عميلنا. </ p> <p> يتم تخزين حقول الملفات الشخصية الأخرى التي قد تكون موجودة أو غير موجودة في هذه الصفحة جنبًا إلى جنب مع عنوان بريدك الإلكتروني. قد نستخدم هذه المعلومات للاتصال بك ، في حالة الضرورة. </ p> <p> قد يتمكن بعض أعضاء طاقمنا و / أو بائعينا الذين يبيعون المنتجات في متجرنا ويستخدمون لوحة الإدارة التابعة له من الوصول إلى بياناتك. نحن نقدر خصوصيتك ، لذلك يتم توفير الوصول إلى البيانات على أساس الحاجة إلى المعرفة من أجل تشغيل المتجر. على سبيل المثال ، لا يستلم المورد إلا بياناتك إذا طلبت شيئًا منه ، حتى يتمكن البائع من استيفاء هذا الأمر. </ p> <p> إذا قررت عدم رغبتك في استخدام متجرنا وترغب في الحصول على إزالة البيانات الشخصية من قاعدة البيانات الخاصة بنا (أو إذا كنت ترغب في الحصول على جميع البيانات الشخصية المرتبطة بحسابك لدينا) ، يرجى إرسال بريد إلكتروني إلى [email]. </ p> <p> إذا كنت تعتقد أن بياناتك الشخصية قد أسيء استخدامها، لديك الحق في تقديم شكوى إلى سلطة إشرافية. نحن ملزمون بقانون حماية البيانات العامة للاتحاد الأوروبي لإعلامك بهذا الحق ؛ لا نعتزم في الواقع إساءة استخدام بياناتك. </ p>";"ar"
"gdpr.user.registration.agreement_text_short_personal_data_processing";"أوافق على معالجة بياناتي الشخصية <u> كما يلي. </u>";"ar"
"gdpr.user.registration.personal_data_processing";"العميل: التسجيل";"ar"
"gdpr.user_action_request_fail";"حدث خطأ أثناء محاولة إرسال طلبك. يرجى إعادة المحاولة أو إرسال رسالة إلى عنوان البريد الإلكتروني التالي: <a href=""mailto:[email]"">[email]</a>";"ar"
"gdpr.user_action_request_success";"تم ارسال طلبك بنجاح.";"ar"
"gdpr.user_anonymized";"تم إخفاء هويته المستخدم.";"ar"
"gdpr.user_profile_actions_description";"<p> عندما يتفاعل العملاء مع المتجر ، فإنهم يقدمون بيانات شخصية لأغراض مختلفة. عند تقديم طلب ، نحتاج إلى معرفة مكان شحنه ؛ عندما تشترك في رسالة إخبارية عبر البريد الإلكتروني ، نحتاج إلى معرفة مكان إرسالها ، وما إلى ذلك. نحافظ على تنظيم هذه البيانات ، بحيث يمكنك دائمًا: </ p> <ol> <li> طلب إرسال جميع بياناتك الشخصية إليك. في هذه الحالة ، سنرسل لك ملف XML عبر البريد الإلكتروني. سيحتوي هذا الملف على جميع بياناتك الشخصية التي لدينا. </ li> <li> اطلب نسيانها. في هذه الحالة ، سيتم إلغاء تنشيط حسابك ، وستتم إزالة جميع بياناتك الشخصية. إذا لزم الأمر ، ستتمكن من تسجيل حساب جديد بنفس عنوان البريد الإلكتروني في المستقبل. </ li> </ol> <p> الرجاء ملاحظة أننا سنحتاج إلى بعض الوقت لمعالجة أي من هذه الطلبات. قد نتصل بك بخصوص طلبك عن طريق البريد الإلكتروني أو من خلال وسائل أخرى. </p>";"ar"
"gdpr.vendor.apply.agreement_text_full_personal_data_processing";"<p> نظرًا لأن البائعين يبيعون المنتجات في سوقنا ، يتعين علينا ([company]) طلب معلومات معينة عنها. على سبيل المثال ، يتم عرض اسم الشركة ووصف البائع للعملاء ويعملان على تمييز البائعين عن بعضهم البعض ؛ يُستخدم العنوان لحساب سعر الشحن. </p> <p> ومع ذلك ، فإننا نطلب أيضًا بعض البيانات الشخصية ، مثل الاسم الأول / اسم العائلة وعنوان البريد الإلكتروني. هذه ضرورية لإنشاء حساب مسؤول للمورّد في نظامنا. يعمل البائعون مع السوق من خلال هذه الحسابات. تعتبر عناوين البريد الإلكتروني ضرورية لأنها تميز المسؤولين عن بعضهم البعض. تقوم بتسجيل الدخول إلى المتجر عن طريق إدخال عنوان البريد الإلكتروني الذي تقدمه هنا. الأسماء ضرورية لأن بائع واحد يمكن أن يكون لديه عدة مسؤولين - فمن الأسهل التعامل مع المساءلة بهذه الطريقة. </p> <p> نرسل أيضًا رسائل البريد الإلكتروني المتعلقة بالحساب (مثل إشعارات حالة الطلب ورسائل البريد الإلكتروني لإعادة تعيين كلمة المرور والمزيد) إلى عنوان البريد الإلكتروني المقدم. لهذا السبب ، نحتاج إلى تخزين عنوان بريدك الإلكتروني بينما تظل عميلنا. إذا قررت أنك لم تعد ترغب في العمل مع سوقنا وترغب في إزالة البيانات الشخصية من قاعدة بياناتنا (أو إذا كنت ترغب في الحصول على جميع البيانات الشخصية المرتبطة بحسابك لدينا) ، فيرجى إرسال بريد إلكتروني إلى [email].</p> <p> إذا كنت تعتقد أنه قد تم إساءة استخدام بياناتك الشخصية ، فيحق لك تقديم شكوى إلى سلطة إشرافية. نحن ملزمون بموجب اللائحة العامة لحماية البيانات في الاتحاد الأوروبي بإعلامك بهذا الحق ؛ لا ننوي في الواقع إساءة استخدام بياناتك. </p>";"ar"
"gdpr.vendor.apply.agreement_text_short_personal_data_processing";"أوافق على معالجة بياناتي الشخصية <u> كما يلي. </u>";"ar"
"gdpr.vendor.apply.personal_data_processing";"المورد: قدم طلبًا للمورّد";"ar"
"gdpr.view_and_edit";"عرض وتحرير";"ar"
"gdpr_agreements";"البيانات الشخصية من اتفاقيات GDPR";"ar"
"gdpr_call_requests";"البيانات الشخصية من طلبات المكالمة";"ar"
"gdpr_discussions_data";"البيانات الشخصية من المناقشات";"ar"
"gdpr_newsletters";"البيانات الشخصية من الرسائل الإخبارية";"ar"
"gdpr_orders_data";"البيانات الشخصية من الطلبات";"ar"
"gdpr_product_reviews";"البيانات الشخصية من التقييمات";"ar"
"gdpr_product_subscriptions";"البيانات الشخصية من اشتراكات المنتج";"ar"
"gdpr_user_data";"بيانات المستخدم الشخصية";"ar"
"gdpr_user_profiles";"البيانات الشخصية من ملفات تعريف المستخدمين";"ar"
"general";"عام";"ar"
"general_info";"بيانات عامة";"ar"
"general_settings";"الإعدادات العامة";"ar"
"general_statistics";"إحصائيات عامة";"ar"
"generate";"توليد";"ar"
"generate_cache";"توليد ملفات مؤقتة";"ar"
"generate_new_api_key";"إنشاء مفتاح API جديد";"ar"
"generate_submenu";"توليد القائمة الفرعية";"ar"
"generating_pdf";"إنشاء PDF. يرجى الانتظار...";"ar"
"generating_xls";"إنشاء XLS. يرجى الانتظار...";"ar"
"geography";"الجغرافيا";"ar"
"geo_maps.cannot_select_location";"تعذر تحديد هذا الموقع لأسباب فنية. إذا واجهت أي صعوبات عند تقديم طلب ، يرجى الاتصال بنا.";"ar"
"geo_maps.from_pickup_points";"[shipping] ، [n] نقطة الالتقاط | [shipping] ، [n] نقاط الالتقاط";"ar"
"geo_maps.google_maps_cookie_description";"خرائط Google هي خدمة تتيح لنا عرض الخرائط والمواقع المختلفة على تلك الخرائط ، أو تحديد موقعك تلقائيًا. هنا <a href=""https://policies.google.com/privacy"" target=""_blank"">سياسة خصوصية Google ؛</a> نوصي أيضًا بملاحظة موجزة وشاملة من Google <a href=""https://support.google.com/maps/answer/10400210"" target=""_blank"">حول الخصوصية</a>.";"ar"
"geo_maps.google_maps_cookie_title";"خرائط جوجل";"ar"
"geo_maps.location_detection_disabled";"لا يمكن تحديد موقعك. حاول تمكين خدمات الموقع على جهازك أو تعطيل حماية التتبع.";"ar"
"geo_maps.no_shippings";"معذرةً ، لم نتمكن من العثور على أي خيارات شحن لموقعك. يرجى الاتصال بنا وسنرى ما يمكننا فعله حيال ذلك.";"ar"
"geo_maps.no_shippings_short";"الشحن إلى موقعك غير متوفر.";"ar"
"geo_maps.select_your_city";"اختر مدينتك";"ar"
"geo_maps.settings_is_configured_correctly_notice";"إذا رأيت الخريطة هنا ، فسيتم تكوين كل شيء بشكل صحيح ، وتعمل الخرائط في نهاية مزود الخريطة.";"ar"
"geo_maps.shipping_about";"حول";"ar"
"geo_maps.shipping_address_on_map";"عنوان الشحن على الخريطة";"ar"
"geo_maps.shipping_from";"من عند";"ar"
"geo_maps.shipping_group_delivery";"الشحن";"ar"
"geo_maps.shipping_group_pickup";"يلتقط";"ar"
"geo_maps.shipping_time";"وقت الشحن";"ar"
"geo_maps.shipping_time_and_rates";"وقت الشحن والأسعار";"ar"
"geo_maps.text_settings_google_api_notice";"تعرف على المزيد حول إعداد مفتاح واجهة برمجة التطبيقات <a target=""_blank"" href=""https://docs.cs-cart.com/4.10.x/user_guide/addons/maps_and_geolocation/#configuration""> في الوثائق </a> .";"ar"
"geo_maps.yandex_maps_cookie_description";"Yandex Maps هي خدمة تتيح لنا عرض الخرائط والمواقع المختلفة على تلك الخرائط ، أو تحديد موقعك تلقائيًا. فيما يلي <a href=""https://yandex.com/legal/confidential/"" target=""_blank"">سياسة خصوصية Yandex</a>.";"ar"
"geo_maps.yandex_maps_cookie_title";"خرائط ياندكس";"ar"
"geo_maps.your_city";"مدينتك";"ar"
"german";"ألماني";"ar"
"get_api_key";"الحصول على مفتاح API";"ar"
"get_rates";"احصل على التقييمات";"ar"
"get_social";"&larr;";"ar"
"gift_add_products";"إضافة منتجات للهدية";"ar"
"gift_certificate";"شهادة هدية";"ar"
"gift_certificates";"شهادات الهدايا";"ar"
"gift_certificates.actions.gift_certificate_statuses";"حالات شهادة الهدية";"ar"
"gift_certificates.certificate_purchase_form";"استمارة شراء شهادة هدية";"ar"
"gift_certificates.event.gift_certificate.status_changed.name";"تم تغيير حالة شهادة الهدية إلى [status]";"ar"
"gift_certificates.event.gift_certificate.updated.name";"تم تحديث شهادة الهدية";"ar"
"gift_certificates.recipient_email";"البريد الإلكتروني المستلم";"ar"
"gift_certificates_verify";"التحقق من شهادة الهدية";"ar"
"gift_certificate_added_to_cart";"تم إضافة شهادة هدية إلى عربة التسوق الخاصة بك";"ar"
"gift_certificate_created";"تم إنشاء شهادة هدية";"ar"
"gift_certificate_info";"معلومات شهادة هدية";"ar"
"gift_certificate_status";"حالة شهادة الهدية";"ar"
"gift_certificate_statuses";"حالات شهادة هدية";"ar"
"gift_certificate_verification";"التحقق من الشهادة هدية";"ar"
"gift_cert_amount_changed";"لقد تم تغيير مبلغ شهادة هدية.";"ar"
"gift_cert_code";"كوبون شهادة هدية";"ar"
"gift_cert_debit";"رصيد مدين";"ar"
"gift_cert_error_amount";"يجب أن لا يكون المبلغ أعلى من [max] وأقل من [min]";"ar"
"gift_cert_from";"من";"ar"
"gift_cert_to";"إلى";"ar"
"gift_cert_with_products";"من المستحيل شراء المنتجات وشهادات الهدايا معا. من فضلك، وضع الطلب الحالي وكرر المحاولة.";"ar"
"gift_comment";"الرسالة";"ar"
"give_coupon_subj";"لديكم عرض جديد";"ar"
"global";"عام";"ar"
"global_individual.additional_settings";"يمكنك إخفاء أو إظهار بعض إعدادات المنتج الإضافية هنا. سيكون الإعداد المخفي عامًا وسيؤثر على جميع المنتجات. ابحث عن الرمز [icon] <a href=""[settings_url]"">في قائمة ""الإعدادات""</a>.";"ar"
"global_individual.global";"عام";"ar"
"global_individual.global_tooltip";"يمكن تغيير قيمة هذا الإعداد للعناصر الفردية. انقر هنا لجعل هذا الإعداد عالميًا.";"ar"
"global_individual.global_value_all_items";"القيمة العامة لجميع العناصر";"ar"
"global_individual.individual";"فردي";"ar"
"global_individual.individual_tooltip";"هذا الإعداد عام حاليًا. انقر هنا للسماح بتغيير قيمته للعناصر الفردية.";"ar"
"global_individual.individual_values_each_item";"القيم الفردية لكل عنصر";"ar"
"global_options";"خيارات عامة";"ar"
"global_status";"الحالة العامة";"ar"
"global_update";"تحديث عام";"ar"
"global_update_description";"يمكن إدخال قيم موجبة أو سالبة في الخانات أدناه (مثال: -5).";"ar"
"global_vars";"المتغيرات العمومية";"ar"
"go";"اذهب";"ar"
"google";"جووجل";"ar"
"google_analytics.google_ads_cookies_description";"إعلانات Google عبارة عن خدمة تتيح لنا تقديم عروض مخصصة لك. يسمح لنا هذا الإذن بتعيين ملفات تعريف الارتباط وإرسال بعض بياناتك المتعلقة بالإعلان إلى Google. إليك <a href=""https://safety.google/privacy/ads-and-data/"" target=""_blank"">كيفية تعامل Google مع البيانات المتعلقة بالإعلانات</a>.";"ar"
"google_analytics.google_ads_cookies_title";"إعلانات Google";"ar"
"google_analytics.google_analytics_cookies_description";"Google Analytics هي خدمة توفر لنا تحليلات مواقع الويب: عدد الزوار الفريدين، والصفحات الأكثر والأقل شهرة، وما إلى ذلك. إليك <a href=""https://support.google.com/analytics/answer/6004245"" target=""_blank"">بيان Google Analytics حول الخصوصية</a>.";"ar"
"google_analytics.google_analytics_cookies_title";"تحليلات Google";"ar"
"google_base";"جووجل";"ar"
"google_base_export_notice";"<b>تنوية:</b> يمكنك عمل إعدادات لتكاليف الضريبة والتوصيل من خلال صفحة <a href=""http://www.google.com/merchants/taxshippingsettings"">ملخص الضرائب والتوصيل</a> في مركز التاجر في حساب جوجل الخاص بك";"ar"
"google_sitemap.export_progress_entry";"[storefront]: [object]";"ar"
"google_sitemap.generate_map";"لم يتم إنشاء ملف sitemap بعد. يرجى الانتقال إلى إعدادات الوظائف الإضافية والضغط على زر ""إعادة إنشاء موقع sitemap""";"ar"
"google_sitemap.map_generated";"تم إنشاء ملف sitemap بنجاح";"ar"
"google_sitemap.text_auto_regenerate";"يمكنك تشغيل إعادة إنشاء خريطة الموقع تلقائيًا في فترات زمنية معينة. للقيام بذلك ، أضف الأمر التالي إلى CRON:";"ar"
"google_sitemap.text_regenerate";"إذا تمت إضافة أو تغيير المنتجات والفئات وما إلى ذلك ، فيرجى <a class=""cm-ajax cm-comet btn btn-primary"" href=""[regenerate_url]""> إعادة إنشاء خريطة موقع </a> <br /> <br /> [sitemap_available_in_customer]";"ar"
"google_sitemap.text_select_storefront";"لإنشاء ملف sitemap ، يرجى تحديد واجهة المتجر أولاً.";"ar"
"goto_theme_configuration";"استعراض الثيمات";"ar"
"go_back";"عودة";"ar"
"go_to_admin_panel";"لوحة الادارة";"ar"
"go_to_the_admin_homepage";"اذهب لرئيسية لوحة تحكم الأدمن";"ar"
"go_to_the_homepage";"اذهب للرئيسية";"ar"
"grams_in_the_unit_of_weight";"عدد الجرامات المساوية لرمز الوزن";"ar"
"grant_point";"منح نقاط المكافأة";"ar"
"graphic";"رسم";"ar"
"graphic_banner";"بانر صوري";"ar"
"greek";"يوناني";"ar"
"grid";"شبكة";"ar"
"grid_options";"خيارات الشبكة";"ar"
"gross_total";"مجموع الإجمالي";"ar"
"ground_only";"الأرض فقط";"ar"
"group";"المجموعة";"ar"
"groups";"المجموعات";"ar"
"guest";"زائر";"ar"
"has_additional_pages";"يحتوي على صفحات إضافية";"ar"
"has_credit_memo";"لديه مذكرة رصيد";"ar"
"has_invoice";"لديه فاتورة";"ar"
"header";"رأس";"ar"
"header_image";"صورة الهيدر";"ar"
"head_custom_html";"Custom HTML code";"ar"
"hebrew";"عبري";"ar"
"height";"الارتفاع";"ar"
"hello";"مرحباً";"ar"
"hello_name";"مرحبًا [name] ،";"ar"
"help";"مساعدة";"ar"
"helpdesk_account.activate_free_license_message";"قم بإنشاء حساب في نظام Help Desk الخاص بنا. سيسمح لك بترقية متجرك ، والاتصال بفريق خدمة العملاء لدينا ، والحصول على الوظائف الإضافية (المدفوعة والمجانية) من CS-Cart Marketplace للإضافات والسمات.";"ar"
"helpdesk_account.activate_free_license_message_send";"تم إرسال رابط تنشيط لترخيص CS-Cart المجاني إلى البريد الإلكتروني: [email]";"ar"
"helpdesk_account.activate_free_license_short_message";"قم بإنشاء حساب في مكتب المساعدة الخاص بنا لترقية متجرك ، وتلقي الدعم ، والحصول على إضافات مجانية أو مدفوعة من سوق الإضافات لدينا.";"ar"
"helpdesk_account.helpdesk_account";"حساب مكتب المساعدة";"ar"
"helpdesk_account.request_permissions";"طلب أذونات";"ar"
"helpdesk_account.request_permissions_from_store_owner_to_manage_addons";"تحتاج إلى الحصول على إذن مسبق من صاحب المتجر لإدارة الوظائف الإضافية.";"ar"
"helpdesk_account.signed_in_message";"تم الدخول";"ar"
"helpdesk_account.signed_out_message";"قم بتسجيل الدخول باستخدام حساب Help Desk للوصول إلى جميع خدمات CS-Cart باستخدام حساب واحد.";"ar"
"helpdesk_account.signed_out_message.marketplace";"قم بتسجيل الدخول باستخدام حساب Help Desk الخاص بك للحصول على معلومات حول أحدث إصدارات الوظائف الإضافية من Marketplace ، وتقييم ومراجعة الوظائف الإضافية التي اشتريتها ، وإطالة اشتراكات الترخيص الخاصة بك.";"ar"
"helpdesk_account.signed_out_message.marketplace_single_addon";"قم بتسجيل الدخول باستخدام حساب Help Desk الخاص بك للحصول على معلومات حول أحدث إصدارات الوظائف الإضافية من Marketplace ، وتقييم ومراجعة هذه الوظيفة الإضافية ، وإطالة مدة اشتراك الترخيص الخاص بك.";"ar"
"helpdesk_account.sign_in";"تسجيل الدخول";"ar"
"helpdesk_account.sign_in_to_manage_addons";"قم بتسجيل الدخول باستخدام حساب Help Desk لإدارة الوظائف الإضافية.";"ar"
"helpdesk_account.sign_out";"خروج";"ar"
"helpdesk_account.sign_up";"اشتراك";"ar"
"help_center.ask";"اسألنا سؤال";"ar"
"help_center.customer_care";"رعاية العميل";"ar"
"help_center.customer_care.all_tickets";"جميع التذاكر";"ar"
"help_center.customer_care.few_tickets_require_your_attention";"تتطلب بعض التذاكر من فريق خدمة العملاء انتباهك. <a href=""[url]"" target=""[target]"">انقر هنا لعرض التذاكر</a>";"ar"
"help_center.customer_care.no_support_tickets";"لم يتم العثور على تذاكر دعم.";"ar"
"help_center.customer_care.prolong_subscription";"اشتراك مطول";"ar"
"help_center.customer_care.service_unavailable";"اشتراك خدمة العملاء الخاص بك غير نشط";"ar"
"help_center.customer_care.service_unavailable_description";"قم بإطالة الاشتراك للاستمرار في تلقي الدعم.";"ar"
"help_center.customer_care.sign_in_text";"قم بتسجيل الدخول باستخدام حساب Help Desk الخاص بك <br>للاتصال بخدمة العملاء ومشاهدة أحدث التذاكر الخاصة بك.";"ar"
"help_center.customer_care.status.open";"فتح";"ar"
"help_center.customer_care.status.resolved";"تم الحل";"ar"
"help_center.customer_care.submit_ticket";"تسجيل التذكرة";"ar"
"help_center.customer_care.view_all_tickets";"عرض جميع التذاكر";"ar"
"help_center.growth_center";"مركز النمو";"ar"
"help_center.help";"المساعدة";"ar"
"help_center.help_center";"مركز المساعدة";"ar"
"help_center.loading";"جار التحميل...";"ar"
"help_center.no_data";"المعلومات غير متوفرة لهذا القسم.";"ar"
"help_center.no_data_relevant";"المعلومات ذات الصلة غير متوفرة لهذا القسم.";"ar"
"help_center.see_all_n_results";"مشاهدة جميع النتائج [n] ...";"ar"
"hidden";"مخفي";"ar"
"hidden_categories";"الفئات المخفية";"ar"
"hide";"إخفاء";"ar"
"hide_add_to_cart_button";"إخفاء زر أضف لسلّة التسوق";"ar"
"hide_extra_logos";"إخفاء الشعارات الإضافية";"ar"
"hide_on_checkout";"إخفاء عند اتمام الشراء";"ar"
"hide_options";"إخفاء الخيارات";"ar"
"hide_option_completely";"إخفاء الخيار بالكامل";"ar"
"hidpi.notice.images_were_not_restored";"لا تزال بعض الصور القديمة في متجرك منخفضة الجودة. لاستخدام أعلى جودة ممكنة ، يرجى <a href=""[convert_url]""> استعادة الصور عالية الجودة </a>. هذه العملية تلقائية.";"ar"
"hidpi.restore_btn";"استعادة";"ar"
"hidpi.restore_images";"استعادة الصورة";"ar"
"hidpi.text_restore_images";"انخفض الإصدار السابق من الوظيفة الإضافية دعم HiDPI في الصور التي تم تحميلها. ليس هناك حاجة لذلك الآن. ولكن لجعل صورك تبدو جميلة وحادة تحتاج إلى النقر فوق استعادة.";"ar"
"hidpi.upload_high_res_image";"أنا أحمل صورة HiDPI.";"ar"
"hidpi.upload_high_res_image.tooltip";"إذا تم تحديد خانة الاختيار هذه ، فسيتم عرض الصورة المصدر مرتين بعد تقليل حجمها. يؤثر هذا الإعداد فقط على عرض الصورة المصدر وليس على الصورة المصغرة لها. إذا كنت تريد عرض صورة بالحجم الأصلي ، فقم بإلغاء تحديد مربع الاختيار هذا.";"ar"
"hidpi.warning_restore_images";"<strong>انتباه!</strong> هذا الإجراء غير قابل للعكس: عندما تعيد الترقية ، لن يتم التراجع عن معالجة استعادة الصورة. لذا ، يرجى التأكد من إجراء نسخة احتياطية. يمكن أن يستغرق هذا الإجراء بعض الوقت - يعتمد ذلك على عدد الصور في متجرك.";"ar"
"history";"السجل التاريخي";"ar"
"home";"الرئيسية";"ar"
"home_page";"الصفحة الرئيسية";"ar"
"horizontal";"أفقي";"ar"
"horizontal_filters";"Horizontal filters";"ar"
"host";"اسم الخادم";"ar"
"host_code";"كود الخادم";"ar"
"hour";"الساعة";"ar"
"hourly";"كل ساعة";"ar"
"hour_or_hours";"ساعة (ساعات)";"ar"
"how_to_send";"طريقة الإرسال";"ar"
"html_block";"كتلة HTML";"ar"
"http_transport_error_prefix_curl";"خطأ الضفيرة";"ar"
"http_transport_error_prefix_socket";"خطأ مأخذ توصيل Socket Error";"ar"
"hungarian";"المجري";"ar"
"hybrid_auth";"تسجيل الدخول عبر التواصل الاجتماعي";"ar"
"hybrid_auth.add_provider";"إضافة مزود";"ar"
"hybrid_auth.callback_url";"عاود الاتصال بالعنوان";"ar"
"hybrid_auth.cant_create_profile";"لسوء الحظ ، فشلنا في إنشاء عميل وتسجيل الدخول إلى المتجر بسبب أحد الأسباب التالية: <br /> - لقد قمت بتسجيل الدخول إلى متجرنا مسبقًا باستخدام موفر OpenID آخر يستخدم فيه نفس البريد الإلكتروني. <br / > - لقد قمت بالتسجيل بالفعل في متجرنا باستخدام بريدك الإلكتروني. <br /> يرجى الاتصال بمالك المتجر لحل المشكلات.";"ar"
"hybrid_auth.change_password";"يمكنك تغيير كلمة المرور الخاصة بك هنا";"ar"
"hybrid_auth.configuration_error";"خطأ في تكوين Hybriauth";"ar"
"hybrid_auth.connecting_provider";"الاتصال بـ <b> [provider] </b>. أرجو الإنتظار...";"ar"
"hybrid_auth.connect_social";"ربط الحساب الاجتماعي";"ar"
"hybrid_auth.connect_social_title";"هذا المستخدم موجود بالفعل";"ar"
"hybrid_auth.editing_provider";"مزود التحرير";"ar"
"hybrid_auth.facebook_oauth_redirect_uris";"إعادة توجيه OAuth صالحة URIs";"ar"
"hybrid_auth.failed_auth";"المصادقة فشلت. قام المستخدم بإلغاء المصادقة أو رفض الموفر الاتصال";"ar"
"hybrid_auth.instruction_facebook";"استخدم معرف التطبيق والمفتاح السري الذي تلقيته بعد إنشاء تطبيق على <a href='https://developers.facebook.com/apps' target='_blank'> مطورو Facebook </a>.";"ar"
"hybrid_auth.instruction_facebook_login";"استخدم معرف التطبيق والمفتاح السري الذي تلقيته بعد إنشاء تطبيق على <a href=""https://developers.facebook.com/apps"" target=""_blank""> Facebook Developers </a>. بعد ذلك ، انسخ قيمة حقل <b> عناوين URL الصالحة لإعادة توجيه OAuth </b> إلى الإعداد المقابل لمنتج <b> تسجيل الدخول إلى Facebook </b> في تطبيق Facebook الخاص بك.";"ar"
"hybrid_auth.instruction_foursquare";"استخدم معرف التطبيق والمفتاح السري الذي تلقيته بعد إنشاء تطبيق على <a href='https://foursquare.com/developers/apps' target='_blank'> Fousquare </a>.";"ar"
"hybrid_auth.instruction_google";"استخدم المعرف والمفتاح السري الذي تلقيته بعد إنشاء مشروع على <a href='https://code.google.com/apis/console/?pli=1' target='_blank'>Google</a>.";"ar"
"hybrid_auth.instruction_linkedin";"استخدم معرف (مفتاح المستهلك) والمفتاح السري الذي تلقيته بعد إنشاء تطبيق على <a href='https://www.linkedin.com/developer/apps' target='_blank'> LinkedIn Developers </a> .";"ar"
"hybrid_auth.instruction_live";"استخدم معرف التطبيق والمفتاح السري الذي تلقيته بعد إضافة تطبيق على <a href='https://account.live.com/developers/applications/create' target='_blank'> Live </a>.";"ar"
"hybrid_auth.instruction_paypal";"استخدم معرف التطبيق والمفتاح السري الذي تلقيته بعد إنشاء تطبيق على <a href='https://developer.paypal.com/developer/applications' target='_blank'> مطورو PayPal </a>.";"ar"
"hybrid_auth.instruction_paypal_application";"استخدم معرف التطبيق والمفتاح السري الذي تلقيته بعد إنشاء تطبيق على <a href='https://developer.paypal.com/developer/applications' target='_blank'> مطورو PayPal </a>. يرجى تمكين جميع سمات نطاق الملف الشخصي وسمة نطاق واحدة على الأقل في العنوان وفي معلومات الحساب في إعدادات تطبيق PayPal.";"ar"
"hybrid_auth.instruction_twitter";"استخدم المعرف (مفتاح المستهلك) والمفتاح السري الذي تلقيته بعد إنشاء تطبيق على <a href='https://apps.twitter.com/' target='_blank'> Twitter </a>.";"ar"
"hybrid_auth.instruction_yahoo";"استخدم المعرف (المعرف) والمفتاح السري الذي تلقيته بعد إنشاء تطبيق على <a href='https://developer.yahoo.com/apps/create/' target='_blank'> Yahoo </a>.";"ar"
"hybrid_auth.linkedin_api_v1";"v1";"ar"
"hybrid_auth.linkedin_api_v2";"v2";"ar"
"hybrid_auth.linkedin_api_version";"نسخة API";"ar"
"hybrid_auth.linked_provider";"متصل";"ar"
"hybrid_auth.link_provider";"حسابات الشبكات الاجتماعية";"ar"
"hybrid_auth.live_redirect_urls";"إعادة توجيه عناوين URL";"ar"
"hybrid_auth.missing_credentials";"بيانات اعتماد تطبيق الموفر مفقودة";"ar"
"hybrid_auth.new_provider";"مزود جديد";"ar"
"hybrid_auth.not_linked_provider";"غير متصل";"ar"
"hybrid_auth.password_generated";"يسعدنا إخبارك بأنه تم تسجيلك بنجاح في المتجر. تم إنشاء كلمة مرور لك";"ar"
"hybrid_auth.providers";"الموفرون";"ar"
"hybrid_auth.provider_error_configuration";"لم يتم تكوين الموفر بشكل صحيح";"ar"
"hybrid_auth.provider_not_found";"الموفر [provider] غير موجود";"ar"
"hybrid_auth.social_login";"أو تسجيل الدخول مع مزود هوية آخر";"ar"
"hybrid_auth.specify_email";"حدد البريد الإلكتروني";"ar"
"hybrid_auth.specify_email_title";"لم يتم تحديد البريد الإلكتروني.";"ar"
"hybrid_auth.text_connect_social";"<p> المستخدم الذي لديه البريد الإلكتروني المحدد أثناء تسجيل الدخول الاجتماعي موجود بالفعل. </ p> <p> إذا كنت تريد تعيين حساب شبكة اجتماعية للمستخدم المسجل ، فيرجى تسجيل الدخول. </p>";"ar"
"hybrid_auth.text_link_provider";"قم بتعيين حساب الشبكة الاجتماعية الخاص بك لهذا الحساب واستخدمه لتسجيل الدخول";"ar"
"hybrid_auth.text_specify_email";"<p> عند تسجيل الدخول عبر شبكة التواصل الاجتماعي ، لم يتم تحديد البريد الإلكتروني. </ p> <p> الرجاء إدخال بريدك الإلكتروني والنقر فوق متابعة. </p>";"ar"
"hybrid_auth.text_user_is_already_link";"حساب الشبكة الاجتماعية هذا قيد الاستخدام بالفعل";"ar"
"hybrid_auth.unspecified_error";"خطأ غير محدد";"ar"
"hybrid_auth.wrong_provider";"مزود غير معروف أو معطل";"ar"
"hybrid_auth_menu_description";"ربط المستخدمين عبر Facebook وTwitter وGoogle وما إلى ذلك.";"ar"
"I25";"Interleaved 2 of 5 is based on Standard 2 of 5 symbology.<br/>Interleaved 2 of 5 is designed to encode only 10 digits.";"ar"
"icon";"الأيقونة";"ar"
"id";"المعرف";"ar"
"identifier";"معرف PayBox";"ar"
"iframe_mode";"شكل الـ iFrame";"ar"
"illegal_item_weight";"وزن العنصر الغير شرعي";"ar"
"image";"الصورة";"ar"
"images";"الصور";"ar"
"images_delimiter";"محدد الصور";"ar"
"images_directory";"مجلد الصور";"ar"
"image_file_size_set_to_server_setting";"تم ضبط حجم ملف الصورة على [file_size] ميغابايت. هذا هو أكبر حجم للملف تسمح به إعدادات الخادم.";"ar"
"image_has_been_deleted";"تم حذف هذه الصورة";"ar"
"image_pair";"أزواج الصور";"ar"
"image_url";"رابط الصورة";"ar"
"image_verification";"التحقق بالصورة";"ar"
"image_verification_body";"اكتب الحروف/الأرقام بالصورة أعلاه &uarr;";"ar"
"image_verification_label";"التحقق بالصورة";"ar"
"immediately";"فوراً";"ar"
"imperial_units";"إمبراطوري (بوصة ، رطل)";"ar"
"import";"استيراد";"ar"
"important";"هام";"ar"
"important_currency_text";"عند إخفاء أو تعطيل أو حذف عملة افتراضية لإحدى واجهات المتجر ، تأكد من تحديث قيمة الإعداد الافتراضي للعملة <b>للواجهة الأمامية في</b> إعدادات ←</a><a href=""[link]"">";"ar"
"important_language_text";"عند إخفاء لغة افتراضية لإحدى واجهات المتجر أو تعطيلها أو حذفها ، تأكد من تحديث قيمة إعداد <b>اللغة الافتراضية للواجهة الأمامية</b> في <a href=""[link]"">الإعدادات ← المظهر</a>.";"ar"
"importing_data";"بيانات الاستيراد";"ar"
"import_data";"استيراد البيانات";"ar"
"import_data_menu_description";"استيراد المنتجات والأوامر والمستخدمين والمزيد.";"ar"
"import_errors";"أخطاء الاستيراد";"ar"
"import_layout";"استيراد التخطيط";"ar"
"import_locations";"استيراد المناطق";"ar"
"import_new_vendor";"[n] بائع جديد تم إنشاؤه أثناء عملية الاستيراد. هذا المورد فقط يحتوي على اسم حتى الآن. الرجاء تحرير المورد الجديد لإضافة معلومات أخرى. | [n] بائعين جدد تم إنشاؤها أثناء عملية الاستيراد. هؤلاء البائعين فقط بأسماء حتى الآن. الرجاء تحرير البائعين جديد لإضافة معلومات أخرى.";"ar"
"import_options";"خيارات الاستيراد";"ar"
"import_products";"استيراد المنتجات";"ar"
"import_results";"نتائج الاستيراد";"ar"
"in";"في";"ar"
"included";"متضمن";"ar"
"include_cvn";"تضمين CVN";"ar"
"including_discount";"الخصم";"ar"
"including_tax";"الضريبة";"ar"
"income";"الدخل";"ar"
"incompleted";"غير مكتمل";"ar"
"incompleted_orders";"الطلبات الغير مكتملة";"ar"
"incorrect_filling_message";"رسالة خاطئة";"ar"
"incorrect_po_pack_structure_file_not_exist";"بنية الحزمة التي تحتوي على ملفات ترجمة "".po"" الموجودة في <b> ""[pack_path]"" </b> غير صحيحة. الملف <b> ""[po_file]"" </b> غير موجود.";"ar"
"incorrect_price_warning";"لم يتم إضافة المنتج لسلّة التسوق. نرجو إدخال السعر الصحيح.";"ar"
"increase";"زيادة";"ar"
"inc_tax";"الضريبة الزائدة";"ar"
"index";"الصفحة الرئيسية";"ar"
"individual";"فردي";"ar"
"information";"معلومات";"ar"
"information_file_roobots";"A robots.txt file was detected. The changes you make here won't take effect until you delete the existing <b>robots.txt</b> file from the root directory of your store.";"ar"
"inner_hint";"تلميح باطني";"ar"
"input_field";"حقل إدخال";"ar"
"insert_block";"إضافة كتلة";"ar"
"insert_grid";"إضافة شبكة";"ar"
"insert_image";"إدراج صورة";"ar"
"install";"تركيب";"ar"
"installation_id";"معرف التركيب";"ar"
"installed";"مركب";"ar"
"installed_addons";"الوظائف الإضافية المثبتة";"ar"
"installed_date";"تاريخ التثبيت";"ar"
"installed_languages";"مركبة";"ar"
"installed_themes";"الاشكال المثبتة";"ar"
"installed_upgrades";"الترقيات المركبة";"ar"
"installed_version";"النسخة المثبتة";"ar"
"installer_complete_title";"تم التركيب بنجاح";"ar"
"install_addon_text";"يمكنكم تركيب إضافة عبر اختيار ملف مضغوط بالنسق [exts] ثم النقر على رفع وتركيب.";"ar"
"install_date";"تاريخ التثبيت";"ar"
"install_theme_text";"يمكنكم رفع وتركيب ثيم جديد من ملف مضغوط بالنسق tgz أو gz أو zip ثم النقر على <strong>رفع</strong>.";"ar"
"install_upgrade_package_text";"يمكنك تحميل حزمة ترقية يدوياً من الجهاز المحلي، الملقم الخاص بك، أو من موقع بعيد. تحديد موقع أرشيف تنسيق [exts]، ثم انقر فوق <strong>تحميل</strong>.";"ar"
"internal_feature_group_name_tooltip";"يظهر هذا الاسم فقط في لوحة الإدارة لمساعدتك على التمييز بين مجموعات الميزات المتعددة التي لها نفس الاسم المعروض.";"ar"
"internal_feature_name_tooltip";"يظهر هذا الاسم فقط في لوحة الإدارة لمساعدتك على التمييز بين الميزات المتعددة التي لها نفس الاسم المعروض.";"ar"
"internal_option_name";"اسم الداخلي";"ar"
"internal_option_name_tooltip";"يظهر هذا الاسم فقط في لوحة الإدارة لمساعدتك على التمييز بين الخيارات المتعددة التي لها نفس الاسم المعروض.";"ar"
"internal_template.vendor_communication_message_received";"تم استلام رسالة جديدة";"ar"
"internal_template.vendor_data_premoderation_product_approved";"الإشراف المسبق على بيانات البائع: تمت الموافقة على منتجك";"ar"
"internal_template.vendor_data_premoderation_product_disapproved";"الإشراف المسبق على بيانات البائع: تم رفض منتجك";"ar"
"internal_template.vendor_debt_payout_internal_admin_notification_vendor_status_changed_to_disabled";"إخطارات المدفوعات من البائع إلى المسؤول";"ar"
"internal_template.vendor_debt_payout_internal_admin_notification_vendor_status_changed_to_suspended";"إخطارات المدفوعات من البائع إلى المسؤول";"ar"
"internal_template.vendor_debt_payout_negative_balance_reached";"تسجيل دخول البائع: الديون وفترة السماح";"ar"
"internal_template.vendor_debt_payout_vendor_days_before_suspended";"إخطارات المدفوعات من البائع إلى المسؤول";"ar"
"internal_templates";"قوالب الإخطار في الموقع";"ar"
"internal_template_exists";"نموذج الإخطار في الموقع بالرمز المختار موجود بالفعل ، يرجى تجربة نموذج آخر.";"ar"
"internal_template_import_success_msg";"تم استيراد جميع قوالب الإشعارات في الموقع بدون أخطاء.";"ar"
"international_settings";"الإعدادات الدولية";"ar"
"international_usps";"International U.S.P.S.";"ar"
"invalid_ftp_access";"وصول غير صحيح للـ FTP";"ar"
"invalid_value_for_grid_with_content";"لا يمكن تعيين هذه القيمة لأن المحتوى لا يتناسب مع عرض الشبكة. قم بتحرير محتوى الشبكة وحاول مرة أخرى.";"ar"
"inventory";"المخزون";"ar"
"inventory_tracking";"المخزون";"ar"
"invitees";"المدعوين";"ar"
"invite_vendors";"دعوة البائعين";"ar"
"invite_vendors_enter_emails";"رسائل البريد الإلكتروني حيث لإرسال الدعوات";"ar"
"invite_vendors_title";"ادعُ الأشخاص للتسجيل كبائعين في السوق الخاص بك";"ar"
"invoice";"فاتورة";"ar"
"invoices";"الفواتير";"ar"
"invoice_credit_memo";"مذكرة الفاتورة/الرصيد";"ar"
"invoice_heading";"فاتورة";"ar"
"invoice_id";"معرف الفاتورة";"ar"
"invoice_pdf";"الفاتورة (PDF)";"ar"
"invoice_title";"<b>فاتورة</b>";"ar"
"in_progress";"جار المعالجة";"ar"
"in_stock";"متوفر بالمخزون";"ar"
"ip";"الآي بي";"ar"
"ips";"IPs";"ar"
"ip_address";"عنوان الآي بي";"ar"
"ip_from";"IP من";"ar"
"ip_to";"الى IP";"ar"
"issuer_id";"معرف المُصدر";"ar"
"is_address_required";"يجب على العميل تحديد عنوانه";"ar"
"is_back_in_stock";"متوفر بالمخزون!";"ar"
"is_default_storefront";"واجهة المحل الافتراضية";"ar"
"is_pbp";"السماح بالدفع بواسطة النقاط";"ar"
"italian";"إيطالي";"ar"
"items";"عنصر";"ar"
"items_dependences";"اعتماداً على العناصر";"ar"
"items_in_box";"العناصر بالصندوق";"ar"
"items_in_cart";"لديكم [n] عنصر في السلّة|لديكم [n] عنصر في السلّة";"ar"
"items_marked_by_tag";"العناصر المميزة بعلامة ""[tag]"":";"ar"
"items_per_page";"العناصر بالصفحة";"ar"
"items_title";"عنصر";"ar"
"item_id";"معرف العنصر";"ar"
"item_number";"إظهار رقم العنصر";"ar"
"item_quantity";"كمية العنصر";"ar"
"i_agree_continue";"الموافقة، والمواصلة";"ar"
"janrain.janrain_cookies_description";"Janrain هي خدمة تتيح لك تسجيل الدخول إلى الموقع بحساباتك من مختلف الشبكات الاجتماعية. استحوذت عليها Akamai في عام 2019 ؛ يوجد هنا <a href=""https://www.akamai.com/site/en/documents/akamai/akamai-privacy-statement.pdf"" target=""_blank"">بيان خصوصية Akamai</a>.";"ar"
"janrain.janrain_cookies_title";"جانرين";"ar"
"janrain_cant_create_profile";"لسوء الحظ ، فشلنا في إنشاء عميل وتسجيل الدخول إلى المتجر بسبب أحد الأسباب التالية: <br /> - لقد قمت بتسجيل الدخول إلى متجرنا مسبقًا باستخدام موفر OpenID آخر يستخدم فيه نفس البريد الإلكتروني. <br / > - لقد قمت بالتسجيل بالفعل في متجرنا باستخدام بريدك الإلكتروني. <br /> يرجى الاتصال بمالك المتجر لحل المشكلات.";"ar"
"janrain_general_info";"<p> احصل على هذه القيم وقم بتهيئة تسجيل الدخول الاجتماعي على <a href=""http://janrain.com"" target=""_blank""> janrain.com </a> </p>";"ar"
"janrain_need_update_profile";"حقل ""كلمة المرور"" وبعض الحقول الإلزامية الأخرى فارغة في الوقت الحالي. يرجى تحديث ملف التعريف الخاص بك.";"ar"
"janrain_social_login";"تسجيل الدخول عبر التواصل الاجتماعي";"ar"
"japanese";"ياباني";"ar"
"join";"الانضمام";"ar"
"json_error_ctrl_char";"Control character error, possibly incorrectly encoded";"ar"
"json_error_depth";"The maximum stack depth has been exceeded";"ar"
"json_error_state_mismatch";"Invalid or malformed JSON";"ar"
"json_error_syntax";"Syntax error, malformed JSON";"ar"
"json_error_unknown";"Unknown JSON error";"ar"
"json_error_utf8";"Malformed UTF-8 characters, possibly incorrectly encoded";"ar"
"key";"المفتاح";"ar"
"key1_for_md5";"Auth key 1 for md5";"ar"
"key2_for_md5";"Auth key 2 for md5";"ar"
"keywords";"الكلمات الدلالية";"ar"
"korean";"كوري";"ar"
"label_text_color";"لون نص الملصق";"ar"
"landing_header";"تم استلام طلبكم";"ar"
"language";"اللغة";"ar"
"languagecode";"كود اللغة";"ar"
"languages";"اللغات";"ar"
"languages_find_more";"f you haven't found the language you need, check out <a href=""[href]"" target=""_blank"">our site with free language packs</a>.";"ar"
"languages_menu_description";"قم بتكوين اللغات المتاحة وتحرير أي نصوص على موقعك.";"ar"
"language_code";"كود اللغة";"ar"
"language_content";"لغة المحتوى";"ar"
"language_variable";"متغير لغة";"ar"
"language_variables";"متغيرات اللغة";"ar"
"last4ssn";"Last 4 digits of Social Security Number";"ar"
"last_24hours";"الـ 24 ساعة السابقة";"ar"
"last_days";"الأيام السابقة";"ar"
"last_login";"آخر تسجيل دخول";"ar"
"last_month";"الشهر السابق";"ar"
"last_name";"الاسم الأخير";"ar"
"last_name_and_first_name";"الاسم الأخير والاسم الأول";"ar"
"last_n_days";"الـ [N] يوم السابقة";"ar"
"last_order";"آخر طلب شراء";"ar"
"last_scan_time";"المرة الأخيرة التي تفحص";"ar"
"last_sync";"آخر مزامنة";"ar"
"last_year";"السنة الماضية";"ar"
"latest_available_version";"أحدث نسخة متاحة";"ar"
"latest_reviews";"أحدث التعليقات والاستعراضات";"ar"
"latitude";"خط العرض";"ar"
"latitude_short";"اللات";"ar"
"layout";"التخطيط";"ar"
"layouts";"التخطيطات";"ar"
"layout_meta_data";"البيانات الوصفية والمزيد";"ar"
"layout_page";"صفحة التخطيط";"ar"
"lbl_amazon_aws_access_public_key";"AWS access public key";"ar"
"lbl_amazon_aws_access_secret_key";"AWS access secret key";"ar"
"lbl_amazon_background_color";"لون الخلفية";"ar"
"lbl_amazon_button_color";"لون الزر";"ar"
"lbl_amazon_button_size";"حجم الزر";"ar"
"lbl_amazon_button_style";"شكل زر الـ Amazon";"ar"
"lbl_amazon_color_dark";"غامق";"ar"
"lbl_amazon_color_light";"فاتح";"ar"
"lbl_amazon_color_orange";"برتقالي";"ar"
"lbl_amazon_color_tan";"برونزي";"ar"
"lbl_amazon_color_white";"أبيض";"ar"
"lbl_amazon_process_order_on_failure";"Process order on callback failure";"ar"
"lbl_amazon_size_large";"كبير";"ar"
"lbl_amazon_size_medium";"متوسط";"ar"
"lbl_amazon_size_xlarge";"ضخم";"ar"
"left";"إلى اليمين";"ar"
"length";"الطول";"ar"
"less";"أقل";"ar"
"letter";"الخطاب";"ar"
"level";"المستوى";"ar"
"licence_agreement";"اتفاقية الترخيص";"ar"
"license";"رخصة";"ar"
"licensed_product";"المنتج مرخص";"ar"
"license_agreement";"اتفاقية الترخيص";"ar"
"license_error_wrong_edition_build";"رقم الترخيص الذي يستخدمه موقعك لا يتطابق مع البرنامج المثبت. قد يؤدي هذا إلى تعليق الترخيص. الرجاء <a href=""[helpdesk_url]"" target=""_blank"">الاتصال بنا عبر Help Desk</a>، وسنكون قادرين على النظر في الأمر.";"ar"
"license_error_wrong_edition_build_entered";"رقم الترخيص الذي أدخلته غير صحيح أو لا يناسب المنتج. إذا كنت متأكدًا من صحة رقم الترخيص ، فالرجاء <a href=""[helpdesk_url]"" target=""_blank"">الاتصال بنا عبر Help Desk</a>، وسننظر في الأمر.";"ar"
"license_expires";"انتهاء الترخيص";"ar"
"license_number";"رقم الترخيص";"ar"
"license_number_cannot_be_empty";"لا يمكن أن تترك خانة رقم الترخيص فارغة";"ar"
"license_required";"[product] الترخيص المطلوب";"ar"
"licensing.license_error_license_is_disabled";"يتم تعطيل الترخيص. الرجاء التحقق من حالة الترخيص الخاص بك.";"ar"
"licensing.license_error_license_is_disabled.text";"Please contact us <a href=""[helpdesk_url]"" target=""_blank"">via Customer Help Desk</a> to find out why it happened and what can be done about it. To access the admin panel right now, you can enter another valid license number, as long as it isn't used in another store:";"ar"
"licensing.license_error_license_is_disabled.title";"تم تعطيل ترخيص [product] الخاص بك";"ar"
"licensing.license_error_license_is_invalid";"رقم ترخيص غير صالح. الرجاء إدخال رقم ترخيص صالح.";"ar"
"licensing.license_error_wrong_edition";"الترخيص لا يتطابق مع إصدار متجرك. الرجاء إدخال رقم ترخيص صالح.";"ar"
"licensing.license_error_wrong_licensing_mode";"الترخيص لا يتطابق مع وضع ترخيص متجرك. الرجاء إدخال رقم ترخيص صالح.";"ar"
"licensing_and_upgrades";"الترخيص وترقيات";"ar"
"limit";"الحد";"ar"
"line";"السطر";"ar"
"linear";"طولي";"ar"
"link";"الرابط";"ar"
"linked_categories";"الفئات المرتبطة";"ar"
"linked_products";"المنتجات المرتبطة";"ar"
"links";"الروابط";"ar"
"links_thumb";"مصغرات الروابط";"ar"
"link_an_existing_option";"ربط خيار موجود";"ar"
"link_from_layout";"كتل الارتباط من التخطيط";"ar"
"link_message_for_test_letter";"سيتم عرض الرابط في رسالة إخبارية مباشرة";"ar"
"link_text";"نص الرابط";"ar"
"link_to";"مرتبط بـ";"ar"
"list";"قائمة";"ar"
"list_objects";"عناصر القائمة";"ar"
"list_price";"قبل الخصم";"ar"
"list_price_decreased";"السعر قبل الخصم تم اقتطاعه بقيمة";"ar"
"list_price_increased";"السعر قبل الخصم تم زيادته بقيمة";"ar"
"list_price_short";"قبل الخصم";"ar"
"list_price_short_2";"قائمة الأسعار";"ar"
"list_qty_count";"قائمة عدد الكمية";"ar"
"list_quantity_count";"عدد الكميات المتوفرة";"ar"
"lite_checkout.choose_from_list";"اختر من القائمة";"ar"
"lite_checkout.chosen_shipping_not_avaliable";"عذرًا ، لا يمكننا الحصول على أسعار طريقة الشحن التي اخترتها. يرجى التحقق من عنوانك والتأكد من صحته. إذا لم يساعد ذلك ، يرجى تحديد طريقة شحن أخرى أو الاتصال بنا.";"ar"
"lite_checkout.city_and_state";"المدينة ، الولاية";"ar"
"lite_checkout.click_here_to_update_shipping";"أدخل المدينة والدولة وانقر هنا لتحديث أسعار الشحن";"ar"
"lite_checkout.customer_information";"عميل";"ar"
"lite_checkout.delivery_note";"ملاحظات الزبون";"ar"
"lite_checkout.deliver_to";"يسلم إلى:";"ar"
"lite_checkout.nearest_station";"أقرب محطة";"ar"
"lite_checkout.not_available";"غير متاح";"ar"
"lite_checkout.personal_name";"الاسم بالكامل";"ar"
"lite_checkout.place_an_order_for";"تقديم الطلب ([amount])";"ar"
"lite_checkout.select_pickup_item";"حدد نقطة الالتقاط";"ar"
"lite_checkout.select_your_city";"حدد مدينتك";"ar"
"lite_checkout.shippings.show_all_on_map";"إظهار كل شيء على الخريطة";"ar"
"lite_checkout.shipping_method_for";"طريقة الشحن لـ [group_name]";"ar"
"lite_checkout.use_two_fingers_for_move_map";"استخدم إصبعين لتحريك الخريطة";"ar"
"live";"حي";"ar"
"live_preview";"معاينة حية";"ar"
"load";"تحميل";"ar"
"loading";"جار التحميل...";"ar"
"local";"من جهازي";"ar"
"localization";"التمركز";"ar"
"localizations";"التمركزات";"ar"
"local_export";"تحميل";"ar"
"local_modifications";"التعديلات المحلية";"ar"
"local_modifications_message";"هذه الملفات قد التعديلات المحلية. أثناء الترقية أرشيف النسخ احتياطي تم إنشاؤه في الدليل <strong>[dir]</strong>. قد ترغب في التحقق من هذه الملفات في الأرشيف وتطبيق التعديلات التي أدخلت على المتجر الخاص بك.";"ar"
"location";"المنطقة";"ar"
"locations";"المناطق";"ar"
"log";"سجل";"ar"
"loggedin_time";"وقت تسجيل الدخول";"ar"
"logging";"السجلات";"ar"
"login";"الدخول";"ar"
"login_url";"رابط تسجيل الدخول";"ar"
"logos";"اللوجوهات";"ar"
"logo_for_invoices";"شعار الفواتير";"ar"
"logo_for_the_customer_area";"شعار منطقة العميل";"ar"
"logo_link";"رابط اللوجو";"ar"
"logo_section.favicon";"أيقونة المفضلة";"ar"
"logo_section.gift_cert";"شعار شهادة الهدية";"ar"
"logo_section.mail";"شعار البريد الإلكتروني";"ar"
"logo_section.theme";"شعار الموقع";"ar"
"logo_section.vendor";"الشعار الافتراضي للبائعين الجدد";"ar"
"logs";"السجلات";"ar"
"logs_menu_description";"سجل نشاط المتجر.";"ar"
"log_action_backup";"نسخ";"ar"
"log_action_create";"إنشاء";"ar"
"log_action_delete";"حذف";"ar"
"log_action_deprecated";"مهملة";"ar"
"log_action_error";"خطأ";"ar"
"log_action_failed_login";"تسجيل دخول فاشل";"ar"
"log_action_http";"طلب http/https";"ar"
"log_action_login";"دخول";"ar"
"log_action_low_stock";"مخزون قليل";"ar"
"log_action_optimize";"تحسين";"ar"
"log_action_restore";"استعادة";"ar"
"log_action_runtime";"وقت التشغيل";"ar"
"log_action_session";"جلسة";"ar"
"log_action_shipping";"طلب شحن";"ar"
"log_action_status";"تغيير الحالة";"ar"
"log_action_update";"تحديث";"ar"
"log_action_vr_failure";"أخطاء";"ar"
"log_action_vr_success";"إعادة الحساب بنجاح";"ar"
"log_file";"ملف تسجيل";"ar"
"log_in_as_user";"تسجيل الدخول كمستخدم";"ar"
"log_in_as_vendor";"تسجيل الدخول كبائع";"ar"
"log_type_categories";"الفئات";"ar"
"log_type_database";"قاعدة البيانات";"ar"
"log_type_general";"عام";"ar"
"log_type_orders";"الطلبات";"ar"
"log_type_products";"المنتجات";"ar"
"log_type_requests";"الطلبات";"ar"
"log_type_users";"الأعضاء";"ar"
"log_type_vendor_rating";"تقييم البائع";"ar"
"longitude";"خط الطول";"ar"
"longitude_short";"طويلة";"ar"
"lower_limit";"الحد الأدنى";"ar"
"low_stock_subj";"كمية المخزون قليلة للمنتج ""[product]""";"ar"
"ls.requests";"Requests";"ar"
"mac_key";"Mac key";"ar"
"mail";"الإيميل";"ar"
"mailing_list";"القائمة البريدية";"ar"
"mailing_lists";"القوائم البريدية";"ar"
"mailing_list_date";"تاريخ القائمة البريدية";"ar"
"mail_message";"نص البريد";"ar"
"mail_subject";"عنوان البريد";"ar"
"main";"الأساسي";"ar"
"mainbox_general";"الكتلة الرئيسية (عنوان H1)";"ar"
"mainbox_simple";"كتلة مهمة (عنوان H2)";"ar"
"maintenance";"الصيانة";"ar"
"main_administrator";"المسؤول الرئيسي";"ar"
"main_category";"الفئة الأصلية";"ar"
"make_archive";"اضغط";"ar"
"make_default";"اجعله افتراضي";"ar"
"make_permanent";"اجعله دائم";"ar"
"manage";"إدارة";"ar"
"manager";"مدير";"ar"
"manage_addons";"إدارة الإضافات";"ar"
"manage_banners";"إدارة البانرات";"ar"
"manage_blocks";"إدارة الكتل";"ar"
"manage_categories";"إدارة الفئات";"ar"
"manage_existing_block";"تحرير الكتل الحالية";"ar"
"manage_items";"إدارة العناصر";"ar"
"manage_languages";"إدارة اللغات";"ar"
"manage_menus";"إدارة القوائم";"ar"
"manage_pages";"يمكن التحرير";"ar"
"manage_products";"إدارة المنتجات";"ar"
"manage_reports";"إدارة التقارير";"ar"
"manage_shippings";"طرق الشحن";"ar"
"manage_sitemap";"إدارة خريطة الموقع";"ar"
"manage_stores";"إدارة المتاجر";"ar"
"manage_subscribers";"إدارة المشتركين";"ar"
"manage_vendors";"إدارة الباعة";"ar"
"mandatory";"مطلوب";"ar"
"manually";"يدوياً";"ar"
"manually_set_tax_rates";"تحديد نسب الضريبة يدوياً";"ar"
"manual_installation";"التثبيت اليدوي";"ar"
"map_fields";"تعيين الحقول";"ar"
"mark";"تأشير كمحلولة";"ar"
"marketing";"التسويق";"ar"
"marketplace";"Marketplace";"ar"
"marketplace_find_more";"Find more add-ons and themes in <a href=""[href]"" target=""_blank"">Marketplace</a>";"ar"
"maximum";"أقصى";"ar"
"maximum_items_in_box";"الحد الأقصى للعناصر بالصندوق";"ar"
"maximum_number_of_statuses_reached";"لقد وصلت إلى الحد الأقصى لعدد حالات";"ar"
"max_amount";"التكلفة الاجمالية";"ar"
"max_box_weight";"الحد الأقصى لطول الصندوق";"ar"
"max_downloads";"أقصى تحميلات";"ar"
"max_item";"عدد العناصر";"ar"
"max_order_qty";"الكمية القصوى للشراء لكل منتج";"ar"
"max_quantity";"كمية الطلب القصوى";"ar"
"max_storefronts_reached";"<p> لقد وصلت إلى الحد الأقصى من واجهات المتاجر المتاحة لترخيصك. تتطلب إضافة واجهة متجر أخرى شراء <a href=""[mve_ultimate_license_url]"" target=""_blank""> [product] Ultimate </a> ، وهو إصدار به عدد غير محدود من واجهات المتاجر. </p>";"ar"
"max_storefronts_reached.ult";"<p>لقد وصلت إلى الحد الأقصى من واجهات المتاجر المتاحة لترخيصك. لإضافة واجهة متجر أخرى ، يرجى الترقية إلى <a href=""[ultimate_license_url]"" target=""_blank"">[product] Ultimate</a>.</p>";"ar"
"max_storefronts_reached.ult.b2b";"<p>لقد وصلت إلى الحد الأقصى من واجهات المتاجر المتاحة لترخيصك. لإضافة واجهة متجر أخرى ، يرجى الترقية إلى <a href=""[ultimate_license_url]"" target=""_blank"">[product] Ultimate</a>.</p>";"ar"
"max_storefronts_reached.ult.b2b.new";"<p>لقد وصلت إلى الحد الأقصى من واجهات المتاجر المتاحة لترخيصك. لإضافة واجهة متجر أخرى ، يرجى الترقية إلى <a href=""[ultimate_license_url]"" target=""_blank"">[product] Ultimate</a>.</p>";"ar"
"max_storefronts_reached.ult.b2b.ultimate";"<p>لقد وصلت إلى الحد الأقصى من واجهات المتاجر المتاحة لترخيصك. لإضافة واجهة متجر أخرى ، يرجى الترقية إلى <a href=""[ultimate_license_url]"" target=""_blank"">[product] Ultimate</a>.</p>";"ar"
"max_storefronts_reached.ult.free";"<p>لقد وصلت إلى الحد الأقصى من واجهات المتاجر المتاحة لترخيصك. لإضافة واجهة متجر أخرى ، يرجى الترقية إلى <a href=""[ultimate_license_url]"" target=""_blank"">[product] Ultimate</a>.</p>";"ar"
"max_storefronts_reached.ult.free_ru";"<p>لقد وصلت إلى الحد الأقصى من واجهات المتاجر المتاحة لترخيصك. لإضافة واجهة متجر أخرى ، يرجى الترقية إلى <a href=""[ultimate_license_url]"" target=""_blank"">[product] Ultimate</a>.</p>";"ar"
"max_storefronts_reached.ult.new";"<p>لقد وصلت إلى الحد الأقصى من واجهات المتاجر المتاحة لترخيصك. لإضافة واجهة متجر أخرى ، يرجى الترقية إلى <a href=""[ultimate_license_url]"" target=""_blank"">[product] Ultimate</a>.</p>";"ar"
"max_storefronts_reached.ult.ru";"<p>لقد وصلت إلى الحد الأقصى من واجهات المتاجر المتاحة لترخيصك. لإضافة واجهة متجر أخرى ، يرجى الترقية إلى <a href=""[ultimate_license_url]"" target=""_blank"">[product] Ultimate</a>.</p>";"ar"
"max_storefronts_reached.ult.ru.new";"<p>لقد وصلت إلى الحد الأقصى من واجهات المتاجر المتاحة لترخيصك. لإضافة واجهة متجر أخرى ، يرجى الترقية إلى <a href=""[ultimate_license_url]"" target=""_blank"">[product] Ultimate</a>.</p>";"ar"
"max_storefronts_reached.ult.ru.ultimate";"<p>لقد وصلت إلى الحد الأقصى من واجهات المتاجر المتاحة لترخيصك. لإضافة واجهة متجر أخرى ، يرجى الترقية إلى <a href=""[ultimate_license_url]"" target=""_blank"">[product] Ultimate</a>.</p>";"ar"
"max_storefronts_reached.ult.ultimate";"<p>لقد وصلت إلى الحد الأقصى من واجهات المتاجر المتاحة لترخيصك. لإضافة واجهة متجر أخرى ، يرجى الترقية إلى <a href=""[ultimate_license_url]"" target=""_blank"">[product] Ultimate</a>.</p>";"ar"
"max_uploading_file_size";"الحجم الأقصى للملف المرفوع";"ar"
"max_uploading_file_size_hint";"اترك هذا الحقل فارغاً للسماح برفع الملفات بدون حد أقصى للحجم, أو حدد الحد الأقصى (""100"" = 100 Kb)";"ar"
"mb_amounts_not_match";"The amount value received in status request differs from the original order total";"ar"
"mb_currencies_not_match";"The currency value received in status request differs from the store currency";"ar"
"mb_md5_hashes_not_match";"The md5 hash value received in status request differs from the calculated one";"ar"
"mb_transaction_id";"MB Transaction ID";"ar"
"md5_checksum_failed";"MD5 checksum failed";"ar"
"md5_hash_value";"MD5 hash value";"ar"
"menu";"القائمة";"ar"
"menus";"القوائم";"ar"
"menu_items";"عناصر القائمة";"ar"
"merchantid";"معرف التاجر";"ar"
"merchant_email";"إيميل التاجر";"ar"
"merchant_firstname";"اسم التاجر الأول";"ar"
"merchant_id";"معرف التاجر";"ar"
"merchant_key";"مفتاح التاجر";"ar"
"merchant_lastname";"اسم التاجر الأخير";"ar"
"merchant_login";"تسجيل دخول التاجر";"ar"
"merchant_name";"اسم التاجر";"ar"
"merchant_pin";"PIN التاجر";"ar"
"merchant_response_was_not_received";"لم يتم استقبال استجابة من التاجر. يرجى مراجعة العملية يدوياً.";"ar"
"merchant_site_id";"معرف موقع التاجر";"ar"
"merchant_warrior_api_key";"Api Key.";"ar"
"merchant_warrior_api_passphrase";"Api Passphrase.";"ar"
"merge";"دمج";"ar"
"merge_vendor";"دمج البائع";"ar"
"message";"الرسالة";"ar"
"messages";"الرسالة";"ar"
"message_successfully_sent_to_developer";"تم إرسال الرسالة بنجاح إلى [developer]";"ar"
"meta_description";"الوصف لمحركات البحث";"ar"
"meta_keywords";"كلمات محركات البحث";"ar"
"method";"الطريقة";"ar"
"metric_units";"متري (سم ، كجم)";"ar"
"migrations";"Migrations";"ar"
"minimized";"مصغرة";"ar"
"minimum_commission_payment";"الحد الأدني للعمولة على المدفوع";"ar"
"minimum_items_in_box";"الحد الأدنى للعناصر بالصندوق";"ar"
"minutes";"دقيقة";"ar"
"min_order_qty";"كمية الحد الأدنى لشراء لكل منتج";"ar"
"min_quantity";"أقل كمية ممكن طلبها";"ar"
"missing_variants_handling";"عند عدم الاختيار/الإدخال";"ar"
"modified_core_files_found";"تم تغيير بعض الملفات الأساسية الخاصة بك. هذا قد تصبح مشكلة عند ترقية [product] كما قد يتم فقدان التغييرات في هذه الملفات.";"ar"
"modifier";"المعدل";"ar"
"modifiers";"الصفات التعريفية";"ar"
"modify_profile";"تعديل البروفايل";"ar"
"modify_selected";"تحرير المحدد";"ar"
"month";"الشهر";"ar"
"monthly";"شهري";"ar"
"months";"شهر";"ar"
"month_name_1";"يناير";"ar"
"month_name_10";"أكتوبر";"ar"
"month_name_11";"نوفمبر";"ar"
"month_name_12";"ديسمبر";"ar"
"month_name_2";"فبراير";"ar"
"month_name_3";"مارس";"ar"
"month_name_4";"أبريل";"ar"
"month_name_5";"مايو";"ar"
"month_name_6";"يونيو";"ar"
"month_name_7";"يوليو";"ar"
"month_name_8";"أغسطس";"ar"
"month_name_9";"سبتمبر";"ar"
"month_name_abr_1";"يناير";"ar"
"month_name_abr_10";"أكتوبر";"ar"
"month_name_abr_11";"نوفمبر";"ar"
"month_name_abr_12";"ديسمبر";"ar"
"month_name_abr_2";"فبراير";"ar"
"month_name_abr_3";"مارس";"ar"
"month_name_abr_4";"أبريل";"ar"
"month_name_abr_5";"مايو";"ar"
"month_name_abr_6";"يونيو";"ar"
"month_name_abr_7";"يوليو";"ar"
"month_name_abr_8";"أغسطس";"ar"
"month_name_abr_9";"سبتمبر";"ar"
"more";"المزيد";"ar"
"more_info";"المزيد";"ar"
"more_languages";"المزيد من اللغات";"ar"
"more_link";"[المزيد]";"ar"
"more_sign_in_options";"العودة لخيارات تسجيل الدخول";"ar"
"more_subjects";"مواضيع عشوائية (واحد في كل سطر)";"ar"
"more_than";"أكبر من";"ar"
"more_w_ellipsis";"المزيد...";"ar"
"most_popular";"الأكثر شيوعاً";"ar"
"most_popular_addons";"الإضافات الأكثر شعبية";"ar"
"mr";"أستاذ";"ar"
"ms";"آنسة";"ar"
"multiple";"متعدد";"ar"
"multiple_checkboxes";"مربعات اختيار متعددة";"ar"
"multiple_selectbox";"مربع اختيار متعدد";"ar"
"multiple_selectbox_notice";"<p style=""font-size:10px;"">لاختيار أكثر من بند, انقر عليه بالماوس أثناء ضغطك على زر الـ CTRL. ولإلغاء تحديد البند, انقر عليه مرة أخرى أثناء ضغطك على زر الـ CTRL.</p>";"ar"
"multiupload";"رفع متعدد";"ar"
"mve.container_not_used";"هذه الحاوية لديها حاليا التكوين الافتراضي. يبدو تمامًا كما لو أن صاحب المتجر هو من قام بتكوينه. يمكن للبائعين استخدام التكوين المخصص لتغيير الكتل في هذه الحاوية.";"ar"
"mve_plus_license";"[product] Plus";"ar"
"mve_ultimate_license";"[product] Ultimate";"ar"
"mve_ultimate_license_required";"[product] Ultimate مطلوب لهذا الغرض";"ar"
"mve_ultimate_or_plus_license_required";"يتطلب هذا الإجراء [product] Ultimate أو [product] Plus";"ar"
"my_account";"حسابي";"ar"
"my_account_links";"روابط حسابي";"ar"
"my_account_links_advanced";"حسابي المتقدمة";"ar"
"my_administrators";"مديري";"ar"
"my_cart";"عربتي";"ar"
"my_customers";"زبائني";"ar"
"my_points";"نقاطي";"ar"
"na";"غير متاح";"ar"
"name";"الاسم";"ar"
"name_short";"اسم";"ar"
"navigation";"التصفح";"ar"
"navi_pages";"صفحة";"ar"
"need_company_id";"مطلوب رمز الشركة (company_id)";"ar"
"need_product_name";"يجب أن تعين اسم منتج";"ar"
"need_snippet_name";"يجب عليك تحديد اسم قصاصة صالح";"ar"
"need_storefront_id";"مطلوب معرف واجهة المتجر (معلمة واجهة المحل)";"ar"
"need_upgrade";"بحاجة الى ترقية";"ar"
"neighbours";"الجيران";"ar"
"never";"ابدا";"ar"
"new";"إضافة";"ar"
"newest";"الأحدث";"ar"
"newsletter";"النشرة الإخبارية";"ar"
"newsletters";"النشرات الإخبارية";"ar"
"newsletters.agreement_text_full_subscribe_to_newsletters";"<p> عند الاشتراك في رسالة إخبارية معينة ، فإننا ([company]) نضيف عنوان بريدك الإلكتروني إلى قائمة بريدية مقابلة. أثناء وجوده هناك ، نعلم أنه يمكننا الاتصال بك عبر البريد الإلكتروني بخصوص هذا الموضوع. </ p> <p> يمكنك دائمًا إزالة عنوان بريدك الإلكتروني من قوائمنا البريدية. هناك عدة طرق للقيام بذلك: </ p> <ul> <li> بمجرد تسجيل حسابك ، ما عليك سوى تسجيل الدخول وإلغاء الاشتراك من الرسائل الإخبارية في إعدادات الملف الشخصي. </li> <li> استخدم رابط ""إلغاء الاشتراك"" في الرسائل الإخبارية التي تتلقاها. </ li> <li> إرسال بريد إلكتروني إلى [email]. </ li> </ul> <p> قد نستخدم خدمة بريد إلكتروني لجهة خارجية (MailChimp و / أو Mad Mimi) لإرسالها النشرات الإخبارية. يمكن لبعض أعضاء فريق العمل لدينا عرض القوائم البريدية مع عناوين البريد الإلكتروني. بهذه الطريقة سيتمكنون من إزالة عنوان بريدك الإلكتروني من القائمة البريدية ، إذا طلبت منا القيام بذلك. </ p> <p> يرجى ملاحظة أن القوائم البريدية مستقلة عن بعضها البعض. إذا قررت عدم تلقي رسائل إخبارية على الإطلاق ، فسيتعين عليك إلغاء الاشتراك من جميع القوائم البريدية. حتى إذا قمت بذلك ، فستظل تتلقى رسائل البريد الإلكتروني المتعلقة بالحساب (مثل إشعارات حالة الطلب ، ورسائل إعادة تعيين كلمة المرور ، والمزيد). إنه ضروري لتشغيل متجر على الإنترنت. </ p> <p> إذا قررت أنك لم تعد ترغب في استخدام متجرنا وترغب في إزالة بياناتك الشخصية من قاعدة بياناتنا (أو إذا كنت ترغب في الحصول على كل شيء البيانات الشخصية المرتبطة بحسابك التي لدينا) ، يرجى إرسال بريد إلكتروني إلى [email]. </p> <p> إذا كنت تعتقد أنه قد تم إساءة استخدام بياناتك الشخصية ، فيحق لك تقديم شكوى إلى جهة إشرافية السلطة. نحن ملزمون بموجب اللائحة العامة لحماية البيانات في الاتحاد الأوروبي بإعلامك بهذا الحق ؛ لا ننوي في الواقع إساءة استخدام بياناتك. </p>";"ar"
"newsletters.agreement_text_short_subscribe_to_newsletters";"أوافق على معالجة بياناتي الشخصية <u> على النحو التالي </u> وأريد الاشتراك في النشرات الإخبارية التالية:";"ar"
"newsletters.autoresponder_used_in_mailing_list";"أنت تحاول تغيير حالة المجيب الآلي الذي يتم استخدامه في إحدى القوائم البريدية كرسالة تأكيد بالبريد الإلكتروني. الرجاء مراجعة وتحديث القوائم في <a target=""_blank"" href=""[link]"">هذه الصفحة</a>.";"ar"
"newsletters.default_mailing_list";"القائمة البريدية الافتراضية";"ar"
"newsletters.new_subscribers";"المشتركون الجدد";"ar"
"newsletters.subscribe_to_newsletters";"الرسائل الإخبارية: اشترك في النشرات الإخبارية";"ar"
"newsletters.use_for_subscribe_form";"استمارة الاشتراك";"ar"
"newsletter_autoresponder";"المجيب الآلي للنشرة الإخبارية";"ar"
"newsletter_autoresponders";"أجهزة الرد الآلي للنشرة الإخبارية";"ar"
"newsletter_template";"قالب النشرة الإخبارية";"ar"
"newsletter_templates";"قوالب النشرة الإخبارية";"ar"
"news_plain";"سادة";"ar"
"new_addon";"إضافة جديدة";"ar"
"new_add_on_is_not_compatible_with_your_product";"الوظيفة الإضافية الجديدة غير متوافقة مع الإصدار الحالي الخاص بك من [product]. لترقية الوظيفة الإضافية إلى أحدث إصدار ، يرجى الترقية [product] إلى الإصدار [version].";"ar"
"new_administrator_account_created";"تم إنشاء حساب الأدمن الجديد بنجاح.";"ar"
"new_administrator_password";"كلمة مرور الأدمن الجديد";"ar"
"new_attachment";"مرفق جديد";"ar"
"new_campaign";"حملة جديدة";"ar"
"new_category";"فئة جديدة";"ar"
"new_certificate";"شهادة جديدة";"ar"
"new_chart";"رسم بياني جديد";"ar"
"new_combination";"تركيبة جديدة";"ar"
"new_credit_card";"بطاقة إئتمان جديدة";"ar"
"new_currency";"عملة جديدة";"ar"
"new_customer";"عميل جديد";"ar"
"new_domains";"دومين جديد";"ar"
"new_emails";"عنوان بريد إلكتروني جديد";"ar"
"new_feature";"مواصفة جديدة";"ar"
"new_file";"ملف جديد";"ar"
"new_filter";"مصفاة جديدة";"ar"
"new_folder";"مجلد جديد";"ar"
"new_form";"نموذج جديد";"ar"
"new_group";"مجموعة جديدة";"ar"
"new_ips";"عنوان IP جديد";"ar"
"new_items";"عنصر جديد";"ar"
"new_language";"لغة جديدة";"ar"
"new_language_variable";"متغير لغة جديد";"ar"
"new_layout";"تخطيط جديد";"ar"
"new_link";"رابط جديد";"ar"
"new_localization";"تمركز جديد";"ar"
"new_location";"منطقة جديدة";"ar"
"new_mailing_lists";"قائمة بريدية جديدة";"ar"
"new_menu";"قائمة جديدة";"ar"
"new_option";"خيار جديد";"ar"
"new_page";"صفحة جديدة";"ar"
"new_payments";"طريقة دفع جديدة";"ar"
"new_payout";"مدفوع جديد";"ar"
"new_poll";"استطلاع جديد للرأي";"ar"
"new_post";"مشاركة جديدة";"ar"
"new_product";"منتج جديد";"ar"
"new_profile";"بروفايل جديد";"ar"
"new_profile_field";"خانة بروفايل جديدة";"ar"
"new_profile_notification";"إشعار بروفايل الشخصية";"ar"
"new_promotion";"عرض جديد";"ar"
"new_question";"سؤال جديد";"ar"
"new_rate_area";"منطقة معدل جديدة";"ar"
"new_reason";"سبب جديد";"ar"
"new_report";"تقرير جديد";"ar"
"new_rule";"قاعدة جديدة";"ar"
"new_saved_search";"بحث محفوظ جديد";"ar"
"new_section";"قسم جديد";"ar"
"new_setting_value";"قيمة جديدة";"ar"
"new_shipment";"شحنة جديدة";"ar"
"new_shipment_was_created";"تم إنشاء الشحنة الجديدة";"ar"
"new_shipping_method";"طريقة شحن جديدة";"ar"
"new_site_map_section";"قسم خريطة موقع جديد";"ar"
"new_states";"محافظة/إمارة جديدة للدولة المحددة";"ar"
"new_status";"حالة جديدة";"ar"
"new_store_location";"موقع تخزين جديد";"ar"
"new_subscribers";"مشترك جديد";"ar"
"new_tab";"لسان جديد";"ar"
"new_tax";"ضريبة جديدة";"ar"
"new_text_ultimate_license_required";"A special edition of [product] that offers an unlimited number of storefronts. If you switch to <a href=""[ultimate_license_url]"" target=""_blank"">[product] Ultimate</a>, you'll never see the message about the storefront limit again.";"ar"
"new_usergroups";"مجموعة أعضاء جديدة";"ar"
"new_user_profile";"بروفايل جديد";"ar"
"new_vendor";"متجر جديد";"ar"
"new_vendor_notification";"مرحبًا،<br/><br/>تم تسجيل بائع جديد وحصل على حق الوصول إلى واجهة المتجر ولوحة الإدارة. <a href=""[href]"">استخدم هذا الرابط لعرض تفاصيل حساب البائع.</a>";"ar"
"new_version";"New version";"ar"
"new_withdrawal";"سحب جديد";"ar"
"new_zealand";"New Zealand";"ar"
"next";"التالي";"ar"
"next_step";"الخطوة التالية";"ar"
"ne_add_subscribers_from_users";"إضافة المشتركين من قائمة المستخدمين";"ar"
"ne_warning_subscr_email_exists";"<b>[email]</b> موجود بالفعل في قائمة المشتركين";"ar"
"no";"لا";"ar"
"nocombination";"عذراً, هذه التركيبة غير متاحة";"ar"
"none";"-";"ar"
"non_writable_directories";"المجلدات التالية لا تملك صلاحية الكتابة عليها";"ar"
"normal";"طبيعي";"ar"
"norway";"النرويج";"ar"
"norwegian";"النرويجية ‏";"ar"
"note";"ملاحظة";"ar"
"notes";"الملاحظات";"ar"
"nothing_sign";"&mdash;";"ar"
"notice";"ملاحظة";"ar"
"notice_too_many_decimals";"لقد حددت [DECIMALS] علامة عشرية للـ[CURRENCY]. الحد الأقصى لعدد العلامات العشرية هو 2. القيم الإضافية ستعرض أصفار.";"ar"
"notice_undeliverable_products_removed";"المنتجات التي لا يمكن شحنها تم حذفها من سلتكم. يمكنكم متابعة الشراء.";"ar"
"notice_update_customer_details";"الإيميل تم تغييره بواسطة العميل. انقر على المربع لتحديث بيانات الطلب:";"ar"
"notification";"اخطار";"ar"
"notification.addons_upgrade_available.message";"لتثبيت هذه التحديثات، <a href=""[link]"">قم بزيارة مركز الترقية</a>.";"ar"
"notification.addons_upgrade_available.title";"تتوفر إصدارات جديدة للوظائف الإضافية الخاصة بك";"ar"
"notification.upgrade_available.message";"لمعرفة ما يجلبه الإصدار الجديد، <a href=""[link]"">قم بزيارة مركز الترقية</a>.";"ar"
"notification.upgrade_available.title";"يتوفر إصدار CS-Cart الجديد";"ar"
"notifications";"إخطارات";"ar"
"notifications_center.mark_all_as_read";"اشر عليها بانها قرات";"ar"
"notifications_center.notifications";"إشعارات";"ar"
"notifications_center.no_notifications";"لا إشعارات";"ar"
"notifications_center.section.administration";"إدارة";"ar"
"notifications_center.section.all";"الكل";"ar"
"notifications_center.section.communication";"الاتصالات";"ar"
"notifications_center.section.other";"آخر";"ar"
"notifications_center.section.products";"المنتجات";"ar"
"notifications_center.tag.administration.license";"رخصة";"ar"
"notifications_center.tag.administration.update";"تحديث";"ar"
"notifications_center.tag.messages";"رسائل";"ar"
"notifications_center.tag.other";"آخر";"ar"
"notifications_menu_description";"إدارة الإخطارات المرسلة للعملاء والمسؤولين والبائعين.";"ar"
"notification_settings.profile.receivers";"المستخدمون الذين تم تغيير ملفهم الشخصي";"ar"
"notification_template.tab.email";"الإيميل";"ar"
"notification_template.tab.internal";"بالموقع";"ar"
"notify_customer";"إبلاغ العميل";"ar"
"notify_orders_department";"إبلاغ قسم طلبات الشراء";"ar"
"notify_user";"إبلاغ العضو";"ar"
"notify_vendor";"إبلاغ صاحب المتجر";"ar"
"notify_vendors_by_email";"إبلاغ الباعة عبر الإيميل";"ar"
"notify_vendor_by_email";"إشعار التاجر بالبريد الاكتروني";"ar"
"notify_when_back_in_stock";"إبلاغي عندما يتوفر هذا المنتج بالمخزون";"ar"
"not_active";"غير نشط";"ar"
"not_active_file_notice";"هذا الملف سيكون متاح للتحميل بعد موافقة الإدارة إن شاء الله";"ar"
"not_approved";"لم تتم الموافقة";"ar"
"not_a_member";"-عام-";"ar"
"not_checked";"لم يتم التحقق";"ar"
"not_installed";"غير مركبة";"ar"
"not_scroll_automatically";"لا تتحرك تلقائياً";"ar"
"no_active_storefronts";"لا توجد واجهات متاجر نشطة";"ar"
"no_autoresponder";"لا يوجد مجيب آلي";"ar"
"no_categories_available";"لا توجد فئات متاحة";"ar"
"no_data";"لا توجد بيانات";"ar"
"no_data_found";"لا توجد بيانات تطابق شروط هذا الرسم البياني";"ar"
"no_files";"لا توجد ملفات";"ar"
"no_hidden_elements_second_level_view";"AB: Number of visible elements in the 2-level menu";"ar"
"no_hidden_elements_second_level_view.tooltip";"This setting limits the number of elements in the second level of the menu structure. If there is a link or specified category at the parent element of the first level, the link <b>More</b> (with the parent category name) will be displayed to transfer to the parent category.";"ar"
"no_image";"لا توجد صورة";"ar"
"no_items";"لا يوجد عناصر";"ar"
"no_items_for_marketplace_administrator";"لا توجد عناصر لعرضها لمسؤول السوق. حاول التحقق من القسم كبائع.";"ar"
"no_items_found";"لم يتم العثور على ما يطابق بحثك";"ar"
"no_manager_assigned";"لم يتم تعيين مدير";"ar"
"no_menus";"لا توجد قوائم";"ar"
"no_modified_core_files_found";"لم يتم العثور تغييرات على الملفات الأساسية";"ar"
"no_posts_found";"لم يتم العثور على منتجات";"ar"
"no_products_for_shipment";"لا توجد منتجات للشحنة";"ar"
"no_products_selected";"لم يتم اختيار منتجات";"ar"
"no_rates_for_empty_cart";"<p class=""error-text"" align=""center"">سلّة التسوق فارغة, لذا لا يمكن تقدير قيمة الشحن</p>";"ar"
"no_rates_for_empty_cart_warning";"عربة التسوق الخاصة بك فارغة ولا يمكن تقدير تكلفة الشحن";"ar"
"no_return_requests_found";"لم يتم العثور على طلبات إرجاع";"ar"
"no_shipping_required";"لا يوجد شحن مطلوب";"ar"
"no_such_coupon";"هذا الكوبون غير موجود. يرجى إعادة المحاولة.";"ar"
"no_template";"لا يوجد قالب";"ar"
"no_themes_available";"لا توجد ثيمات متاحة";"ar"
"no_users_found";"لا يوجد أعضاء";"ar"
"number";"العدد";"ar"
"number_of_columns";"عدد الأعمدة في القائمة";"ar"
"n_banners";"[n] لافتة | [n] لافتات";"ar"
"n_categories";"[n] فئة | [n] فئات";"ar"
"n_days";"يوم [n] | أيام [n]";"ar"
"n_filters";"[n] فلتر | [n] فلاتر";"ar"
"n_in_stock_products_short";"[quantity] في المخزون";"ar"
"n_pages";"[n] صفحة | [n] صفحات";"ar"
"n_polls";"[n] استطلاع | [n] استطلاعات";"ar"
"n_posts";"[n] مشاركة | [n] مشاركات";"ar"
"n_products";"[n] منتج | [n] منتجات";"ar"
"n_products_found";"تم العثور على منتج [n] | تم العثور على [n] من المنتجات";"ar"
"n_profile_fields";"[n] حقل الملف الشخصي | [n] حقول الملف الشخصي";"ar"
"n_stars";"[n] نجمة | [n] نجوم";"ar"
"n_tags";"[n] علامة| [n] علامات";"ar"
"n_vendors";"[n] بائع | [n] بائعون";"ar"
"object";"مكان الظهور";"ar"
"objects_per_page";"[n] لكل صفحة";"ar"
"object_does_not_exist";"الشيء غير موجود";"ar"
"object_exists";"يوجد شيء بنفس الاسم. هل تريد الكتابة عليه؟";"ar"
"object_not_found";"[object] غير موجود";"ar"
"object_picker.remove_all_items";"قم بإزالة كافة العناصر";"ar"
"of";"من";"ar"
"off";"معطل";"ar"
"offline";"غير متصل";"ar"
"offset";"اوفست";"ar"
"ogone.sha_in";"عبارة مرور SHA-IN";"ar"
"ogone_direct.config_info";"Enter SHA-IN pass phrase both here and on the Ingenico administation panel.<br><br>For new Ingenico accounts created since May 11th, 2010, the new SHA policy is automatically active.<br/>Please do not forget to select the ""Use new SHA signature policy"" checkbox.";"ar"
"ogone_web.config_info";"Please set the following URL in the Technical Information section on the Ingenico administation panel as the <b>URL of the merchant's post-payment page</b> for all cases (""accepted"", ""on hold"", ""uncertain"", ""canceled by the client"", ""too many rejections by the acquirer""): <code>[r_url]</code><br>Select ""Always deferred (not immediately after the payment)"" for the <b>Timing of the request</b>.<br>Enter SHA-IN and SHA-OUT pass phrases both here and on the Ingenico administation panel.";"ar"
"ogone_web.sha_out";"عبارة مرور SHA-OUT";"ar"
"ok";"حسناً";"ar"
"old_price";"قبل الخصم";"ar"
"on";"في";"ar"
"onboarding_guide.activate";"تفعيل";"ar"
"onboarding_guide.add_one_product";"إضافة منتج واحد";"ar"
"onboarding_guide.back";"خلف";"ar"
"onboarding_guide.business_details";"تفاصيل الأعمال";"ar"
"onboarding_guide.completed_steps_progress";"[completed] من [total] كاملة";"ar"
"onboarding_guide.configure_payment_methods";"تكوين طرق الدفع";"ar"
"onboarding_guide.configure_payment_methods_description";"يتيح لك CS-Cart إعداد طرق دفع مختلفة؛ يقوم معظمهم تلقائيًا بمعالجة الدفعة المقدمة بالكامل. لكن في الوقت الحالي، لنقم بإعداد ""الدفع عند التسليم"" فقط لنرى كيف يعمل.";"ar"
"onboarding_guide.configure_payment_options";"إعداد المدفوعات";"ar"
"onboarding_guide.configure_shippings";"تكوين طرق الشحن";"ar"
"onboarding_guide.configure_shippings_description";"توفر CS-Cart لعملائك أسعار الشحن حسب عنوان العميل وطلبه. يمكنك تعيين قواعد هذه الأسعار بنفسك، أو الحصول على الأسعار في الوقت الفعلي من شركات الشحن مثل UPS أو DHL. يمكنك أيضًا إتاحة طرق الشحن في بعض المواقع وعدم توفرها في مواقع أخرى.";"ar"
"onboarding_guide.configure_shippings_label";"لنقم بإعداد طريقة شحن تسمى ""الاستلام من المتجر"" لنرى كيف تعمل.";"ar"
"onboarding_guide.configure_shippings_title";"إعداد الشحن";"ar"
"onboarding_guide.create_at_least_one_product_to_proceed_to_checkout";"قم بإنشاء منتج واحد على الأقل للمتابعة إلى الخروج";"ar"
"onboarding_guide.create_one_vendor";"إضافة بائع";"ar"
"onboarding_guide.create_vendor_description";"يعد البائعون - الذين يُشار إليهم باسم ""البائعين"" في لوحة الإدارة - ضروريين للسوق. أنها توفر المنتجات والخدمات للعملاء. يمكن للبائع إنشاء حساب بنفسه، أو يمكنك القيام بذلك بالنيابة عنه في لوحة الإدارة. دعونا نضيف بائع واحد عبر لوحة الإدارة.";"ar"
"onboarding_guide.current_theme";"الموضوع الحالي";"ar"
"onboarding_guide.customize_onboarding_process";"يمكن للبائعين المحتملين أن يطلبوا الانضمام إلى السوق الخاص بك بأنفسهم. انظر بنفسك كيف تتم هذه العملية: المعلومات التي يقدمونها، ورسائل البريد الإلكتروني التي يتلقونها، وما إلى ذلك. يمكنك تعديل كل ذلك، أو حتى جعل السوق الخاص بك متاحًا للدعوة فقط.";"ar"
"onboarding_guide.customize_vendor_panel_design";"تخصيص لوحة البائع";"ar"
"onboarding_guide.custom_theme";"موضوع مخصص";"ar"
"onboarding_guide.demo_guide_description";"هذه النسخة التجريبية متاحة لك لتجربتها. فهي تعمل على خوادمنا، ولكننا لا نستطيع الوصول إلى بياناتها، ولن نحتفظ بأي منها بمجرد انتهاء صلاحية النسخة التجريبية. الجانب السلبي هو أن أي تغييرات تجريها هنا ستضيع. ولكن لا تتردد في تجربة CS-Cart هنا، ومن ثم يمكننا مساعدتك في بدء سوقك الخاص.";"ar"
"onboarding_guide.demo_guide_title";"مرحباً بكم في العرض التوضيحي عبر الإنترنت!";"ar"
"onboarding_guide.dismiss";"رفض";"ar"
"onboarding_guide.edit_blocks";"ضبط تخطيطات الصفحة بدقة";"ar"
"onboarding_guide.edit_colors";"تحرير الألوان";"ar"
"onboarding_guide.edit_structure";"تحرير القوائم والإعداد";"ar"
"onboarding_guide.edit_texts";"تحرير أو ترجمة أي نصوص";"ar"
"onboarding_guide.edit_vendor_panel_style";"يعمل البائعون باستخدام لوحة التحكم المخصصة لهم. يمكنك جعلها تبدو بالطريقة التي تريدها. قم بتعيين ألوانها، وتحرير القائمة، وإضافة كتل تحتوي على معلومات إلى لوحة تحكم البائع.";"ar"
"onboarding_guide.guide_title";"مرحبا بكم في السوق الخاص بك!<br>استعد لتلقي طلبك الأول";"ar"
"onboarding_guide.import_csv_or_xml";"استيراد CSV أو XML";"ar"
"onboarding_guide.languages_and_currency";"اللغات والعملة";"ar"
"onboarding_guide.logos_updated";"تم تحديث شعارات السمة والبريد الإلكتروني";"ar"
"onboarding_guide.make_changes_on_the_fly_description";"استخدم الأدوات التي لا تحتاج إلى تعليمات برمجية لتخصيص السوق وفقًا لاحتياجاتك. تحرير أي نصوص. إعادة ترتيب الكتل. تغيير الألوان والخطوط والنمط. عندما ترى واجهة المتجر كمسؤول، يمكنك استخدام هذه الأدوات في أي وقت.";"ar"
"onboarding_guide.make_changes_on_the_fly_title";"إجراء تغييرات على الطاير";"ar"
"onboarding_guide.manage_currencies";"إدارة العملات";"ar"
"onboarding_guide.manage_languages";"إدارة اللغات";"ar"
"onboarding_guide.manage_products";"إدارة المنتجات";"ar"
"onboarding_guide.manage_products_description";"يمكنك بصفتك مالك السوق التحكم في جميع المنتجات المباعة على منصتك. لكن البائعين يديرون المنتجات من خلال لوحة التحكم الخاصة بهم. تعرف على كيفية إضافة المنتجات واحدًا تلو الآخر أو بشكل مجمّع.";"ar"
"onboarding_guide.manage_sellers";"إدارة البائعين";"ar"
"onboarding_guide.missing_products";"المنتجات المفقودة";"ar"
"onboarding_guide.modify_colors_fonts_backgrounds";"تعديل الألوان والخطوط والخلفيات";"ar"
"onboarding_guide.next";"التالي";"ar"
"onboarding_guide.personalize_your_marketplace_description";"اختر نمط السوق الخاص بك. تقديم معلومات الاتصال الخاصة بك للعملاء والبائعين.";"ar"
"onboarding_guide.personalize_your_marketplace_title";"إضفاء الطابع الشخصي على السوق الخاص بك";"ar"
"onboarding_guide.premoderation";"إذا كنت لا ترى المنتج الذي تم إنشاؤه على واجهة المتجر، فقد يكون لديك وحدة <b>للمراقبة المسبقة لبيانات البائع</b> ممكّنة";"ar"
"onboarding_guide.preview_an_email";"معاينة البريد الإلكتروني";"ar"
"onboarding_guide.preview_an_email_description";"بمجرد الانتهاء من ذلك، شاهد كيف تظهر بياناتك في رسالة بريد إلكتروني إلى البائعين الجدد الذين قاموا بالتسجيل في السوق الخاص بك.";"ar"
"onboarding_guide.preview_seller_onboarding";"معاينة إعداد البائع";"ar"
"onboarding_guide.reset";"إعادة ضبط";"ar"
"onboarding_guide.reset_onboarding";"إعادة ضبط الإعداد";"ar"
"onboarding_guide.save";"يحفظ";"ar"
"onboarding_guide.sb_guide_title";"مرحبًا بك في متجرك الإلكتروني!<br>استعد لتلقي طلبك الأول";"ar"
"onboarding_guide.sb_make_changes_on_the_fly_description";"استخدم الأدوات التي لا تحتاج إلى تعليمات برمجية لتخصيص المتجر عبر الإنترنت ليناسب احتياجاتك. تحرير أي نصوص. إعادة ترتيب الكتل. تغيير الألوان والخطوط والأسلوب. عندما ترى واجهة المتجر كمسؤول، يمكنك استخدام هذه الأدوات في أي وقت.";"ar"
"onboarding_guide.sb_manage_products_description";"المنتجات هي الطريقة التي يجني بها متجرك عبر الإنترنت الأموال؛ وهي تشمل السلع أو الخدمات أو أي شيء آخر معروض مقابل سعر. يمكنك إضافة المنتجات واحدة تلو الأخرى أو بكميات كبيرة.";"ar"
"onboarding_guide.sb_personalize_your_marketplace_description";"اختر نمط متجرك عبر الإنترنت. تقديم معلومات الاتصال الخاصة بك للعملاء.";"ar"
"onboarding_guide.sb_personalize_your_marketplace_title";"قم بتخصيص متجرك الإلكتروني";"ar"
"onboarding_guide.sb_preview_an_email_description";"بمجرد الانتهاء من ذلك، شاهد كيف تظهر بياناتك في رسالة بريد إلكتروني إلى العملاء المسجلين حديثًا.";"ar"
"onboarding_guide.select_payment_options";"اختر الطريقة التي تخطط بها لقبول المدفوعات. حدد أحد السيناريوهات التالية:";"ar"
"onboarding_guide.select_theme";"اختر نمطا";"ar"
"onboarding_guide.separate_payments_to_sellers";"دفعات منفصلة للبائعين";"ar"
"onboarding_guide.separate_payments_to_sellers_description";"يدفع العميل لكل بائع على حدة. تقع على عاتق البائع مسؤولية دفع العمولة لك (لدينا طرق لذلك). سيتمكن البائعون من إعداد طرق الشحن والعروض الترويجية الخاصة بهم.";"ar"
"onboarding_guide.set_default_currency";"تعيين العملة الافتراضية";"ar"
"onboarding_guide.set_default_languages";"تعيين اللغات الافتراضية";"ar"
"onboarding_guide.set_up_commissions_and_fees";"تكوين العمولات والرسوم";"ar"
"onboarding_guide.set_up_seller_plans";"قم بإعداد خطط البائع";"ar"
"onboarding_guide.set_up_seller_plans_description";"عادةً ما يكسبك السوق الأموال من الرسوم الشهرية و/أو العمولات من المبيعات. تتيح لك خطط البائع تحديد حجم وتكرار تلك الدفعات.";"ar"
"onboarding_guide.single_payment_to_you";"دفعة واحدة إلى السوق";"ar"
"onboarding_guide.single_payment_to_you_description";"يقوم العميل بإجراء دفعة واحدة لجميع المنتجات الموجودة في سلة التسوق. وينتهي المال في حسابك، مع سجل ما تملكه لكل بائع. تقوم بتوزيع الأموال بشكل دوري بين البائعين.";"ar"
"onboarding_guide.single_payment_with_automatic_split";"الدفع متعدد الأطراف (المدفوعات التلقائية)";"ar"
"onboarding_guide.single_payment_with_automatic_split_description";"هناك طرق دفع خاصة للأسواق: PayPal Complete Payments (Multiparty) وStripe Connect. لا يزال العميل يقوم بدفع دفعة واحدة لجميع المنتجات؛ تقوم طريقة الدفع بتقسيم الأموال بينك وبين البائعين تلقائيًا. لاحظ أن البائعين سيحتاجون إلى حسابات مع PayPal أو Stripe أيضًا.";"ar"
"onboarding_guide.single_rus_payment_with_automatic_split_description";"توجد طرق دفع خاصة للأسواق: YooKassa For Marketplaces وT-Bank Multiparty. لا يزال العميل يقوم بدفع مبلغ واحد مقابل جميع المنتجات؛ حيث تقوم طريقة الدفع بتقسيم الأموال بينك وبين البائعين تلقائيًا. لاحظ أن البائعين سيحتاجون إلى حسابات مع YooKassa أو T-Bank أيضًا.";"ar"
"onboarding_guide.step_close";"يغلق";"ar"
"onboarding_guide.step_complete";"مكتمل";"ar"
"onboarding_guide.theme_and_logo";"الموضوع والشعار";"ar"
"onboarding_guide.upload_logo";"تحميل الشعار";"ar"
"onboarding_guide.view_checkout_page";"عرض صفحة الخروج";"ar"
"onboarding_guide.view_checkout_page_description";"بمجرد تكوينها، ستظهر طريقة الدفع الخاصة بك في صفحة الدفع:";"ar"
"onboarding_guide.view_invoice";"عرض الفاتورة";"ar"
"onboarding_guide.view_product_page";"عرض أحدث المنتجات المضافة";"ar"
"onboarding_guide.view_product_page_description";"شاهد منتجاتك الجديدة على واجهة المتجر.";"ar"
"onboarding_guide.view_seller_plans";"معاينة خطط البائع";"ar"
"onboarding_guide.view_seller_plans_description";"تعرف على كيفية ظهور خطط البائع التي تم تكوينها للبائعين المحتملين على واجهة المتجر.";"ar"
"onboarding_guide.view_storefront";"رؤية البائعين على واجهة المتجر";"ar"
"onboarding_guide.walk_the_seller_path";"السير في طريق البائع";"ar"
"once_per_customer";"واحد لكل عميل";"ar"
"onclick_dropdown";"انقر-انسدل";"ar"
"online_only";"المتواجد فقط";"ar"
"only_one_order_can_be_edited_at_a_time";"تعذر حفظ التغييرات على الطلب. يمكن تحرير طلب واحد فقط لكل متصفح في المرة الواحدة. الرجاء إغلاق أي علامات تبويب أخرى للمتصفح حيث تقوم بتحرير الطلبات ، وإعادة تحميل علامة التبويب بالترتيب الذي تريد تحريره.";"ar"
"on_backorder";"تحت الطلب";"ar"
"on_off";"تشغيل/تعطيل";"ar"
"on_sale";"تخفيض";"ar"
"on_site_layout_editing";"تحرير صفحة التخطيط: [page]";"ar"
"on_site_live_editing";"On-site live editing";"ar"
"on_site_template_editing";"تحرير القوالب أونلاين";"ar"
"open";"الحالية";"ar"
"open_action";"فتح";"ar"
"open_file_or_create_new";"افتح ملف أو قم بإنشاء ملف جديد للبدء.";"ar"
"open_hours";"ساعات مفتوحة";"ar"
"open_in_new_window";"فتح الصفحة في نافذة جديدة";"ar"
"open_selected_storefronts";"فتح المحدد";"ar"
"open_store";"فتح المتجر";"ar"
"optimize_database";"تحسين قاعدة البيانات";"ar"
"optimizing_table";"تحسين الجدول";"ar"
"options";"الخيارات";"ar"
"options_for";"خيارات";"ar"
"options_have_been_applied_to_products";"تم تطبيق الخيارات بنجاح على المنتجات المختارة";"ar"
"options_settings";"خصائص الخيارات";"ar"
"options_type";"نوع الخيارات";"ar"
"option_combinations";"تركيبات الخيار";"ar"
"option_exceptions";"Option exceptions";"ar"
"option_name";"اسم الخيار";"ar"
"option_unlinked";"تم حذف الخيار العام ""[option_name]"" من المنتج";"ar"
"option_variants";"تنوعات الخيار";"ar"
"opt_currency_name";"عرض عناوين العملات";"ar"
"opt_currency_symbol";"استخدام رموز العملات بدلاً من العناوين";"ar"
"opt_language_icon";"الأعلام فقط";"ar"
"opt_language_name";"الأعلام وأسماء اللغات";"ar"
"or";"أو";"ar"
"order";"الطلب";"ar"
"ordered_products";"المنتجات المطلوبة";"ar"
"orders";"الطلبات";"ar"
"orders_not_allow_to_change_company";"لم يتم تغيير الشركة. غير مسموح بتغيير الشركة عند تحرير الطلب.";"ar"
"orders_no_items";"استخدم زر ""إضافة منتجات"" أعلاه لإضافة منتجات للطلب.";"ar"
"order_by_status";"حالات طلبات الشراء";"ar"
"order_date";"تاريخ الطلب";"ar"
"order_details";"بيانات الطلب";"ar"
"order_discount";"الخصم";"ar"
"order_id";"معرف الطلب";"ar"
"order_info";"معلومات طلب الشراء";"ar"
"order_items";"عناصر الطلب";"ar"
"order_landing_page";"بعد إرسال الطلب";"ar"
"order_management";"إدارة الطلب";"ar"
"order_manager";"مدير الطلبات";"ar"
"order_placed";"إضافة الطلب";"ar"
"order_prefix";"بادئة الطلب";"ar"
"order_returns";"إرجاع الطلب";"ar"
"order_search";"ترتيب البحث";"ar"
"order_status";"حالة الطلب";"ar"
"order_statuses";"حالات الطلب";"ar"
"order_total";"إجمالي المستحق";"ar"
"order_total_not_correct";"قيمة إجمالي المبلغ المدفوع لا تتساوى مع إجمالي قيمة الطلب";"ar"
"order_was_not_placed";"لم يتم إرسال الطلب";"ar"
"original";"الأصلي";"ar"
"origination";"بدء";"ar"
"or_saved_search";"أو أي عنصر من بحث محفوظ";"ar"
"or_use";"أو استخدم";"ar"
"others";"الآخرون";"ar"
"other_addons";"الإضافات الأخرى";"ar"
"other_notification";"آخر";"ar"
"other_notifications.email_templates";"اطلع على القائمة الكاملة لقوالب البريد الإلكتروني";"ar"
"other_notifications.internal_templates";"اطلع على القائمة الكاملة لقوالب الإشعارات في الموقع";"ar"
"other_notifications.title";"لا يمكنك العثور على إشعار تبحث عنه؟";"ar"
"our_brands";"ماركاتنا";"ar"
"output";"الخرج";"ar"
"outside_navigation";"Outside navigation";"ar"
"out_of_stock_actions";"التأثير في حالة عدم توفر المنتج بالمخزون";"ar"
"out_of_stock_products";"غير متوفر بالمخزون";"ar"
"override_by_dispatch";"الكتابة على المناطق";"ar"
"override_by_this";"استخدم هذا المحتوى لكل حالات الكتلة";"ar"
"override_exchange_rate";"تجاوز سعر الصرف";"ar"
"override_gc_points";"تجاوز قيمة النقاط العامة / الفئة لهذا المنتج";"ar"
"override_gc_points_brief";"تجاوز النقاط العالمية / الفئة";"ar"
"override_g_points";"تجاوز قيمة النقطة العامة لجميع المنتجات في هذه الفئة";"ar"
"override_per";"تجاوز PER العالمية";"ar"
"override_points";"تجاوز النقاط";"ar"
"override_product_data";"تطبيق القيم على كل المنتجات";"ar"
"overwrite";"الكتابة فوق";"ar"
"overwrite_selected_settings";"الكتابة فوق الإعدادات المحددة";"ar"
"owner";"المالك";"ar"
"owner_company";"المتجر";"ar"
"p21agree";"Please type ""AGREE"" or ""DISAGREE"" in the box provided";"ar"
"p21agree_tooltip";"من خلال كتابة ""أوافق"" في المربع أدناه، فإنني أقدم توقيعي كتفويض لـ Payment21&reg; لخصم المبلغ الذي أدخلته من حسابي إلكترونيًا. أفهم أيضًا وأفوض التاجر صراحةً، في حالة عدم سداد دفعة الشيك الإلكتروني الخاصة بي أو إعادتها لأي سبب من الأسباب، بخصم مبلغ دفعة الشيك الإلكتروني إلكترونيًا من حسابي بالإضافة إلى رسوم NSF بما لا يتجاوز الحد الأقصى القانوني للولاية. سأقوم بطباعة هذه الصفحة أو حفظها في سجلاتي. يمكنني الاتصال بالرقم +18887700850 للحصول على دعم على مدار 24 ساعة طوال أيام الأسبوع إذا كانت لديك أية أسئلة بخصوص معاملة الدفع هذه.";"ar"
"package";"العبوة";"ar"
"packages";"العبوات";"ar"
"package_type";"نوع العبوة";"ar"
"packing_slip";"قصاصة العبوة";"ar"
"packing_slip_for_order";"قصاصة عبوة الطلب";"ar"
"page";"صفحة";"ar"
"pages";"الصفحات";"ar"
"page_cloned";"تم نسخ الصفحة <b>[page]</b> بنجاح. يمكنكم الآن تحرير الصفحة الجديدة";"ar"
"page_id";"معرف الصفحة";"ar"
"page_link";"رابط الصفحة";"ar"
"page_name";"اسم الصفحة";"ar"
"page_not_found";"الصفحة غير موجودة";"ar"
"page_not_found_text";"الصفحة المطلوبة غير موجودة.";"ar"
"page_target_url";"رابط الهدف";"ar"
"page_title";"عنوان الصفحة";"ar"
"page_url";"رابط الصفحة";"ar"
"pagination_range";"<span>[pagination.range_from]</span>–<span>[pagination.range_to]</span>&nbsp;of&nbsp;[pagination.total_items]";"ar"
"paid_amount";"القيمة المدفوعة";"ar"
"pair_type";"نوع الزوج";"ar"
"param";"المتغير";"ar"
"parameter";"تحليل";"ar"
"parameter_name";"اسم المعامل";"ar"
"parent";"الأصل";"ar"
"parent_category";"الفئة الأم";"ar"
"parent_category_id";"الفئة الأم";"ar"
"parent_item";"العنصر الأم";"ar"
"parent_page";"الصفحة الأم";"ar"
"parent_page_id";"الصفحة الأم";"ar"
"partner";"شريك";"ar"
"passphrase";"كلمة المرور";"ar"
"passport_number";"رقم الجواز";"ar"
"password";"كلمة المرور";"ar"
"password_recovery.link_expire";"ولكن إذا كنت ترغب في إعادة تعيين كلمة المرور، فاتبع الرابط أدناه. وسوف تنتهي في 15 دقيقة";"ar"
"password_recovery.text_confirm";"لقد طلب منا شخص ما - ونأمل أن تكون أنت - إعادة تعيين كلمة المرور لحسابك على [site]. إذا لم تكن أنت، فلا تتردد في تجاهل هذه الرسالة.";"ar"
"path_to_files";"المسار الكامل لملفات الـ ""atos""";"ar"
"pause_delay";"فترة التوقف (بالثواني)";"ar"
"payflowcolor";"لون التدفق";"ar"
"payment";"دفع";"ar"
"payments";"المدفوعات";"ar"
"payments.cresecure.location_notice";"<b>يرجى ملاحظة:</b> <br>1. يتطلب هذا الدفع خيار الخروج تمكين https! <br>2. بشكل افتراضي، يظهر موقع السحب لمستخدم في وضع الدفع. بغية إظهار موقع مختلف، إنشاء موقع جديد مع إيفاد 'checkout.cresecure_template' في <a href=""[url]"" target=""_blank""> إدارة التخطيط</a>.";"ar"
"payments.epdq.bgcolor";"لون الخلفية";"ar"
"payments.epdq.btn_bgcolor";"لون خلفية الزر";"ar"
"payments.epdq.btn_textcolor";"لون نص الزر";"ar"
"payments.epdq.font_type";"نوع الخط";"ar"
"payments.epdq.hash_error";"Sorry, the hash string does not match";"ar"
"payments.epdq.instructions";"<ol><li> <p> أدخل عنوان URL التالي في قسم ""المعلومات الفنية"" → ""ملاحظات المعاملة"" في منطقة إدارة Barclaycard ePDQ: </ p> <p> للمدفوعات ""المقبولة"" و ""الملغاة"": [url] </p> </li> <li> تأكد من ضبط ""توقيت الطلب"" على ""متصل دائمًا"" ، وضبط ""طريقة الطلب"" على ""POST"" </li> <li> حدد قيمة ""عبارة مرور SHA-OUT"" في منطقة مسؤول ePDQ كما تريد ، ثم قم بتكرارها في حقل ""عبارة مرور SHA-IN"" في قسم ""التحقق من البيانات والأصل"" ، وكذلك في ""عبارة المرور ""الحقل أدناه </ li> <li> تأكد من أن خيار"" رمز العملية الافتراضية ""في منطقة مسؤول ePDQ له نفس قيمة قيمة خيار"" نوع المعاملة ""أدناه </ li> <li> قم بتعيين"" خوارزمية التجزئة ""المعلمة إلى"" SHA-1 ""في قسم"" معلمات الأمان العامة ""في منطقة إدارة Barclaycard ePDQ </li> </ol>";"ar"
"payments.epdq.pspid";"EPDQ pspid";"ar"
"payments.epdq.tbl_bgcolor";"لون خلفية الجدول";"ar"
"payments.epdq.tbl_textcolor";"لون نص الجدول";"ar"
"payments.epdq.textcolor";"لون النص";"ar"
"payments.epdq.title";"العنوان";"ar"
"payments.eway_rapidapi_rsp.header_text";"نص الهيدر";"ar"
"payments.globalpayments.connector_error";"تم تعليق حساب Global Payments الخاص بك. اتصل بدعم Global Payments للحصول على مزيد من المعلومات.";"ar"
"payments.globalpayments.globalpayments_error";"خطأ في أنظمة المدفوعات العالمية";"ar"
"payments.globalpayments.referring_ip";"يرجى تقديم عنوان IP الخاص بخادمك إلى مدير حساب Global Payments الخاص بك";"ar"
"payments.globalpayments.referring_url";"يرجى تقديم عنوان URL هذا إلى مدير حساب Global Payments الخاص بك";"ar"
"payments.globalpayments.text_status_map";"المدفوعات العالمية إلى خريطة تحويل حالة الطلب [product]";"ar"
"payments.layout_a";"Layout A";"ar"
"payments.layout_b";"Layout B";"ar"
"payments.layout_c";"Layout C";"ar"
"payments.paypal_adv_layout";"Layout";"ar"
"payments.qbms.app_token";"رمز التطبيق";"ar"
"payments.qbms.configuration_required";"<p>تعبئة الحقول أدناه واحفظ التغييرات: الرمز المميز <br>-OAuth المستهلك مفتاح <br>-سر المستهلك OAuth والتطبيق <br></p> <p>انقر فوق الزر ""الاتصال لقراء"" الذي سيظهر بدلاً من هذه الرسالة لإنهاء التكوين الدفع.</p>";"ar"
"payments.qbms.configure_payment_method";"<p>كيفية تكوين طريقة الدفع:</p><p>1. <a target=""_blank"" href=""https://developer.intuit.com/app/developer/qbo/docs/develop/authentication-and-authorization/oauth-2.0#obtain-oauth2-credentials-for-your-app"">احصل على بيانات اعتماد OAuth 2.0</a> من تطبيق <b>QuickBooks Online</b> (QuickBooks Desktop won't work).</p><p>2. انسخها إلى إعدادات طريقة الدفع في [product].</p><p>3. انقر على ""إنشاء"" ، ثم افتح إعدادات طريقة الدفع هذه مرة أخرى لإنهاء تكوينها.</p>";"ar"
"payments.qbms.oauth_client_id";"معرف عميل OAuth";"ar"
"payments.qbms.oauth_client_secret";"سر عميل OAuth";"ar"
"payments.qbms.oauth_consumer_key";"مفتاح المستهلك OAuth";"ar"
"payments.qbms.oauth_consumer_secret";"كلمة مرور مفتاح المستهلك OAuth";"ar"
"payments.qbms.quickbooks_connection";"اتصال QuickBooks";"ar"
"payments.qbms.renew_token";"اضغط على ""QuickBooks"" تجديد الرمز المميز.";"ar"
"payments.qbms.tip_fill_redirect";"<p> - في تطبيق QuickBooks ، انسخ القيمة التالية في حقل Redirect URI: </p> <p> [url] </p> <p> - انقر فوق الزر ""Connect to QuickBooks"". </p>";"ar"
"payments.qbms.token_expired";"انتهت مدة صلاحية الرمز المميز.";"ar"
"payments.qbms.token_expires";"ينتهي الرمز المميز في <b>[date]</b> في <b>[time]</b>.";"ar"
"payments.realex.3d_secure_message";"3-D Secure message";"ar"
"payments.realex.auto_settled";"Auto-settled";"ar"
"payments.realex.avs.matched";"Matched";"ar"
"payments.realex.avs.not_matched";"Not matched";"ar"
"payments.realex.avs.partial_match";"Partial match";"ar"
"payments.realex.avs.problem_with_check";"Problem with check";"ar"
"payments.realex.avs.unable_to_check";"Unable to check";"ar"
"payments.realex.avs_address";"AVS Address";"ar"
"payments.realex.avs_postcode";"AVS Postcode";"ar"
"payments.realex.bank_error";"Error with bank systems";"ar"
"payments.realex.card_lost_or_stolen";"Card reported lost or stolen";"ar"
"payments.realex.cavv";"CAVV";"ar"
"payments.realex.connector_error";"Your Realex account has been suspended. Contact Realex support for further information.";"ar"
"payments.realex.delayed_settlement";"Delayed settlement";"ar"
"payments.realex.eci";"ECI";"ar"
"payments.realex.incorrect_request";"Incorrect XML message formation or content";"ar"
"payments.realex.incorrect_valid_trhu";"Incorrect values of 'Valid thru' fields.";"ar"
"payments.realex.liability_shift";"Liability Shift";"ar"
"payments.realex.liability_shift_required";"Liability Shift required";"ar"
"payments.realex.realex_error";"Error with Realex systems";"ar"
"payments.realex.referring_ip";"Please supply the IP address of your server to your Realex Payments account manager";"ar"
"payments.realex.referring_url";"Please supply this URL to your Realex Payments account manager";"ar"
"payments.realex.refferal";"Referral by bank";"ar"
"payments.realex.result_code";"Result code";"ar"
"payments.realex.result_message";"Result message";"ar"
"payments.realex.settlement";"Settlement";"ar"
"payments.realex.subaccount";"Subaccount";"ar"
"payments.realex.text_status_map";"Realex to CS-Cart order status conversion map";"ar"
"payments.realex.transaction_order_id";"Transaction Order ID";"ar"
"payments.realex.transaction_pasref";"Transaction PASREF";"ar"
"payments.realex.tss_result";"TSS";"ar"
"payments.realex.wrong_card_type";"This payment is unavailable for this type of credit cards.";"ar"
"payments.realex.xid";"XID";"ar"
"payments.rocketgate.avs_mode";"وضع AVS Mode";"ar"
"payments.rocketgate.ignore";"تجاهل";"ar"
"payments.rocketgate.scrub_mode";"وضع SCRUB Mode";"ar"
"payments.signin_to_checkout";"<a href=[url]>سجل دخولك</a> لإتمام الشراء";"ar"
"payments_tab1";"البطاقة الائتمانية";"ar"
"payments_tab2";"الدفع عبر الإنترنت";"ar"
"payments_tab3";"خيارات الدفع الأخرى";"ar"
"payment_amount";"قيمة عملية الدفع";"ar"
"payment_category";"الفئة";"ar"
"payment_category_note";"ألسنة فئات الدفع لن يتم عرضها إذا كان كل طرق الدفع النشطة تنتمى إلى نفس الفئة";"ar"
"payment_details";"تفاصيل عملية الدفع";"ar"
"payment_form_url";"رابط نموذج الدفع";"ar"
"payment_id";"معرف الدفع";"ar"
"payment_info";"نوع الدفع";"ar"
"payment_information";"معلومات الدفع";"ar"
"payment_instructions";"تعليمات الدفع";"ar"
"payment_method";"طريقة الدفع";"ar"
"payment_methods";"طرق الدفع";"ar"
"payment_methods_menu_description";"قم بإعداد خيارات الدفع المتاحة لعملائك.";"ar"
"payment_method_not_found";"طريقة الدفع غير موجودة. ربما تم تعطيله ، أو حدثت مشكلة فنية. الرجاء اختيار طريقة دفع وحاول مرة أخرى.";"ar"
"payment_processors.category.checkout";"إتمام الشراء";"ar"
"payment_processors.category.gateway";"البوابات";"ar"
"payment_processors.category.russian";"طرق الدفع الروسية";"ar"
"payment_response_password";"Payment Response password";"ar"
"payment_surcharge";"ضريبة المبيعات";"ar"
"payment_type";"نوع عملية الدفع";"ar"
"paypal_authentication_method";"مصادقة دفع باي بال";"ar"
"paypal_checkout.capture_id";"معرف الالتقاط في PayPal";"ar"
"paypal_checkout.card.amex";"أمريكان اكسبريس";"ar"
"paypal_checkout.card.discover";"يكتشف";"ar"
"paypal_checkout.card.elo";"إلو";"ar"
"paypal_checkout.card.hiper";"هيبر";"ar"
"paypal_checkout.card.jcb";"JCB";"ar"
"paypal_checkout.card.mastercard";"بطاقة ماستر بطاقة ائتمان";"ar"
"paypal_checkout.card.visa";"تأشيرة";"ar"
"paypal_checkout.client_id";"معرف عميل التطبيق";"ar"
"paypal_checkout.color.black";"أسود";"ar"
"paypal_checkout.color.blue";"أزرق";"ar"
"paypal_checkout.color.gold";"ذهب";"ar"
"paypal_checkout.color.silver";"فضة";"ar"
"paypal_checkout.debug_id";"معرف تصحيح PayPal";"ar"
"paypal_checkout.funding.bancontact";"بانكونتاكت";"ar"
"paypal_checkout.funding.blik";"بليك";"ar"
"paypal_checkout.funding.card";"الائتمان أو بطاقات السحب الآلي";"ar"
"paypal_checkout.funding.credit";"ائتمان PayPal";"ar"
"paypal_checkout.funding.eps";"eps";"ar"
"paypal_checkout.funding.giropay";"جيروباي";"ar"
"paypal_checkout.funding.ideal";"المثالي";"ar"
"paypal_checkout.funding.mercadopago";"ميركادو باجو";"ar"
"paypal_checkout.funding.mybank";"بنكي";"ar"
"paypal_checkout.funding.p24";"برزيلوي 24";"ar"
"paypal_checkout.funding.paylater";"باي بال الدفع لاحقا";"ar"
"paypal_checkout.funding.sepa";"SEPA-Lastschrift";"ar"
"paypal_checkout.funding.sofort";"سوفورت";"ar"
"paypal_checkout.funding.venmo";"فينمو";"ar"
"paypal_checkout.order_id";"معرف الطلب في PayPal";"ar"
"paypal_checkout.paypal";"باي بال";"ar"
"paypal_checkout.paypal_checkout";"باي بال المدفوعات كاملة";"ar"
"paypal_checkout.paypal_cookie_description";"PayPal هو مزود الدفع. يسمح لنا بقبول المدفوعات ، إذا اخترت طريقة دفع مدعومة من PayPal. إليك <a href=""https://www.paypal.com/us/webapps/mpp/ua/privacy-full"" target=""_blank"">بيان خصوصية PayPal</a>.";"ar"
"paypal_checkout.paypal_cookie_title";"باي بال";"ar"
"paypal_checkout.secret";"سر التطبيق";"ar"
"paypal_checkout.send_shipment_info";"إرسال معلومات الشحنة إلى PayPal";"ar"
"paypal_checkout.send_shipping_address";"إرسال عنوان الشحن إلى PayPal";"ar"
"paypal_checkout.send_shipping_address_tooltip";"مفيد للحماية من الاحتيال أو ملصقات الشحن. قد يتسبب في حدوث مشكلات في الدفع إذا كان العنوان الذي قدمه العميل غير صالح.";"ar"
"paypal_checkout.settings.account";"إعدادت الحساب";"ar"
"paypal_checkout.settings.enable_cards";"بطاقات لتظهر عند الخروج";"ar"
"paypal_checkout.settings.enable_funding";"مصادر التمويل لتظهر عند الخروج";"ar"
"paypal_checkout.settings.style";"مظهر الزر";"ar"
"paypal_checkout.shape.pill";"حبة";"ar"
"paypal_checkout.shape.rect";"مستطيلي";"ar"
"paypal_checkout.shipment_info_was_not_sent.carrier_empty";"لم يتم إرسال معلومات الشحن إلى PayPal لأن الناقل فارغ";"ar"
"paypal_checkout.shipment_info_was_not_sent.no_capture_id";"لم يتم إرسال معلومات الشحن إلى PayPal لأن معرف الالتقاط مفقود، حاول مرة أخرى لاحقًا";"ar"
"paypal_checkout.shipment_info_was_not_sent.no_order_id";"لم يتم إرسال معلومات الشحن إلى PayPal لأن معرف طلب PayPal مفقود، حاول مرة أخرى لاحقًا";"ar"
"paypal_checkout.shipment_info_was_not_sent.tracking_number_empty";"لم يتم إرسال معلومات الشحن إلى PayPal لأن رقم التتبع فارغ";"ar"
"paypal_checkout.style.color";"لون";"ar"
"paypal_checkout.style.height";"ارتفاع";"ar"
"paypal_checkout.style.shape";"شكل";"ar"
"paypal_checkout.webhook";"خطاف الويب الخاص بمدفوعات PayPal الكاملة: [الحمولة]";"ar"
"paypal_checkout.webhook_help_message";"حدد عنوان URL التالي عند تكوين خطاف ويب لتطبيق REST:";"ar"
"paypal_item_name";"إسم البند او إسم سلة المشتروات";"ar"
"paypal_sandbox";"الوضع التجريبي";"ar"
"paypal_seamless";"استخدم اتمام الشراء السلس";"ar"
"paypal_security_error";"الطلب لم يتم تأكيده، حساب الباي بال الخاص بالمستلم خطأ.";"ar"
"pay_by_points";"السماح بالدفع عن طريق النقاط";"ar"
"pay_from_email";"إيميل العميل";"ar"
"pay_order_again";"دفع الطلب مرة أخرى";"ar"
"pay_to_email";"إيميل التاجر";"ar"
"pending";"بالانتظار";"ar"
"pending_vendor_invitations";"دعوات البائع المعلقة";"ar"
"per";"لكل [object]";"ar"
"percent";"نسبي";"ar"
"percentage_discount";"نسبة الخصم";"ar"
"percent_range";"النطاق السعري (بالنسبة المئوية % من السعر الأصلي للمنتج)";"ar"
"period";"الفترة الزمنية";"ar"
"period_selector_from";"من";"ar"
"period_selector_to";"ل";"ar"
"permissions_issue";"Permissions issue";"ar"
"person_name";"Name";"ar"
"per_item";"لكل عنصر";"ar"
"per_page";"في الصفحة";"ar"
"phone";"رقم التليفون";"ar"
"phone1_label";"التليفون";"ar"
"phone2";"دولي";"ar"
"phone2_label";"دولي";"ar"
"phone_mask_label";"هاتف";"ar"
"phpinfo";"معلومات الـ PHP";"ar"
"php_extension_missing";"ملحق [extension] PHP غير مثبت على الخادم الخاص بك";"ar"
"pickup";"استلام";"ar"
"pickup_address";"عنوان الاستلام";"ar"
"pickup_avail";"الاستلام متاح";"ar"
"pickup_destinations_ids";"هويات وجهات الاستلام";"ar"
"pickup_id";"معرف الاستلام";"ar"
"pickup_phone";"هاتف الاستلام";"ar"
"pickup_point_not_selected";"معذرةً ، لم نتمكن من تحديد نقطة الالتقاء الخاصة بك. يرجى اختيار نقطة استلام ، حتى نعرف مكان تسليم طلبك.";"ar"
"pickup_surcharge";"رسوم الاستلام";"ar"
"pickup_time";"اختار المعاد للاستلام";"ar"
"pick_store";"اختر متجر";"ar"
"pie";"فطيرة";"ar"
"pie_3d";"فطيرة ثلاثية الأبعاد";"ar"
"pixels";"بيكسل";"ar"
"place_order";"إرسال الطلب";"ar"
"placing_order";"جار إرسال طلب الشراء";"ar"
"plain";"بسيطة";"ar"
"platform";"المنصة";"ar"
"please_be_patient";"نرجو الانتظار";"ar"
"please_copy_api_key";"يرجى نسخ مفتاح API الآن والاحتفاظ به في مكان ما. بمجرد حفظ التغييرات ، لن يظهر هذا المفتاح هنا مرة أخرى. في حالة فقد المفتاح ، فإن الطريقة الوحيدة لاستعادة الوصول إلى واجهة برمجة التطبيقات هي إنشاء مفتاح جديد في هذه الصفحة.";"ar"
"please_enable_the_add_on_to_see_barcode";"الرجاء تمكين الوظيفة الإضافية لرؤية مثال الكود.";"ar"
"please_enter_license_here";"قم بإدخال رقم الترخيص الخاص بك هنا";"ar"
"please_select_one";"-اختر-";"ar"
"please_sign_in";"يرجى تسجيل الدخول";"ar"
"points";"النقاط";"ar"
"points_in_use";"النقاط المستخدمة";"ar"
"points_in_use_lower";"النقاط المستخدمة";"ar"
"points_in_use_lowercase";"[n] نقطة قيد الاستخدام | [n] نقاط قيد الاستخدام";"ar"
"points_lower";"النقاط";"ar"
"points_lowercase";"[n] نقطة | [n] نقطات";"ar"
"points_to_use";"نقاط لاستخدامها";"ar"
"point_payment";"دفع النقاط";"ar"
"point_price";"السعر بالنقاط";"ar"
"polish";"Polish";"ar"
"poll";"استطلاع الرأي";"ar"
"polls";"استطلاعات الرأي";"ar"
"polls_answers_with_comments";"الأجوبة مع تعليقات";"ar"
"polls_first_submited";"نموذج الاستطلاع الأولى المقدمة";"ar"
"polls_have_completed";"لقد أنجزت بالفعل هذا التصويت.";"ar"
"polls_last_submited";"نموذج الاستطلاع الأخير المقدم";"ar"
"polls_total_completed";"عدد استمارات استطلاع الرأي المنجز بالكامل";"ar"
"polls_total_submited";"العدد الإجمالي لأشكال الاستطلاع المقدم";"ar"
"polls_total_votes";"مجموع الأصوات";"ar"
"polls_votes";"الأصوات";"ar"
"poll_footer";"تذييل صفحة الإستطلاع";"ar"
"poll_header";"رأس الاستطلاع";"ar"
"poll_results";"رسالة الإستفتاء";"ar"
"poll_results_everybody";"الجميع (في إطار منبثق)";"ar"
"poll_results_nobody";"لا أحد";"ar"
"poll_results_voted";"المستخدمين المصوتين";"ar"
"poll_show_results";"نتائج الاستطلاع مرئية لـ";"ar"
"poll_statistics";"إحصاءات الاستطلاع";"ar"
"poor";"ضعيف";"ar"
"popularity";"الشعبية";"ar"
"popular_developer";"مطور شعبي";"ar"
"popup";"منبثق";"ar"
"popup_larger_image";"صورة كبيرة منبثقة";"ar"
"portugese";"Portuguese";"ar"
"posid";"معرف الموضع";"ar"
"position";"الموضع";"ar"
"positions_updated";"تم تحديث موضع العناصر";"ar"
"position_short";"الموضع";"ar"
"postal_mail";"البريد العادي";"ar"
"postauth";"Postauth";"ar"
"post_description";"ضع وصف";"ar"
"post_url";"رابط الإرسال";"ar"
"powered_by";"بدعم من";"ar"
"po_file";"Choose a file in the PO or ZIP format";"ar"
"po_file_is_incorrect";"PO-file <b>""[file]""</b> يحتوي على أخطاء في بناء الجملة أو بنية غير صحيحة.";"ar"
"po_meta_error_validating_lang_code";"كود اللغة في ملف PO لا يطابق اللغة المطلوب تحديثها";"ar"
"po_number";"رقم الصندوق البريدي";"ar"
"preauth";"إذن مسبق";"ar"
"preauthorization";"إذن مسبق";"ar"
"prefix";"البادئة";"ar"
"preshared_key";"PreShared Key";"ar"
"press_continue_to_recover_password";"انقر فوق <b> متابعة </b> لمتابعة تغيير كلمة المرور.";"ar"
"prev";"السابق";"ar"
"preview";"معاينة";"ar"
"preview_file";"معاينة الملف";"ar"
"previous";"السابق";"ar"
"previous_month";"الشهر السابق";"ar"
"previous_period";"الفترة السابقة";"ar"
"previous_week";"الأسبوع السابق";"ar"
"previous_year";"السنة السابقة";"ar"
"prev_page";"السابق";"ar"
"pre_moderation";"تتطلب الموافقة على المنتجات الجديدة";"ar"
"pre_moderation_edit";"تتطلب الموافقة على المنتجات المحدثة";"ar"
"pre_moderation_edit_vendors";"تتطلب الموافقة على تغييرات ملف تعريف البائع";"ar"
"price";"السعر";"ar"
"price_decreased";"تم إنقاص السعر بـ";"ar"
"price_dec_sign_delimiter";"الفاصلة العشرية للسعر";"ar"
"price_includes_tax";"السعر مضاف إليه الضريبة";"ar"
"price_increased";"تم زيادة السعر بـ";"ar"
"price_in_points";"السعر بالنقاط";"ar"
"price_in_points_decreased";"السعر في النقاط قد انخفض بنسبة";"ar"
"price_in_points_increased";"السعر في النقاط قد زاد بنسبة";"ar"
"price_list";"قائمة الأسعار";"ar"
"price_list.text_regenerate";"<p> إذا تمت إضافة أو تغيير منتجات أو فئات أو حقول محددة ، فيرجى إعادة إنشاء قائمة أسعار: <br /> [buttons] </ p> <p> تتوفر قوائم الأسعار المُنشأة بواسطة هذه الروابط <br/> [links] </p>";"ar"
"price_list.text_select_storefront";"لإنشاء قائمة أسعار ، يرجى تحديد واجهة المحل أولاً.";"ar"
"price_list_ziparchive_not_installed";"من المستحيل إنشاء قائمة أسعار XML. الرجاء إضافة دعم مضغوط في PHP على الخادم الخاص بك. تابع <a href=""http://www.php.net/manual/en/zip.installation.php""> http://www.php.net/manual/en/zip.installation.php </a> .";"ar"
"price_per_unit";"السعر لكل وحدة";"ar"
"price_rate_not_set";"لم يتم تحديد سعر السعر.";"ar"
"price_summary";"ملخص السعر";"ar"
"pricing_inventory";"تسعير / مخزون";"ar"
"primary";"أساسي";"ar"
"primary_currency";"العملة الأساسية";"ar"
"print_card";"طباعة البطاقة";"ar"
"print_credit_memo";"طباعة مذكرة الرصيد";"ar"
"print_documents";"طباعة المستندات";"ar"
"print_invoice";"طباعة الفاتورة";"ar"
"print_order_details";"طباعة تفاصيل الطلب";"ar"
"print_packing_slip";"طباعة قصاصة العبوة";"ar"
"print_pdf_credit_memo";"طباعة مذكرة الرصيد (pdf)";"ar"
"print_pdf_invoice";"طباعة الفاتورة (pdf)";"ar"
"print_pdf_order_details";"طباعة تفاصيل الطلب (pdf)";"ar"
"print_pdf_packing_slip";"طباعة قصاصة العبوة (pdf)";"ar"
"print_slip";"طباعة القصاصة";"ar"
"priority";"الأولوية";"ar"
"private";"خاص";"ar"
"private_customer_settings";"خصائص عميل خاصة";"ar"
"private_files";"ملفات خاصة";"ar"
"privilege";"امتياز";"ar"
"privilege.apply_to_all";"تطبيق القيمة على الجميع";"ar"
"privilege.custom_access";"وصول مخصص";"ar"
"privilege.full_access";"الوصول الكامل";"ar"
"privilege.no_access";"ممنوع الدخول";"ar"
"privilege.view_access";"يمكن العرض فقط";"ar"
"privileges";"امتيازات";"ar"
"privileges.abt__ut2.settings.manage";"Manage theme settings";"ar"
"privileges.abt__ut2.settings.view";"View theme settings";"ar"
"privileges.ab__cb_manage_banners";"AB: Manage banners for categories";"ar"
"privileges.ab__cb_view_banners";"AB: View banners for categories";"ar"
"privileges.ab__dotd_manage_seodata";"Manage promotions SEO data";"ar"
"privileges.ab__dotd_view_seodata";"View promotions SEO data";"ar"
"privileges.ab__hpd.manage";"Manage data";"ar"
"privileges.ab__hpd.view";"View help";"ar"
"privileges.ab__mb_manage_data";"Managing motivational data";"ar"
"privileges.ab__mb_view_data";"Viewing motivational data";"ar"
"privileges.ab__stt.data.manage";"Manage button data";"ar"
"privileges.ab__stt.data.view";"View button data";"ar"
"privileges.ab__vg_manage_videos";"Manage video";"ar"
"privileges.ab__vg_view_videos";"View video";"ar"
"privileges.backup_restore";"يمكن الإدارة";"ar"
"privileges.change_order_status";"يمكن تغيير الحالات";"ar"
"privileges.create_order";"يمكن إنشاء أوامر (فقط في حالة السماح بتعديل الطلبات بالكامل)";"ar"
"privileges.create_product_reviews";"يمكن أن تخلق";"ar"
"privileges.delete_logs";"يمكن حذفها";"ar"
"privileges.delete_orders";"يمكن حذفها";"ar"
"privileges.edit_blocks";"يمكن التحرير";"ar"
"privileges.edit_files";"تحرير الملفات";"ar"
"privileges.edit_order";"يمكن تعديل الطلب بالكامل (حدد المنتجات الأخرى وطرق الدفع والشحن والعملاء)";"ar"
"privileges.exim_access";"يمكن الإدارة";"ar"
"privileges.manage_access_restrictions";"التحرير ممكن";"ar"
"privileges.manage_admin_usergroups";"يمكنه إدارة مجموعات المستخدمين الإدارية (فقط في حالة السماح بإدارة مجموعات المستخدمين للعملاء)";"ar"
"privileges.manage_banners";"قابل للتحرير";"ar"
"privileges.manage_call_requests";"قابل للتحرير";"ar"
"privileges.manage_catalog";"يمكن التحرير";"ar"
"privileges.manage_currencies";"يمكن التحرير";"ar"
"privileges.manage_design";"يمكن التحرير";"ar"
"privileges.manage_discussions";"قابل للتحرير";"ar"
"privileges.manage_document_templates";"يمكن التحرير";"ar"
"privileges.manage_email_marketing";"قابل للتحرير";"ar"
"privileges.manage_email_templates";"يمكن التحرير";"ar"
"privileges.manage_gift_certificates";"قابل للتحرير";"ar"
"privileges.manage_languages";"يمكن التحرير";"ar"
"privileges.manage_locations";"يمكن التحرير";"ar"
"privileges.manage_newsletters";"قابل للتحرير";"ar"
"privileges.manage_order_statuses";"يمكن التحرير";"ar"
"privileges.manage_pages";"إدارة الصفحات";"ar"
"privileges.manage_payments";"يمكن التحرير";"ar"
"privileges.manage_payouts";"قابل للتحرير";"ar"
"privileges.manage_product_bundles";"يمكن التحرير";"ar"
"privileges.manage_product_premoderation";"يمكن إدارة";"ar"
"privileges.manage_product_reviews";"قابل للتحرير";"ar"
"privileges.manage_promotions";"يمكن التحرير";"ar"
"privileges.manage_providers";"قابل للتحرير";"ar"
"privileges.manage_reports";"يمكن التحرير";"ar"
"privileges.manage_reward_points";"قابل للتحرير";"ar"
"privileges.manage_rma";"قابل للتحرير";"ar"
"privileges.manage_seo_rules";"قابل للتحرير";"ar"
"privileges.manage_shipping";"يمكن التحرير";"ar"
"privileges.manage_sitemap";"يمكن التحرير";"ar"
"privileges.manage_static_data";"يمكن التحرير";"ar"
"privileges.manage_storage";"يمكن الإدارة";"ar"
"privileges.manage_stores";"إدارة المتاجر";"ar"
"privileges.manage_store_locator";"قابل للتحرير";"ar"
"privileges.manage_taxes";"يمكن التحرير";"ar"
"privileges.manage_themes";"يمكن التحرير";"ar"
"privileges.manage_translation";"يمكن التحرير";"ar"
"privileges.manage_usergroups";"يمكن إدارة مجموعات المستخدمين العملاء";"ar"
"privileges.manage_users";"يمكن التحرير";"ar"
"privileges.manage_vendors";"قابل للتحرير";"ar"
"privileges.manage_vendor_communication";"قابل للتحرير";"ar"
"privileges.manage_vendor_plans";"قابل للتحرير";"ar"
"privileges.manage_vendor_usergroups";"يمكن إدارة مجموعات مستخدمي البائعين (فقط في حالة السماح بإدارة مجموعات مستخدمي العملاء)";"ar"
"privileges.manage_zapier_hooks";"يمكن التحرير";"ar"
"privileges.merge_vendors";"يمكن دمج البائعين (فقط في حالة السماح بتحرير البائعين)";"ar"
"privileges.update_order_details";"يمكن تعديل التفاصيل الثانوية (حدد مديرًا ، وتحرير الشحنات والملاحظات ورقم التتبع)";"ar"
"privileges.update_settings";"يمكن التحرير";"ar"
"privileges.upgrade_store";"يمكن الترقية";"ar"
"privileges.view_banners";"يمكن العرض";"ar"
"privileges.view_call_requests";"يمكن العرض";"ar"
"privileges.view_catalog";"يمكن العرض";"ar"
"privileges.view_currencies";"يمكن العرض";"ar"
"privileges.view_discussions";"يمكن العرض";"ar"
"privileges.view_email_marketing";"يمكن العرض";"ar"
"privileges.view_file_changes";"يمكن العرض";"ar"
"privileges.view_languages";"يمكن العرض";"ar"
"privileges.view_locations";"يمكن العرض";"ar"
"privileges.view_logs";"يمكن العرض";"ar"
"privileges.view_newsletters";"يمكن العرض";"ar"
"privileges.view_orders";"يمكن العرض";"ar"
"privileges.view_pages";"يمكن العرض";"ar"
"privileges.view_payments";"يمكن العرض";"ar"
"privileges.view_payouts";"يمكن العرض";"ar"
"privileges.view_product_bundles";"يمكن أن يشاهد";"ar"
"privileges.view_product_reviews";"يمكن العرض";"ar"
"privileges.view_providers";"يمكن العرض";"ar"
"privileges.view_reports";"يمكن العرض";"ar"
"privileges.view_seo_rules";"يمكن العرض";"ar"
"privileges.view_settings";"يمكن العرض";"ar"
"privileges.view_shipping";"يمكن العرض";"ar"
"privileges.view_static_data";"يمكن العرض";"ar"
"privileges.view_stores";"مشاهدة المتاجر";"ar"
"privileges.view_store_locator";"يمكن العرض";"ar"
"privileges.view_taxes";"يمكن العرض";"ar"
"privileges.view_usergroups";"يمكن العرض";"ar"
"privileges.view_users";"يمكن العرض";"ar"
"privileges.view_vendors";"يمكن العرض";"ar"
"privileges.view_vendor_communication";"يمكن العرض";"ar"
"privileges.view_vendor_plans";"يمكن العرض";"ar"
"privileges.view_zapier_hooks";"يمكن أن يشاهد";"ar"
"privilege_groups.abt__unitheme2";"AB: UniTheme2";"ar"
"privilege_groups.ab__addons_manager";"AB: Add-ons Manager";"ar"
"privilege_groups.ab__category_banners";"AB: Banners for categories";"ar"
"privilege_groups.ab__deal_of_the_day";"AB: Extended promotions";"ar"
"privilege_groups.ab__fast_navigation";"AB: Fast navigation";"ar"
"privilege_groups.ab__hide_product_description";"AB: Hide the part of the content up to a certain height";"ar"
"privilege_groups.ab__image_previewers";"AB: Advanced image previewers";"ar"
"privilege_groups.ab__landing_categories";"AB: Landing categories/pages";"ar"
"privilege_groups.ab__motivation_block";"AB: Motivation block";"ar"
"privilege_groups.ab__scroll_to_top";"AB: ""Scroll to top"" button";"ar"
"privilege_groups.ab__search_motivation";"AB: Search motivation";"ar"
"privilege_groups.ab__stickers";"AB: Stickers";"ar"
"privilege_groups.ab__video_gallery";"AB: Video gallery of the product";"ar"
"privilege_groups.access_restrictions";"قيود الوصول";"ar"
"privilege_groups.admin_communication";"مركز الرسائل: التواصل بين البائع والمسؤول";"ar"
"privilege_groups.backup_restore";"النسخ الاحتياطي / الاستعادة";"ar"
"privilege_groups.banners";"بانرات";"ar"
"privilege_groups.blocks";"الكتل";"ar"
"privilege_groups.blog_and_pages";"المدونة والصفحات";"ar"
"privilege_groups.call_requests";"طلبات الإتصال";"ar"
"privilege_groups.csc_exim_categories";"Manage Import/export categories";"ar"
"privilege_groups.csc_live_search";"Manage Live search add-on";"ar"
"privilege_groups.currencies";"العملات";"ar"
"privilege_groups.design";"التصميم";"ar"
"privilege_groups.disable_sanitize_html";"استخدم كود HTML المتقدم في المحتوى";"ar"
"privilege_groups.discussions";"تعليقات وتقيمات";"ar"
"privilege_groups.documents";"الوثائق";"ar"
"privilege_groups.edit_on_site";"تحرير المحتوى في الموقع";"ar"
"privilege_groups.email_marketing";"التسويق عبر البريد الإلكتروني";"ar"
"privilege_groups.email_templates";"قوالب البريد الإلكتروني";"ar"
"privilege_groups.exim";"استيراد وتصدير البيانات";"ar"
"privilege_groups.files";"الملفات";"ar"
"privilege_groups.file_changes";"الكشف عن تغييرات الملف";"ar"
"privilege_groups.gift_certificates";"شهادات الهدايا";"ar"
"privilege_groups.internal_templates";"قوالب الإخطار في الموقع";"ar"
"privilege_groups.languages";"اللغات";"ar"
"privilege_groups.locations";"قيم المناطق";"ar"
"privilege_groups.logs";"السجلات";"ar"
"privilege_groups.newsletters";"النشرات الإخبارية";"ar"
"privilege_groups.notification_settings";"إشعارات";"ar"
"privilege_groups.orders";"الطلبات";"ar"
"privilege_groups.order_communication";"مركز الرسائل: التواصل مع العملاء";"ar"
"privilege_groups.order_statuses";"حالات الطلب";"ar"
"privilege_groups.other";"آخر";"ar"
"privilege_groups.payments";"طرق الدفع";"ar"
"privilege_groups.products";"فئات ، منتجات ، ميزات ، فلاتر ، خيارات";"ar"
"privilege_groups.product_bundles";"حزم المنتجات";"ar"
"privilege_groups.product_premoderation";"الموافقة على المنتج";"ar"
"privilege_groups.product_reviews";"تقيمات المنتج";"ar"
"privilege_groups.promotions";"العروض";"ar"
"privilege_groups.reward_points";"نقاط المكافأة";"ar"
"privilege_groups.rma";"العودة بضائع الترخيص (RMA)";"ar"
"privilege_groups.sales_reports";"تقارير المبيعات";"ar"
"privilege_groups.seo";"SEO";"ar"
"privilege_groups.settings";"الإعدادات";"ar"
"privilege_groups.shipping";"طرق الشحن";"ar"
"privilege_groups.sitemap";"خريطة الموقع";"ar"
"privilege_groups.social_login";"تسجيل الدخول عبر التواصل الاجتماعي";"ar"
"privilege_groups.static_data";"بيانات ثابتة";"ar"
"privilege_groups.storage";"تخزين";"ar"
"privilege_groups.stores";"واجهات المحلات";"ar"
"privilege_groups.store_locator";"عنوان المتجر";"ar"
"privilege_groups.taxes";"الضرائب";"ar"
"privilege_groups.themes";"الثيمات";"ar"
"privilege_groups.upgrade_center";"مركز الترقية";"ar"
"privilege_groups.users";"المستخدمون";"ar"
"privilege_groups.user_groups";"مجموعات الاعضاء";"ar"
"privilege_groups.vendors";"المتاجر";"ar"
"privilege_groups.vendor_communication";"مركز الرسائل: التواصل بين العملاء والبائعين";"ar"
"privilege_groups.vendor_payouts";"الحسابات";"ar"
"privilege_groups.vendor_plans";"خطط البائعين";"ar"
"privilege_groups.zapier_hooks";"خطاف زابير";"ar"
"privilege_sections.ab__addons";"AB: Add-ons";"ar"
"privilege_sections.addons";"امتيازات الوظيفة الإضافية";"ar"
"privilege_sections.administration";"امتيازات الإدارة";"ar"
"privilege_sections.cart";"سلّة التسوق";"ar"
"privilege_sections.catalog";"فهرس المنتجات";"ar"
"privilege_sections.cms";"المحتوى";"ar"
"privilege_sections.design";"امتيازات التصميم";"ar"
"privilege_sections.marketing";"امتيازات التسويق";"ar"
"privilege_sections.orders";"امتيازات الطلب";"ar"
"privilege_sections.products";"امتيازات المنتج";"ar"
"privilege_sections.settings";"امتيازات الإعدادات";"ar"
"privilege_sections.users";"امتيازات العميل";"ar"
"privilege_sections.vendors";"امتيازات البائعين";"ar"
"privilege_sections.website";"امتيازات الموقع";"ar"
"proceed";"تم معالجته";"ar"
"proceed_to_checkout";"التقدم بإتمام الشراء";"ar"
"proceed_to_the_next_step";"الاستمرار للخطوة التالية";"ar"
"processed";"تم معالجته";"ar"
"processing";"جار المعالجة";"ar"
"processing_order";"جار معالجة الطلب";"ar"
"processor";"المعالج";"ar"
"processor_description_cardsave";"حسابات التاجر المقدمة من Worldpay Cardsave, <a href=""http://www.cardsave.net"">www.cardsave.net</a><br/><br/>البريد الإلكتروني: <a href='mailto:ecomm@cardsave.net'>ecomm@cardsave.net</a>";"ar"
"processor_description_p21";"<b>P21 Simple API</b> تمكنك من قبول دفعات الشيكات. فهو يقدم المجموعة الأكثر شمولاً في الصناعة من حلول إنشاء صور الشيكات وتسويتها. مع الشيك رقم 21، ستتلقى أموالك في نفس اليوم عن طريق شيك أو إيداع مباشر.<br/><br/>لتنشيط خيار الشيك 21، يرجى الاتصال بنا عبر البريد الإلكتروني على: <a href=""mailto:support@payment21.com"">support@Payment21.com</a> أو عبر الهاتف على: +18887700850 (رقم مجاني بالولايات المتحدة) أو +41717401629 (دولي).<br/><br/><a href=""http://www.payment21.com"" target=""_blank"">www.Payment21.com</a>";"ar"
"processor_id";"معرف المعالج";"ar"
"process_selected";"معالجة المحدد";"ar"
"product";"منتج";"ar"
"products";"المنتجات";"ar"
"products2";"منتجات2";"ar"
"products_added_to_cart";"تم إضافة المنتجات لسلّة التسوق";"ar"
"products_adopted";"[n] منتج لديه فئة رئيسية جديدة مخصصة له. | [n] من المنتجات لديها فئة رئيسية جديدة مخصصة لها.";"ar"
"products_amount";"كمية المنتج";"ar"
"products_approval_status_approved";"شكرا لك لإضافتك منتجات جديدة ، المنتجات التالية تم اعتمادها من قبل ادارة المتجر وتمت إضافتها الى قائمة المنتجات";"ar"
"products_approval_status_changed";"كان منتجك (منتجاتك) [status]";"ar"
"products_approval_status_disapproved";"شكرا لك لإضافتك منتجات جديدة ، المنتجات التالية تم رفضها من قبل ادارة المتجر";"ar"
"products_are_not_selectable_for_context_menu";"لا يمكنك تحديد المنتجات التي تنتمي إلى واجهة متجر أخرى.";"ar"
"products_bar";"شريط المنتجات";"ar"
"products_cost";"تكلفة المنتجات";"ar"
"products_deprecated";"المنتجات (Deprecated)";"ar"
"products_for_shipment_not_selected";"لم يتم اختيار منتجات للشحنة";"ar"
"products_found";"منتج";"ar"
"products_grid";"شبكة المنتجات";"ar"
"products_in";"المنتجات في";"ar"
"products_information";"معلومات المنتج";"ar"
"products_in_cart";"المنتجات بسلّة التسوق";"ar"
"products_links_type";"نوع روابط المنتجات";"ar"
"products_menu_title";"المنتجات";"ar"
"products_moved_to_trash";"تم نقل المنتجات [count] إلى <a href='[url]' target='_blank'> فئة سلة المهملات</a>";"ar"
"products_number_added_to_cart";"تمت إضافة <b>[number]</b> من المنتجات إلى سلة التسوق الخاصة بك";"ar"
"products_required";"يرجى إضافة منتجـ(ات)";"ar"
"products_stat";"إحصائيات المنتج";"ar"
"products_weight";"وزن المنتجات";"ar"
"products_were_sent";"تم إرسال المنتجات لكم. بيانات الطلب موضحة أدناه";"ar"
"products_without_category";"منتجات بدون فئة";"ar"
"products_without_category_description";"عندما يتم إنشاء منتج بدون فئة أثناء الاستيراد ، سيتم وضعه في هذه الفئة.";"ar"
"products_without_category_notification_text";"لا تحتوي بعض منتجاتك حاليًا على فئة. قد يكون من الصعب على العملاء العثور على هذه المنتجات. <br /> <a href=""[url]"" target=""_blank""> الرجاء التحقق من هذه المنتجات وتعيين فئة لها. </a>";"ar"
"product_added_to_cart";"تم إضافة المنتج لسلّة التسوق";"ar"
"product_added_to_cl";"تم إضافة المنتج لقائمة المقارنة";"ar"
"product_added_to_wl";"تمت إضافة المنتج لقائمة أمنياتك";"ar"
"product_approval";"الموافقة على المنتج";"ar"
"product_approval_status_approved";"تمت الموافقة على منتجك [product] من قبل إدارة المتجر وإضافته إلى كتالوج المنتج. يمكن للمتسوقين الآن طلب هذا المنتج في المتجر.";"ar"
"product_approval_status_disapproved";"تم رفض المنتج [product] بواسطة إدارة المتجر";"ar"
"product_availability";"توفر المنتج";"ar"
"product_bundles.active_bundles";"الحزم النشطة";"ar"
"product_bundles.add_all_to_cart";"أضف الكل إلى عربة التسوق";"ar"
"product_bundles.add_new_bundle";"إضافة حزمة جديدة";"ar"
"product_bundles.any_variation";"أي اختلاف";"ar"
"product_bundles.bundle_details";"تفاصيل الباقة";"ar"
"product_bundles.bundle_products";"منتجات الحزمة";"ar"
"product_bundles.confirm_text_on_empty_bundle";"هل أنت متأكد أنك تريد إنشاء حزمة بدون منتجات؟";"ar"
"product_bundles.confirm_text_with_one_product_bundle";"هل أنت متأكد أنك تريد إنشاء حزمة بمنتج واحد؟";"ar"
"product_bundles.delete_product_in_bundle";"تم تعطيل الحزمة <b>[bundle_name]</b> بسبب حذف المنتجات من هذه الحزمة. | تم تعطيل الحزمة <b>[bundle_name]</b> ، لأنه تم حذف أحد المنتجات من هذه الحزم.";"ar"
"product_bundles.display_in_promotions";"عرض في الترقيات";"ar"
"product_bundles.internal_feature_name_tooltip";"يظهر هذا الاسم فقط في لوحة الإدارة لمساعدتك على التمييز بين حزم المنتجات المتعددة التي لها نفس الاسم المعروض.";"ar"
"product_bundles.new_bundle";"حزمة جديدة";"ar"
"product_bundles.order_discount";"اطلب تخفيض";"ar"
"product_bundles.price_for_all";"السعر للجميع";"ar"
"product_bundles.products_in_bundle";"المنتجات في الحزمة";"ar"
"product_bundles.product_bundles";"حزم المنتجات";"ar"
"product_bundles.product_bundle_name";"اسم الحزمة";"ar"
"product_bundles.promo_image";"صورة ترويجية";"ar"
"product_bundles.search_in_products";"حزم مع المنتج";"ar"
"product_bundles.share_discount";"حصة الخصم";"ar"
"product_bundles.show_on_product_page";"تظهر على صفحة المنتجات";"ar"
"product_bundles.sign_in_to_view_price";"تسجيل الدخول لعرض السعر";"ar"
"product_bundles.specify_features";"حدد الميزات";"ar"
"product_bundles.specify_options";"حدد الخيارات";"ar"
"product_bundles.specify_options_first";"يجب تحديد خيارات المنتج";"ar"
"product_bundles.tab_title";"حزم مع هذا المنتج";"ar"
"product_bundles.template_product_bundles";"حزم المنتجات";"ar"
"product_bundles.total_cost";"التكلفة الإجمالية";"ar"
"product_bundles.total_list_price";"إجمالي سعر القائمة";"ar"
"product_cannot_be_added";"لا يمكن إضافة المنتج لسلّة التسوق. تأكد من أن كل الملفات المرفوعة تتطابق مع الشروط";"ar"
"product_code";"كود المنتج";"ar"
"product_columns";"عواميد المنتج";"ar"
"product_combinations";"تركيبات المنتج";"ar"
"product_coming_soon";"لا يمكن إضافة هذا المنتج لسلّة التسوق الآن. سيكون متاح في [avail_date]";"ar"
"product_coming_soon_add";"هذا المنتج سيكون متاح في [avail_date]";"ar"
"product_comparison_list";"قائمة المقارنة";"ar"
"product_details";"صفحة تفاصيل المنتج";"ar"
"product_details_sidebar";"تفاصيل المنتج";"ar"
"product_details_tabs";"الألسنة";"ar"
"product_details_view";"عرض تفاصيل المنتج";"ar"
"product_disabled_options";"المنتج <strong>[product]</strong> له مواصفات مختلفة غير متاحة حالياً، لذلك تم حذفها من سلة المشتريات";"ar"
"product_env.available_upgrade";"الترقية المتاحة";"ar"
"product_env.can_upgrade_store";"يمكنك ترقية متجرك إلى [release_info]";"ar"
"product_env.current_version";"النسخة الحالية";"ar"
"product_env.dont_miss_features";"لا تفوت كل الميزات الجديدة!";"ar"
"product_env.latest_product_version";"أحدث إصدار هو [release_info]";"ar"
"product_env.latest_version";"احدث اصدار";"ar"
"product_env.now_running";"أنت تستخدم [release_info]";"ar"
"product_env.released_n_months_ago";"تم إصداره <u title=""[month] [year]"">قبل[n]</u>| تم إصداره قبل <u title=""[month] [year]"">[n] أشهر</u>";"ar"
"product_env.released_n_years_ago";"تم إصداره <u title=""[month] [year]"">[n] سنة</u>| تم إصداره قبل <u title=""[month] [year]"">[n] سنوات</u>";"ar"
"product_env.released_this_month";"صدر هذا الشهر";"ar"
"product_env.upgrade_to_latest_version";"قم بالترقية إلى أحدث إصدار";"ar"
"product_env.up_to_date";"كنت حتى الآن";"ar"
"product_feature.feature_style";"نمط الميزة";"ar"
"product_feature.feature_style.brand";"الماركة";"ar"
"product_feature.feature_style.checkbox";"خانة اختيار";"ar"
"product_feature.feature_style.color";"اللون";"ar"
"product_feature.feature_style.dropdown";"قائمة منسدلة";"ar"
"product_feature.feature_style.dropdown_images";"الصور";"ar"
"product_feature.feature_style.dropdown_labels";"تسميات النص";"ar"
"product_feature.feature_style.multiple_checkbox";"مربعات اختيار متعددة";"ar"
"product_feature.feature_style.number";"الرقم";"ar"
"product_feature.feature_style.text";"نص أو رقم";"ar"
"product_feature.filter_style";"نوع فلتر";"ar"
"product_feature.filter_style.checkbox";"خانة اختيار";"ar"
"product_feature.filter_style.color";"اللون";"ar"
"product_feature.filter_style.date";"محدد التاريخ";"ar"
"product_feature.filter_style.slider";"منزلق الرقم";"ar"
"product_feature.purpose";"غرض";"ar"
"product_feature.purpose.describe_product";"معلومة اضافية";"ar"
"product_feature.purpose.describe_product.description";"للحالات التي تحتاج فيها فقط إلى إظهار بعض المعلومات على صفحة منتج. لا توجد مرشحات لهذا النوع من الميزات.";"ar"
"product_feature.purpose.find_products";"البحث عن المنتج عبر الفلاتر";"ar"
"product_feature.purpose.find_products.description";"لميزة تسمح لك فقط بتحديد خاصية إضافية لمنتج (على سبيل المثال ، ""قماش"" للقمصان). إذا قمت بإنشاء عامل تصفية بواسطة هذه الميزة ، فسيرى العملاء أن هذه الخاصية موجودة ، وسيتمكنون من البحث عن المنتجات بواسطتها.";"ar"
"product_feature.purpose.group_catalog_item";"الاختلافات كمنتجات منفصلة";"ar"
"product_feature.purpose.group_catalog_item.description";"بالنسبة للحالات التي يختلف فيها عدد قليل من المنتجات المتشابهة بشكل مرئي حسب الميزة ، ولها أسماء مختلفة (على سبيل المثال ، العديد من المتغيرات ""الملونة"" للقميص). ستظهر هذه المنتجات كمواضع منفصلة في الكتالوج. سيتمكن العملاء أيضًا من تحديد قيمة الميزة المطلوبة على صفحة المنتج. لتحقيق ذلك ، <b> قم بإعداد المتغيرات للمنتجات التي تحتوي على هذه الميزة </b>.";"ar"
"product_feature.purpose.group_variation_catalog_item";"الاختلافات كمنتج واحد";"ar"
"product_feature.purpose.group_variation_catalog_item.description";"بالنسبة للحالات التي تختلف فيها بعض المنتجات المتشابهة حسب الميزة ، ولكن لها نفس الاسم والمظهر المتشابه (على سبيل المثال ، العديد من صيغ ""المقاس"" للقميص). ستحتل هذه المنتجات موقعًا واحدًا في الكتالوج. سيتمكن العملاء من تحديد قيمة الميزة المطلوبة على صفحة المنتج. لتحقيق ذلك ، <b> قم بإعداد المتغيرات للمنتجات التي تحتوي على هذه الميزة </b>.";"ar"
"product_feature.purpose.organize_catalog";"العلامة التجارية ، المؤلف ، إلخ.";"ar"
"product_feature.purpose.organize_catalog.description";"لميزات مثل ""العلامة التجارية"" أو ""الشركة المصنعة"" (لمعظم المنتجات) أو ""المؤدي"" أو ""الملصق"" (للموسيقى) أو ""المؤلف"" أو ""الناشر"" (للكتب) وما إلى ذلك. يحصل كل متغير من هذه الميزة على صفحته الخاصة مع صورة ووصف وقائمة المنتجات.";"ar"
"product_features_are_not_selectable_for_context_menu";"لا يمكنك تحديد ميزات المنتج التي تنتمي إلى واجهة محل أخرى.";"ar"
"product_features_groups_of_marketplace_are_not_selectable";"تنتمي مجموعة ميزات المنتج هذه إلى السوق ولا يمكن تحديدها. يمكنك فقط تحديد أو تحرير الميزات التي تخصك.";"ar"
"product_features_of_marketplace_are_not_selectable";"تنتمي ميزة المنتج هذه إلى السوق ولا يمكن تحديدها. يمكنك فقط تحديد أو تحرير الميزات التي تخصك.";"ar"
"product_feature_cannot_assigned";"لا يمكن تخصيص المواصفة ""[feature_name]"" للمنتج ""[product_name]""";"ar"
"product_feature_groups_are_not_selectable_for_context_menu";"لا يمكنك تحديد مجموعات ميزات المنتجات التي تنتمي إلى واجهة محل أخرى.";"ar"
"product_fields";"حقول المنتج";"ar"
"product_filters_are_not_selectable_for_context_menu";"لا يمكنك تحديد فلاتر المنتجات التي تنتمي إلى واجهة محل أخرى.";"ar"
"product_groups";"مجموعات المنتجات";"ar"
"product_id";"معرف المنتج";"ar"
"product_images";"صور المنتج";"ar"
"product_info";"معلومات المنتج";"ar"
"product_inventory";"المنتجات";"ar"
"product_in_cart";"هذا المنتج بالفعل في سلّة التسوق";"ar"
"product_in_comparison_list";"هذا المنتج موجود بالفعل في قائمة المقارنة";"ar"
"product_in_wishlist";"المنتج موجود في قائمة أمنياتك";"ar"
"product_must_have_owner_category";"Product must belong to some category created by the owner company.";"ar"
"product_name";"اسم المنتج";"ar"
"product_name_added_to_cart";"تمت إضافة <b>[product]</b> إلى سلة التسوق الخاصة بك";"ar"
"product_notification_subscribed";"يجب أن تؤكد عمرك لمشاهدة هذا المنتج.";"ar"
"product_notification_subscription_error";"لا يمكن الاشتراك في إخطار المخزون بالمنتج";"ar"
"product_notification_unsubscribed";"لقد ألغيت اشتراكك في إبلاغات مخزون المنتج";"ar"
"product_options";"خيارات المنتج";"ar"
"product_options_are_not_selectable_for_context_menu";"لا يمكنك تحديد خيارات المنتج التي تنتمي إلى واجهة محل أخرى";"ar"
"product_options_forbidden_combination";"المنتج <strong>[product]</strong> يحتوي على تركيبة خيارات خيارات غير متاحة. تم حذف المنتج من السلّة";"ar"
"product_option_delimiter";"فاصلة الخيار";"ar"
"product_reviews";"تعليقات المنتج";"ar"
"product_reviews.add_images";"إضافة صورة";"ar"
"product_reviews.add_new_review";"التقييمات: تقييم جديد";"ar"
"product_reviews.add_reply";"إضافة الرد";"ar"
"product_reviews.admin_reply";"رد المسؤول";"ar"
"product_reviews.advantages";"مزايا";"ar"
"product_reviews.agreement_text_full_add_new_review";"<p> سيظهر اسمك بجوار تعليقك أو تعليقك ، وسيكون مرئيًا للجميع. نحن ([company]) نحفظ أيضًا عنوان IP الخاص بك كإجراء احترازي أمني ، ولكن لا يمكن إلا لموظفينا رؤيته. سيبقى في نظامنا حتى تسحب موافقتك. إذا كنت ترغب في إزالة بياناتك الشخصية ، فأرسل بريدًا إلكترونيًا إلى [email]. </p> <p> إذا كنت تعتقد أنه قد تم إساءة استخدام بياناتك الشخصية ، فيحق لك تقديم شكوى إلى سلطة إشرافية . نحن ملزمون بموجب اللائحة العامة لحماية البيانات في الاتحاد الأوروبي بإعلامك بهذا الحق ؛ لا ننوي في الواقع إساءة استخدام بياناتك. </p>";"ar"
"product_reviews.agreement_text_short_add_new_review";"أوافق على معالجة بياناتي الشخصية <u> كما يلي. </u>";"ar"
"product_reviews.and";"و";"ar"
"product_reviews.approve";"وافق";"ar"
"product_reviews.approved";"وافق";"ar"
"product_reviews.average";"متوسط";"ar"
"product_reviews.click_to_see_reviews";"انقر لرؤية التقييمات";"ar"
"product_reviews.comment";"تعليق";"ar"
"product_reviews.comments";"التعليقات";"ar"
"product_reviews.comments_and_reviews";"تعليقات وتقيمات";"ar"
"product_reviews.comment_by";"تعليق بواسطة";"ar"
"product_reviews.company_reply";"رد [company_name]";"ar"
"product_reviews.copy_old_reviews_notice";"<h4 class=""subheader hand"" data-toggle=""collapse"" data-target=""#collapsable_addon_product_reviews_notice""> نسخ التعليقات من الوظيفة الإضافية ""التعليقات والتقييمات"" <span class=""icon-caret-down""></span></h4><div id=""collapsable_addon_product_reviews_notice"" class=""in collapse"" style=""height: auto;""><ol><li> سيتم فقط نسخ التقييمات التي تحتوي على نقاط وتعليق المستخدم. انتقل إلى منتجاتك وتحقق من إعداد \ “التقييمات” في علامة التبويب ""الإضافات"". قد تضطر إلى السماح بالتواصل والتقييم أولاً. </li><li> لن يتم إجراء التقييم بدون درجة أو بدون تعليق تم نسخها. لنقلها ، يجب أولاً إضافة النتيجة المفقودة أو التعليق يدويًا عن طريق تحرير التقييم. </li><li> أثناء تثبيت الوظيفة الإضافية القديمة ""التعليقات والتقييمات"" ، لن تتم إزالة التعليقات من هناك. وبهذه الطريقة ، يمكنك اختيار الانتقال إلى ""تقييمات المنتج"" عندما تكون جميع تعليقاتك جاهزة. </li><li> إذا احتجت في أي وقت إلى نسخ التعليقات من الوظيفة الإضافية القديمة مرة أخرى في المستقبل ، فما عليك سوى إلغاء التثبيت وأعد تثبيت الوظيفة الإضافية ""تقييمات المنتج"". سيؤدي هذا إلى إزالة جميع التقييمات من قاعدة البيانات ، وستتمكن من استيراد التقييمات من الوظيفة الإضافية ""التعليقات والتقييمات"" مرة أخرى.</li></ol><a class=""cm-post btn btn-primary"" href=""[url]""> نسخ تقييمات المنتج </a> </div>";"ar"
"product_reviews.copy_old_reviews_warning";"لديك تقييمات للمنتج في إضافة ""التعليقات والتقييمات"" القديمة. أثناء تثبيت هذه الوظيفة الإضافية ، ستتمكن من نسخ تلك التقييمات إلى الوظيفة الإضافية الجديدة ""تقييمات المنتج"" <a class=""cm-post"" href=""[url]""> في إعداداتها </a> .";"ar"
"product_reviews.customer_photos";"صور العملاء";"ar"
"product_reviews.date";"التاريخ";"ar"
"product_reviews.disabled";"معطل";"ar"
"product_reviews.disadvantages";"سلبيات";"ar"
"product_reviews.disapprove";"ارفض";"ar"
"product_reviews.error_already_posted";"لقد نشرت في هذا التقييم بالفعل";"ar"
"product_reviews.event.new_post";"تم نشر تقييم جديد";"ar"
"product_reviews.event.new_post.message";"تم نشر تقييم جديد للمنتج [product]. انقر فوق هذا الإخطار لرؤية التقييم.";"ar"
"product_reviews.event.new_post.title";"تم نشر تقييم جديد للمنتج";"ar"
"product_reviews.event.new_reply";"تمت إضافة رد جديد للتقييم";"ar"
"product_reviews.excellent";"ممتاز!";"ar"
"product_reviews.exim_error_empty_field";"لا يمكن أن تكون قيمة الحقل <b>[field]</b> فارغة. تم تخطي مراجعة المنتج مع التعليق ""[comment]"".";"ar"
"product_reviews.exim_error_incorrect_field_value";"لم يتم العثور على المحدد [field] '[value]'. تم تخطي مراجعة المنتج مع التعليق ""[comment]"".";"ar"
"product_reviews.fair";"عدل";"ar"
"product_reviews.first_and_last_name";"الاسم الأول والاسم الأخير";"ar"
"product_reviews.five_star_icon";"★★★★★";"ar"
"product_reviews.four_star_icon";"★★★★";"ar"
"product_reviews.helpfulness";"فائدة";"ar"
"product_reviews.hide_name";"إخفاء اسمي في التقييم";"ar"
"product_reviews.latest_reviews";"آخر تقييمات";"ar"
"product_reviews.manager";"تعليقات وتقيمات";"ar"
"product_reviews.max_number_image_message";"يمكن أن يحتوي التقييم على ما يصل إلى [max_image_number] من الصور.";"ar"
"product_reviews.menu_title";"تقيمات";"ar"
"product_reviews.moderation_rules";"قبل إرسال تقييم، تأكد من أنها لا تنتهك قواعد الإشراف: فهي لا تحتوي على روابط لموارد الجهات الخارجية وإهانات.";"ar"
"product_reviews.not_approved";"لم تتم الموافقة";"ar"
"product_reviews.no_reviews_found";"لم يتم العثور على أي تقييمات";"ar"
"product_reviews.n_reviews";"تقييم| تقييمات";"ar"
"product_reviews.n_stars";"[n] نجمة | [n] نجوم";"ar"
"product_reviews.one_star_icon";"★";"ar"
"product_reviews.out_of_five";"من 5";"ar"
"product_reviews.please_log_in_to_write_a_review";"الرجاء تسجيل الدخول لكتابة التقيم";"ar"
"product_reviews.poor";"رديء";"ar"
"product_reviews.product_details";"تفاصيل المنتج";"ar"
"product_reviews.product_is_rated_n_out_of_five_stars";"تم تقييم المنتج بـ [n] من أصل 5 نجوم";"ar"
"product_reviews.product_reviews";"تقيمات المنتج";"ar"
"product_reviews.rating";"التقييم";"ar"
"product_reviews.rating_4_and_up";"التقيييم 4+";"ar"
"product_reviews.reply";"رد";"ar"
"product_reviews.review";"تقييم";"ar"
"product_reviews.reviews";"التقييمات: [n]";"ar"
"product_reviews.reviews_lower";"تقيمات";"ar"
"product_reviews.review_status";"حالة التقييم";"ar"
"product_reviews.review_this_product";"قم بتقييم هذا المنتج";"ar"
"product_reviews.review_this_product_description";"مشاركة أفكارك مع زبائن آخرين";"ar"
"product_reviews.scroll_to_reviews";"انتقل إلى التقييمات";"ar"
"product_reviews.scroll_to_review_images";"قم بالتمرير الى صور التقييم";"ar"
"product_reviews.show_n_reviews";"إظهار [n] تقييم| إظهار [n] من التقييمات";"ar"
"product_reviews.show_rating";"إظهار تقييم الاستعراض";"ar"
"product_reviews.show_review";"إظهار التقييم";"ar"
"product_reviews.show_reviews";"إظهار التقييمات";"ar"
"product_reviews.show_review_images";"إظهار صور التقييم";"ar"
"product_reviews.split_reviews_for_variations_as_separate_products";"تقسيم الاستعراضات للاختلافات كمنتجات منفصلة";"ar"
"product_reviews.star";"نجمة";"ar"
"product_reviews.stars";"نجوم";"ar"
"product_reviews.submit_review";"إرسال التقييم";"ar"
"product_reviews.terms_and_conditions_content";"<p>الرجاء قراءة هذه البنود والشروط (""شروط""، ""الأحكام والشروط"") بعناية قبل استخدام موقع <a href=""http://www.mywebsite.com""> http://www.mywebsite.com</a> و ""التطبيق المحمول الخاص بي"" تشغيل التطبيقات النقالة (""الخدمة"") شركة بي (""لنا"" أو ""نحن"" أو ""لنا"")-</p> <p><strong>قبل الوصول إلى أو استخدام الخدمة أنك توافق على الالتزام بهذه الشروط. إذا كنت لا توافق على أي جزء من الشروط، ثم لا يمكنك الوصول إلى الخدمة.</strong></p> <p><strong>المشتريات</strong></p> <p>إذا كنت ترغب في شراء أي منتج أو خدمة متاحة من خلال الخدمة (""الشراء"")، قد تتم مطالبتك بتوفير بعض المعلومات ذات الصلة الخاصة بك الشراء بما في ذلك، دون حصر، الخاص بك...</p> <p><strong>المحتوى</strong></p> <p>""خدمتنا"" يسمح لك بوظيفة، ارتباط، وتخزين ومشاركة واو إتاحة بعض المعلومات أو النص، والرسومات، وأشرطة الفيديو أو المواد الأخرى (""المحتوى""). أنت مسؤول عن...</p> <p><strong>التغييرات</strong></p> <p>أننا نحتفظ بالحق، في تقديرنا، لتعديل أو استبدال هذه الشروط في أي وقت. إذا كان يتم إجراء تنقيح المواد سنحاول تقديم إشعار مالا يقل عن 30 يوما قبل أي شروط جديدة أخذ الأثر. سيتم تحديد ما يشكل تغييرا ماديا في اختيارنا.</p> <p><strong>اتصل بنا</strong></p> <p>إذا كان لديك أية أسئلة حول هذه الشروط، يرجى الاتصال بنا.</p>";"ar"
"product_reviews.terms_n_conditions";"حدد مربع الاختيار هذا لقبول [terms_href]";"ar"
"product_reviews.terms_n_conditions_name";"الشروط والأحكام";"ar"
"product_reviews.text_approval_notice";"هذا التقييم يحتاج إلى الموافقة";"ar"
"product_reviews.text_new_post_notification";"هذا إشعار بوظيفة جديدة للمنتج";"ar"
"product_reviews.text_new_reply_notification";"هذا إشعار برد جديد على تقييم منتجك";"ar"
"product_reviews.text_review_pended";"سيتم فحص تقييمك قبل نشره.";"ar"
"product_reviews.text_thank_you_for_post";"شكرا لك على مشاركتك";"ar"
"product_reviews.text_thank_you_for_review";"شكرا لك على تقييمك";"ar"
"product_reviews.three_star_icon";"★★★";"ar"
"product_reviews.title";"تقيمات";"ar"
"product_reviews.title_giftreg";"سجل الزوار";"ar"
"product_reviews.two_star_icon";"★★";"ar"
"product_reviews.type_message";"اكتب رسالة...";"ar"
"product_reviews.update_reply";"تحديث الرد";"ar"
"product_reviews.upgrade_notification.message_administators_add_ability_create_product_reviews";"في السابق ، كان يمكن للمسؤولين تحرير مراجعات المنتجات الحالية في لوحة الإدارة ، لكن لم يتمكنوا من نشر مراجعات جديدة. لقد غيرنا ذلك: الآن يمكن للمسؤولين الذين يمكنهم تحرير التعليقات إضافة مراجعات جديدة في علامة التبويب ""المراجعات"" في صفحة تحرير المنتج. لاحظ أن هذا التغيير لا يؤثر على مسؤولي البائعين في CS-Cart Multi-Vendor بأي شكل من الأشكال. أكثر ما يمكنهم فعله هو ترك رد على مراجعة المنتج.<br><br>يمكنك الاحتفاظ بالسلوك القديم إذا أردت. من خلال مجموعات المستخدمين ، يمكنك الآن السماح للمسؤولين بإنشاء مراجعات أو تحريرها (أو القيام بكلا الأمرين).<br><br><a target=""_blank"" href=""[usergroups_url]"" class=""btn"">تعيين امتيازات المسؤول</a>";"ar"
"product_reviews.upgrade_notification.title_administators_add_ability_create_product_reviews";"يمكن للمسؤولين الآن إنشاء مراجعات المنتج";"ar"
"product_reviews.uploader_drop_zone_description";"أفلت الصور هنا";"ar"
"product_reviews.uploader_drop_zone_info";"صورة تصل إلى [max_size]";"ar"
"product_reviews.use_for_reviews";"نماذج التعليقات والآراء";"ar"
"product_reviews.vendor";"المتجر";"ar"
"product_reviews.vendor_reply";"رد البائع";"ar"
"product_reviews.verified_purchase";"شراء تم التحقق منه";"ar"
"product_reviews.very_good";"جيد جدا";"ar"
"product_reviews.vote_down";"التصويت ضد";"ar"
"product_reviews.vote_up";"التصويت لصالح";"ar"
"product_reviews.without_photo";"بدون صور";"ar"
"product_reviews.with_photo";"مع الصور";"ar"
"product_reviews.write_review";"اكتب تقييم";"ar"
"product_reviews.write_review_anonymously";"اكتب تقييمك دون الكشف عن هويتك";"ar"
"product_reviews.write_your_review";"اكتب تقييمك";"ar"
"product_reviews.your_rating";"تقييمكم";"ar"
"product_reviews.you_have_to_buy_product_before_writing_review";"لا يمكنك كتابة مراجعة لهذا المنتج. يمكن للعملاء كتابة مراجعات للمنتجات التي اشتروها فقط. إذا كنت قد اشتريت هذا المنتج منا بالفعل ، ولكنك لا تزال ترى هذه الرسالة ، فيرجى الاتصال بنا.";"ar"
"product_s";"منتج";"ar"
"product_state_description.mve";"<p> لقد قمت بتنشيط [product] الخاص بك. يمكنك استخدامه بدون قيود الوقت الآن. للحصول على ميزات متقدمة (مثل الدفع المنفصل لكل مورد ، والعروض الترويجية التي أنشأها البائع) ، احصل على <a href=""[mve_plus_license_url]"" target=""_blank""> ترخيص [product] Plus. </a> لاستخدام نطاقات متعددة لسوقك ، احصل على <a href=""[mve_ultimate_license_url]"" target=""_blank""> ترخيص [product] Ultimate. </a> </p> <br>";"ar"
"product_state_description.mve.booking.new";"<p>الوصول الكامل غير المقيد إلى جميع الميزات. أدخل رقم ترخيص صالحًا للتفعيل.</p><p>يمكن تنشيط هذا الوضع في أي وقت.</p><br />";"ar"
"product_state_description.mve.booking.ultimate";"<p>الوصول الكامل غير المقيد إلى جميع الميزات. أدخل رقم ترخيص صالحًا للتفعيل.</p><p>يمكن تنشيط هذا الوضع في أي وقت.</p><br />";"ar"
"product_state_description.mve.booking_ru.new";"<p>الوصول الكامل غير المقيد إلى جميع الميزات. أدخل رقم ترخيص صالحًا للتفعيل.</p><p>يمكن تنشيط هذا الوضع في أي وقت.</p><br />";"ar"
"product_state_description.mve.booking_ru.ultimate";"<p>الوصول الكامل غير المقيد إلى جميع الميزات. أدخل رقم ترخيص صالحًا للتفعيل.</p><p>يمكن تنشيط هذا الوضع في أي وقت.</p><br />";"ar"
"product_state_description.mve.enterprise";"<p>الوصول الكامل غير المقيد إلى جميع الميزات. أدخل رقم ترخيص صالحًا للتفعيل.</p><p>يمكن تنشيط هذا الوضع في أي وقت.</p><br />";"ar"
"product_state_description.mve.new";"<p>وصول كامل غير مقيد إلى كافة الميزات. قم بإدخال رقم ترخيص صالح لتنشيط. </p> <p>يمكن تنشيط هذا الوضع في أي وقت.</p><br />";"ar"
"product_state_description.mve.plus";"<p> الوصول إلى جميع الوظائف ، باستثناء واجهات المحلات المتعددة. للحصول على نطاقات لجمهور معين ، احصل على <a href=""[mve_ultimate_license_url]"" target=""_blank""> الترخيص Ultimate [product]. </a> </p> <br />";"ar"
"product_state_description.mve.ru";"<p> لقد قمت بتنشيط [product] الخاص بك. يمكنك استخدامه بدون قيود الوقت الآن. للحصول على ميزات متقدمة (مثل الدفع المنفصل لكل مورد ، والعروض الترويجية التي أنشأها البائع) ، احصل على <a href=""[mve_plus_license_url]"" target=""_blank""> ترخيص [المنتج] Plus. </a> لاستخدام نطاقات متعددة لسوقك ، احصل على <a href=""[mve_ultimate_license_url]"" target=""_blank""> ترخيص [product] Ultimate . </a> </p> <br>";"ar"
"product_state_description.mve.ru.enterprise";"<p>الوصول الكامل غير المقيد إلى جميع الميزات. أدخل رقم ترخيص صالحًا للتفعيل.</p><p>يمكن تنشيط هذا الوضع في أي وقت.</p><br />";"ar"
"product_state_description.mve.ru.new";"<p>الوصول الكامل غير المقيد لجميع الميزات. أدخل رقم ترخيص صالحًا للتفعيل.</p><p>يمكن تفعيل هذا الوضع في أي وقت.</p> <br />";"ar"
"product_state_description.mve.ru.plus";"<p> الوصول إلى جميع الوظائف ، باستثناء واجهات المحلات المتعددة. للحصول على نطاقات لجمهور معين ، احصل على <a href=""[mve_ultimate_license_url]"" target=""_blank""> الترخيص Ultimate [product]. </a> </p> <br />";"ar"
"product_state_description.mve.ru.ultimate";"<p>وصول كامل غير مقيد إلى كافة الميزات. قم بإدخال رقم ترخيص صالح لتنشيط. </p> <p>يمكن تنشيط هذا الوضع في أي وقت.</p><br />";"ar"
"product_state_description.mve.ultimate";"<p>وصول كامل غير مقيد إلى كافة الميزات. قم بإدخال رقم ترخيص صالح لتنشيط. </p> <p>يمكن تنشيط هذا الوضع في أي وقت.</p><br />";"ar"
"product_state_description.ult";"<p>You can use the software without time restrictions now. Please note that some advanced features are available only in <a href=""[ultimate_license_url]"" target=""_blank"">[product] Ultimate.</a></p><br>";"ar"
"product_state_description.ult.b2b";"<p>You can use the software without time restrictions now. Please note that some advanced features are available only in <a href=""[ultimate_license_url]"" target=""_blank"">[product] Ultimate.</a></p><br>";"ar"
"product_state_description.ult.b2b.enterprise";"<p>يمكنك الآن استخدام البرنامج بدون قيود زمنية.</p><br>";"ar"
"product_state_description.ult.b2b.new";"<p>يمكنك استخدام أحد هذه التراخيص: <a href=""[standard_license_url]"" target=""_blank"">[product]</a> أو <a href=""[ultimate_license_url]"" target=""_blank"">[product] Ultimate</a>. كل هذه التراخيص تسمح لك باستخدام [product] دون قيود الوقت.</p><br>";"ar"
"product_state_description.ult.b2b.ultimate";"<p>يمكنك الآن استخدام البرنامج بدون قيود زمنية.</p><br>";"ar"
"product_state_description.ult.enterprise";"<p>يمكنك الآن استخدام البرنامج بدون قيود زمنية.</p><br>";"ar"
"product_state_description.ult.free.free";"<p>أنت تستخدم CS-Cart Free. يحتوي على جميع الوظائف اللازمة لإطلاق متجرك المستقل عبر الإنترنت ، مجانًا. إذا احتجت في أي وقت إلى الوظائف الموسعة لـ CS-Cart Standard أو Ultimate - مثل مجموعات المستخدمين ، وإعدادات المنتج المتقدمة ، وواجهات المحلات المتعددة ، والمزيد - يرجى الاتصال بنا.</p>";"ar"
"product_state_description.ult.free_ru.free";"<p>أنت تستخدم CS-Cart Free. يحتوي على جميع الوظائف اللازمة لإطلاق متجرك المستقل عبر الإنترنت ، مجانًا. إذا احتجت في أي وقت إلى الوظائف الموسعة لـ CS-Cart Standard أو Ultimate - مثل مجموعات المستخدمين ، وإعدادات المنتج المتقدمة ، وواجهات المحلات المتعددة ، والمزيد - يرجى الاتصال بنا.</p>";"ar"
"product_state_description.ult.new";"يمكنك استخدام أحد هذه التراخيص <p>: <a href=""[standard_license_url]"" target=""_blank"">[product]</a> أو <a href=""[ultimate_license_url]"" target=""_blank""> [product] في نهاية المطاف</a>. كل التراخيص تسمح لك باستخدام [product] دون قيود الوقت.</p> <br>";"ar"
"product_state_description.ult.ru";"<p>You can use the software without time restrictions now. Please note that some advanced features are available only in <a href=""[ultimate_license_url]"" target=""_blank"">[product] Ultimate.</a></p><br>";"ar"
"product_state_description.ult.ru.enterprise";"<p>يمكنك الآن استخدام البرنامج بدون قيود زمنية.</p><br>";"ar"
"product_state_description.ult.ru.new";"<p>يمكنك استخدام أحد هذه التراخيص: <a href=""[standard_license_url]"" target=""_blank"">[product]</a> أو <a href=""[ultimate_license_url]"" target=""_blank"">[product] Ultimate</a>. كل هذه التراخيص تسمح لك باستخدام [product] دون قيود الوقت.</p><br>";"ar"
"product_state_description.ult.ru.ultimate";"<p>يمكنك الآن استخدام البرنامج بدون قيود زمنية.</p><br>";"ar"
"product_state_description.ult.ultimate";"<p>يمكنك الآن استخدام البرنامج بدون قيود زمنية.</p><br>";"ar"
"product_subscriptions";"اشتراكات المنتج";"ar"
"product_summary";"خلاصة المنتج";"ar"
"product_tabs";"ألسنة المنتج";"ar"
"product_type";"نوع المنتج";"ar"
"product_url";"عنوان URL للمنتج";"ar"
"product_variations.add_all_variants";"أضف جميع المتغيرات";"ar"
"product_variations.add_variations";"أضف التنويعات";"ar"
"product_variations.add_variations_description";"أضف أشكالًا لإنشاء مجموعة من المنتجات المتشابهة التي تختلف في اللون والحجم وما إلى ذلك. أو أضف هذا المنتج إلى مجموعة موجودة عن طريق إدخال رمز المجموعة.";"ar"
"product_variations.allow_own_features_setting_changing";"لقد عطلت الإعداد <b> السماح بقيم الميزات الخاصة للأشكال الفرعية </b>. الرجاء تصدير <a href=""[url]""> جميع الأشكال الافتراضية </a> (استخدم ""تصدير المنتجات التي تم العثور عليها"" في زر الترس) وإعادة استيرادها. سيؤدي هذا إلى تطبيق قيم الميزات الخاصة بهم على الأشكال الفرعية الموجودة.";"ar"
"product_variations.allow_own_images_setting_changing";"لقد عطلت الإعداد <b> السماح للصور الخاصة بالأشكال الفرعية </b>. الرجاء تصدير <a href=""[url]""> جميع الأشكال الافتراضية </a> (استخدم ""تصدير المنتجات التي تم العثور عليها"" في زر الترس) وإعادة استيرادها. سيؤدي هذا إلى تطبيق صورهم على الأشكال الفرعية الموجودة.";"ar"
"product_variations.belongs_to_catalog_item";"ينتمي إلى عنصر الكتالوج:";"ar"
"product_variations.cant_edit_feature_categories";"تعذر تقييد توفر الميزة في الفئات. <a href=""[href]"">لا تزال بعض أشكال المنتج مع هذه الميزة</a> متوفرة في الفئات التي حاولت فيها تقييد الميزة. الرجاء إزالة مجموعات التباينات من تلك الفئات والمحاولة مرة أخرى.";"ar"
"product_variations.create_new";"إنشاء منتجات جديدة";"ar"
"product_variations.delete";"حل المجموعة";"ar"
"product_variations.delete_product";"حذف المنتج";"ar"
"product_variations.edit_features";"تحرير الميزات";"ar"
"product_variations.error.cannot_mark_main_product_child_product";"المنتج # [product_id] في المجموعة ""[group_code]"" ليس تباينًا ، لذا لا يمكن أن يصبح افتراضيًا لعنصر كتالوج";"ar"
"product_variations.error.cannot_set_as_default_out_of_stock";"تعذر تعيين التباين #[product_id] كافتراضي ، لأنه نفد من المخزون. تم استخدام التباين الموجود في المخزون كإعداد افتراضي بدلاً من ذلك.";"ar"
"product_variations.error.features_is_empty";"لا يمكن العثور على الميزات";"ar"
"product_variations.error.feature_combination_is_invalid_for_product";"مجموعة خاطئة من ميزات المنتج #[product_id] ""[product]""";"ar"
"product_variations.error.generate_combinations_is_empty";"تعذر إنشاء أشكال مختلفة. يرجى تحديد قيم الميزات لتوليد الاختلافات.";"ar"
"product_variations.error.generate_products_is_empty";"لم يتم إنشاء منتجات جديدة";"ar"
"product_variations.error.group_code_is_duplicate";"كود مجموعة التنوعات المحدد قيد الاستخدام بالفعل";"ar"
"product_variations.error.group_code_is_invalid";"تعذر تعيين هذا الرمز لمجموعة التباينات. يمكن أن يحتوي رمز المجموعة فقط على أرقام وأحرف لاتينية والعلامات التالية: ""-"" و ""_""";"ar"
"product_variations.error.group_code_is_required";"يجب تحديد رمز مجموعة التباين";"ar"
"product_variations.error.group_not_found";"مجموعة التنويع #[id] غير موجودة";"ar"
"product_variations.error.group_not_found_by_product";"تعذر العثور على مجموعة الصيغ لـ #[product_id] ""[product]""";"ar"
"product_variations.error.limit_creating_new_products_exhausted";"لا يمكنك إضافة المزيد من المنتجات في هذا الوقت. قد تحتاج إلى ترقية الخطة قبل إضافة منتجات جديدة.";"ar"
"product_variations.error.limit_creating_new_products_exhausted_with_url";"لا يمكنك إضافة المزيد من المنتجات في هذا الوقت. قد تحتاج إلى <a href=""[url_upgrade_plan]"" target=""_blank"">الخطة</a> قبل إضافة منتجات جديدة.";"ar"
"product_variations.error.not_available_feature_purpose";"تعذر إنشاء مجموعة متنوعة بناءً على هذه الميزات ؛ يرجى استخدام الميزات لغرض مؤهل لإنشاء الاختلافات (group_catalog_item أو group_variation_catalog_item).";"ar"
"product_variations.error.no_available_products";"لم يتم العثور على منتجات مناسبة";"ar"
"product_variations.error.product_company_does_not_match_to_group_company.mve";"لا يمكن إضافة المنتج #[product_id] ""[product]"" إلى مجموعة التباينات لأن جميع المنتجات في مجموعة التباينات يجب أن تنتمي إلى نفس المورد.";"ar"
"product_variations.error.product_company_does_not_match_to_group_company.ult";"لا يمكن إضافة المنتج #[product_id] ""[product]"" إلى مجموعة الصيغ لأن جميع المنتجات في مجموعة التباينات يجب أن تنتمي إلى واجهة المتجر نفسها.";"ar"
"product_variations.error.product_has_not_required_features";"لا يحتوي المنتج #[product_id] ""[product]"" على الميزات المطلوبة ليصبح شكلًا مختلفًا. يرجى تعيين قيم الميزات لهذا المنتج.";"ar"
"product_variations.error.product_ids_empty";"لا يمكن العثور على المنتجات";"ar"
"product_variations.error.product_not_found";"المنتج #[product_id] غير موجود";"ar"
"product_variations.error.product_not_found_in_group";"المنتج #[product_id] غير موجود في مجموعة الأشكال ""[group_code]""";"ar"
"product_variations.error.product_with_features_combination_exits";"يحتوي المنتج #[product_id] ""[product]"" على نفس مجموعة قيم الميزات تمامًا مثل الشكل الموجود بالفعل في المجموعة.";"ar"
"product_variations.error.variations_as_separate_products_exceeds_the_limit";"أنت تحاول إضافة منتجات أكثر مما تسمح به حدود خطتك. يمكن إضافة <b>[available_count]</b> منتج.";"ar"
"product_variations.exim.result_notice";"تم استيراد البيانات بنجاح.<br />منتجات جديدة - <b>[new]</b>;<br />منتجات محدثة - <b>[exist]</b>;<br />منتجات تم تخطيها - <b>[skipped]</b>;<br />الإجمالي - <b>[total]</b>;<br />الأشكال التي تم إنشاؤها - <b>[variation_created]</b>;<br />الأشكال المحدثة - <b>[variation_updated]</b>;<br />الأشكال التي تم حلها - <b>[variation_removed]</b>.";"ar"
"product_variations.feature_can_be_deleted";"تعذر حذف ميزة أو متغيرها لأن مجموعة أشكال واحدة على الأقل تعتمد عليها. الرجاء حذف <a href=""[href]""> هذه المنتجات </a> أو حل مجموعات منتجاتها ، ثم المحاولة مرة أخرى.";"ar"
"product_variations.feature_used_by_variation_group.tooltip";"يتم استخدام هذه الميزة بواسطة مجموعة التباين [code]. لاختيار قيمة مختلفة لهذه الميزة لمنتج ما ، قم بالتبديل إلى علامة التبويب ""الاختلافات"" في صفحة تحرير المنتج. يمكن إضافة قيم جديدة في صفحة تحرير الميزة.";"ar"
"product_variations.generator.create_btn";"إنشاء [n] تنويع| إنشاء [n] تنويعات";"ar"
"product_variations.generator.features.placeholder";"ابحث عن الميزات التي يمكن أن تولد تنوعات";"ar"
"product_variations.generator.feature_variants.add_all_variants";"أضف جميع المتغيرات";"ar"
"product_variations.generator.feature_variants.placeholder";"اكتب للبحث";"ar"
"product_variations.generator.table.title";"قم بتعديل التباينات المراد إنشاؤها:";"ar"
"product_variations.generator.warning.new_features_add";"يمكنك إضافة ميزة جديدة إذا قمت بحل المجموعة في قائمة الإجراءات وإنشاء أشكال مختلفة مرة أخرى.";"ar"
"product_variations.group_code";"مجموعة التنويعات";"ar"
"product_variations.group_code.description";"استخدم رمز المجموعة في صفحة تحرير المنتج أو أثناء الاستيراد لإضافة المنتج إلى هذه المجموعة كتنوع. يمكن أن يحتوي رمز المجموعة فقط على أرقام وأحرف لاتينية والعلامات التالية: ""-"" و ""_"".";"ar"
"product_variations.group_code.link";"أضف إلى مجموعة التنويعات";"ar"
"product_variations.group_code.placeholder";"قم بتعيين رمز المجموعة المخصص هنا";"ar"
"product_variations.hide_add_to_wishlist_button";"إخفاء زر قائمة الرغبات";"ar"
"product_variations.link_existing";"استخدم المنتجات الحالية";"ar"
"product_variations.manage";"إدارة الاختلافات";"ar"
"product_variations.mark_main_product";"تعيين كتنوع افتراضي";"ar"
"product_variations.notice.is_old_product_variation";"هذا المنتج هو نسخة قديمة لم يتم تحويلها بعد. لجعلها تعمل كما كانت قبل الترقية ، <a href=""[convert_url]""> حول الأشكال القديمة إلى أشكال جديدة </a>.";"ar"
"product_variations.notice.old_product_variations_exists";"لا يزال متجرك يحتوي على أشكال مختلفة من المنتجات القديمة. تظهر حاليًا كمنتجات منفصلة ، دون القدرة على التبديل بينها. لجعلها تعمل كما كانت قبل الترقية ، <a href=""[convert_url]""> حول الأشكال القديمة إلى أشكال جديدة </a>. إنه سهل وتلقائي.";"ar"
"product_variations.no_available_features";"لا يحتوي هذا المنتج على ميزات تسمح بتجميع المنتجات. الرجاء التأكد مما يلي: <ol> <li> لقد قمت بإنشاء ميزة واحدة على الأقل <b> الغرض: </ b> <i> أشكال متنوعة كمنتجات منفصلة </i> أو <i> أشكال مختلفة كمنتج واحد </i>. </li> <li> لقد حددت قيمة هذه الميزة للمنتج. </li></ol><a href=[manage_features_href]> إدارة الميزات </a>";"ar"
"product_variations.product_type";"نوع المنتج";"ar"
"product_variations.product_type.catalog_item";"عنصر الكتالوج";"ar"
"product_variations.product_type.variation_of_catalog_item";"تباين عنصر الكتالوج";"ar"
"product_variations.remove_variation";"إزالة الاختلاف من المجموعة";"ar"
"product_variations.select_variation";"حدد الاختلاف";"ar"
"product_variations.show_product_code";"أظهر كود المنتج";"ar"
"product_variations.show_variation_thumbnails";"إظهار الصور المصغرة للاختلافات";"ar"
"product_variations.too_many_combinations";"عذرًا ، هناك العديد من الأشكال المحتملة التي يمكن إنشاؤها. لمنع الحمل الثقيل ، لن نعرضها هنا. يرجى إنشاء المنتجات بقيم الميزات الصحيحة يدويًا أو عن طريق الاستيراد وإضافتها إلى المجموعة.";"ar"
"product_variations.too_many_combinations_display";"هناك العديد من الاختلافات المحتملة لمعاينتها هنا. ولكن لا يزال بإمكانك إنشائها، إذا لم تكن موجودة بالفعل.";"ar"
"product_variations.variations";"المتغيرات";"ar"
"product_variations.variations_filling";"المتغيرات";"ar"
"product_variations.variations_list";"المتغيرات";"ar"
"product_variations.variations_list_block_name";"قائمة الاختلافات";"ar"
"product_variations.variations_list_tab_name";"عرض جميع الاختلافات على شكل قائمة";"ar"
"product_variations.variations_naming_strategy.key_value";"اللون: أحمر، المقاس: صغير";"ar"
"product_variations.variations_naming_strategy.value";"أحمر ,صغير";"ar"
"product_variations.variation_of_product";"تنوع عنصر الكتالوج <a href=""[url]""> [product] </a>";"ar"
"product_variations.warning.before_edit_variations_save_product";"قبل أن تتمكن من تعديل الأشكال ، يرجى حفظ المنتج.";"ar"
"profile";"البروفايل";"ar"
"profiles";"البروفايلات";"ar"
"profile_activated";"تم تفعيل الحساب";"ar"
"profile_deactivated";"الحساب معطل";"ar"
"profile_details";"تفاصيل البروفايل";"ar"
"profile_fields";"حقول البروفايل";"ar"
"profile_fields_menu_description";"إدارة المعلومات التي تم جمعها من العملاء والبائعين.";"ar"
"profile_field_contains_information";"لا يمكن تغيير نوع الحقل: أرسل شخص ما بالفعل بيانات في هذا الحقل.";"ar"
"profile_field_name";"اسم الحقل";"ar"
"profile_field_name_tooltip";"تسلسل أحرف يعمل كمعرف. يمكنك استخدام الأشكال من 0 إلى 9 ، ورموز الأبجدية الإنجليزية وعلامة ""_"".";"ar"
"profile_info";"معلومات البروفايل";"ar"
"profile_name";"اسم البروفايل";"ar"
"profile_type";"نوع الملف الشخصي";"ar"
"profile_types_section_seller";"معلومات البائع";"ar"
"profile_types_section_user";"العملاء والمسؤولون";"ar"
"project_id";"كود المشروع";"ar"
"project_password";"كلمة مرور المشروع";"ar"
"prolongate_download_key";"إمداد مفتاح التحميل إلى";"ar"
"promotion";"العرض";"ar"
"promotions";"العروض";"ar"
"promotions.cond_all";"all";"ar"
"promotions.cond_any";"any";"ar"
"promotions.cond_false";"false";"ar"
"promotions.cond_true";"true";"ar"
"promotion_bonus_discount_on_categories";"خصم على كل المنتجات في الفئات";"ar"
"promotion_bonus_discount_on_products";"خصم على المنتجات";"ar"
"promotion_bonus_free_products";"منتجات مجانية";"ar"
"promotion_bonus_free_shipping";"شحن مجاني";"ar"
"promotion_bonus_gift_certificate";"شهادة هدية";"ar"
"promotion_bonus_give_coupon";"إعطاء كوبون";"ar"
"promotion_bonus_give_points";"إعطاء نقاط";"ar"
"promotion_bonus_give_usergroup";"إعطاء عضوية";"ar"
"promotion_bonus_order_discount";"خصم على الطلب";"ar"
"promotion_bonus_product_discount";"خصم على المنتج";"ar"
"promotion_cond_auto_coupons";"أكواد الكوبون المولدة تلقائياً";"ar"
"promotion_cond_categories";"الفئات";"ar"
"promotion_cond_country";"دولة العميل";"ar"
"promotion_cond_coupon_code";"كود الكوبون";"ar"
"promotion_cond_feature";"مواصفة المنتج";"ar"
"promotion_cond_number_of_usages";"عدد الاستخدامات";"ar"
"promotion_cond_once_per_customer";"مرة واحدة لكل عميل";"ar"
"promotion_cond_payment";"طريقة الدفع";"ar"
"promotion_cond_price";"سعر المنتج";"ar"
"promotion_cond_products";"المنتجات";"ar"
"promotion_cond_products_number";"إجمالي الطلبات في سلّة التسوق";"ar"
"promotion_cond_purchased_products";"المنتجات المشتراه";"ar"
"promotion_cond_reward_points";"النقاط على حساب المستخدم";"ar"
"promotion_cond_shipping";"طرق التوصيل";"ar"
"promotion_cond_state";"محافظة العميل";"ar"
"promotion_cond_subscribed";"العميل مشترك";"ar"
"promotion_cond_subtotal";"مجموع الطلب";"ar"
"promotion_cond_total";"إجمالي الطلب";"ar"
"promotion_cond_total_weight";"إجمالي وزن المنتجات بسلّة التسوق";"ar"
"promotion_cond_usergroup";"مجموعة أعضاء";"ar"
"promotion_cond_users";"الأعضاء";"ar"
"promotion_cond_zip_postal_code";"الرقم البريدي للعميل";"ar"
"promotion_op_amount";"القيمة";"ar"
"promotion_op_cont";"القيمة";"ar"
"promotion_op_eq";"يساوي";"ar"
"promotion_op_gt";"أكبر";"ar"
"promotion_op_gte";"أكبر من أو يساوي";"ar"
"promotion_op_in";"موجود في";"ar"
"promotion_op_lt";"أقل";"ar"
"promotion_op_lte";"أقل من أو يساوي";"ar"
"promotion_op_ncont";"لا يحتوي على";"ar"
"promotion_op_neq";"لا يساوي";"ar"
"promotion_op_nin";"غير موجود في";"ar"
"promo_code";"الكوبون";"ar"
"promo_code_or_certificate";"شهادة هدية أو الرمز الترويجي";"ar"
"promo_text";"نص العرض";"ar"
"properties";"الإعدادات";"ar"
"provider";"المزوّد";"ar"
"pspid";"PSPID";"ar"
"public";"عام";"ar"
"public_files";"Public files";"ar"
"public_key";"المفتاح العمومي";"ar"
"purchased";"التي تم شراؤها";"ar"
"purchased_in_orders";"المشترى في الطلبات";"ar"
"purchased_qty";"كمية المشترى";"ar"
"purchasers_name";"من";"ar"
"purchase_gift_certificate";"شراء شهادة هدية";"ar"
"purpose";"غرض";"ar"
"qty";"الكمية";"ar"
"qty_discounts";"خصومات الكمية";"ar"
"qty_discount_type_tooltip";"المبلغ الثابت أو النسبة المئوية التي سيتم اقتطاعها من السعر";"ar"
"quantity";"الكمية";"ar"
"quantity_long";"كمية";"ar"
"quantity_step";"خطوة الكمية";"ar"
"query";"استعلام";"ar"
"questions";"الأسئلة";"ar"
"question_text";"نص السؤال";"ar"
"quick_checkout";"شراء سريع";"ar"
"quick_links";"روابط سريعة";"ar"
"quick_menu";"قائمة البدء السريع";"ar"
"quick_product_viewer";"مستعرض المنتج السريع";"ar"
"quick_view";"عرض سريع";"ar"
"radiogroup";"اختيار من متعدد";"ar"
"random";"عشوائي";"ar"
"rank_number";"رقم تقييم الـ ('machine')";"ar"
"rates_calculated_info";"يتم حساب الأسعار لـ [n] منتج يتكلف [price]. | يتم حساب الأسعار لـ [n] من المنتجات التي تكلف [price].";"ar"
"rates_depend_on";"النسب تعتمد على";"ar"
"rate_area";"معدل المنطقة";"ar"
"rate_areas";"قيم المناطق";"ar"
"rate_calculation";"احتساب النسبة";"ar"
"rate_calculation_by_customer_address";"حسب عنوان العميل";"ar"
"rate_calculation_manual";"يدوياً (بواسطة مناطق معينة)";"ar"
"rate_calculation_manual_by_rate_area";"يدوي (حسب مناطق السعر)";"ar"
"rate_calculation_realtime";"فورياً";"ar"
"rate_calculation_realtime_automatic";"الوقت الحقيقي (تلقائي)";"ar"
"rate_value";"قيمة النسبة";"ar"
"rating";"التفييم";"ar"
"read";"قراءة";"ar"
"readme";"اقرأني";"ar"
"read_more_3d_secure";"اقرأ المزيد حول 3-D Secure";"ar"
"reason";"السبب";"ar"
"reasons";"سبب";"ar"
"reason_text";"نتيجة معالجة الدفع";"ar"
"rebuild_cache_automatically";"إعادة بناء الكاش تلقائياً";"ar"
"rebuild_cache_automatically_tooltip";"Modified files are tracked in real time (including the files modified directly on server) and re-cached. Block cache will be disabled. Store performance may be slightly affected. Recommended to disable on production.";"ar"
"rebuild_combinations";"إعادة بناء التركيبات";"ar"
"recalculate";"إعادة الاحتساب";"ar"
"recalculate_rates";"إعادة الاحتساب";"ar"
"recalculate_shipping_cost";"Recalculate shipping cost";"ar"
"recalculate_totals";"إعادة احتساب المجاميع";"ar"
"recaptcha.error_recaptcha_v3_failed";"عذرًا ، فشل التحقق من صحة برنامج مكافحة الروبوت. إذا كنت ترى هذه الرسالة ، فيرجى الاتصال بنا وإخبارنا بها.";"ar"
"recaptcha.none";"لا شيء";"ar"
"recaptcha.recaptcha_cookie_description";"Google reCAPTCHA هي خدمة توفر حماية ضد الروبوتات وتتحقق من أن زوار الموقع بشر. هنا <a href=""https://policies.google.com/privacy"" target=""_blank"">سياسة خصوصية Google</a>؛ نوصي أيضًا بملاحظة Google الموجزة والشاملة <a href=""https://support.google.com/maps/answer/10400210"" target=""_blank"">بشأن الخصوصية</a>.";"ar"
"recaptcha.recaptcha_cookie_title";"جوجل reCAPTCHA";"ar"
"recaptcha.recaptcha_v2";"reCAPTCHA v2";"ar"
"recaptcha.recaptcha_v3";"reCAPTCHA v3";"ar"
"recaptcha.text_forbidden_countries_notice";"<p> سيتم تعطيل اختبار reCAPTCHA من Google في البلدان المحددة. بدلاً من ذلك ، سيُطلب من الزوار من تلك البلدان كتابة بعض الرموز التي يرونها على الشاشة. </p>";"ar"
"recaptcha.text_settings_notice";"<p> الإرشادات حول كيفية الحصول على <b> مفتاح الموقع </b> و <b> السري </b> متوفرة <b><a target=""_blank"" href=""https://developers.google.com/recaptcha/intro""> هنا </a></b>.<br> يُرجى ملاحظة أن الوظيفة الإضافية تدعم حاليًا فقط <b> Google reCAPTCHA v2: Checkbox </b> و <b> Google reCAPTCHA v3 </b></p>";"ar"
"recaptcha_settings_notice";"<p> الإرشادات حول كيفية الحصول على <b> مفتاح الموقع </b> و <b> السري </b> متوفرة <b><a target=""_blank"" href=""https://developers.google.com/recaptcha/docs/start""> هنا </a></b>.</p>";"ar"
"receivers";"مستقبلون";"ar"
"recent_activity";"أحدث النشاطات";"ar"
"recent_blog_posts";"مشاركات المدونة الأخيرة";"ar"
"recent_orders";"أحدث الطلبات";"ar"
"recent_products";"آخر المشاهدات";"ar"
"recheck";"إعادة الفحص";"ar"
"recipient";"المستلم";"ar"
"recipients_name";"إلى";"ar"
"recipient_description";"وصف التاجر";"ar"
"recommended";"مستحسن";"ar"
"recover";"استعادة";"ar"
"recover_password";"تغيير كلمة المرور";"ar"
"recover_password_subj";"تغيير كلمة المرور";"ar"
"recursively";"متكرر";"ar"
"redirect_customer_from_storefront";"تحويل زائر هذه الواجهة إلى الواجهة التي تحتوي على دول تتطابق مع  IP الزائر";"ar"
"referer";"التحويلية";"ar"
"referrers";"التحويلات";"ar"
"referrer_domain";"دومين التحويل";"ar"
"refresh";"تحديث";"ar"
"refresh_packages_list";"تحديث ترقية متوفرة";"ar"
"refund";"إرجاع";"ar"
"refunded";"مرتجعة";"ar"
"refunded_amount";"قيمة المبلغ المسترجع";"ar"
"regexp";"RegExp";"ar"
"regexp_hint";"If you are using the regexp checking, it is necessary to set a prompting message informing of the incorrect filling of the field, otherwise, the checking will not be performed";"ar"
"region";"المنطقة";"ar"
"regions";"المناطق";"ar"
"register";"التسجيل";"ar"
"registered";"تاريخ التسجيل";"ar"
"registered_customers";"العملاء المسجلون";"ar"
"register_autoresponder";"تأكيد البريد الإلكتروني";"ar"
"register_new_account";"تسجيل حساب جديد";"ar"
"register_profile";"تسجيل البروفايل";"ar"
"registration";"التسجيل";"ar"
"registration_date";"تاريخ التسجيل";"ar"
"regnumber";"رقم التسجيل";"ar"
"related_gift_cert";"شهادات الهدايا ذات الصلة";"ar"
"related_order";"الطلب ذو الصلة";"ar"
"release_date";"تاريخ الإصدار";"ar"
"remember_me";"تذكرني";"ar"
"remove";"حذف";"ar"
"remove_addon_from_favorites";"إزالة الوظيفة الإضافية من المفضلة";"ar"
"remove_backup_files";"حذف الملفات الاحتياطية";"ar"
"remove_cc_info";"حذف معلومات البطاقة الائتمانية";"ar"
"remove_invoice";"إزالة الفاتورة";"ar"
"remove_theme";"حذف الثيم";"ar"
"remove_this_item";"حذف هذا العنصر";"ar"
"removing_default_language_from_storefront";"عذرًا ، لم نتمكن من إزالة اللغة [language_name] من واجهة المحل [storefront_name]. لإزالته ، يرجى الانتقال إلى <b>إعدادات ← المظهر</b> وتغيير اللغة الافتراضية <b>للواجهة الأمامية</b> لواجهة المتجر [storefront_name] أولاً. | عذرًا ، لم نتمكن من إزالة اللغة [language_name] من واجهات المتاجر: [storefront_name]. لإزالته ، يرجى الانتقال إلى <b>إعدادات ← المظهر</b> وتغيير <b>لغة افتراضية للواجهة الأمامية</b> لواجهات المحلات: [storefront_name] أولاً.";"ar"
"rename";"إعادة تسمية";"ar"
"repay_order";"دفع الطلب";"ar"
"reply_to";"الرد على";"ar"
"report";"تقرير";"ar"
"reports";"التقارير";"ar"
"reports_interval_1";"الإجمالي";"ar"
"reports_interval_3";"اليوم";"ar"
"reports_interval_5";"الأسبوع";"ar"
"reports_interval_7";"الشهر";"ar"
"reports_interval_9";"السنة";"ar"
"reports_list";"قائمة التقارير";"ar"
"reports_parameter_1";"إجمالي الطلب";"ar"
"reports_parameter_10";"تكاليف الشحن";"ar"
"reports_parameter_11";"الفئات";"ar"
"reports_parameter_12";"المنتجات";"ar"
"reports_parameter_13";"تكاليف المنتج";"ar"
"reports_parameter_14";"عدد من المنتجات";"ar"
"reports_parameter_15";"المديرين";"ar"
"reports_parameter_2";"عدد من الطلبات";"ar"
"reports_parameter_3";"الطلبات";"ar"
"reports_parameter_4";"حالات الطلبات";"ar"
"reports_parameter_5";"طرق الدفع";"ar"
"reports_parameter_6";"قيم المناطق";"ar"
"reports_parameter_7";"الأعضاء";"ar"
"reports_parameter_8";"الخصومات والكوبونات";"ar"
"reports_parameter_9";"الضرائب";"ar"
"report_a_bug";"تقرير الشوائب bug";"ar"
"request";"الطلب";"ar"
"requests_count";"عدد الطلبات";"ar"
"requesttype";"نوع الطلب";"ar"
"request_account_name";"اسم الحساب المطلوب";"ar"
"request_error_information";"واجه العملاء مشكلات في تلقي الأسعار من طريقة الشحن <b> [shipping] </b>. يرجى التأكد من أنه تم تكوينه بشكل صحيح وأن حساب سعر الشحن صحيح";"ar"
"request_error_information_title";"خطأ في الشحن";"ar"
"request_statuses";"طلب الأحوال";"ar"
"required";"مطلوب";"ar"
"required_not_answered";"ينبغي عليك الإجابة على جميع الأسئلة الإجبارية";"ar"
"required_products";"منتجات مطلوبة";"ar"
"required_products_added";"المنتج/المنتجات المطلوبة التالية تمت إضافتها إلى عربة التسوق الخاصة بك";"ar"
"required_products_out_of_stock";"لا يمكن إضافة هذا المنتج إلى سلة التسوق الخاصة بك، لأن المنتج/المنتجات المطلوبة التالية غير متوفرة حالياً:";"ar"
"required_profile_field_description";"حقل الملف الشخصي ""[field_name]"" مطلوب لأنه يُستخدم لحساب أسعار الشحن.";"ar"
"requires_upgrade";"يتطلب ترقية [product]";"ar"
"reset";"إعادة تعيين";"ar"
"reset_filter";"حذف المصفاة";"ar"
"reset_inventory";"إعادة تعيين المخزون";"ar"
"reset_password";"تغيير كلمة المرور";"ar"
"reset_quantity_to_zero";"اضبط كمية كل المنتجات على صفر";"ar"
"reset_quantity_to_zero_tooltip";"إذا قمت بتمكين هذا الإعداد ، فسيتم تعيين الكمية لجميع المنتجات في متجرك الى 0 ، باستثناء المنتجات التي تحتوي على الكمية المحددة في الملف المستورد.";"ar"
"resolved";"المحلول";"ar"
"response";"الاستجابة";"ar"
"responsive_admin.email_order_invoice_subject";"[company_name]: فاتورة الطلب";"ar"
"restore";"استعادة";"ar"
"restore_default";"استخدام القيمة الافتراضية";"ar"
"restore_default_value";"استعادة القيمة الافتراضية";"ar"
"restore_from_repository";"استعادة من المخزون";"ar"
"restore_original";"Restore original";"ar"
"restore_robots";"Restore the default robots.txt";"ar"
"ResultCode";"كود النتيجة";"ar"
"ResultDescription";"وصف النتيجة";"ar"
"return";"عودة إلى المشاهدة العادية";"ar"
"returnable";"قابل للإرجاع";"ar"
"returnable_product";"منتج قابل للإرجاع";"ar"
"returned_product";"المنتج الذي تم إرجاعه";"ar"
"returned_products";"المنتجات التي تم إرجاعها";"ar"
"returning_customer";"عميل دائم";"ar"
"returns";"المرتجعات";"ar"
"returns_info";"معلومات المرتجعات";"ar"
"return_info";"معلومات المرتجعات";"ar"
"return_period";"فترة الإرجاع";"ar"
"return_period_days";"فترة الإرجاع (أيام)";"ar"
"return_products_information";"معلومات المنتجات المرتجعة";"ar"
"return_registration";"طلب استبدال أو استرداد";"ar"
"return_requests";"طلبات الإرجاع";"ar"
"return_requests_note";"انتقل إلى قائمة طلبات الإرجاع الخاصة بك";"ar"
"return_status";"حالة الإرجاع";"ar"
"return_url_target";"هدف رابط الإرجاع";"ar"
"reuse";"إعادة استخدام";"ar"
"reversed";"معكوس";"ar"
"revert";"إرجاع";"ar"
"reviews";"مراجعات";"ar"
"reward_points";"نقاط مكافأة";"ar"
"reward_points_log";"سجل نقاط المكافآت";"ar"
"reward_points_subj_added_to";"تمت إضافة [n] نقطة إلى حسابك.| تمت إضافة [n] نقطة إلى حسابك.";"ar"
"reward_points_subj_subtracted_from";"تم طرح [n] نقطة من حسابك.| تم خصم [n] من النقاط من حسابك.";"ar"
"re_order";"إعادة إرسال هذا الطلب";"ar"
"right";"إلى اليسار";"ar"
"right_to_left_orientation";"الاتجاه من اليسار إلى اليمين";"ar"
"risk_checking";"فحص الخطورة قيد التنفيذ. يرجى محاولة إعادة تحميل هذه الصفحة بعد دقيقة.";"ar"
"risk_information";"فحص الخطورة قيد التنفيذ. يرجى محاولة إعادة تحميل هذه الصفحة بعد دقيقة.";"ar"
"rma";"RMA";"ar"
"rma.actions.request_statuses";"حالات طلب RMA";"ar"
"rma.choose_change_return_status";"ما يجب القيام به مع الطلب";"ar"
"rma.dont_recalculate_order";"لا تعيد حساب الطلب";"ar"
"rma.manually_recalculate_order";"قم بتعيين إجمالي الطلب الجديد يدويًا";"ar"
"rma.order_total_will_changed";"سيتم تعيين إجمالي الطلب على";"ar"
"rma.please_confirm_decision";"يرجى تأكيد قرارك.";"ar"
"rma.recalculate_order";"إعادة حساب الترتيب";"ar"
"rma.return_action";"يعود";"ar"
"rma.shipping_costs_will_changed";"سيتم تعيين تكاليف الشحن إلى";"ar"
"rma.text_return_change_warning";"ستتغير حالة طلب الإرجاع من [old_status] إلى [new_status].";"ar"
"rma_actions";"إجراءات RMA";"ar"
"rma_notify_supplier";"تنبيه البائع";"ar"
"rma_reasons";"أسباب RMA";"ar"
"rma_request_statuses";"حالات طلب RMA";"ar"
"rma_return";"إرجاع";"ar"
"robots_title";"Editing: robots.txt";"ar"
"romanian";"روماني";"ar"
"root_category";"الفئة الأم";"ar"
"root_level";"المستوى الرئيسي";"ar"
"root_page";"-";"ar"
"round_to";"تقريب إلى";"ar"
"routing_code";"رقم التوجيه";"ar"
"rss_created";"تم إنشاؤه";"ar"
"rss_display_add_to_cart";"عرض زر إضافة إلى عربة التسوق";"ar"
"rss_display_image";"عرض الصورة";"ar"
"rss_display_original_price";"عرض السعر الصافي";"ar"
"rss_display_price";"عرض السعر الإجمالي";"ar"
"rss_display_sku";"عرض SKU";"ar"
"rss_feed";"مغذي RSS";"ar"
"rss_sort_by";"فرز العناصر حسب";"ar"
"rss_updated";"محدث";"ar"
"runtime";"وقت التشغيل";"ar"
"russian";"روسي";"ar"
"safe_smarty_block";"كتلة HTML مع دعم Smarty";"ar"
"sale";"البيع";"ar"
"sales";"المبيعات";"ar"
"sales_amount";"كمية المبيعات";"ar"
"sales_commission";"عمولة المبيعات";"ar"
"sales_period";"فترة المبيعات";"ar"
"sales_period_total";"إجمالي فترة المبيعات";"ar"
"sales_reports";"تقارير المبيعات";"ar"
"sales_reports_side_bar_notes";"لتضمين حالات الطلب وطرق الدفع ومناطق الأسعار في قائمة الشروط ، تحقق من العنصر الضروري وانقر على الزر ""حفظ"".";"ar"
"salt";"ملح";"ar"
"same_as_source";"نسخة من المصدر";"ar"
"save";"حفظ";"ar"
"saved_search";"البحث المحفوظ";"ar"
"saved_search.more_short";"أكثر";"ar"
"saved_search.set_as_default";"تعيين كافتراضي";"ar"
"saved_search.set_as_default_confirm";"سيتم فتح البحث المحفوظ ""[name]"" افتراضيًا بدلاً من القائمة الكاملة للكائنات. هل هذا ما تريده؟";"ar"
"saved_search.set_as_non_default";"تعيين كغير افتراضي";"ar"
"saved_search.set_as_non_default_confirm";"سيتم فتح القائمة الكاملة للكائنات افتراضيًا بدلاً من البحث المحفوظ ""[name]"". هل هذا ما تريده؟";"ar"
"save_and_close";"حفظ وإغلاق";"ar"
"save_and_send";"احفظ وأرسل";"ar"
"save_as";"حفظ باسم...";"ar"
"save_changes";"حفظ التغييرات";"ar"
"save_directory";"دليل الخادم";"ar"
"save_discount";"خصم";"ar"
"save_layout";"حفظ التخطيط";"ar"
"save_layout_as";"حفظ التخطيط باسم";"ar"
"save_process_payment";"حفظ ومعالجة الدفع";"ar"
"save_this_search_as";"حفظ هذا البحث باسم";"ar"
"sb_share";"مشاركة";"ar"
"scan_for_modified_core_files";"المسح الضوئي للملفات الأساسية المتغيرة";"ar"
"scb_text_notice";"Please send the following URL to the SCB support to be set as PostbackURL: <br /><b>[return_url]</b>";"ar"
"screen";"الشاشة";"ar"
"screen_resolution";"دقة ألوان الشاشة";"ar"
"script";"سكربت";"ar"
"scroller_direction";"اتجاه التحرك التلقائي";"ar"
"scroll_per_page";"تحرك عبر الصفحات";"ar"
"search";"بحث";"ar"
"searching_all_products";"البحث في جميع المنتجات";"ar"
"search_add_filter";"إضافة مرشح";"ar"
"search_again";"بحث مرة أخرى";"ar"
"search_by_customer";"البحث حسب العميل";"ar"
"search_by_order";"بحث بواسطة المنتج";"ar"
"search_by_owner";"بحث بواسطة المالك";"ar"
"search_by_price";"بحث بواسطة السعر";"ar"
"search_by_product_features";"بحث بواسطة مواصفات المنتج";"ar"
"search_by_product_filters";"بحث بواسطة مصفات المنتج";"ar"
"search_by_sku";"بحث بواسطة كود المنتج";"ar"
"search_by_vendor";"بحث بواسطة المتجر";"ar"
"search_by_weight";"بحث بواسطة الوزن";"ar"
"search_engine";"محرك البحث";"ar"
"search_for_pattern";"بحث";"ar"
"search_in";"بحث في";"ar"
"search_in_category";"بحث في الفئة";"ar"
"search_in_subcategories";"بحث في الفئات الفرعية";"ar"
"search_options";"خيارات البحث";"ar"
"search_product";"البحث عن المنتج";"ar"
"search_products";"البحث عن المنتجات";"ar"
"search_range_from";"من";"ar"
"search_range_to";"ل";"ar"
"search_results";"نتائج البحث";"ar"
"search_results_for";"نتائج البحث عن [search]";"ar"
"search_string";"بحث شرطي";"ar"
"search_words";"كلمات البحث";"ar"
"secondary_categories";"الفئة الثانوية";"ar"
"seconds_left";"[n] اليسار الثاني [n] اليسار الثاني";"ar"
"secret_key";"المفتاح السري";"ar"
"secret_string";"النص السري";"ar"
"secret_word";"الكلمة السرية";"ar"
"section";"القسم";"ar"
"section_is_not_completed";"لم يتم استكمال القسم.";"ar"
"section_links";"روابط القسم";"ar"
"section_name";"اسم القسم";"ar"
"secure";"تأمين";"ar"
"secure_checkout";"تفعيل الاتصال الآمن لإتمام الشراء";"ar"
"secure_storefront_url";"رابط واجهة الزوار الآمن";"ar"
"secure_storefront_url_already_exists";"قيمة <strong>رابط واجهة الزوار الآمن</strong> التي قمت بإدخالها خاصة بشركة أخرى.";"ar"
"security";"خصائص الحماية";"ar"
"security_settings";"إعدادات الحماية";"ar"
"see_demo";"مشاهدة العرض التجريبي";"ar"
"see_full_templates_list";"ألا يمكنك العثور على إشعار تبحث عنه؟ <br/> <a href=""[email_template_manage]""> </a> <br/> <a href=""[internal_template_manage]""> اطلع على القائمة الكاملة لـ -قوالب إخطارات الموقع </a>";"ar"
"select";"اختيار";"ar"
"selectbox";"صندوق تحديد";"ar"
"selected";"المختار";"ar"
"selected_fields";"الحقول المختارة";"ar"
"selected_filters";"Selected filters";"ar"
"selected_items";"العناصر المختارة";"ar"
"select_all";"اختيار الكل";"ar"
"select_all_product_options";"يجب تحديد كل خيارات المنتج";"ar"
"select_block";"اختيار الكتلة";"ar"
"select_categories";"حدد الفئات";"ar"
"select_coordinates";"تحديد الإحداثيات";"ar"
"select_country";"&darr;";"ar"
"select_customer";"اختر عملاء";"ar"
"select_dates";"اختر الفترة";"ar"
"select_default";"حدد الافتراضي";"ar"
"select_descr_lang";"اختيار لغة الوصف";"ar"
"select_developer";"حدد المطور";"ar"
"select_fields_to_edit";"اختر الحقول لتحريرها";"ar"
"select_file";"اختر ملف";"ar"
"select_image";"اختر صورة";"ar"
"select_new_owner_company";"اختر مالك جديد لبيانات بروفايل هذه الشركة:";"ar"
"select_one_or_more_type";"حدد واحد أو أكثر من الخيارات";"ar"
"select_options";"حدد الخيارات";"ar"
"select_option_above";"اختر الخيار السابق أولاً";"ar"
"select_product";"اختر منتج";"ar"
"select_products";"اختيار المنتجات";"ar"
"select_profile";"اختيار البروفايل";"ar"
"select_selectbox_option";"حدد الخيار";"ar"
"select_shipping_method";"اختر طريقة الشحن";"ar"
"select_single_type";"قم بتحديد خيار واحد";"ar"
"select_state";"اختر المحافظة/الإمارة";"ar"
"select_storefront";"حدد [store] واجهة المحل";"ar"
"select_tables";"اختيار الجداول";"ar"
"seller_info";"معلومات البائع";"ar"
"seller_tools";"أدوات البائع";"ar"
"sell_files";"Files to sell";"ar"
"semicolon";"فاصلة منقوطة";"ar"
"send";"إرسال";"ar"
"sender";"المرسل";"ar"
"sending_email_to";"إرسال بريد إلكتروني إلى [email]...";"ar"
"send_feedback";"ساعدنا لتحسين CS-Cart";"ar"
"send_invitations";"دعوة";"ar"
"send_notification";"إرسال الإبلاغات إلى المحدد";"ar"
"send_shipment_notification_to_customer";"إرسال إبلاغ عن الشحنة للعميل";"ar"
"send_shipping_address";"إرسال عنوان شحن العميل";"ar"
"send_test_email";"إرسال اختبار بريد إلكتروني";"ar"
"send_test_notification";"إرسال إخطار الاختبار";"ar"
"send_to";"ارسل إلى";"ar"
"send_to_test_email";"إرسال لاختبار البريد الإلكتروني";"ar"
"send_via";"إرسال بواسطة";"ar"
"send_via_email";"إرسال بواسطة الإيميل";"ar"
"send_via_postal_mail";"إرسال بواسطة البريد العادي";"ar"
"sent";"أرسلت";"ar"
"seo";"SEO";"ar"
"seo.actions.redirects_manager";"301 عمليات إعادة التوجيه";"ar"
"seo.add_redirect";"إضافة إعادة توجيه";"ar"
"seo.brand";"ماركة";"ar"
"seo.create_redirect";"إنشاء إعادة توجيه من العنوان القديم";"ar"
"seo.default_storefront_frontend_default_language_warning";"تم تكوين الوظيفة الإضافية <a href=""[link]""> SEO </a> حاليًا لاستخدام عنوان URL واحد لجميع اللغات. إذا قمت بتغيير اللغة الافتراضية لواجهة المتجر الافتراضية ، فسيتم تغيير عناوين URL لتحسين محركات البحث لجميع واجهات المتاجر.";"ar"
"seo.error_at_creation_seo_name";"اسم SEO التالي موجود بالفعل في متجرك: <b> [names] </b>. <p> تم استخدام اسم SEO التالي بدلاً من ذلك: <b> [new_names] </b>. | أسماء SEO التالية موجودة بالفعل في متجرك: <b> [names] </b>. تم استخدام أسماء SEO التالية بدلاً من ذلك: <b> [new_names] </b>.";"ar"
"seo.error_incorrect_seo_name";"اسم تحسين محركات البحث التالي بتنسيق غير صحيح: <b>[names]</b>. <p> تم استخدام اسم تحسين محركات البحث التالي بدلاً من ذلك: <b>[new_names]</b>| أسماء تحسين محركات البحث التالية لها تنسيق غير صحيح: <b>[names]</b>. تم استخدام أسماء تحسين محركات البحث التالية بدلاً من ذلك: <b>[new_names]</b>.";"ar"
"seo.error_incorrect_url";"تنسيق غير صحيح لعنوان URL <b> [url] </b>. على سبيل المثال ، إذا كان عنوان URL الخاص بك هو <b> http://example.com/path/to/object </b> ، فأنت بحاجة إلى إدخال <b> / path / to / object </b>";"ar"
"seo.error_old_url_exists";"عنوان URL الذي تقوم بإعادة التوجيه منه موجود بالفعل";"ar"
"seo.feature_code.brand.description";"الاسم المستخدم من قبل منظمة أو رجل أعمال لوصف منتج";"ar"
"seo.feature_code.gtin.description";"رقم البند التجارة العالمي";"ar"
"seo.feature_code.isbn.description";"الرقم العالمي الموحد للكتاب";"ar"
"seo.feature_code.mpn.description";"رقم جزء الشركة المصنعة";"ar"
"seo.gtin";"GTIN";"ar"
"seo.important_language_text";"<b> تحذير! </b> الوظيفة الإضافية <b> SEO </b> مهيأة حاليًا لاستخدام عنوان URL واحد لجميع اللغات. إذا قمت بإخفاء لغة افتراضية لإحدى واجهات المتاجر أو تعطيلها أو حذفها ، فسيتم تغيير عناوين URL لتحسين محركات البحث.";"ar"
"seo.isbn";"ISBN";"ar"
"seo.MPN";"MPN";"ar"
"seo.new_redirect";"إعادة توجيه جديد";"ar"
"seo.new_url";"URL الجديد";"ar"
"seo.old_url";"URL القديم";"ar"
"seo.product_feature.feature_code.notice";"يمكن أن يساعد رمز مناسب في ظهور هذه الميزة مع المنتج في محركات البحث. الرموز المدعومة:";"ar"
"seo.redirects_manager";"عمليات إعادة التوجيه 301";"ar"
"seo.rich_snippets";"معاينة المقتطفات المنسقة من Google";"ar"
"seo.rich_snippets_rating";"التقييم";"ar"
"seo.rich_snippets_reviews";"[n] مراجعة | [n] من المراجعات";"ar"
"seo.secondary_storefront_frontend_default_language_warning";"تم تكوين الوظيفة الإضافية <a href=""[link]"">SEO</a> حاليًا لاستخدام عنوان URL واحد لجميع اللغات باستخدام اللغة الافتراضية لواجهة المتجر الافتراضية. إذا قمت بتغيير اللغة الافتراضية لواجهة المتجر المحددة ، فلن يتم تغيير عناوين URL لتحسين محركات البحث.";"ar"
"seo.storefront_frontend_default_language_warning";"تم تكوين الوظيفة الإضافية <a href=""[link]""> SEO </a> حاليًا لاستخدام عنوان URL واحد لجميع اللغات. إذا قمت بتغيير اللغة الافتراضية لواجهة المتجر هذه ، فسيتم تغيير عناوين URL لتحسين محركات البحث.";"ar"
"seo_add_rule";"أضف القاعدة";"ar"
"seo_meta_data";"SEO / Meta data";"ar"
"seo_name";"اسم SEO";"ar"
"seo_page_title";"الصفحة [n]";"ar"
"seo_robots";"robots.txt";"ar"
"seo_rules";"قواعد SEO";"ar"
"separate_multiple_email_addresses";"إذا أدخلت عدة رسائل بريد إلكتروني ، فاكتب كل منها في سطر جديد.";"ar"
"separator";"فاصل";"ar"
"sequential";"تسلسلي";"ar"
"server";"على السيرفر";"ar"
"service_not_available";"هذه الخدمة غير متاحة.";"ar"
"set";"تعيين";"ar"
"settings";"الإعدادات";"ar"
"settings.smtp_error";"خطأ SMTP";"ar"
"settings_general";"عام";"ar"
"settings_general_menu_description";"قم بتكوين معلومات شركتك والمبادئ الأساسية لكيفية عمل موقعك.";"ar"
"settings_overwrite_text";"سيتم تعيين <b>[theme_name]</b> عقب إعدادات التنشيط";"ar"
"settings_overwrite_title";"كتابة القالب فوق إعدادات المتجر";"ar"
"settings_wizard";"معالج الإعدادات";"ar"
"settings_wizard_close_tooltip";"يمكنكم إعادة فتح المعالج من 'الإعدادات -> معالج الإعدادات'.";"ar"
"settings_wizard_title";"معالج الإعدادات: الخطوة [current_step] من [total_steps]";"ar"
"settled_order_status";"اعتبر تم دفع الطلب";"ar"
"set_custom_configuration";"Set custom configuration";"ar"
"share";"مشاركة";"ar"
"share.congratulations_first_order";"تهانينا على طلبك الأول الكامل.";"ar"
"share.first_order_tweet";"أول طلب شراء مكتمل من المتجر الإلكتروني";"ar"
"share.installation_tweet";"لقد قمت مؤخراً بإنشاء متجر إلكتروني بدعم من [product_name]";"ar"
"sharedsec";"مشاركة السر";"ar"
"shared_secret";"مشاركة السر";"ar"
"sha_sign";"SHA-1 Signature";"ar"
"shipment";"الشحنة";"ar"
"shipments";"الشحنات";"ar"
"shipment_date";"تاريخ الشحنة";"ar"
"shipment_details";"تفاصيل الشحنة";"ar"
"shipment_has_been_created";"تم إنشاء الشحنة";"ar"
"shipment_id";"معرف الشحنة";"ar"
"shipment_info";"معلومات الشحنة";"ar"
"shipment_statuses";"حالات الشحن";"ar"
"shipped";"مشحون";"ar"
"shipped_products";"المنتجات المشحونة";"ar"
"shipper_number";"رقم الشاحن";"ar"
"shipping";"الشحن";"ar"
"shipping.pricing";"التسعير";"ar"
"shippings";"الشحن";"ar"
"shippings.aup.currency_not_configured";"لتنشيط معالج الشحن في استراليا، يجب عليك تمكين العملة ""الدولار الأسترالي"".";"ar"
"shippings.aup.pac_api_key";"مفتاح PAC API";"ar"
"shippings.can.api_keys";"مفتاح API";"ar"
"shippings.can.business_account_information";"معلومات حساب الأعمال";"ar"
"shippings.can.contract_id";"معرف العقد";"ar"
"shippings.can.customer_number";"رقم العميل";"ar"
"shippings.can.options";"خيارات التسليم";"ar"
"shippings.can.option_cod";"الجمع على التسليم";"ar"
"shippings.can.option_cov";"التغطية";"ar"
"shippings.can.option_cov_amount";"مبلغ التغطية";"ar"
"shippings.can.option_dns";"قم بإسقاط ليست آمنة";"ar"
"shippings.can.option_hfp";"بطاقة لالتقاط";"ar"
"shippings.can.option_lad";"اترك عند الباب - لا بطاقات";"ar"
"shippings.can.option_pa18";"إثبات السن المطلوبة -18";"ar"
"shippings.can.option_pa19";"إثبات السن المطلوبة -19";"ar"
"shippings.can.option_so";"التوقيع";"ar"
"shippings.can.password";"كلمة المرور";"ar"
"shippings.can.username";"اسم المستخدم";"ar"
"shippings.currency_not_found";"لم يتم العثور على العملة [currency]";"ar"
"shippings.fedex.currency_is_missing";"الأسعار التي تحسبها FedEx بعملة [currency] ، وهذه العملة غير موجودة في متجرك. يرجى إنشاء تلك العملة ؛ وإلا فلن يتمكن العملاء من تحديد طريقة الشحن هذه.";"ar"
"shippings.fedex.error_empty_response";"خطأ: أرجعت الخدمة استجابة فارغة";"ar"
"shippings.fedex.freight_account_number";"رقم حساب الشحن";"ar"
"shippings.fedex.general_settings";"الإعدادات العامة";"ar"
"shippings.fedex.options";"خيارات التسليم";"ar"
"shippings.fedex.option_broker_select_option";"حدد الخيار الوسيط";"ar"
"shippings.fedex.option_call_before_delivery";"استدعاء قبل التسليم";"ar"
"shippings.fedex.option_cod";"الدفع عند التسليم";"ar"
"shippings.fedex.option_cod_amount";"قيمة الدفع عند التسليم";"ar"
"shippings.fedex.option_cod_collection_type";"نوع مجموعة الدفع عند التسليم";"ar"
"shippings.fedex.option_cod_collection_type_any";"أي";"ar"
"shippings.fedex.option_cod_collection_type_cash";"نقدي";"ar"
"shippings.fedex.option_cod_collection_type_company_check";"التحقق من الشركة";"ar"
"shippings.fedex.option_cod_collection_type_guaranteed_funds";"أموال مضمونة";"ar"
"shippings.fedex.option_cod_collection_type_personal_check";"شيك شخصي";"ar"
"shippings.fedex.option_custom_delivery_window";"إطار توصيل مخصص";"ar"
"shippings.fedex.option_cut_flowers";"الزهور المقطوفة";"ar"
"shippings.fedex.option_dangerous_goods";"البضائع الخطرة";"ar"
"shippings.fedex.option_dangerous_goods_accessibility";"وصول البضائع الخطرة";"ar"
"shippings.fedex.option_dangerous_goods_accessibility_accessible";"قابل للوصول";"ar"
"shippings.fedex.option_dangerous_goods_accessibility_inaccessible";"لا يمكن الوصول إليها";"ar"
"shippings.fedex.option_dangerous_goods_options";"خيارات المحتويات الخطرة";"ar"
"shippings.fedex.option_dangerous_goods_options_battery";"البطارية";"ar"
"shippings.fedex.option_dangerous_goods_options_hazardous_materials";"شحن مواد خطرة";"ar"
"shippings.fedex.option_dangerous_goods_options_limited_quantities_commodities";"كميات محدودة من السلع";"ar"
"shippings.fedex.option_dangerous_goods_options_orm_d";"ORM-D";"ar"
"shippings.fedex.option_dangerous_goods_options_reportable_quantities";"كميات القابلة للإبلاغ";"ar"
"shippings.fedex.option_dangerous_goods_options_small_quantity_exception";"استثناء كمية صغيرة";"ar"
"shippings.fedex.option_delivery_on_invoice_acceptance";"التسليم عند قبول الفاتورة";"ar"
"shippings.fedex.option_do_not_break_down_pallets";"لا تزيل المنصات";"ar"
"shippings.fedex.option_do_not_stack_pallets";"لا تكوم المنصات";"ar"
"shippings.fedex.option_dry_ice";"ثلج جاف";"ar"
"shippings.fedex.option_east_coast_special";"الساحل الشرقي الخاص";"ar"
"shippings.fedex.option_electronic_trade_documents";"وثائق التجارة الإلكترونية";"ar"
"shippings.fedex.option_event_notification";"إشعار بحدث الشحن";"ar"
"shippings.fedex.option_exclude_from_consolidation";"استبعاد من التوحيد";"ar"
"shippings.fedex.option_extreme_length";"الطول الأقصى";"ar"
"shippings.fedex.option_fedex_one_rate";"معدل فيديكس واحد";"ar"
"shippings.fedex.option_food";"المواد الغذائية";"ar"
"shippings.fedex.option_freight_guarantee";"ضمان الشحن";"ar"
"shippings.fedex.option_freight_to_collect";"الشحن للجمع";"ar"
"shippings.fedex.option_future_day_shipment";"شحنة يوميا في المستقبل";"ar"
"shippings.fedex.option_hold_at_location";"الاحتفاظ في الموقع";"ar"
"shippings.fedex.option_home_delivery_premium";"التسليم للمنزل الممتازة";"ar"
"shippings.fedex.option_inside_delivery";"التسليم داخل";"ar"
"shippings.fedex.option_inside_pickup";"داخل شاحنة صغيرة";"ar"
"shippings.fedex.option_international_controlled_export_service";"خدمة الصادرات الخاضعة للمراقبة الدولية";"ar"
"shippings.fedex.option_international_traffic_in_arms_regulations";"الاتجار الدولي بأنظمة الأسلحة";"ar"
"shippings.fedex.option_liftgate_delivery";"تسليم Liftgate";"ar"
"shippings.fedex.option_liftgate_pickup";"Liftgate بيك آب";"ar"
"shippings.fedex.option_limited_access_delivery";"تسليم الوصول المحدود";"ar"
"shippings.fedex.option_limited_access_pickup";"بيك آب الوصول المحدود";"ar"
"shippings.fedex.option_over_length";"طول زائد";"ar"
"shippings.fedex.option_pending_shipment";"شحنة معلقة";"ar"
"shippings.fedex.option_pharmacy_delivery";"تسليم الصيدلة";"ar"
"shippings.fedex.option_poison";"السم";"ar"
"shippings.fedex.option_protection_from_freezing";"الحماية من التجميد";"ar"
"shippings.fedex.option_returns_clearance";"تقوم بإرجاع التخليص";"ar"
"shippings.fedex.option_saturday_delivery";"التسليم يوم السبت";"ar"
"shippings.fedex.option_saturday_pickup";"الشحن اليوم السبت";"ar"
"shippings.fedex.option_third_party_consignee";"خدمة الأولوية الدولية للمرسل إليه من طرف ثالث من FedEx (TPC)";"ar"
"shippings.fedex.option_top_load";"تحميل أعلى";"ar"
"shippings.service_not_configured";"الخدمة غير معدة";"ar"
"shippings.service_not_found";"الخدمة غير موجودة";"ar"
"shippings.ups.package_type.00";"مجهول";"ar"
"shippings.ups.package_type.01";"رسالة UPS";"ar"
"shippings.ups.package_type.02";"الشحنة";"ar"
"shippings.ups.package_type.03";"Tube";"ar"
"shippings.ups.package_type.04";"Pak";"ar"
"shippings.ups.package_type.21";"اكسبريس بوكس";"ar"
"shippings.ups.package_type.24";"صندوق 25 كجم";"ar"
"shippings.ups.package_type.25";"صندوق 10 كجم";"ar"
"shippings.ups.package_type.2a";"صندوق اكسبرس صغير";"ar"
"shippings.ups.package_type.2b";"صندوق اكسبرس متوسط";"ar"
"shippings.ups.package_type.2c";"صندوق اكسبرس كبير";"ar"
"shippings.ups.package_type.30";"Pallet";"ar"
"shippings_taxes";"الشحن والضرائب";"ar"
"shipping_address";"عنوان الشحن";"ar"
"shipping_address_changed";"لقد تم تغيير عنوان الشحن";"ar"
"shipping_address_line_2";"الشحن: العنوان (السطر 2)";"ar"
"shipping_add_conditions";"أضف الشروط";"ar"
"shipping_add_items_condition";"إضافة شروط البنود";"ar"
"shipping_add_price_condition";"أضف شروط السعر";"ar"
"shipping_add_weight_condition";"أضف شروط الوزن";"ar"
"shipping_and_up";"و اعلى";"ar"
"shipping_applied_to_vendors";"تم تطبيق أسلوب الشحن للبائعين [vendors]";"ar"
"shipping_charges";"ثمن الشحن";"ar"
"shipping_city";"الشحن: المدينة";"ar"
"shipping_condition";"حالة";"ar"
"shipping_cost";"تكلفة الشحن";"ar"
"shipping_country";"الشحن: البلد";"ar"
"shipping_edit_rate_area";"تحرير منطقة المعدل";"ar"
"shipping_estimation";"تقدير الشحن";"ar"
"shipping_first_name";"الشحن: الاسم الأول";"ar"
"shipping_freight";"أجرة الشحن";"ar"
"shipping_from_value";"من";"ar"
"shipping_hide_conditions";"إخفاء الشروط";"ar"
"shipping_information";"معلومات الشحن";"ar"
"shipping_item";"العنصر";"ar"
"shipping_items_condition";"حالة العناصر";"ar"
"shipping_last_name";"الشحن: الاسم الأخير";"ar"
"shipping_method";"طريقة الشحن";"ar"
"shipping_methods";"طرق الشحن";"ar"
"shipping_methods_menu_description";"قم بإعداد خيارات الشحن وأسعارها ومدى توفرها حسب الموقع.";"ar"
"shipping_name";"اسم الشحن";"ar"
"shipping_options";"خيارات الشحن";"ar"
"shipping_per";"لكل";"ar"
"shipping_phone";"الشحن: الهاتف";"ar"
"shipping_price_condition";"حالة السعر";"ar"
"shipping_properties";"خصائص الشحن";"ar"
"shipping_rate";"معدل";"ar"
"shipping_rates";"معدلات الشحن";"ar"
"shipping_rate_absolute";"مطلق ([currency])";"ar"
"shipping_rate_percent";"نسبة سلة التسوق (٪)";"ar"
"shipping_rate_range_limit_error_message";"لا يمكن أن تكون بداية النطاق أعلى من نهايته.";"ar"
"shipping_rate_range_overlap_error_message";"يجب ألا تقع الحالة ضمن النطاق الحالي.";"ar"
"shipping_remove_items_condition";"شروط إزالة العناصر";"ar"
"shipping_remove_price_condition";"إزالة شروط السعر";"ar"
"shipping_remove_rate_area";"إزالة منطقة السعر من الشحن";"ar"
"shipping_remove_weight_condition";"إزالة شروط الوزن";"ar"
"shipping_same_as_billing";"عنوان الشحن مثل عنوان الدفع؟";"ar"
"shipping_service";"خدمة الشحن";"ar"
"shipping_state";"الشحن: الولاية";"ar"
"shipping_surcharge_discount";"رسوم إضافية / خصم";"ar"
"shipping_time";"وقت الشحن";"ar"
"shipping_time_and_charges";"وقت الشحن والأسعار";"ar"
"shipping_tips";"";"ar"
"shipping_to_value";"إلى";"ar"
"shipping_weight_condition";"حالة الوزن";"ar"
"shipping_zipcode";"الشحن: الرمز البريدي";"ar"
"ship_dhl_account_country";"بلد الحساب";"ar"
"ship_dhl_height";"إرتفاع الشحنة";"ar"
"ship_dhl_length";"طول الشحنة";"ar"
"ship_dhl_site_id";"معرف الموقع Site ID";"ar"
"ship_dhl_width";"عرض الشحنة";"ar"
"ship_downloadable";"تفعيل الشحن للبضائع القابلة للتحميل إلكترونياً";"ar"
"ship_fedex_ancillary_endorsement";"ملحق الإقرارات";"ar"
"ship_fedex_ancillary_endorsement_address_correction";"خدمة العنوان مطلوبة";"ar"
"ship_fedex_ancillary_endorsement_carrier_leave_if_no_response";"يتركه الناقل في حالة عدم الرد";"ar"
"ship_fedex_ancillary_endorsement_change_service";"خدمة الإستبدال مطلوبة";"ar"
"ship_fedex_ancillary_endorsement_forwarding_service";"خدمة إعادة الإرسال مطلوبة";"ar"
"ship_fedex_ancillary_endorsement_return_delivery";"خدمة الإسترجاع مطلوبة";"ar"
"ship_fedex_customer_manifest_id";"رمز العميل الواضح";"ar"
"ship_fedex_drop_off_type";"نوع التسليم";"ar"
"ship_fedex_drop_off_type_business_service_center";"مركز خدمة رجال الأعمال";"ar"
"ship_fedex_drop_off_type_drop_box";"صندوق الإسقاط";"ar"
"ship_fedex_drop_off_type_regular_pickup";"إستلام عادي";"ar"
"ship_fedex_drop_off_type_request_courier";"مطلوب شحن";"ar"
"ship_fedex_drop_off_type_station";"تسليم في محطة";"ar"
"ship_fedex_height";"الإرتفاع بالبوصة";"ar"
"ship_fedex_hub_id";"رمز المحور";"ar"
"ship_fedex_indicia";"المحتوى";"ar"
"ship_fedex_indicia_media_mail";"شحنة وسائط (الشحنات من 1 إلي 70 رطل وتحتوي على كتب او اقراص دي في دي او شرائط فيديو)";"ar"
"ship_fedex_indicia_parcel_select";"إختيار الحزمة (الشحنات من 1 إلي 70 رطل)";"ar"
"ship_fedex_indicia_presorted_bound_printed_matter";"شحنة حزمة مطبوعات (الشحنات من 1 إلي 15 رطل وتحتوي على مطويات، دليل هاتف او اي مطبوعات)";"ar"
"ship_fedex_indicia_presorted_standard";"شحنات بريد عادية (الشحنات اقل من 1 رطل)";"ar"
"ship_fedex_length";"الإرتفاع بالبوصة";"ar"
"ship_fedex_meter_number";"رقم المتر";"ar"
"ship_fedex_package_type_fedex_10kg_box";"صندوق فيدكس 10 كيلو جرام";"ar"
"ship_fedex_package_type_fedex_25kg_box";"صندوق فيدكس 25 كيلو جرام";"ar"
"ship_fedex_package_type_fedex_box";"صندوق فيدكس";"ar"
"ship_fedex_package_type_fedex_envelope";"مظروف فيدكس";"ar"
"ship_fedex_package_type_fedex_extra_large_box";"صندوق فيديكس الكبير جداً";"ar"
"ship_fedex_package_type_fedex_large_box";"صندوق فيدكس الكبير";"ar"
"ship_fedex_package_type_fedex_medium_box";"صندوق فيدكس المتوسط";"ar"
"ship_fedex_package_type_fedex_pak";"شحنة فيدكس";"ar"
"ship_fedex_package_type_fedex_small_box";"صندوق فيدكس الصغير";"ar"
"ship_fedex_package_type_fedex_tube";"أنبوبة فيدكس";"ar"
"ship_fedex_package_type_your_packaging";"التعبئة والتغليف الخاصة بك";"ar"
"ship_fedex_pickup_type";"نوع الالتقاط";"ar"
"ship_fedex_pickup_type_contact_fedex_to_schedule";"اتصل بـ FedEx لتحديد الموعد";"ar"
"ship_fedex_pickup_type_dropoff_at_fedex_location";"التسليم في موقع FedEx";"ar"
"ship_fedex_pickup_type_use_scheduled_pickup";"استخدم الاستلام المجدول";"ar"
"ship_fedex_smart_post";"البريد الذكي";"ar"
"ship_fedex_special_services";"خدمة خاصة (تأكيد التوصيل)";"ar"
"ship_fedex_subpackage_type_bag";"شنطة";"ar"
"ship_fedex_subpackage_type_barrel";"برميل";"ar"
"ship_fedex_subpackage_type_basket";"سلة";"ar"
"ship_fedex_subpackage_type_box";"صندوق";"ar"
"ship_fedex_subpackage_type_bucket";"دلو";"ar"
"ship_fedex_subpackage_type_bundle";"حزمة";"ar"
"ship_fedex_subpackage_type_cage";"قفص";"ar"
"ship_fedex_subpackage_type_carton";"كرتون";"ar"
"ship_fedex_subpackage_type_case";"قضية";"ar"
"ship_fedex_subpackage_type_chest";"صدر";"ar"
"ship_fedex_subpackage_type_container";"حاوية";"ar"
"ship_fedex_subpackage_type_crate";"قفص";"ar"
"ship_fedex_subpackage_type_cylinder";"أسطوانة";"ar"
"ship_fedex_subpackage_type_drum";"طبل";"ar"
"ship_fedex_subpackage_type_envelope";"ظرف";"ar"
"ship_fedex_subpackage_type_hamper";"عرقلة";"ar"
"ship_fedex_subpackage_type_other";"آخر";"ar"
"ship_fedex_subpackage_type_package";"طَرد";"ar"
"ship_fedex_subpackage_type_pail";"Pail";"ar"
"ship_fedex_subpackage_type_pallet";"منصة نقالة";"ar"
"ship_fedex_subpackage_type_parcel";"قطعة";"ar"
"ship_fedex_subpackage_type_reel";"بكرة";"ar"
"ship_fedex_subpackage_type_roll";"Roll";"ar"
"ship_fedex_subpackage_type_sack";"كيس";"ar"
"ship_fedex_subpackage_type_shrinkwrapped";"مغلفة بالانكماش";"ar"
"ship_fedex_subpackage_type_skid";"Skid";"ar"
"ship_fedex_subpackage_type_tank";"صهريج";"ar"
"ship_fedex_subpackage_type_totebin";"توتبين";"ar"
"ship_fedex_subpackage_type_tube";"أنبوب";"ar"
"ship_fedex_subpackage_type_unit";"وحدة";"ar"
"ship_fedex_width";"العرض بالبوصة";"ar"
"ship_height";"إرتفاع الشحنة سم";"ar"
"ship_length";"طول الشحنة سم";"ar"
"ship_sp_l_acknowledgement_of_delivery";"إشعار بالتوصيل (فقط للعملاء المسجلين)";"ar"
"ship_sp_l_cash_on_delivery";"الدفع عن الإستلام (فقط للعملاء المسجلين)";"ar"
"ship_sp_l_personal_delivery";"التوصيل الشخصي (فقط للعملاء المسجلين)";"ar"
"ship_sp_l_registered_mail";"بريد مسجل";"ar"
"ship_sp_pc_assurance";"تأكيد";"ar"
"ship_sp_pc_cash_on_delivery";"الدفع عند الإستلام";"ar"
"ship_sp_pc_fragile";"قابل للكسر";"ar"
"ship_sp_pc_manual_handling";"معاملة يدوية";"ar"
"ship_sp_pc_personal";"شخصي";"ar"
"ship_sp_pc_signature";"إمضاء";"ar"
"ship_sp_pp_additional_insurance";"تأمين إضافي (حتى 3000 CHF-)";"ar"
"ship_sp_pp_bulky_goods";"البضائع ذات الحجم الكبير";"ar"
"ship_sp_pp_cash_on_delivery";"الدفع عند الإستلام (الإقتصادي فقط)";"ar"
"ship_sp_pp_manual_processing";"معالجة يدوية";"ar"
"ship_sp_ur_additional_insurance";"تأمين إضافي للبضائع المهمة (حتى 3000 CHF)";"ar"
"ship_swisspost_error_intl_delivery";"لا يمكن إستخدم وسيلة التوصيل هذه للشحن الدولي";"ar"
"ship_swisspost_error_private_delivery";"لا يمكن إستخدم وسيلة التوصيل هذه للشحن الخاص";"ar"
"ship_swisspost_heavy_package";"الشحنة ثقيلة للغاية";"ar"
"ship_swisspost_unable_to_open_additional_services";"لا يمكن فتح ملف الخدمات الإضافية additional_services.csv";"ar"
"ship_swisspost_unable_to_open_service";"لا يمكن فتح ملف [code]";"ar"
"ship_to";"شحن إلى";"ar"
"ship_to_another";"شحن لعنوان آخر";"ar"
"ship_ups_access_key";"UPS Rates Access Key";"ar"
"ship_ups_access_token";"رمز الوصول لتطبيق UPS";"ar"
"ship_ups_access_token_expiration";"انتهاء صلاحية رمز الوصول لتطبيق UPS";"ar"
"ship_ups_client_id";"معرف عميل تطبيق UPS";"ar"
"ship_ups_client_secret";"سر عميل تطبيق UPS";"ar"
"ship_ups_dcist_type";"نوع التأكيد";"ar"
"ship_ups_delivery_confirmation";"لا يوجد توقيع";"ar"
"ship_ups_delivery_confirmation_adult_signature";"توقيع البالغين مطلوب";"ar"
"ship_ups_delivery_confirmation_signature";"التوقيع مطلوب";"ar"
"ship_ups_package_type_01";"UPS letter/ UPS Express Envelope";"ar"
"ship_ups_package_type_03";"UPS Tube";"ar"
"ship_ups_package_type_04";"UPS Pack";"ar"
"ship_ups_package_type_21";"UPS Express Box";"ar"
"ship_ups_package_type_24";"UPS 25Kg Box";"ar"
"ship_ups_package_type_25";"UPS 10Kg Box";"ar"
"ship_ups_pickup_type";"نوع الإستلام من المكان المخصص للشحن";"ar"
"ship_ups_pickup_type_01";"الإستلام اليومي من المكان المخصص للشحن";"ar"
"ship_ups_pickup_type_03";"عداد العملاء";"ar"
"ship_ups_pickup_type_06";"إستلام مرة واحدة فقط من المكان المخصص للشحن";"ar"
"ship_ups_pickup_type_07";"إتصال جوي";"ar"
"ship_ups_pickup_type_11";"أسعار البيع المقترحة";"ar"
"ship_ups_pickup_type_19";"المركز الإلكتروني";"ar"
"ship_ups_pickup_type_20";"مركز الخدمات الجوية";"ar"
"ship_ups_use_delivery_confirmation";"استخدام تأكيد التسليم";"ar"
"ship_usps_container";"حاوية";"ar"
"ship_usps_container_express";"حاوية سريعة";"ar"
"ship_usps_container_express_flat_rate_envelope";"ظرف بالسعر الموحد";"ar"
"ship_usps_container_priority";"حاوية مخصوصة";"ar"
"ship_usps_container_priority_flat_rate_box";"صندوق بسعر موحد";"ar"
"ship_usps_container_priority_flat_rate_envelope";"جواب بسعر موحد";"ar"
"ship_usps_container_priority_gift_card_flat_rate_envelope";"ظرف قسيمة هدايا بسعر موحد";"ar"
"ship_usps_container_priority_legal_flat_rate_envelope";"ظرف قانوني بسعر موحد";"ar"
"ship_usps_container_priority_lg_flat_rate_box";"صندوق كبير بسعر موحد";"ar"
"ship_usps_container_priority_md_flat_rate_box";"صندوق وسط بسعر موحد";"ar"
"ship_usps_container_priority_nonrectangular";"غير مستطيل";"ar"
"ship_usps_container_priority_padded_flat_rate_envelope";"ظرف مفلق بسعر موحد";"ar"
"ship_usps_container_priority_rectangular";"مستطيل";"ar"
"ship_usps_container_priority_regional_a_rate_box";"صندوق من فئة الإقليم A";"ar"
"ship_usps_container_priority_regional_b_rate_box";"صندوق من فئة الإقليم  B";"ar"
"ship_usps_container_priority_regional_c_rate_box";"صندوق من فئة الإقليم  C";"ar"
"ship_usps_container_priority_sm_flat_rate_box";"صندوق صغير بسعر موحد";"ar"
"ship_usps_container_priority_sm_flat_rate_envelope";"Sm Flat Rate Envelope";"ar"
"ship_usps_container_priority_window_flat_rate_envelope";"Window Flat Rate Envelope";"ar"
"ship_usps_first_class_mail_type";"بريد درجة أولى";"ar"
"ship_usps_first_class_mail_type_flat";"سعر موحد";"ar"
"ship_usps_first_class_mail_type_parcel";"حزمة";"ar"
"ship_usps_intl_package_girth";"حجم الشحنة";"ar"
"ship_usps_intl_package_height";"إرتفاع الشحنة";"ar"
"ship_usps_intl_package_length";"طول الشحنة";"ar"
"ship_usps_intl_package_size";"مقاس الشحنة";"ar"
"ship_usps_intl_package_width";"عرض الشحنة";"ar"
"ship_usps_machinable";"آلي (بريد درجة أولى او بريد عادي)";"ar"
"ship_usps_machinable_false";"غير صحيح";"ar"
"ship_usps_machinable_true";"صحيح";"ar"
"ship_usps_mailtype";"نوع البريد";"ar"
"ship_usps_mailtype_matter_for_the_blind";"Matter for the Blind";"ar"
"ship_usps_mailtype_postcards_or_aerogrammes";"Postcards or Aerogrammes";"ar"
"ship_usps_package_size";"مقاس الشحنة (الطول+  الحجم بالبوصة)";"ar"
"ship_usps_package_size_large";"كبير (84..108)";"ar"
"ship_usps_package_size_oversize";"كبير جداً (108..130)";"ar"
"ship_usps_package_size_regular";"عادي (0..84)";"ar"
"ship_usps_priority_girth";"Priority Mail (Size:Large, Container:NonRectangular) Girth (inches)";"ar"
"ship_usps_priority_height";"Priority Mail (Size:Large) Height (inches)";"ar"
"ship_usps_priority_length";"Priority Mail (Size:Large) Length (inches)";"ar"
"ship_usps_priority_width";"Priority Mail (Size:Large) Width (inches)";"ar"
"ship_usps_username";"معرف المستخدم";"ar"
"ship_width";"عرض العبوة (سنتي)";"ar"
"shopify_import.choose_import_mode";"اختر وضع الاستيراد";"ar"
"shopify_import.depends_on_common_products_addon";"يحتاج هذا الخيار إلى <a href=""[link]"">منتجات شائعة للموردين</a> ليتم تثبيت الوظيفة الإضافية";"ar"
"shopify_import.import_for_all_vendors";"أقوم بإطلاق السوق الخاص بي وإعداد المنتجات ليستخدمها جميع البائعين";"ar"
"shopify_import.import_for_specific_vendor";"أنا أستورد هذه المنتجات لمورد معين";"ar"
"shopify_import.invalid_csv_file_format";"تنسيق ملف CSV الذي تم تحميله غير صالح أو فارغ. يتم دعم الملفات المصدرة من Shopify فقط.";"ar"
"shopify_import.last_status.F";"بالفشل";"ar"
"shopify_import.last_status.S";"النجاح";"ar"
"shopify_import.products_without_sku";"قيمة SKU مفقودة لبعض المنتجات. يتم دائمًا استيراد هذه المنتجات ككائنات جديدة.";"ar"
"shopify_import.shopify_products_import";"Shopify المنتجات";"ar"
"shopify_import.sync_data_name";"استيراد المنتجات من Shopify";"ar"
"shop_now";"تسوق الآن";"ar"
"short_description";"وصف مختصر";"ar"
"short_hour";"س";"ar"
"short_list";"قائمة قصيرة";"ar"
"show";"اعرض";"ar"
"show_all";"اعرض الكل";"ar"
"show_all_category_addons";"إظهار كل الوظائف الإضافية [category]";"ar"
"show_all_developer_addons";"إظهار كل الوظائف الإضافية للمطورين";"ar"
"show_all_storefronts";"عرض كل واجهات المحلات";"ar"
"show_all_storefronts_with_count";"عرض جميع [count] واجهات المحلات";"ar"
"show_extra_logos";"عرض الشعارات الإضافية";"ar"
"show_in_product_header";"اظهر في رأس المنتج";"ar"
"show_in_product_list";"عرض في قائمة المنتج";"ar"
"show_items_in_line";"عرض العناصر ضمناً";"ar"
"show_less";"إظهار أقل";"ar"
"show_location";"إظهار الموقع";"ar"
"show_more";"إظهار المزيد";"ar"
"show_on_checkout";"تظهر عند اتمام الشراء";"ar"
"show_on_separate_page";"عرض في صفحة مُنفصلة";"ar"
"show_on_storefront";"اعرض على واجهة المتجر";"ar"
"show_on_the_features_tab";"عرض في لسان المواصفات";"ar"
"show_options";"عرض الخيارات";"ar"
"show_orders";"عرض الطلبات";"ar"
"show_package_contents";"عرض محتويات الترقية";"ar"
"show_price";"عرض السعر";"ar"
"show_price_per_x_units";"عرض السعر لكل X وحدة";"ar"
"show_price_per_x_units_field_description";"للحالات التي تريد فيها إظهار السعر ""لكل 250 مل"" بدلاً من ""لكل مل"".";"ar"
"show_products_count";"عرض عدد المنتجات";"ar"
"show_rate_for_destination";"إظهار نسب الوجهات";"ar"
"show_rate_for_rate_area";"عرض الأسعار لمنطقة السعر";"ar"
"show_rating";"إظهار تقييم الاستعراض";"ar"
"show_tab_in_popup";"عرض هذا اللسان في نافذة منبثقة";"ar"
"show_to";"تظهر لل";"ar"
"show_vendor_info_if_shipping_no_required";"اعرض معلومات حول البائعين الذين لا تتطلب منتجاتهم الشحن";"ar"
"show_vendor_rating";"عرض تقييم البائع";"ar"
"sidebar";"الشريط الجانبي";"ar"
"sidebox_general";"كتلة عادية (عنوان H3) [deprecated]";"ar"
"sidebox_important";"كتلة عادية (عنوان H3)";"ar"
"signature";"التوقيع";"ar"
"signed_in_as";"مسجل الدخول بـ";"ar"
"sign_in";"الدخول";"ar"
"sign_in_as_different";"تسجيل الدخول بعضوية أخرى";"ar"
"sign_in_to_buy";"يرجى تسجيل الدخول";"ar"
"sign_in_to_enter_tags";"قم بتسجيل الدخول لإدخال العلامات";"ar"
"sign_in_to_view_price";"[يرجى تسجيل الدخول]";"ar"
"sign_out";"تسجيل الخروج";"ar"
"sign_up_for_notification";"الاشتراك للإبلاغ";"ar"
"similar";"مشابه";"ar"
"similar_category";"من نفس الفئة";"ar"
"similar_in_stock";"فقط المنتجات ""في المخزون""";"ar"
"similar_only";"المتشابه فقط";"ar"
"similar_subcats";"تضمين الأقسام الفرعية";"ar"
"simple_ultimate_companies_selector";"يرجى الاتصال بالدعم الفني";"ar"
"simultaneous";"في وقت واحد";"ar"
"single";"فردي";"ar"
"single_coupon_is_allowed";"يسمح بالخصم الفردي على الكوبون فقط";"ar"
"sitemap";"خريطة الموقع";"ar"
"sitemap_available_in_customer";"يتوفر ملف Sitemap عن طريق هذا الرابط: <a href=""[sitemap_url]""> [sitemap_url] </a> <br /> <br /> يمكن الوصول إلى ملف Sitemap عن طريق عنوان URL <a href=""[http_location]/sitemap.xml"">[http_location]/sitemap.xml</a>";"ar"
"sitemap_settings";"خصائص خريطة الموقع";"ar"
"site_number";"رقم الموقع (EPT)";"ar"
"size";"الحجم";"ar"
"skiplastpage";"تخطي الصفحة الأخيرة";"ar"
"skip_creating_new_products";"تخطي إنشاء منتجات جديدة";"ar"
"skip_payment";"تخطي الدفع";"ar"
"skrill_customer_id";"الرقم التعريفي لمستخدم سكريل";"ar"
"sku";"الكود";"ar"
"slovak";"سلوڤاكي";"ar"
"slow";"بطيء";"ar"
"small_items";"عناصر صغيرة";"ar"
"smarty_block";"كتلة HTML مع دعم Smarty";"ar"
"sms_customer_registered";"العميل [name] قام بالتسجيل.";"ar"
"sms_for_the_sum";"ما قيمته";"ar"
"sms_order_placed";"تم إرساله";"ar"
"snapshot_date";"تاريخ اللقطة";"ar"
"snippets";"قصاصات";"ar"
"snippets_have_been_deleted";"تم حذف القصاصات بنجاح.";"ar"
"snippet_exists";"القصاصة مع رمز المختار موجود بالفعل، يرجى اختيار آخر.";"ar"
"social_buttons.facebook_cookie_description";"تعمل ملفات تعريف الارتباط على Facebook على تمكين الوظائف المتعلقة بـ Facebook ، مثل زر Facebook على صفحة المنتج. هنا <a href=""https://www.facebook.com/about/privacy/previous"" target=""_blank"">سياسة خصوصية Facebook</a>.";"ar"
"social_buttons.facebook_cookie_title";"فيسبوك";"ar"
"social_buttons.pinterest_cookie_description";"تعمل ملفات تعريف ارتباط Pinterest على تمكين الوظائف ذات الصلة بـ Pinterest ، مثل زر Pinterest على صفحة المنتج. فيما يلي <a href=""https://policy.pinterest.com/en/privacy-policy"" target=""_blank"">سياسة خصوصية Pinterest</a>.";"ar"
"social_buttons.pinterest_cookie_title";"بينتيريست";"ar"
"social_buttons.twitter_cookie_description";"تعمل ملفات تعريف الارتباط على Twitter على تمكين الوظائف المتعلقة بتويتر ، مثل زر Twitter على صفحة المنتج. هنا <a href=""https://twitter.com/en/privacy"" target=""_blank"">سياسة خصوصية Twitter</a>.";"ar"
"social_buttons.twitter_cookie_title";"تويتر";"ar"
"social_buttons.vkontakte_cookie_description";"تعمل ملفات تعريف الارتباط VK على تمكين الوظائف المتعلقة بـ VK ، مثل زر VK على صفحة المنتج. هنا سياسة الخصوصية <a href=""https://m.vk.com/privacy"" target=""_blank"">VK</a>.";"ar"
"social_buttons.vkontakte_cookie_title";"VK";"ar"
"social_buttons.yandex_cookie_description";"يساعدنا Yandex في عرض أزرار شبكات اجتماعية متعددة (على سبيل المثال ، على صفحات المنتج). فيما يلي <a href=""https://yandex.com/legal/confidential/"" target=""_blank"">سياسة خصوصية Yandex</a>.";"ar"
"social_buttons.yandex_cookie_title";"ياندكس";"ar"
"sort_by";"ترتيب بواسطة";"ar"
"sort_by_absolute_vendor_rating_asc";"الترتيب حسب تقييم البائع: الأدنى إلى الأعلى";"ar"
"sort_by_absolute_vendor_rating_desc";"فرز حسب تقييم البائع";"ar"
"sort_by_bestsellers_asc";"فرز حسب الأكثر مبيعاً: الأدنى إلى الأعلى";"ar"
"sort_by_bestsellers_desc";"فرز حسب الأكثر مبيعاً";"ar"
"sort_by_cls_rel_asc";"By relevance";"ar"
"sort_by_cls_rel_pop_asc";"By relevance based on popularity ";"ar"
"sort_by_company_asc";"ترتيب أبجدي: من أ إلى ي";"ar"
"sort_by_company_desc";"ترتيب أبجدي: من ي إلى أ";"ar"
"sort_by_helpfulness_asc";"مفيد الأخير";"ar"
"sort_by_helpfulness_desc";"مفيد أولاً";"ar"
"sort_by_null_asc";"بدون ترتيب";"ar"
"sort_by_null_desc";"بدون ترتيب";"ar"
"sort_by_on_sale_asc";"فرز حسب التخفيض: الأدنى إلى الأعلى";"ar"
"sort_by_on_sale_desc";"فرز حسب الخصم: عالية إلى منخفضة";"ar"
"sort_by_popularity_asc";"ترتيب بواسطة الشعبية: من الأدنى إلى الأعلى";"ar"
"sort_by_popularity_desc";"ترتيب بواسطة الشعبية";"ar"
"sort_by_position_asc";"ترتيب بواسطة الموضع: من الأدنى إلى الأعلى";"ar"
"sort_by_position_desc";"ترتيب بواسطة الموضع: من الأعلى إلى الأدنى";"ar"
"sort_by_price_asc";"ترتيب بواسطة السعر: من الأدنى إلى الأعلى";"ar"
"sort_by_price_desc";"ترتيب بواسطة السعر: من الأعلى إلى الأدنى";"ar"
"sort_by_product_asc";"ترتيب هجائي: من أ إلى ي";"ar"
"sort_by_product_desc";"ترتيب هجائي: من ي إلى أ";"ar"
"sort_by_product_review_timestamp_asc";"الترتيب حسب التاريخ: الأقدم إلى الأحدث";"ar"
"sort_by_product_review_timestamp_desc";"الترتيب حسب التاريخ: من الأحدث إلى الأقدم";"ar"
"sort_by_rating_asc";"رتب علي حسب التقييم: من الاقل للاعلي";"ar"
"sort_by_rating_desc";"ترتيب حسب التقييم";"ar"
"sort_by_rating_value_asc";"رتب علي حسب التقييم: من الاقل للاعلي";"ar"
"sort_by_rating_value_desc";"الترتيب حسب التقييم: من الأعلى إلى الأقل";"ar"
"sort_by_timestamp_asc";"العناصر الأقدم أولاً";"ar"
"sort_by_timestamp_desc";"العناصر الأحدث أولاً";"ar"
"sort_images";"ترتيب الصور";"ar"
"sort_order";"Order";"ar"
"spanish";"أسباني";"ar"
"special";"خاص";"ar"
"specific_settings";"خصائص محددة";"ar"
"specify_url";"حدد الرابط";"ar"
"speed";"السرعة";"ar"
"ssl_certificate";"شهادة الأمان SSL";"ar"
"staff_only_notes";"ملاحظات لفريق العمل فقط";"ar"
"stage";"المرحلة";"ar"
"standard_sidebox";"كتلة جانبية قياسية";"ar"
"start";"بدء";"ar"
"start_communication";"بدء تبادل الآراء";"ar"
"start_date";"تاريخ البدء";"ar"
"start_price";"السعر الأولي";"ar"
"state";"المحافظة/الإمارة";"ar"
"states";"المحافظة/الإمارة";"ar"
"states_list";"قائمة الولايات";"ar"
"state_field_required_only_for_countries_with_regions";"حقل ""الولاية"" مطلوب لجميع البلدان التي بها ولايات أو مقاطعات. إذا لم يكن لديك حالات لبلد العميل ، فسيكون الحقل مطلوبًا عند الخروج فقط إذا كان مطلوبًا في ملف تعريف العميل.";"ar"
"static_block";"كتلة ثابتة";"ar"
"static_data";"بيانات ثابتة";"ar"
"static_data_use_item";"استخدام ""نص الرابط"" و ""المسار"" من العنصر المختار";"ar"
"statistics";"الإحصائيات";"ar"
"statistics_by_questions";"ترتيب الإحصاءات حسب الأسئلة";"ar"
"status";"الحالة";"ar"
"statuses";"حالات";"ar"
"statuses_management";"الحالات";"ar"
"statuses_management_menu_description";"قم بتحرير الحالات المحتملة للطلبات والشحنات وما إلى ذلك.";"ar"
"status_changed";"تم تغيير الحالة";"ar"
"status_changed_after_process_payment";"حالة الطلب تم تعيينها بناءاً على نتيجة معالج الدفع";"ar"
"stay_connected";"كن على اتصال";"ar"
"stay_connected_notice";"العروض الخاصة والترويجات:";"ar"
"step_four";"خطوة 4";"ar"
"step_one";"خطوة 1";"ar"
"step_three";"خطوة 3";"ar"
"step_two";"خطوة 2";"ar"
"stop_following_rules";"توقف عن اتباع القواعد";"ar"
"stop_other_rules";"إيقاف الشروط الأخرى";"ar"
"storage";"وسيط التخزين";"ar"
"storage_menu_description";"نسخ احتياطي لبيانات موقعك أو استعادة نسخة سابقة وإدارة الملفات وCDN.";"ar"
"store";"المتجر";"ar"
"storefront";"واجهة الزوار";"ar"
"storefronts";"واجهات المحلات";"ar"
"storefronts.manage_currency_availability";"قم بتهيئة العملات المتاحة على واجهة المتجر هذه";"ar"
"storefronts.manage_language_availability";"هيئ اللغات المتوفرة في واجهة المحل هذه";"ar"
"storefronts_for_currency_absent";"لم يتم تحديد واجهات متاجر للعملة <b>[name]</b> . تم توفير جميع واجهات المحلات لذلك.";"ar"
"storefronts_for_language_absent";"لم يتم تحديد واجهات المحلات في اللغة <b>[name]</b> . تم توفير جميع واجهات المحلات لذلك.";"ar"
"storefronts_limit_exceeded";"تجاوز العدد من واجهات المحلات في ""الترخيص"" CS-عربة الخاص بك عدد التراخيص التي تم شراؤها محل.";"ar"
"storefronts_menu_description";"قم بإنشاء فروع إقليمية أو مواضيعية، وإدارة تفاصيل واجهة المتجر المشتركة.";"ar"
"storefront_access_key";"مفتاح الوصول إلى واجهة المحل المغلقة مؤقتًا";"ar"
"storefront_access_key.setting_notice";"يمكنك تعيين مفتاح الوصول في صفحة تحرير واجهة المتجر";"ar"
"storefront_admin";"المشرف الرئيسي [storefront]";"ar"
"storefront_all_common_categories";"واجهة المتجر: الكل (الفئات المشتركة)";"ar"
"storefront_all_currencies_assigned";"لم يتم تكوين عملات لواجهة المتجر ""<a href=""[url]"">[name]</a>"". تم توفير جميع العملات لها.";"ar"
"storefront_currencies_assigned";"لم يتم تكوين عملات لواجهة المتجر ""<a href=""[url]"">[name]</a>"". تم توفير العملة الافتراضية لها.";"ar"
"storefront_languages_assigned";"لم يتم تكوين لغات لواجهة المتجر ""<a href=""[url]""> [name] </a>"". تم توفير جميع اللغات لها.";"ar"
"storefront_license";"رخصة واجهة محل";"ar"
"storefront_name";"اسم واجهة المحل";"ar"
"storefront_name_short";"اسم واجهة المحل";"ar"
"storefront_rest_api.guests_cant_add_products_to_cart";"لا يمكن للضيوف إضافة منتجات إلى سلة التسوق. الرجاء تسجيل الدخول إلى حسابك لإضافة منتجات إلى عربة التسوق.";"ar"
"storefront_search_button";"بحث";"ar"
"storefront_search_field";"بحث";"ar"
"storefront_search_general";"بحث";"ar"
"storefront_search_label";"بحث";"ar"
"storefront_status";"الحالة";"ar"
"storefront_status.tooltip";"Even if the storefront is closed (the status set to OFF), you'll be able to view it if you have an access key. Specify the <i>Access key to temporarily closed storefront</i> below.<br/>Use http://www.example.com/index.php?store_access_key=key_value to access a closed storefront.";"ar"
"storefront_status_access_key_hint";"حتى إذا كانت واجهة المتجر مغلقة (تم تعيين الحالة الى إيقاف) ، فستتمكن من عرضها إذا كان لديك مفتاح وصول. انتقل إلى <a target=""blank"" href=""[url]"">الإعدادات ← عام</a> وحدد إعداد <i>مفتاح الوصول إلى المتجر المغلق مؤقتًا</i>. يُرجى ملاحظة أنه يمكن تحديد مفتاح مختلف لكل واجهة متجر ، لذا تأكد من تحديد واجهة المتجر الصحيحة أولاً. استخدم المفتاح كما هو موضح في تلميح الأداة الخاص بهذا الإعداد.";"ar"
"storefront_status_changed.N";"تم <b> فتح </b> واجهة المتجر | تم <b> فتح </b> واجهات المحلات";"ar"
"storefront_status_changed.Y";"كانت واجهة المحل <b> مغلقة </b> | واجهات المتاجر <b> مغلقة </b>";"ar"
"storefront_url";"رابط واجهة الزوار";"ar"
"storefront_url_already_exists";"قيمة <strong>رابط واجهة الزوار</strong> مرتبطة بالفعل لشركة أخرى.";"ar"
"storefront_url_not_defined";"لم يتم تعريف رابط واجهة الزوار";"ar"
"storefront_with_same_url_exists";"توجد بالفعل واجهة محل بعنوان URL المحدد";"ar"
"stores";"المتاجر";"ar"
"stores_menu_description";"قم بإنشاء فروع إقليمية أو مواضيعية، وإدارة تفاصيل واجهة المتجر المشتركة.";"ar"
"stores_nothing_found";"لم يتم العثور على متاجر";"ar"
"stores_status";"الحالة";"ar"
"store_access_key";"مفتاح الوصول إلى المتجر المغلق مؤقتًا";"ar"
"store_admin";"مسؤول المتجر";"ar"
"store_closed";"المتجر مغلق";"ar"
"store_closed_banner";"المتجر<br/>مغلق";"ar"
"store_locator";"متاجر ونقاط الالتقاط";"ar"
"store_locator.actions.store_locator";"متاجر";"ar"
"store_locator.any";"أي";"ar"
"store_locator.any_rate_area";"أي منطقة مسعرة";"ar"
"store_locator.any_vendor";"أي بائع";"ar"
"store_locator.available_fields";"المتاجر المتوفرة";"ar"
"store_locator.display";"عرض قائمة المواقع على صفحة اتمام الشراء";"ar"
"store_locator.display_l";"قائمة";"ar"
"store_locator.display_m";"خريطة";"ar"
"store_locator.display_ml";"الخريطة والقائمة";"ar"
"store_locator.main_destination";"يقع في منطقة السعر";"ar"
"store_locator.name";"الاسم";"ar"
"store_locator.no_rate_area";"لا توجد منطقة مسعرة";"ar"
"store_locator.pickup";"استلام";"ar"
"store_locator.pickup_avail";"متاح للاستلام";"ar"
"store_locator.pickup_from_store";"الاستلام من المتجر";"ar"
"store_locator.pickup_locations";"مواقع الاستلام";"ar"
"store_locator.pick_up_points";"نقاط الإلتقاط";"ar"
"store_locator.scroll_to_top";"انتقل إلى أعلى";"ar"
"store_locator.selected_fields";"متاجر المختارة";"ar"
"store_locator.select_stores";"اختيار المتاجر";"ar"
"store_locator.shipping_position";"الطلب المحدد في إعدادات طريقة الشحن";"ar"
"store_locator.shipping_price_from";"من [price]";"ar"
"store_locator.shipping_price_from_to";"من [from_price] إلى [to_price]";"ar"
"store_locator.show_pickup_points_only";"إخفاء الأماكن التي لا يمكنني فيها استلام طلبي";"ar"
"store_locator.show_to";"تظهر لل";"ar"
"store_locator.stores_and_pickup_points";"مخازن ونقاط الالتقاط";"ar"
"store_locator.stores_position";"حقل ""الموضع"" في إعدادات المتجر";"ar"
"store_locator.surcharge_changes_hint";"في الإصدارات السابقة ، تمت إضافة التكلفة الإضافية إلى الأسعار القياسية المحددة لطريقة الشحن. الآن لا يتم أخذ هذه التكلفة الإضافية في الاعتبار أثناء حساب سعر الشحن. لقد تركناه هنا لراحتك ، حتى تتمكن من رؤيته وتعديل الأسعار في صفحة تحرير طريقة الشحن وفقًا لذلك.";"ar"
"store_locator.text_pickup_instruction";"تتيح طريقة الشحن ""استلام العميل"" للعميل اختيار متجر لالتقاط منتج منه. يمكن إنشاء المتاجر في الوظيفة الإضافية ""موقع المتجر"" <br/> <b> إنشاء المتجر: </b> <a href=""[store_locator]""> موقع المتجر </a>";"ar"
"store_locator.use_two_fingers_for_move_map";"استخدم إصبعين لتحريك الخريطة";"ar"
"store_locator.work_time";"ساعات العمل";"ar"
"store_locator_menu_description";"قم بإعداد مواقع لالتقاط وإدارة المخزون حسب الموقع.";"ar"
"store_mode";"وضع الترخيص";"ar"
"store_mode.enterprise";"مشروع";"ar"
"store_mode.free";"حر";"ar"
"store_mode.plus";"Plus";"ar"
"store_mode.ultimate";"Ultimate";"ar"
"store_mode_changed";"تم تغيير وضع الترخيص";"ar"
"store_mode_menu_description";"عرض وإدارة تفاصيل الترخيص الخاصة بك.";"ar"
"store_number";"رقم المتجر";"ar"
"store_object_denied";"[object_type] [object_name] غير متاح لهذا المتجر.";"ar"
"store_theme";"ثيم واجهة الزوار";"ar"
"subcategories";"فئات فرعية";"ar"
"subcategories_tree_cat";"شجرة فئات فرعية";"ar"
"subject";"موضوع";"ar"
"submit";"إرسال";"ar"
"submit_my_order";"إرسال الطلب";"ar"
"subpackage_type";"نوع الحزمة الفرعية";"ar"
"subpages";"صفحات فرعية";"ar"
"subscribe";"الاشتراك";"ar"
"subscribed";"مشترك";"ar"
"subscribed_to";"اشترك في قوائم [num]";"ar"
"subscriber";"المشترك";"ar"
"subscribers";"المشتركون";"ar"
"subscribers_date";"تاريخ المشتركين";"ar"
"subscribers_menu_item_text";"المشتركين";"ar"
"subscribers_no_promo";"لا ترويج";"ar"
"subscribers_num";"عدد المشتركين";"ar"
"subscribers_promo_subject";"شكرا لك على الاشتراك! استخدام رمز القسيمة [coupon] لدينا عرض خاص ""[promotion]"".";"ar"
"subscriber_email";"إيميل المشترك";"ar"
"subscription";"الاشتراك";"ar"
"subscriptions";"الاشتراكات";"ar"
"subtotal";"المجموع";"ar"
"subtotal_sum";"المجموع";"ar"
"subtract";"طرح";"ar"
"suburb";"الضاحية";"ar"
"successful";"نجح";"ar"
"successfully_registered";"تم التسجيل بنجاح";"ar"
"successful_login";"تم تسجيل دخولكم بنجاح.";"ar"
"success_registration_text";"تهانينا! تم التسجيل بنجاح!<br/>لديكم الآن وصول لكل مميزات المتجر. انقر على ""حسابي"" لعرضهم.";"ar"
"suffix";"اللاحقة";"ar"
"summary";"الخلاصة";"ar"
"supplier";"المورد";"ar"
"suppliers";"الموردون";"ar"
"supplier_id";"المورد";"ar"
"surcharge";"ضريبة المبيعات";"ar"
"surcharge_title";"عنوان ضريبة المبيعات";"ar"
"suspended";"موقوف";"ar"
"suspend_alert";"<p> تم تعليق حسابك. لرفع التعليق ، يرجى الاتصال بنا. </p>";"ar"
"sw.access_to_admin_panel_and_storefront";"الوصول الفوري إلى لوحة الإدارة و واجهة المحل";"ar"
"sw.access_to_admin_panel_and_storefront.description";"يحصل البائعون المتقدمون على الحالة ""نشط"". يظهرون على الفور على واجهة المتجر ويتمكنون من الوصول إلى لوحة الإدارة الخاصة بهم. في الوقت نفسه ، تصبح رسوم خطة البائع الأولى أيضًا مستحقة الدفع.";"ar"
"sw.access_to_admin_panel_approval_storefront";"الوصول الفوري إلى لوحة الإدارة ؛ الموافقة على واجهة المحل";"ar"
"sw.access_to_admin_panel_approval_storefront.description";"يحصل البائعون المتقدمون على حالة ""معلق"". لا تظهر في واجهة المتجر حتى الآن ، ولكن يمكنها الوصول إلى لوحة الإدارة ويمكنها البدء في العمل على منتجاتها. بمجرد تغيير حالتهم إلى ""نشطة"" ، تصبح رسوم خطة البائع الأولى مستحقة الدفع.";"ar"
"sw.approval_access_to_admin_panel_and_storefront";"الموافقة على الوصول إلى لوحة الإدارة وواجهة المحل";"ar"
"sw.approval_access_to_admin_panel_and_storefront.description";"يحصل البائعون المتقدمون على الحالة ""جديد"". بعد التحقق منها ، سيحصلون على الحالة ""نشط"" وسيحصلون على حق الوصول إلى لوحة المشرف الخاصة بهم وواجهة المتجر. ستصبح رسوم خطة البائع الأولى أيضًا مستحقة الدفع.";"ar"
"sw.branding_and_colors";"العلامة التجارية والألوان";"ar"
"sw.check_newly_registered_vendors";"تحقق من البائعين المسجلين حديثًا يدويًا قبل ظهورهم في واجهة المتجر";"ar"
"sw.easy_admin_panel_for_vendors";"لوحة تحكم سهلة للبائعين";"ar"
"sw.money_split_automaticaly_descr.ru";"يتم تحقيق ذلك عبر YooMoney للأسواق ، لذلك يجب أن يكون لدى كل بائع حساب YooMoney. سننشئ طريقة دفع لك. ستحتاج فقط إلى تهيئته وسيحتاج البائعون إلى تقديم معلومات حساباتهم.";"ar"
"sw.product_tabs_and_properties";"علامات تبويب المنتج وخصائصه";"ar"
"sw.vendor_data_premoderation";"بيانات البائع قبل الترميز";"ar"
"sw.vendor_panel";"لوحة البائع";"ar"
"sw.vendor_registration_flow";"تدفق تسجيل البائعين";"ar"
"sweden";"السويد";"ar"
"swedish";"سويدي";"ar"
"swing";"بندول";"ar"
"switch_layout";"تحويل التخطيط";"ar"
"symbol";"الرمز";"ar"
"sync_data";"مزامنة البيانات";"ar"
"sync_data_manage";"مزامنة البيانات";"ar"
"sync_data_manage_menu_description";"ربط متجرك بالأنظمة الخارجية.";"ar"
"sync_data_update_template_not_found";"لم يتم العثور على قالب لموفر المزامنة هذا. يرجى التأكد من ملء حقل ""update_template"" في مخطط ""sync_data"".";"ar"
"system";"النظام";"ar"
"system_environment";"بيئة النظام";"ar"
"system_of_measurement";"نظام القياس";"ar"
"s_first_name_and_last_name";"الاسم الأول واسم العائلة (للشحن)";"ar"
"s_fullname";"الاسم الكامل (للشحن)";"ar"
"s_last_name_and_first_name";"الاسم الأخير والاسم الأول (للشحن)";"ar"
"tab";"اللسان";"ar"
"table";"جدول";"ar"
"tables";"جداول";"ar"
"table_column_has_been_deleted";"تم حذف عمود المنتج بنجاح.";"ar"
"table_conditions";"شروط الجدول";"ar"
"tabs";"الألسنة";"ar"
"tag";"علامة";"ar"
"tags";"العلامات";"ar"
"tag_cloud";"سحابة الكلمات الدلالية";"ar"
"tax";"الضريبة";"ar"
"taxes";"الضرائب";"ar"
"taxes_menu_description";"قم بتكوين الضرائب التي تعرضها، وكيفية القيام بذلك، ومعدلات الضرائب حسب الموقع.";"ar"
"tax_exempt";"معفى من الضريبة";"ar"
"tax_number";"الرقم الضريبي";"ar"
"tax_rates";"معدلات الضريبة";"ar"
"template";"قالب";"ar"
"templates";"قوالب";"ar"
"templates_tree";"شجرة الملفات";"ar"
"template_document_gift_certificate_default";"شهادات الهدايا: الافتراضي";"ar"
"template_document_order_invoice";"فاتورة";"ar"
"template_document_order_summary";"ملخص الطلب";"ar"
"template_document_packing_slip_default";"قصاصة العبوة";"ar"
"template_document_rma_packing_slip_default";"طلب الإرجاع: قسيمة التعبئة";"ar"
"terminal";"المحطة";"ar"
"terminal_id";"معرف المحطة";"ar"
"terms_and_conditions";"الشروط والأحكام";"ar"
"terms_and_conditions_content";"<p>الرجاء قراءة هذه البنود والشروط (""شروط""، ""الأحكام والشروط"") بعناية قبل استخدام موقع <a href=""http://www.mywebsite.com""> http://www.mywebsite.com</a> و ""التطبيق المحمول الخاص بي"" تشغيل التطبيقات النقالة (""الخدمة"") شركة بي (""لنا"" أو ""نحن"" أو ""لنا"")-</p> <p><strong>قبل الوصول إلى أو استخدام الخدمة أنك توافق على الالتزام بهذه الشروط. إذا كنت لا توافق على أي جزء من الشروط، ثم لا يمكنك الوصول إلى الخدمة.</strong></p> <p><strong>المشتريات</strong></p> <p>إذا كنت ترغب في شراء أي منتج أو خدمة متاحة من خلال الخدمة (""الشراء"")، قد تتم مطالبتك بتوفير بعض المعلومات ذات الصلة الخاصة بك الشراء بما في ذلك، دون حصر، الخاص بك...</p> <p><strong>المحتوى</strong></p> <p>""خدمتنا"" يسمح لك بوظيفة، ارتباط، وتخزين ومشاركة واو إتاحة بعض المعلومات أو النص، والرسومات، وأشرطة الفيديو أو المواد الأخرى (""المحتوى""). أنت مسؤول عن...</p> <p><strong>التغييرات</strong></p> <p>أننا نحتفظ بالحق، في تقديرنا، لتعديل أو استبدال هذه الشروط في أي وقت. إذا كان يتم إجراء تنقيح المواد سنحاول تقديم إشعار مالا يقل عن 30 يوما قبل أي شروط جديدة أخذ الأثر. سيتم تحديد ما يشكل تغييرا ماديا في اختيارنا.</p> <p><strong>اتصل بنا</strong></p> <p>إذا كان لديك أية أسئلة حول هذه الشروط، يرجى الاتصال بنا.</p>";"ar"
"test";"تجريبي";"ar"
"testimonials";"شهادات";"ar"
"test_live_mode";"الوضع التجريبي/ الحي";"ar"
"test_mode";"الوضع التجريبي";"ar"
"test_rate_calculation";"حساب معدل الاختبار";"ar"
"text";"النص";"ar"
"textarea";"مربع نص متعدد";"ar"
"texts_languages";"النصوص واللغات";"ar"
"text_2checkout_notice";"<b>Note</b>: In order to track your 2Checkout orders with the shopping cart software you have to take these steps:<br /><br />-&nbsp;Log in to your 2Checkout account<br />-&nbsp;Click on <u>'Site management'</u> in the <u>'Account'</u> section.<br />-&nbsp;Select <b>'Given links back to my website'</b> option in the <u>'Direct Return'</u> subsection <br />-&nbsp;Set <u>'Approved URL'</u> and <u>'Pending URL'</u> to:<br /><b>[return_url]</b><br />-&nbsp;Set <u>'Secret Word'</u>. The Secret Word is known only to the seller and 2CheckOut.<br />";"ar"
"text_2co_ins";"Instant Notification Service (INS)";"ar"
"text_access_notice";"يمكنك استخدام أحرف البدل لعلامات التبويب ""المجال""، ""البريد الإلكتروني"" و ""بطاقة الائتمان"": <br/> <b>*</b>--يمكن أن تمثل أي عدد من الأحرف، بما في ذلك الصفر <br/> <b>؟</b> -- يمكن لتمثيل أي حرف مفرد.";"ar"
"text_additional_detailed_image";"(تعرض في نافذة منبثقة)";"ar"
"text_additional_storefront_license_required";"<p>لا يمكنك إضافة واجهة جديدة. الحد الأقصى لعدد واجهات المحلات يسمح بالترخيص الحالي الخاص بك هو <code>[license_number]</code> [allowed_storefronts]، وكان لديك حاليا [existing_storefronts].</p> <p>أن تكون قادراً على إضافة محل آخر، الرجاء شراء إضافية [product] ""ترخيص المخزن"". إذا كنت ترغب في إضافة واجهات المحلات جديدة متعددة، شراء المقابلة عدد التراخيص.</p>";"ar"
"text_additional_thumbnail";"(تعرض في صفحة تفاصيل المنتج في صور اضافية)";"ar"
"text_addon_cannot_enable";"الإضافة ""[addon_name]"" غير متوافقة مع الإضافات التالية: [addons]. لذا لا يمكن تفعيلها";"ar"
"text_addon_confclicts";"الإضافة ""[addon_name]"" غير متوافقة مع الإضافات التالية: [addons]. سيتم تعطيل هذه الإضافات تلقائياً.";"ar"
"text_addon_confclicts_on_install";"الإضافة ""[addon_name]"" غير متوافقة مع الإضافات: [addons], لذا لم يتم تنشيطها تلقائياً. لتنشيط الإضافة, قم بتنشيطها يدوياً وسيتم تعطيل اي إضافة غير متوافقة معها تلقائياً.";"ar"
"text_addon_disable_dependencies";"لا يمكن تعطيل الوظيفة الإضافية لأن الوظائف الإضافية التالية تعتمد عليها: [addons]";"ar"
"text_addon_enable_dependencies";"لا يمكن تمكين الوظيفة الإضافية لأنها تعتمد على الوظائف الإضافية التالية: [addons]";"ar"
"text_addon_installed";"تم تركيب الإضافة <b>""[addon]""</b> بنجاح";"ar"
"text_addon_install_dependencies";"لا يمكن إلغاء تركيب الإضافة لأن الإضافة التالية تعتمد عليها: [addons]";"ar"
"text_addon_refreshed";"تم تحديث الإعدادات ومتغيرات اللغة للوظيفة الإضافية <b> ""[addon]"" </b> بنجاح";"ar"
"text_addon_uninstalled";"تم إلغاء تركيب الإضافة <b>""[addon]""</b>";"ar"
"text_addon_uninstall_dependencies";"لا يمكن إلغاء تركيب الإضافة لأن الإضافة التالية تعتمد عليها: [addons]";"ar"
"text_addresses_wildcards";"يمكنكم استخدام الاختصارات في هذا الحقل:<br><b>'?'</b> - تحل محل أي حرف واحد;<b>'*'</b> - تحل محل أي عدد من الأحرف.<br><br><u>مثال:</u><br><b>شارع *</b> &nbsp;&nbsp;(من الممكن أن تكون شارع 10, شارع عمر بن الخطاب, وهكذا...)";"ar"
"text_address_not_found";"لم يتم العثور على عنوان";"ar"
"text_admin_new_orders";"هذا القسم يعرض طلبات الشراء التي لم تشاهدا من قبل.";"ar"
"text_allowed_to_upload_file_extension";"The following file extensions are supported: <b>[ext]</b>.";"ar"
"text_all_categories_included";"All categories included";"ar"
"text_all_products_included";"All products included";"ar"
"text_amazon_callback_url";"Important! You must specify your store's URL <b>[callback_url]</b> as the Merchant URL on the Amazon's Seller Central Website (Settings > Checkout Pipeline Settings). Otherwise, you won't be able to accept payments through Amazon Checkout in your store";"ar"
"text_amazon_failed_order";"No response from Amazon Checkout has been received yet, please hold on. Although the order might not be created in the store as long last, it is highly probable that it has been successfully created and processed by Amazon Checkout. Please contact the store staff and tell them the order ID as provided by Amazon";"ar"
"text_amazon_incorrect_products_count";"Number of products in your cart differs from the number of products in the Amazon request.";"ar"
"text_amazon_link_message";"For testing purposes, the Merchant URL may be the HTTP link to your store, but the live mode requires secure connection and you must use the HTTPS link. Also, remember to enable the production mode on Amazon's Seller Central website when you are ready to go live.";"ar"
"text_amazon_surcharge";"<b>Note:</b> According to the Amazon <a href='https://payments.amazon.com/sdui/sdui/about?nodeId=6019' target='_blank'>policy</a> (B4.2), surcharges are not supported. Any surcharges you may have set will be ignored when Amazon Checkout is used.";"ar"
"text_anonymize_question";"بمجرد إخفاء هوية شخص ما ، سيتم استبدال جميع معلوماته الشخصية ببيانات تم إنشاؤها عشوائيًا. لا يمكن التراجع عن هذا الإجراء ، إلا إذا قمت باستعادة قاعدة البيانات من نسخة احتياطية. هل انت متأكد انك تريد المتابعة؟";"ar"
"text_anonymous_checkout";"يجب أن تكون عضو مسجل كي تكون قادر على الدفع";"ar"
"text_answer_type";"تقديم إجابة نصية";"ar"
"text_applied_promotions";"العروض المطبقة";"ar"
"text_approval_notice";"هذا المنشور يحتاج إلى الموافقة";"ar"
"text_are_you_sure_to_delete_file";"هل أنت متأكد من أنك تريد حذف العنصر؟";"ar"
"text_are_you_sure_to_proceed";"هل أنت متأكد من أنك تريد بالاستمرار؟";"ar"
"text_atos_notice";"<b>Note:</b><br />1. Copy your certificate that you received on the disk to the [home_path] directory. Rename the certificate to certif.fr.[my_merchant_id], where [my_merchant_id] is your web site number.<br /> 2. Rename the store parameters file (parmcom.014213245611111 file) to parmcom.[my_merchant_id].<br />3. Edit the <b>pathfile</b> file in the  <b>[home_path]</b> directory<br />- Replace string '<u>D_LOGO![some_dir]!</u>' with '<u>D_LOGO![http_path]/logo/!</u>'<br />- Replace string '<u>F_DEFAULT![/some_dirs/parmcom.sogenactif]!</u>' with '<u>F_DEFAULT![home_path]/parmcom.sogenactif!</u>'<br />- Replace string '<u>F_PARAM![/some_dirs/parmcom]!</u>' with '<u>F_PARAM![home_path]/parmcom!</u>'<br />- Replace string '<u>F_CERTIFICATE![/some_dirs/certif]!</u>' with '<u>F_CERTIFICATE![home_path]/certif!</u>'<br />4. Edit the <b>parmcom.[some_number]</b> file in the <b>[home_path]</b> directory<br />- Replace string '<u>AUTO_RESPONSE_URL![some_url]!</u>' with '<u>AUTO_RESPONSE_URL![auto_url]!</u>'<br />- Replace string '<u>CANCEL_URL![some_url]!</u>' with '<u>CANCEL_URL![ok_url]!</u>'<br />- Replace string '<u>RETURN_URL![some_url]!</u>' with '<u>RETURN_URL![ok_url]!</u>'<br />";"ar"
"text_atos_warning";"<span style=""color:#FF2222"">Warning!!!</span> The path to atos files should consist of not more than 60 symbols, otherwise please copy the atos_files folder to some parent directory, e.g. to the cart core directory. Also please make sure the atos files directory has full permissions.";"ar"
"text_authentication_failed_message";"Your financial institution has indicated that it could not successfully authenticate this transaction. To protect against unauthorized use, this card cannot be used to complete your purchase. You may complete the purchase by selecting another form of payment.";"ar"
"text_backup_filename_hint";"لتنزيل هذه النسخة الاحتياطية، انقر على رمز الترس واختر تحميل";"ar"
"text_backup_management_notice";"هذا القسم يتيح لكم إدارة ملفات النسخ الاحتياطية.<br>- لاستعادة قاعدة البيانات, حدد الصندوق المجاور للقاعدة المرغوب استعادتها وانقر على ""استعادة"" (نرجو الانتباه, إذا قمتم بتحديد أكثر من ملف سيتم استعادة الملف الأول فقط)<br>- لحذف الملفات, حدد الصناديق بجوار الملفات المراد حذفها ثم انقر على ""حذف"".<br>- لتحميل ملف لجهازك الشخصي, انقر على اسم الملف.";"ar"
"text_banner";"بانر نصي";"ar"
"text_billing_address_is_different_from_shipping";"عنوان إرسال الفواتير الخاص بي مختلف عن عنوان الشحن";"ar"
"text_billing_same_with_shipping";"عنوان الدفع مثل عنوان الشحن؟";"ar"
"text_block_trial_notice";"الثلاثون يوماً التجريبيون انتهوا. يرجى شراء الترخيص ([href]) أو حذف السكربت من موقعكم.";"ar"
"text_box";"مربع نص";"ar"
"text_buy_new_license";"إذا لم يكن لديك رقم ترخيص بعد، يمكنك شراء في موقعنا الرسمي.";"ar"
"text_cannot_apply_points_to_this_order_because_total";"للأسف ، لا يمكنك تطبيق نقاط على هذا الطلب ، لأن إجمالي التكلفة صفر.";"ar"
"text_cannot_apply_points_to_this_order_because_user";"للأسف ، لا يمكنك تطبيق نقاط على هذا الطلب ، لأنه ليس لديك ما يكفي من النقاط في الحساب.";"ar"
"text_cannot_create_directory";"لا يمكن إنشاء المجلد <b>[directory]</b>. يرجى مراجعة الصلاحيات.";"ar"
"text_cannot_create_file";"لا يمكن إنشاء الملف <b>[file]</b>. يرجى مراجعة الصلاحيات.";"ar"
"text_cannot_create_file_check_file";"لا يمكن إنشاء الملف. يرجى المحاولة مرة أخرى أو اختيار ملف آخر.";"ar"
"text_cannot_delete_directory";"لا يمكن حذف المجلد <b>[directory]</b>. يرجى مراجعة التراخيص.";"ar"
"text_cannot_delete_file";"لا يمكن حذف الملف <b>[file]</b>. يرجى مراجعة الصلاحيات.";"ar"
"text_cannot_rename_directory";"لا يمكن اعادة تسمية المجلد <b>[directory]</b>. يرجى مراجعة التراخيص.";"ar"
"text_cannot_rename_file";"لا يمكن اعادة تسمية الملف <b>[file]</b>. يرجى مراجعة الصلاحيات.";"ar"
"text_cannot_restore_directory";"لا يمكن استرجاع المجلد <b>[directory]</b> من المخزون. يرجى التأكد من المخزون.";"ar"
"text_cannot_restore_file";"لا يمكن استعادة الملف <b>[file]</b> من المخزون. يرجى التأكد من المخزون.";"ar"
"text_can_be_used_once";"هذا الكوبون يمكن أن يستخدم مرة واحدة فقط. لقد قمتم باستخدامه من قبل.";"ar"
"text_cart_amount_changed";"كمية المنتج <b>[product]</b> تم تغييرها للمتاح.";"ar"
"text_cart_amount_corrected";"عدد المنتجات في المخزون لا يكفي لطلبك. تم تقليل كمية المنتج <b>[product]</b> في سلة التسوق الخاصة بك إلى <b>[count]</b>.";"ar"
"text_cart_empty";"سلّة التسوق فارغة";"ar"
"text_cart_max_qty";"الحد الأقصى لكمية المنتج ""[product]"" يساوي <b>[quantity]</b>";"ar"
"text_cart_min_qty";"الحد الأدنى لكمية المنتج ""[product]"" يساوي <b>[quantity]</b>";"ar"
"text_cart_not_enough_inventory";"عدد المنتجات بالمخزون غير كافي لتلبية طلبكم";"ar"
"text_cart_zero_inventory";"<b>[product]</b> غير متوفر حالياً بالمخزون ولا يمكن اضافته إلى سلّة مشترياتكم";"ar"
"text_cart_zero_inventory_and_removed";"المنتج <b>[product]</b> غير متوفر بالمخزون وتم حذفه من السلّة";"ar"
"text_catalog_mode_zero_price_action_notice";"أجل أن يمكن أن يتم عرض الزر ""شراء الآن"" في صفحة تفاصيل المنتج، الرجاء تعيين ""صفر سعر العمل"" كما ""تسمح للعملاء بإضافة المنتج إلى سلة التسوق"".";"ar"
"text_categories_have_been_deleted";"تم حذف الفئات بنجاح.";"ar"
"text_category_delimiter";"فاصلة مسار الفئة الرئيسية للمنتج (مثال: ""الكمبيوتر///اللاب توب"")";"ar"
"text_category_detailed_image";"(اختيارية ويتم عرضها في صفحة عرض تفاصيل الفئة فقط)";"ar"
"text_category_has_been_deleted";"الفئة, والفئات الفرعية والمنتجات الداخلة تم حذفهم بنجاح.";"ar"
"text_category_icon";"(يتم عرضها في صفحات تفاصيل الفئة)";"ar"
"text_cc_javascript_disabled";"ملاحظة! <b>جافا سكريبت</b> معطل في المتصفح الخاص بك. للدفع انقر فوق";"ar"
"text_cc_number_is_blocked";"رقم بطاقة الائتمان <b>[cc_number]</b> محظور بواسطة المسؤول. الرجاء الاتصال بالمسؤول عن المتجر او حاول استخدام بطاقة أخرى.";"ar"
"text_cc_processor_connection";"جار الاتصال بـ <b>[processor]</b>...";"ar"
"text_cdn_check";"<strong>Attention!</strong> Please test some static URL, e.g. <a href=""[url]"">[url]</a>, to ensure it's working before enabling CDN (you can enable it after storage became active). It usually takes 10-15 minutes to activate storage (the ""Status"" field should display ""Active"", refresh page for updates).";"ar"
"text_cdn_setup";"تم إعداد CDN بنجاح.";"ar"
"text_changes_not_saved";"لم يتم حفظ التغييرات.";"ar"
"text_changes_saved";"تم حفظ التغييرات.";"ar"
"text_change_password";"أنت الآن مسجل الدخول في حسابك. يرجى تغيير كلمة المرور ثم الضغط على زر التحديث.";"ar"
"text_character_identifier_tooltip";"سلسلة أحرف الذي يخدم كمعرّف. يمكنك استخدام الأرقام من 0 إلى 9، الرموز الأبجدية الإنجليزية والعلامات التالية: ""-""، ""_""، ""-"".";"ar"
"text_checkout_new_profile_notice";"اذا كنت عميل جديد فنحن بحاجة إلى معرفة بياناتك الشخصية.";"ar"
"text_cities_wildcards";"يمكنكم استخدام الاختصارات في هذا الحقل:<br><b>'?'</b> - تحل محل أي حرف واحد;<b>'*'</b> - تحل محل أي عدد من الأحرف.<br><br><u>مثال:</u><br><b>شارع *</b> &nbsp;&nbsp;(من الممكن أن تكون شارع 10, شارع عمر بن الخطاب, وهكذا...)";"ar"
"text_click_here";"انقر هنا لتفاصيل أكثر";"ar"
"text_cmcic_notice";"Please set the following URL as the <b>CGI2</b>: <b>[postback_url]</b>";"ar"
"text_cmpi_frame_message";"For your security, please fill out the form below to complete your order. Do not click the Refresh or Back button, or this transaction may be interrupted or canceled.";"ar"
"text_cmpi_go_back";"عودة";"ar"
"text_combination_out_of_stock";"لا توجد منتجات بالخيارات المحددة متوفرة في المخزون";"ar"
"text_companies_activated";"تم تنشيط الشركات المختارة";"ar"
"text_companies_disabled";"تم تعطيل الشركات المختارة";"ar"
"text_company_status_active_subj";"تم تنشيط شركتكم.";"ar"
"text_company_status_active_to_pending";"لقد تم تغيير حالة المورد الخاص بك من نشطة إلى حين.";"ar"
"text_company_status_changed";"حالة شركتكم [company] تم تغييرها إلى [status].";"ar"
"text_company_status_disabled_subj";"تم تعطيل شركتكم.";"ar"
"text_company_status_disabled_to_pending";"تم تغيير حالة المورد الخاص بك من معطل إلى معلق.";"ar"
"text_company_status_new_to_active";"تم اعتماد طلبكم الانضمام كبائع باسم [company].";"ar"
"text_company_status_new_to_active_administrator_created";"تم إنشاء مسؤول جديد. يمكنك الوصول إلى منطقة المسؤول: <a href=""[link]""> [link_text] </a> باستخدام بيانات الاعتماد التالية: <br /> تسجيل الدخول: [login] <br /> كلمة المرور: [password]";"ar"
"text_company_status_new_to_active_administrator_updated";"تم تغيير نوع حسابك [login] إلى مسؤول. يمكنك تسجيل الدخول إلى منطقة المسؤول: <a href=""[link]""> [link_text] </a>";"ar"
"text_company_status_new_to_active_subj";"تم اعتماد طلب انضمامكم كبائع.";"ar"
"text_company_status_new_to_disable";"تم رفض طلب انضمامكم كبائع باسم [company].";"ar"
"text_company_status_new_to_disable_subj";"تم رض طلب انضمامكم كبائع.";"ar"
"text_company_status_new_to_pending";"تهانينا, تم اعتماد حساب البائع الجديد الخاص بكم. بمجرد مراجعة معلومات حسابكم سيتم عرضه في واجهة الزوار إن شاء الله.";"ar"
"text_company_status_pending";"الحالة المعلقة تسمح لك بتسجيل الدخول إلى لوحة الإدارة وتغيير المعلومات الخاصة بالشركة، وملء المخزن الخاص بك مع منتجات.";"ar"
"text_company_status_pending_subj";"شركتكم بانتظار الموافقة.";"ar"
"text_company_status_pending_to_active";"تم الموافقة على تغييرات بروفايل شركتكم [company].";"ar"
"text_company_status_suspended_subj";"تم تعليق حسابك";"ar"
"text_conditions_cleared";"تم إفراغ شروط الجدول";"ar"
"text_confirm_passwd_recovery";"يرجى اتباع الرابط التالي لاستكمال عملية تغيير كلمة المرور";"ar"
"text_created_new_vendors";"سجل مورد جديد وحصل على حق الوصول إلى واجهة المتجر ولوحة الإدارة. <a href=""[link]"">استخدم هذا الرابط لعرض البائع.</a>";"ar"
"text_csrf_attack";"Access denied: Possible CSRF attack";"ar"
"text_customer_area_logo";"لوجو منطقة <b>العميل</b>";"ar"
"text_datatrans_notice";"<b>ملاحظة</b>: لتتبع طلبات Datatrans الخاصة بك باستخدام برنامج عربة التسوق ، يجب عليك اتباع الخطوات التالية:<br /> <br /> -&nbsp;تسجيل الدخول إلى حساب Datatrans<br /> -&nbsp;انقر فوق الرابط <u>'Upp Data'</u> في قسم <u>'Upp إدارة'</u> .<br /> -&nbsp;اضبط <u>'URL تنسيق بيانات'</u> إلى <b>'Data in HTML FORM'</b>.<br /> -&nbsp;اضبط <u>'URL Post'</u> إلى:<br /> <b>[post_url]</b><br /> -&nbsp;انقر على رابط <u>'الأمان'</u> في قسم <u>'Upp Administration'</u> .<br /> -&nbsp;حدد الخيار <b>'سيتم إرسال تعريف تاجر إضافي مع رسائل الدفع'</b> .<br /> -&nbsp;أنشئ توقيعًا رقميًا جديدًا باستخدام الزر<u>'إنشاء علامة جديدة'</u> .<br /> -&nbsp;عيّن القيمة المُنشأة على حقل <u>'التوقيع الرقمي'</u> في صفحة تكوين الدفع Datatrans في متجرك<br />";"ar"
"text_data_changed";"لم يتم حفظ التغييرات! انقر على OK للاستمرار, أو Cancel للبقاء في نفس الصفحة.";"ar"
"text_decrease_points_in_use";"النقاط المستخدمة في الطلب تم طرحها من حساب العضو.";"ar"
"text_deltapay_notice";"<b>Note:</b> Please send the following information to the DeltaPay support:<br />Payment page: '<u>[payment_url]</u>'<br />Success page: '<u>[result_url]</u>'<br />Failure page: '<u>[result_url]</u>'<br />Cancel page: '<u>[result_url]</u>'<br />";"ar"
"text_directebanking_notice";"Set 'Success link' to: <b>[success_url]</b><br /> Set 'Abort link' to: <b>[abort_url]</b><br /> Add new HTTP notifications and set 'Notification URL' to: <b>[notification_url]</b><br /> Activate input check and set 'Hash Algoritm' to the 'SHA1'<br />";"ar"
"text_directory_created";"تم إنشاء المجلد <b>[directory]</b> بنجاح.";"ar"
"text_directory_deleted";"تم حذف المجلد <b>[directory]</b> بنجاح";"ar"
"text_directory_renamed";"تم إعادة تسمية المجلد <b>[directory]</b> إلى <b>[to_directory]</b> بنجاح";"ar"
"text_directory_restored";"تم إرجاع المجلد <b>[directory]</b> من المخزون";"ar"
"text_downloads_empty";"مركز التحميل الخاص بكم لا يحتوي على ملفات";"ar"
"text_editing";"تحرير العبارات";"ar"
"text_edp_product";"هذا المنتج يتم توزيعه إلكترونياً";"ar"
"text_ekey_not_valid";"المفتاح الإلكتروني الذي أدخلته غير صحيح أو منتهي الصلاحية";"ar"
"text_email_is_blocked";"عنوان البريد الإلكتروني <b>[email]</b> محظور بواسطة المسؤول. الرجاء الاتصال بالمسؤول عن المتجر أو حاول استخدام عنوان آخر.";"ar"
"text_email_sent";"تم إرسال الإيميل بنجاح.";"ar"
"text_emerchantpay_notice";"Please add these URL fields in your eMerchantPay eCommerce Payment Form configuration:<br/><br/><b>BackReturn URL:</b><br/>[backreturn_url]<br/><br/><b>Custom Approval URL:</b><br/>[notify_url]<br/><br/><b>Custom Decline URL:</b><br/>[decline_url]<br/><br/><b>Activate Notification URL:</b><br/>[process_url]";"ar"
"text_enabled_testimonials_notice";"الشهادات معطلة. للتمكين ، يرجى الانتقال إلى <a href=""[link]""> التعليقات والمراجعات: خيارات </a> وحدد قيمة ""الاتصال"" أو ""التقييم"" أو ""الاتصال والتقييم"" في حقل ""الشهادات"".";"ar"
"text_enets_notice";"Please send the following URL to the eNPS manager as a response URL for all the three cases (success, failure, cancel): [r_url]";"ar"
"text_entered_html_was_sanitized";"بعض <strong>علامات HTML</strong> التي استخدمت <strong>وانقطعت</strong> بسبب القيود المفروضة على إدراج HTML العلامات مثل &lt; كائن &gt; &lt; iframe &gt; &lt; تضمين &gt; وتعليمات برمجية JavaScript. هذا لماذا لن يتم عرض المحتوى الذي قمت بإدراج عبر هذه العلامات.";"ar"
"text_enter_filename";"يرجى ادخال اسم ملف جديد";"ar"
"text_error_adding_request";"حدث خطأ أثناء إضافة الطلب.";"ar"
"text_exim_data_exported";"تم تصدير البيانات بنجاح";"ar"
"text_exim_data_imported";"تم تصدير البيانات بنجاح.<br />العناصر الجديدة - <b>[new]</b>;<br />العناصر المحدثة - <b>[exist]</b>;<br />الإجمالي - <b>[total]</b>.";"ar"
"text_exim_data_imported_clear";"تم استيراد البيانات بنجاح.";"ar"
"text_exim_export_notice";"بالأدنى قائمة الحقول التي يمكن تصديرها. الحقول <b>المبرزة</b> إجبارية.";"ar"
"text_exim_import_features_note";"<h4>تنسيق استيراد ميزات المنتج</h4><code>(%Group name%) %Feature name%: %Feature type%[%Feature value%]</code>حيث،<dl class=""dl-horizontal""><dt>%Group name%</dt><dd>اسم مجموعة الميزات</dd><dt>%Feature name%</dt><dd>اسم الميزة</dd><dt>%Feature type%</dt><dd>نوع الميزة (C - مربع اختيار ، M - خانات اختيار متعددة ، S - مربع تحديد النص ، N - مربع تحديد الرقم ، E - مربع التحديد الموسع ، T - نص بسيط ، O - رقم ، D - التاريخ)</dd><dt>%Feature value%</dt><dd>قيمة الميزة (يمكن تحديد عدة قيم بفاصلة)</dd></dl><p>يجب تحديد العديد من الميزات بواسطة فاصلة منقوطة.</p><h5>مثال:</h5><code>ISBN: T[1233423423]; Release date: D[05/05/07]; Color: S[Red]</code>";"ar"
"text_exim_import_files_note";"<h4>File import format</h4><code>%File location%</code> where, <dl class=""dl-horizontal""> <dt>%File location%</dt> <dd>can be an absolute or relative path in a server file system or a URL</dd> </dl> <p>Several files must be delimited by comma.</p> <h5>Example 1:</h5><code>file1.jpg</code><h5>Example 2:</h5><code>backup/file1.zip, images/file2.jpg</code>";"ar"
"text_exim_import_images_note";"<h4>Image import format</h4><code>%Image location%#%Alternative text%</code> where,<br><dl class=""dl-horizontal""><dt>%Image location%</dt><dd>can be an absolute or relative path in a server file system or a URL,</dd><dt>%Alternative text%<dt><dd>image alternative text</dd></dl><h5>Example 1:</h5><code>images/product_images/apples.jpg#Apples</code><h5>Example 2:</h5><code>http://www.site.com/apples.jpg#Apples</code>";"ar"
"text_exim_import_notice";"Below is a list of the fields that your data file can contain. The fields highlighted in bold are mandatory. If you are importing data with special symbols (commas, semicolons, etc.), please make sure you have these fields quoted.";"ar"
"text_exim_import_options_note";"<h4>تنسيق استيراد خيارات المنتج</h4><code>%Option name%: %Option type%[{$ldelim}%Variant 1 ID%{$rdelim}%Variant 1%,{$ldelim}%Variant 2 ID%{$rdelim}%Variant 2%,{$ldelim}%Variant N ID%{$rdelim}%Variant N%]</code> حيث،<dl class=""dl-horizontal""><dt>%Option name%</dt><dd>اسم الخيار،</dd><dt>%Variant N ID%</dt><dd>the id of the variant,</dd><dt>%Variant N%</dt><dd>the name of the variant. Variants must be specified if the option type is a selectbox or radiogroup only.</dd><dt>%Option type%</dt><dd>the option type, can be the following:<br><ul><li><b>S</b> - selectbox,</li><li><b>R</b> - radiogroup,</li><li><b>C</b> - checkbox,</li><li><b>I</b> - simple input,</li><li><b>T</b> - textarea.</li></ul></dd></dl><p>Several options must be delimited by semicolon.</p><h5>Examples:</h5>Simple text options:<code>Your age: I; Date of birth: I; Notes: T</code><br>Options with variants:<code>Color: S[Red, Green, Blue]; Size: R[X, XL, XXL]</code>";"ar"
"text_exim_utf8_file_format";"Please make sure that the file you are importing has UTF-8 charset for correct import";"ar"
"text_expired_license";"للأسف اشتراك الـ CS-Cart الخاص بكم انتهى. يرجى تجديد الاشتراك في أقرب وقت ممكن حتى تتجنبون توقف عمل البرنامج.";"ar"
"text_failed_gift_certificate_addition";"فضل في إضافة شهادة الهدية. تأكد من أن المجموع غير مساوي للصفر.";"ar"
"text_features_delimiter";"Delimiter between variant values of a product feature.";"ar"
"text_feedback_notice";"The parameters that will be sent to our server to analyze the functionality and the current configuration are listed below.<br />Please note that no personal or financial information will be sent. After you get acquainted with the list of the parameters, click on ""Send"".<br />";"ar"
"text_files_directory";"المجلد الموجود به ملفات المنتج. سوف يتم استخدامه إذا كانت خانة الملف محددة بدون مسار; يجب أن يكون مسار كامل";"ar"
"text_file_created";"تم إنشاء الملف <b>[file]</b> بنجاح.";"ar"
"text_file_deleted";"تم حذف الملف <b>[file]</b> بنجاح";"ar"
"text_file_editor_notice";"يمكنكم رفع وتحميل الملفات عبر <a href=""[href]"">محرر الملفات</a>";"ar"
"text_file_editor_notice_full_link";"يمكنك تحميل وتنزيل الملفات عبر [link]";"ar"
"text_file_editor_notice_with_image_size_info";"يمكنك تحميل وتنزيل الملفات عبر <a href=""[href]"">File Editor</a>. الحد الأقصى لحجم ملفات الصور هو [file_size] ميغابايت.";"ar"
"text_file_renamed";"تم إعادة تسمية الملف <b>[file]</b> بنجاح إلى <b>[to_file]</b>";"ar"
"text_file_restored";"تم إعادة الملف <b>[file]</b> من المخزون";"ar"
"text_file_saved";"تم حفظ الملف <b>[file]</b> بنجاح";"ar"
"text_fill_the_mandatory_fields";"يتوجب عليكم ملء جميع الخانات الإجبارية";"ar"
"text_forbidden_file_extension";"غير مسموح بإنشاء أو رفع أو إعادة تسمية الملفات ذات الامتداد <b>[ext]</b>.";"ar"
"text_forbidden_file_mime";"It is not allowed to create/upload/rename files of the <b>[mime]</b> MIME type.";"ar"
"text_forbidden_functionality";"<p>لاستخدام هذه الميزة، تحتاج إلى ترخيص [product]-</p>";"ar"
"text_forbidden_uploaded_file_extension";"غير مسموح برفع ملفات بالامتداد <b>.[ext]</b>. الامتدادات المسموحة هي: <b>[exts]</b>";"ar"
"text_forbidden_uploaded_file_size";"غير مسموح برفع ملفات حجمها أكبر من <b>[size]</b>";"ar"
"text_form_cresecure_notice";"نرجو إتمام عملية الدفع أدناه.<br />هذه صفحة دفع مأمنة, وتخدم من مكان مأمون.";"ar"
"text_full_mode_required";"يجب تفعيل <strong>الوضع المتكامل</strong>.";"ar"
"text_gate2shop_notice";"<p>Please set the following values in the Gate2Shop merchant settings:</p><p>Success, failed and canceled URL: <b>[result_url]</b></p><p>Back URL: <b>[back_url]</b></p>";"ar"
"text_gd_not_avail";"مكتبة الـ GD <b>غير مركبة</b> على سيرفركم. يرجى الاتصال بمزود خدمة الاستضافة. <br>يمكن استخدام النوع ""جدول"" فقط للحروف.";"ar"
"text_gift_certificate_logo";"شعار <b>شهادات الهدايا</b>";"ar"
"text_gift_cert_added_to_wishlist";"شهادة الهدية تمت اضافتها لقائمة أمنياتك";"ar"
"text_gift_cert_amount_alert";"وينبغي أن يكون مقدار بين [min] و [max]";"ar"
"text_gift_cert_applied";"تم تطبيق شهادة هدية";"ar"
"text_gift_cert_cannot_delete";"لا يمكن حذف [code] شهادة هدية لاستخدامه في [ids] مما.";"ar"
"text_gift_cert_has_been_deleted";"تم بنجاح حذف شهادة هدية.";"ar"
"text_hidpi_support_enabled";"يتم تمكين دعم HiDPI";"ar"
"text_hsbc_notice";"<b>Client ID  -</b> Your Client ID - a decimal value between 0 and 999999999, or a valid Client alias of the form UK12345678CUR. <br /> Note, the alias is case sensitive. <br /> <b>Important note for UNIX users:</b><br /> Please make sure you have appropriate permissions for the following directory: [cart_dir] (shell command ""chmod -R 755"").";"ar"
"text_ideal_basic_notice";"-&nbsp;Log in to your iDEAL account<br />-&nbsp;Click on <u>'Security'</u> in the <u>'Profile'</u> section.<br />-&nbsp;Set the option <u>'Notification'</u> to <b>'XML'</b><br />-&nbsp;Set <u>'Notification URL'</u> to:<br /><b>[return_url]</b><br />-&nbsp;Set <u>'Secret key'</u>. The Secret key is known only to the seller and iDEAL.";"ar"
"text_images_delimiter";"محدد مسار الصور لصور مراجعة المنتج (مثل ""Image1.png /// Image2.png"")";"ar"
"text_images_directory";"المجلد الذي تحفظ به الصور.<br>سوف يتم استخدام هذا المجلد لرفع الصور التي لم يتم تحديد مسارها; يجب أن يكون المسار كاملاً.";"ar"
"text_increase_points_in_use";"تمت إضافة النقاط المستخدمة في الترتيب إلى حساب المستخدم.";"ar"
"text_input_license_code";"الرجاء إدخال رقم الترخيص الخاص بك لتكون قادرة على إدارة المتجر الخاص بك:";"ar"
"text_installing_theme_dependencies";"تثبيت التبعيات القالب: [dependencies]";"ar"
"text_invalid_url";"لقد أدخلت رابط غير صحيح";"ar"
"text_ips_denied";"غير مسموح لك الوصول إلى هذه المنطقة";"ar"
"text_ip_blocked_failed_login";"تم حظر IP الخاص بك [number] بعد تسجيلات دخول غير ناجحة";"ar"
"text_ip_is_blocked";"تم حظر عنوان IP الخاص بك.";"ar"
"text_items_added";"تم إضافة العناصر بنجاح";"ar"
"text_items_updated";"تم تحديث العناصر بنجاح";"ar"
"text_license_is_disabled";"يتم تعطيل الترخيص. الرجاء التحقق من حالة الترخيص الخاص بك.";"ar"
"text_license_is_disabled_full";"تم تعطيل الترخيص. الرجاء التحقق من حالة الترخيص الخاص بك أو حدد وضع متجر مختلف.";"ar"
"text_license_is_invalid";"رقم ترخيص غير صالح. الرجاء إدخال رقم ترخيص صالح.";"ar"
"text_license_is_invalid_full";"رقم ترخيص غير صالح. الرجاء إدخال رقم رخصة أو حدد وضع مخزن مختلفة.";"ar"
"text_license_required_ebay";"زيادة المبيعات الخاص بك عن طريق بيع المنتجات المعروضة في متجرك CS-Cart في أكبر سوق في العالم – موقع eBay.";"ar"
"text_license_required_ebay-title";"المزامنة مع إيباي eBay";"ar"
"text_license_required_facebook";"بناء المتجر الخاص بك في صفحة ألفيس بوك الخاصة بك للاقتراب من الجمهور وجذب المزيد من الزبائن الجدد.";"ar"
"text_license_required_facebook-title";"معرف التطبيق الفيسبوك Facebook App";"ar"
"text_license_required_full";"إصدار CS-Cart الحالي الخاص بك هو Professional. نقدم أيضًا إصدارًا آخر ، إصدارًا أكثر تقدمًا - <b> Ultimate </b>. مع CS-Cart Ultimate ، ستتمكن من استخدام عدد غير محدود من واجهات المتاجر وتطبيق التجارة عبر الهاتف المحمول بالإضافة إلى الوظيفة الإضافية eBay Synchronization وتطبيق Facebook بدون رسوم إضافية. لإلغاء تأمين واجهات المحلات والتجارة عبر الأجهزة المحمولة غير المحدودة ، احصل على ترخيص Ultimate.";"ar"
"text_license_required_storefronts";"إضافة العديد من واجهات المتاجر كما تريد وإدارتها عن طريق لوحة تحكم واحدة.";"ar"
"text_license_required_storefronts-title";"واجهات المتاجر غير محدود";"ar"
"text_links";"روابط نصية";"ar"
"text_login_form";"<h4>لم تقم بالاشتراك معنا؟</h4><p>إنشاء الحساب سهل ويستغرق أقل من دقيقة.</p>";"ar"
"text_login_to_add_to_cart";"هذا المنتج لا يمكن إضافته إلى<br>سلّة التسوق لأنك غير مسجل الدخول.";"ar"
"text_mail_area_logo";"لوجو الـ <b>فاتورة</b>";"ar"
"text_mandatory_fields";"<p class=""mandatory-fields"">The fields marked with <span class=""required"">*</span> are mandatory</p>";"ar"
"text_max_limit_of_parameters";"Maximum value of the ""limit"" field cannot exceed 25 unless the chart type is ""Table"". Limit of this chart has been corrected.";"ar"
"text_mb_failed_order";"No response from Skrill has been received yet, please hold on. Although the order might not be created in the store as long last, it is highly probable that it has been successfully created and processed by Skrill. Please contact the store staff and tell them the order ID as provided by Skrill";"ar"
"text_menus_have_been_deleted";"تم حذف القوائم بنجاح.";"ar"
"text_min_order_amount_required";"لاستكمال عملية الدفع يجب أن تتجاوز اجمالي الطلبات";"ar"
"text_min_products_amount_required";"لإتمام الشراء يجب أن يزيد إجمالي طلبكم عن";"ar"
"text_money_back_guarantee";"نحن نقدم 30 يوما ضمان استرجاع الأموال. إذا كنت لا تحب منتجاتنا، نعيد لك المال، بدون الحاجة لطرح اسئلة.";"ar"
"text_multiprofile_notice";"العضوية الواحدة من الممكن أن تحتوي على أكثر من بروفايل. على سبيل المثال, يمكنكم الحصول على بروفايل خاص بطلبات الشراء الشخصية, وملف آخر لطلبات شراء العمل أو أفراد العائلة...";"ar"
"text_mve_plus_license_required";"<p> اسمح لمورديك بتلقي الأموال من العملاء مباشرةً عبر السوق الخاص بك. </p> <p> إدارة قدرات الموردين عبر مجموعات المستخدمين ، والسماح للبائعين لديك بتغيير مظهر متاجرهم. </p> <p> إنشاء كتالوج موحد ، حيث يمكن للبائعين البدء في بيع أي منتج في غضون دقائق. </p>";"ar"
"text_mve_ultimate_license";"إصدار خاص من [product] يقدم جميع ميزات [product] بالإضافة إلى عدد غير محدود من واجهات المتاجر. إذا قمت بالتبديل إلى <a href=""[mve_ultimate_license_url]"" target=""_blank""> [product] Ultimate </a> ، فلن ترى الرسالة المتعلقة بحد واجهة المتجر مرة أخرى.";"ar"
"text_mve_ultimate_license_required";"<p> تفرّع: احصل على عدد غير محدود من واجهات المتاجر لسوقك. </p> <p> واجهة المتجر هي نطاق آخر تم إنشاؤه إما لبلد أو مدينة معينة ، أو لجزء معين من كتالوج المنتج. </p><p> احصل على جميع الوظائف الأخرى لبرنامج [product] Plus. </p>";"ar"
"text_mve_ultimate_or_plus_license_required";"يتطلب هذا الإجراء [product] Ultimate أو [product] Plus. في حالة التبديل إلى <a href=""[mve_ultimate_license_url]"" target=""_blank""> [product] Ultimate </a> أو <a href=""[mve_plus_license_url]"" target=""_blank""> [product] Plus </a > ، ستتمكن من الوصول إلى جميع ميزاتها.";"ar"
"text_newsletter_sent";"تم إرسال النشرة (النشرات) بنجاح.";"ar"
"text_new_payment_was_created";"تم إنشاء مدفوع جديد";"ar"
"text_new_post_notification";"هذا إشعار مناقشة جديدة ل";"ar"
"text_new_user_activation";"تم إضافة البروفايل المملوك بواسطة العضو ""[user_login]"". يجب أن تراجع بيانات البروفايل (إذا كان ذلك مطلوباً) وتفعيله عن طريق الرابط التالي:<br /><a href=""[url]"">[url_text]</a>";"ar"
"text_nothing_found";"لا يوجد شيء";"ar"
"text_not_allowed_to_upload_file_extension";"لا يسمح هنا برفع الملفات ذات الامتداد <b>.[ext]</b>.";"ar"
"text_not_allowed_to_upload_file_size";"لا يجوز تحميل ملفات يتجاوز حجمها الحد الأقصى المسموح به وهو [file_size] ميغابايت.";"ar"
"text_not_approved_products";"لديك منتجات تتطلب موافقتك. الرجاء <a href=""[link]""> اتباع هذا الرابط </a> لمراجعة هذه المنتجات.";"ar"
"text_not_approved_vendors";"لديكم باعة بانتظار الاعتماد. <a href=""[link]"">انقر هنا</a> لمراجعتهم.";"ar"
"text_not_valid_cc_number";"<b>[cc_number]</b> رقم بطاقة ائتمان غير صالحة.";"ar"
"text_not_valid_domain";"<b>[domain]</b> ليس اسم مجال صالح.";"ar"
"text_not_valid_email";"الإيميل <b>[email]</b> غير صحيح.";"ar"
"text_not_valid_ip";"<b>[ip]</b> ليس عنوان ip صالح.";"ar"
"text_no_active_promotions";"لا توجد عروض متاحة الآن.";"ar"
"text_no_conflicts";"لا توجد تضاربات";"ar"
"text_no_items_defined";"لم يتم إضافة [items]";"ar"
"text_no_matching_products_found";"لم يتم العثور على منتجات تطابق شروط البحث";"ar"
"text_no_matching_results_found";"لا يوجد نتائج تطابق معطيات البحث";"ar"
"text_no_orders";"لم يتم العثور على طلبات شراء";"ar"
"text_no_payments_needed";"لا توجد معلومات دفع مطلوبة";"ar"
"text_no_payments_required";"لا يوجد دفع مطلوب";"ar"
"text_no_products";"لا توجد منتجات";"ar"
"text_no_products_defined";"لم يتم إضافة منتجات";"ar"
"text_no_products_found";"لم يتم العثور على منتجات";"ar"
"text_no_shipments_found";"لا توجد شحنات";"ar"
"text_no_shipping_methods";"للأسف لا يوجد وسيلة شحن متاحة حالياً إلى منطقتكم.<br>يرجى الاتصال بنا وإن شاء الله سوف نعمل على معالجة ذلك في أقرب وقت.";"ar"
"text_no_upgrades_available";"لا توجد ترقيات متاحة حالياً";"ar"
"text_n_filters_created";"المرشحات التي تم إنشاؤها: [n].";"ar"
"text_objects_for_export";"سوف يتم تصدير <b>[total]</b> [name].";"ar"
"text_ogonedirect_notice";"Enter SHA-1 Signature both: here and on the Ogone Configuration.<br /><br />For new Ogone accounts created since May 11th, 2010, the new SHA policy is automatically active. <br/>Please do not forget to select the ""Use new SHA signature policy"" checkbox.";"ar"
"text_ogoneweb_notice";"Please set the following URL in the Technical Information section on the Ogone Configuration as a <b>Response Url</b> for all cases (""accepted"", ""on hold"", ""uncertain"", ""canceled by the client"", ""too many rejections by the acquirer""): <b>[r_url]</b><br /> Also enter SHA-1 Signature both: here and on the Ogone Configuration. Then select Request Type: ""Make this request in background and deferred"".";"ar"
"text_only_ultimate_license_required";"A special edition of [product] that offers an unlimited number of storefronts. If you switch to <a href=""[ultimate_license_url]"" target=""_blank"">[product] Ultimate</a>, you'll never see the message about the storefront limit again.";"ar"
"text_options_no_inventory";"لإنشاء تركيبات الخيار يجب أن يكون خيار واحد على الأقل للمنتج قد تم تحديد خاصية ""المخزون"" له.";"ar"
"text_order_backordered";"طلبكم تم إرجاعه. سنتصل بكم في أقرب فرصة إن شاء الله.";"ar"
"text_order_placed_error";"تم رفض طلب الشراء الخاص بكم بواسطة معالج الطلبات. يرجى مراجعة معلوماتك والاتصال بالإدارة.";"ar"
"text_order_placed_successfully";"تهانينا! تم إضافة طلب الشراء بنجاح.";"ar"
"text_order_repayed_successfully";"تم إعادة دفع الطلب بنجاح.";"ar"
"text_order_saved_successfully";"تم حفظ الطلب بنجاح.";"ar"
"text_order_status_has_not_been_changed";"لم يتم تغيير حالة الطلب ، لأن المستخدم لم يكن لديه نقاط كافية.";"ar"
"text_order_status_notification";"يرجى الانتباه أن الإبلاغ بخصوص تغيير الحالة سيرسل بناءاً على خصائص هذه الحالة";"ar"
"text_out_of_stock";"غير متوفر بالمخزون";"ar"
"text_owl";"OwlCarousel";"ar"
"text_pages_cloned";"تم نسخ الصفحات بنجاح. بالأسفل قائمة الصفحات الجديدة.";"ar"
"text_pages_have_been_deleted";"تم حذف الصفحات بنجاح.";"ar"
"text_page_changed";"هل أنت متأكد من أنك تريد التصفح بعيداً عن هذه الصفحة؟ لم يتم حفظ التغييرات بعد. انقر OK للاستمرار, أو Cancel للبقاء في الصفحة الحالية.";"ar"
"text_page_has_been_deleted";"تم حذف الصفحة بنجاح.";"ar"
"text_page_loading";"جار التحميل... طلبكم جار معالجته, نرجو الانتظار.";"ar"
"text_password_recovery_instructions_sent";"تم إرسال تعليمات استعادة كلمة المرور إلى عنوان [email].";"ar"
"text_pay4later_notice";"<b>Note</b>: In order to track your Deko orders with the shopping cart software, you have to take these steps:<br /><br />-&nbsp;Log in to Deko BackOffice<br />-&nbsp;Click on the <u>'Settings/Installations'</u> link in the <u>'Quick Links'</u> section.<br />-&nbsp;Set <u>'Return URL (Verified)'</u> setting to:<br /><b>[verified_url]</b><br />-&nbsp;Set <u>'Return URL (Decline)'</u> setting to:<br /><b>[decline_url]</b><br />-&nbsp;Set <u>'Return URL (Refer)'</u> setting to:<br /><b>[refer_url]</b><br />-&nbsp;Set <u>'Return URL (Cancel)'</u> setting to:<br /><b>[cancel_url]</b><br />-&nbsp;Set <u>'CSN URL'</u> setting to:<br /><b>[process_url]</b><br />-&nbsp;Click on the <u>'Save Changes'</u> button<br />";"ar"
"text_paybox_notice";"<b>Note:</b> Please download the file modulev2.cgi from the PayBox server, copy it to the <b>[paybox_dir]</b> directory <u>in binary mode</u> and make it executable. <br />Run the following command:<br /><b><i>chmod 755 modulev2.cgi</b></i><br /><br />Also ask &#8220;Paybox&#8221; service to add the following URL to the database as &#8220;Callback URL&#8221;:<br /><b>[callback_url]</b>";"ar"
"text_payment_first_data_notice";"الرجاء تسجيل الدخول إلى FirstData Connect 2.0 Admin، افتح علامة التبويب ""إدارة""، انقر فوق الارتباط the ""Connect 2.0 Setup"" link. < br/> تعيين URL التالي في ""تقديم نموذج الطلب""، ""صفحة تأكيد""، ""صفحة فشل"" المقاطع: [return_url] < br/>";"ar"
"text_payment_have_been_deleted";"تم حذف الدفع بنجاح.";"ar"
"text_payment_have_not_been_deleted";"لا يمكن حذف الدفع.";"ar"
"text_paypal_processing_payment";"Please wait while processing the payment details...";"ar"
"text_paysitecash_debug";"Debug Information";"ar"
"text_paysitecash_mode";"الوضع";"ar"
"text_paysitecash_mode_debug_off";"مغلق";"ar"
"text_paysitecash_mode_debug_on";"مفعل";"ar"
"text_paysitecash_mode_live";"حي";"ar"
"text_paysitecash_mode_test";"تجريبي";"ar"
"text_paysitecash_nocurrencies";"وضع العملة";"ar"
"text_paysitecash_nocurrencies_no";"Allow customer select any of supported currency";"ar"
"text_paysitecash_nocurrencies_yes";"Do not show currency selection at all";"ar"
"text_paysitecash_notice";"Please add these URL fields in your Paysite-cash configuration:<br/><br/><b>URL:</b><br/>[url]<br/><br/><b>Referer url:</b><br/>[ref_url]<br/><br/><b>after payment return url:</b><br/>[sucess_url]<br/><br/><b>canceled payment url:</b><br/>[cancel_url]<br/><br/><b>Backoffice confirmation url:</b><br/>[confirm_url]";"ar"
"text_paysitecash_processor";"Processor";"ar"
"text_paysitecash_site_id";"Site ID";"ar"
"text_payway_notice";"Please set up the following parameters in PayWay back end: <p> Browser Return URL Pre Payment: <b>[prepayment]</b><br /> Browser Return URL: <b>[return]</b><br /> Notification URL: <b>[notify]</b><br /> Notification Post Type: leave empty </p>";"ar"
"text_permissions_changed";"تم تغيير التصاريح";"ar"
"text_piraeus_notice";"<b>Note:</b> Please send the following information to the payment support:<br /> Website URL: '<u>[website_url]</u>'<br /> Referrer URL: '<u>[referrer_url]</u>'<br /> Success URL: '<u>[success_url]</u>'<br /> Failure URL: '<u>[failure_url]</u>'<br /> Backlink URL: '<u>[backlink_url]</u>'<br /> IP Address: '<u>[ip_address]</u>'<br /><br /> Response Method: '<u>[response_method]</u>'<br /><br />";"ar"
"text_points_cannot_applied_because_subtotal_redeemed";"لا يمكن تطبيق النقاط نظرًا لاسترداد المبلغ الإجمالي بالكامل.";"ar"
"text_points_exceed_points_on_account";"يتجاوز عدد النقاط التي أدخلتها عدد النقاط في حسابك.";"ar"
"text_points_exceed_points_that_can_be_applied";"يتجاوز عدد النقاط التي أدخلتها عدد النقاط التي يمكن تطبيقها على هذا الطلب.";"ar"
"text_points_used_in_order";"تم استخدام النقاط بالترتيب";"ar"
"text_point_in_account";"عندك";"ar"
"text_position_updating";"جار التحميل... جار تحديث المواضع, نرجو الانتظار.";"ar"
"text_post_pended";"سيتم فحص منشورك قبل نشره.";"ar"
"text_price_dec_sign_delimiter";"الفاصلة العشرية لأسعار المنتج.";"ar"
"text_products_added";"تم إضافة المنتجات التالية إلى المتجر:";"ar"
"text_products_cloned";"تم نسخ المنتجات بنجاح. بالأسفل قائمة المنتجات الجديدة.";"ar"
"text_products_have_been_deleted";"تم حذف المنتجات بنجاح.";"ar"
"text_products_updated";"المنتجات التالية تم تحديثها:";"ar"
"text_products_updated_successfully";"تم تحديث المنتجات بنجاح";"ar"
"text_product_cloned";"تم نسخ المنتجات بنجاح. بالأسفل قائمة المنتجات الجديدة.";"ar"
"text_product_detailed_image";"(اختياري ويتم عرضه في نافذة منبثقة)";"ar"
"text_product_file_has_been_deleted";"تم حذف ملف المنتج";"ar"
"text_product_filters_were_disabled";"تم تعطيل <a href=""[url]"" target=""_blank"">مصفات المنتجات</a> التالية: [filters_list].";"ar"
"text_product_has_been_deleted";"تم حذف المنتج بنجاح.";"ar"
"text_product_option_delimiter";"Delimiter for product options within an option combination (e.g. ""Color: Red, Size: Small"")";"ar"
"text_product_thumbnail";"(تعرض في صفحة قائمة المنتجات وصفحة تفاصيل المنتج)";"ar"
"text_profile_activated";"حسابك نشط الآن. يمكنك تسجيل الدخول إلى حسابك باستخدام بيانات الاعتماد الخاصة بك.";"ar"
"text_profile_benefits";"<h4>مميزات الحصول على العضوية</h4><ul><li>تسجيل الدخول في أي وقت لمعاينة حالات طلباتكم</li><li>تخصيص تجربة تسوقكم معنا</li><li>إسراع عمليات الشراء المستقبلية</li></ul>";"ar"
"text_profile_deactivated";"حسابك تم تعطيله. يرجى الاتصال بنا للحصول على مزيد من التفاصيل.";"ar"
"text_profile_details";"<h4>تفاصيل البروفايل</h4><p>في هذه الصفحة يمكنكم تعديل معلومات تسجيل الدخول وبياناتكم الشخصية ليتم استخدامها في عمليات الشراء المستقبلية.</p><p>للحفاظ على أمن حسابكم نحن نوصي بألا يتم استخدام كلمات مرور تحتوي على:</p><ul><li>كلمات لها معنى في أي لغة.</li><li>الكلمات التي تكتب معكوسة أو الاختصارات.</li><li>الحروف أو الأرقام المتكررة. مثل: 12345678, 222222, ابتثجحخ, أو الحروف المتجاورة في لوحة المفاتيح (كمنت شسيب).</li><li>المعلومات الشخصية. مثل: الاسم, تاريخ الميلاد, رقم رخصة القيادة, رقم جواز السفر, إلخ...</li></ul>";"ar"
"text_profile_is_created";"تم إنشاء حسابكم بنجاح.";"ar"
"text_profile_is_updated";"تم تحديث بيانات ملفكم الشخصي بنجاح.";"ar"
"text_profile_should_be_approved";"تم إنشاء حسابك بنجاح, ولكن يجب اعتماده بواسطة الإدارة أولاً كي تتمكن من تسجيل الدخول.";"ar"
"text_promotions_group_condition";"إذا كان [set] هذه الشروط [set_value]";"ar"
"text_qty_discounts";"خصومات الكمية الخاصة بنا";"ar"
"text_recommendation_notes";"لقد أوصى صديقك بهذه الصفحة لك. الرجاء اتباع الرابط:";"ar"
"text_recover_password";"<p>إذا نسيت كلمة المرور, أدخل إيميلك ثم انقر <b>تغيير كلمة المرور</b>.</p><p>ستستلم كلمة مرور جديدة ورابط تسجيل الدخول. وستتمكن من تغيير كلمة المرور لاحقاً إن شاء الله.</p>";"ar"
"text_recover_password_notice";"أدخل إيميلك ليتم إرسال مفتاح ورابط تسجيل الدخول وتغيير كلمة المرور إليه.";"ar"
"text_recover_password_title";"تغيير كلمة المرور";"ar"
"text_redactor2";"المحرر الثاني";"ar"
"text_remove_additional_images";"عندما يتم استيراد صور إضافية لمنتج يتم تحديثه يتم حذف الصور الموجودة بالفعل مع المنتج قبل الاستيراد";"ar"
"text_remove_backup_files";"تحذير! إذا حذفت الملفات الاحتياطية فلن تتمكن من إرجاع النسخة السابقة.";"ar"
"text_required_group_product";"يرجى اختيار منتج للمجموعة الضرورية [group_name]";"ar"
"text_reset_inventory_description";"سيتم إعادة تعيين كمية كل المنتجات في المتجر.";"ar"
"text_restore_question";"هل أنت متأكد من أنك تريد استرجاع القالب؟";"ar"
"text_review_and_reach_out_request";"سنراجع طلبك ونتواصل معك عبر البريد الإلكتروني قريبًا.";"ar"
"text_sagepay_dir_notice";"<b>ملاحظة:</b> من أجل تتبع طلبات Opayo الخاصة بك عن طريق برنامج عربة التسوق، يرجى تمكين خيار التحقق من الاحتيال الآمن ثلاثي الأبعاد لحساب Opayo VSP Direct الخاص بك.";"ar"
"text_sagepay_notice";"استخدم <b>بائع الاختبار</b> كـ <b>اسم البائع</b> لأغراض الاختبار<br /><p><b>الدفع</b> - يتم استخدام نوع المعاملة للحصول على تفويض من البنك، ثم تسوية تلك المعاملة في وقت مبكر من صباح اليوم التالي، مع الالتزام بالأموال التي سيتم أخذها من بطاقة عميلك.<br /></p><p><b>مؤجل</b> - لا يتم إرسال المعاملات إلى البنك لاستكمالها حتى تقوم بتحريرها عن طريق تسجيل الدخول إلى واجهة Opayo VSP Admin، والعثور على المعاملة والنقر على زر الإصدار.</p>";"ar"
"text_secret_key_notice";"يرجى ملء هذه الخانة بأي قيمة غير فارغة. سوف يزيد ذلك من حماية العمليات الشرائية.";"ar"
"text_select_fields2edit_note";"يمكنكم تحرير عدد محدود من الأشياء في نفس الوقت. اختر بعض الأشياء من القائمة العليا, اختر على الحقول المراد تحريرها ثم انقر على ""تحرير المحدد"".";"ar"
"text_select_file";"اختيار الملف";"ar"
"text_select_range";"يمكنكم اختيار مدى لتصديره (و إلا كل الحقول سيتم تصديرها)";"ar"
"text_select_vendor";"Please select a store first";"ar"
"text_send_an_email_access_information";"سنرسل لك بريدًا إلكترونيًا يحتوي على معلومات الوصول.";"ar"
"text_set_write_permissions_for_dirs";"يمكنكم إما تعيين صلاحية الكتابة على المجلدات أعلاه, أو توفير وصول عبر بروتوكول FTP لهذه المجلدات.";"ar"
"text_share_product_features_tooltip";"انتبه! بعض البيانات لن يتم نسخها أثناء هذه العملية: مجموعة الفئات في المصفات ستفقد حتى لو قمت بنسخ كل الفئات. يرجى معالجة الفئات يدوياً.";"ar"
"text_share_product_filters_tooltip";"انتبه! بعض البيانات لن يتم نسخها أثناء هذه العملية: مجموعة الفئات في المواصفات ستفقد حتى لو قمت بنسخ كل الفئات. يرجى معالجة الفئات يدوياً.";"ar"
"text_share_promotions_tooltip";"لتتمكن من مشاركة العروض, تأكد أولاً أن المنتجات المعنية تم مشاركتها (افحص مشاركة المنتجات أدناه)";"ar"
"text_shipping_packages_info";"للتأكد من دقة تقدير تكلفة الشحن, تم فصل المنتجات إلى عبوات كما هو معرف في خصائص المنتج وإعدادات طريقة الشحن. المعلومات التالية للاستخدام المرجعي فقط";"ar"
"text_shipping_rates_changed";"تم تغيير معدلات الشحن";"ar"
"text_ship_to_billing";"سيتم تسليم الطلب لعنوان الدفع";"ar"
"text_shoppers_can_order_products";"الآن يمكن للمتسوقين طلب هذه المنتجات في المتجر.";"ar"
"text_signup_for_subscriptions";"الاشتراك في نشرتنا الإخبارية!";"ar"
"text_skip_creating_new_products";"إذا قمت بتمكين هذا الإعداد ، فلن يتم تحديث سوى المنتجات الموجودة بالفعل في قاعدة البيانات الخاصة بك.";"ar"
"text_skrill_activate_quick_checkout_short_explanation";"Skrill Merchant Tools enables you to take payments from credit cards, debit cards and over 60 other local payment options in over 200 countries. The highly competitive rates for this service are published on the Skrill website at www.skrill.com.";"ar"
"text_skrill_activate_quick_checkout_short_explanation_1";"You have sent a request for activation on the [date]. Please be aware that the verification process to use Skrill Merchant Tools could take up to 72 hours. You will be contacted by Skrill when the verification process has been completed.";"ar"
"text_skrill_activate_quick_checkout_short_explanation_2";"After activation Skrill will grant you access to a new section in your Skrill Account called Merchant Tools. There please choose a secret word (NOT the same as your password) and enter it in the section below to connect to Skrill. The secret word is the last step of your activation process and encrypts your payments securely. After successful submission you will be ready to use all the direct payment options of Skrill.";"ar"
"text_skrill_currs_notice";"If you selected a currency that is not the base one in your store, please make sure that it has the correct <a href=""http://en.wikipedia.org/wiki/ISO_4217"">ISO 4217 code</a> on the <a href=""[link]"">currencies</a> page.";"ar"
"text_skrill_email_is_not_registered";"Specified email address is not registered in Skrill.";"ar"
"text_skrill_email_is_registered";"Specified email address is registered in Skrill.";"ar"
"text_skrill_empty_input_data";"Some of the fields required for Quick Checkout activation are missing. Please check.";"ar"
"text_skrill_logo_notice";"If your HTTPS server is not set up, the logo will be passed by the HTTP protocol and users will see the ""Connection Partially Encrypted"" warning on the Skrill page.";"ar"
"text_skrill_notice";"للوصول إلى شبكة المدفوعات الدولية سكريل، من فضلك سجل <a href=""[register_url]"" target=""_blank""> هنا</a> للحصول على حساب مجاني إذا لم يكن لديك واحد حتى الآن. <p><strong>اهتمام</strong>: الرجاء حفظ الإعدادات قبل التحقق من صحة البريد الإلكتروني، وكلمة السر أو تفعيل أدوات التاجر.</p>";"ar"
"text_skrill_notice_register";"للوصول إلى شبكة المدفوعات الدولية سكريل، من فضلك سجل <a href=""[register_url]"" target=""_blank""> هنا</a> للحصول على حساب مجاني إذا لم يكن لديك واحد حتى الآن. <p><strong>اهتمام</strong>: الرجاء حفظ الإعدادات قبل التحقق من صحة البريد الإلكتروني، وكلمة السر أو تفعيل أدوات التاجر.</p>";"ar"
"text_skrill_payment_is_not_saved";"In order to use this feature, please save the payment method first.";"ar"
"text_skrill_secred_word_notice";"The secret word must be in lower case without special characters and at least 10 digits long.";"ar"
"text_skrill_secret_word_is_correct";"Specified secret word is correct.";"ar"
"text_skrill_secret_word_is_incorrect";"Your secret word is incorrect. Please choose your secret word in the Merchant Tools section of your Skrill Account and then enter it here.";"ar"
"text_skrill_support";"<b>الدعم:</b> <br /><br /> هل لديك أسئلة؟<br /> اتصل بـ Skrill على <a href=""mailto:"">ecommerce@skrill.com</a> أو عبر الهاتف +4408703830762.<br />";"ar"
"text_status_is_float";"لا يمكنكم استخدام فواصل زمنية في متغير ""الحالة"" لأنها تعتمد أصلاً على الوقت.";"ar"
"text_storage_changed";"تم تغيير التخزين بنجاح";"ar"
"text_storefront_license_required";"واجهة محل إضافية لترخيص [product] القياسي. جيد لأولئك الذين لا يعتزمون إضافة عدد قليل من واجهات المحلات في المستقبل.";"ar"
"text_store_closed";"عذراً, المتجر مغلق حالياً.";"ar"
"text_store_mode_changed_to_full";"<p style=""direction:rtl"">تم تنشيط <strong>الوضع المتكامل</strong>. كل خصائص التجارة الإلكترونية المتقدمة متاحة الآن.</p>";"ar"
"text_store_mode_changed_to_mve";"يستخدم متجرك الآن ترخيصًا نشطًا. مع إصدار [product] ، تحصل على جميع الميزات التي نقدمها تقريبًا. تتوفر الميزات الإضافية (مثل الدفع المنفصل لكل مورد ، والعروض الترويجية التي أنشأها البائع) مع <a href=""[mve_plus_license_url]"" target=""_blank""> [product] الإصدار الإضافي </a>. هناك إصدار أكثر تقدمًا ، <a href=""[mve_ultimate_license_url]"" target=""_blank""> [product] Ultimate </a> ، والذي يتيح لك استخدام واجهات متاجر متعددة لجماهير مختلفة.";"ar"
"text_store_mode_changed_to_mve.booking.ultimate";"يستخدم متجرك الآن ترخيصًا نشطًا. تتوفر جميع ميزات التجارة الإلكترونية المتقدمة.";"ar"
"text_store_mode_changed_to_mve.booking_ru.ultimate";"يستخدم متجرك الآن ترخيصًا نشطًا. تتوفر جميع ميزات التجارة الإلكترونية المتقدمة.";"ar"
"text_store_mode_changed_to_mve.enterprise";"تم تنشيط <strong>وضع المؤسسة</strong> . في هذا الوضع ، تتوفر جميع ميزات التجارة الإلكترونية المتقدمة.";"ar"
"text_store_mode_changed_to_mve.plus";"تم تنشيط <strong> وضع  Plus</strong>. يوفر هذا الوضع جميع ميزات التجارة الإلكترونية المتقدمة ، باستثناء واجهات المتاجر المتعددة. إذا احتاج سوقك في أي وقت إلى نطاقات منفصلة لجماهير مختلفة ، فقم بترقية ترخيصك إلى <a href=""[mve_ultimate_license_url]"" target=""_blank"">[product] Ultimate</a>.";"ar"
"text_store_mode_changed_to_mve.ru";"يستخدم متجرك الآن ترخيصًا نشطًا. مع إصدار [product] ، تحصل على جميع الميزات التي نقدمها تقريبًا. تتوفر الميزات الإضافية (مثل الدفع المنفصل لكل مورد ، والعروض الترويجية التي أنشأها البائع) مع <a href=""[mve_plus_license_url]"" target=""_blank""> [product] الإصدار Plus </a>. هناك إصدار أكثر تقدمًا ، <a href=""[mve_ultimate_license_url]"" target=""_blank""> [product] Ultimate </a> ، والذي يتيح لك استخدام واجهات متاجر متعددة لجماهير مختلفة.";"ar"
"text_store_mode_changed_to_mve.ru.enterprise";"تم تنشيط <strong>وضع المؤسسة</strong> . في هذا الوضع ، تتوفر جميع ميزات التجارة الإلكترونية المتقدمة.";"ar"
"text_store_mode_changed_to_mve.ru.plus";"تم تنشيط <strong> وضع  Plus</strong>. يوفر هذا الوضع جميع ميزات التجارة الإلكترونية المتقدمة ، باستثناء واجهات المتاجر المتعددة. إذا احتاج سوقك في أي وقت إلى نطاقات منفصلة لجماهير مختلفة ، فقم بترقية ترخيصك إلى <a href=""[mve_ultimate_license_url]"" target=""_blank"">[product] Ultimate</a>.";"ar"
"text_store_mode_changed_to_mve.ru.ultimate";"تم تنشيط <strong> الوضع Ultimate </strong>. في هذا الوضع ، تتوفر جميع ميزات التجارة الإلكترونية المتقدمة.";"ar"
"text_store_mode_changed_to_mve.ultimate";"تم تنشيط <strong> الوضع Ultimate </strong>. في هذا الوضع ، تتوفر جميع ميزات التجارة الإلكترونية المتقدمة.";"ar"
"text_store_mode_changed_to_ult";"يستخدم متجرك الآن ترخيصًا نشطًا لـ [product].";"ar"
"text_store_mode_changed_to_ult.b2b";"يستخدم متجرك الآن ترخيصًا نشطًا لـ [product].";"ar"
"text_store_mode_changed_to_ult.b2b.enterprise";"يستخدم متجرك الآن ترخيصًا نشطًا بقيمة [product].";"ar"
"text_store_mode_changed_to_ult.b2b.ultimate";"يستخدم متجرك الآن ترخيصًا نشطًا لـ [product].";"ar"
"text_store_mode_changed_to_ult.enterprise";"يستخدم متجرك الآن ترخيصًا نشطًا بقيمة [product].";"ar"
"text_store_mode_changed_to_ult.free";"يستخدم متجرك الآن ترخيصًا نشطًا بقيمة [product].";"ar"
"text_store_mode_changed_to_ult.free_ru";"يستخدم متجرك الآن ترخيصًا نشطًا بقيمة [product].";"ar"
"text_store_mode_changed_to_ult.ru";"يستخدم متجرك الآن ترخيصًا نشطًا لـ [product].";"ar"
"text_store_mode_changed_to_ult.ru.enterprise";"يستخدم متجرك الآن ترخيصًا نشطًا بقيمة [product].";"ar"
"text_store_mode_changed_to_ult.ru.ultimate";"يستخدم متجرك الآن ترخيصًا نشطًا لـ [product].";"ar"
"text_store_mode_changed_to_ult.ultimate";"يستخدم متجرك الآن ترخيصًا نشطًا لـ [product].";"ar"
"text_store_mode_closed";"المتجر <b>مغلق</b>";"ar"
"text_store_mode_full";"<p>وصول كامل غير مقيد إلى كافة الميزات. قم بإدخال رقم ترخيص صالح لتنشيط.</p><p>يمكن تنشيط هذا الوضع في أي وقت.</p><br />";"ar"
"text_store_mode_open";"المتجر <b>مفتوح</b>";"ar"
"text_store_mode_opened";"المتجر <b>مفتوح</b>";"ar"
"text_store_mode_trial";"<p>كامل الوصول إلى كافة ميزات خلال فترة تجريبية مدتها 30 يوما، ابتداء من وقت التنشيط.</p> <p>بمجرد انتهاء فترة 30 يوما للمحاكمة، عليك شراء <a href=""[product_buy_url]"" target=""_blank""> ترخيص</a> أو قم بإدخال رقم ترخيص صالح لتكون قادرة على إدارة المتجر الخاص بك-</p>";"ar"
"text_store_mode_trial_rb";"تتوفر كافة الميزات خلال 30 يوما بعد تحميل حزمة التثبيت. لا تحتاج إلى إدخال مفتاح الترخيص. < br/> < br/> بعد انتهاء الفترة التجريبية ومدتها 30 يوما ، تحتاج إلى شراء ترخيص أو أدخل مفتاح الترخيص إذا كان لديك بالفعل أحد. < br/> < br/>";"ar"
"text_subscriber_activated";"تهانينا! تم تنشيط بريدك الإلكتروني بنجاح";"ar"
"text_subscriber_added";"تمت إضافة البريد الإلكتروني الخاص بك بنجاح إلى قائمة تحديثات البريد الإلكتروني المجانية الخاصة بنا";"ar"
"text_subscriber_removed";"تمت إزالة البريد الإلكتروني الخاص بك بنجاح من قائمة تحديثات البريد الإلكتروني المجانية الخاصة بنا";"ar"
"text_successful_request";"تم استلام طلبكم بنجاح. سنقوم بمراسلتكم بالرد قريباً إن شاء الله.";"ar"
"text_success_subscription";"لقد تم اشتراكك بنجاح في تحديثاتنا وعروضنا الترويجية المجانية عبر البريد الإلكتروني!";"ar"
"text_tab_changed";"لم يتم حفظ تغييراتك في علامة التبويب الحالية. انقر فوق ""موافق"" للمتابعة أو ""إلغاء"" للبقاء في علامة التبويب الحالية.";"ar"
"text_tax_applied";"الضريبة <b>[tax]</b> تم تطبيقها على كل المنتجات";"ar"
"text_tax_unset";"الضريبة <b>[tax]</b> تم حذفها من كل المنتجات";"ar"
"text_template_changed";"لم يتم حفظ التغييرات. انقر OK لحفظ التغييرات أو Cancel لإلغاء الحفظ.";"ar"
"text_test_email_sent";"تم أرسال اختبار البريد الإلكتروني على العنوان <b>[email]</b>.";"ar"
"text_thaiepay_notice";"<p>Please set the following values in the ThaiePay merchant settings:</p><p>Return Url: <b>[return_url]</b></p><p>Status: <b>Yes (it is important!)</b></p><p>Post Back Url: <b>[postback_url]</b></p><p>Main Parameter: <b>""total"" must be checked</b> - it will increase the security of transactions</p><p>Additional Parameter: it is obligatory for successful processing of transactions. For example, you can set <b>name=completed</b> and <b>value=some_secret_word</b>. Copy these values to these form fields: ""Additional parameter Name"" and ""Additional parameter Value"".</p>";"ar"
"text_thank_you_for_post";"شكرا لك على مشاركتك";"ar"
"text_thumbnail_manual_loading";"الصور المصغرة يتم إنشائها من الصور الأصلية تلقائياً, ولكن يمكنك أيضاً";"ar"
"text_tinymce";"TinyMCE";"ar"
"text_topmenu_more";"المزيد من [item] <i class=""text-arrow"">&larr;</i>";"ar"
"text_topmenu_view_more";"عرض المزيد <i class=""text-arrow"">&larr;</i>";"ar"
"text_track_instructions_sent";"تم إرسال تفاصيل الدخول عبر الإيميل.";"ar"
"text_track_request";"لقد قمت بطلب معلومات طلبات الشراء التي قمتم بإرسالها في متجرك.";"ar"
"text_track_view_all_orders";"لمشاهدة كل طلباتك, يرجى اتباع الرابط التالي:";"ar"
"text_track_view_order";"لعرض الطلب #[order] يرجى اتباع الرابط:";"ar"
"text_transaction_cancelled";"تم إلغاء العملية الشرائية من قبل العميل";"ar"
"text_transaction_declined";"العملية تم رفضها بواسطة معالج عمليات الدفع أو تم الغاءها بواسطة العميل";"ar"
"text_uc_addon_upgrade_completed";"وقد تم رفع مستوى الوظيفة الإضافية ""[name]"" بنجاح";"ar"
"text_uc_agreed_collisions";"I understand that my local modifications will be permanently lost during the upgrade";"ar"
"text_uc_another_update_process_running";"Possibly another upgrade process is running.<br />Please wait until it is finished.<br />If the process has finished with an error, you can remove the file [filename] and try to restart the upgrade.<br /><a href=""[url]"">Remove the lock file and restart the upgrade</a>";"ar"
"text_uc_backup_database";"The following database tables have been backed up";"ar"
"text_uc_backup_files";"The following files have been backed up";"ar"
"text_uc_broken_package";"The upgrade package seems to be broken. Please refresh packages list and try to download it again";"ar"
"text_uc_cannot_lock_upgrade_process";"Failed to disable upgrade process launching";"ar"
"text_uc_cant_download_package";"Cannot download the upgrade package";"ar"
"text_uc_changed_files_message";"هذه الملفات قد التعديلات المحلية، وسوف تكون مدعومة. بمجرد اكتمال عملية الترقية، مقارنة ملفات النسخة الاحتياطية بالملفات الجديدة وتطبيق التعديلات على الملفات الجديدة، إذا لزم الأمر.";"ar"
"text_uc_check_ok";"Your [product] version has been checked successfully. It is ready for upgrade.";"ar"
"text_uc_conflicts";"The following files had local modifications";"ar"
"text_uc_db_right_needed";"Not enough permissions to update database. Please assign the following privileges to your database user [db_user]: [priviliges].";"ar"
"text_uc_emergency_restore";"Attention! Please copy and save the URL below - you can use it to restore your store if upgrade fails.<br /><b>[href]</b>";"ar"
"text_uc_failed_to_backup_tables";"The database tables have not been backed up";"ar"
"text_uc_failed_to_create_directory";"Failed to create a new directory";"ar"
"text_uc_failed_to_decompress_files";"فشل فك ضغط الملف";"ar"
"text_uc_failed_to_ftp_copy";"FTP transfer failed";"ar"
"text_uc_ftp_cart_directory_not_found";"لم نتمكن من العثور على ملفات تثبيت المتجر في الدليل المحدد. الرجاء التأكد من إدخال دليل FTP الصحيح.";"ar"
"text_uc_ftp_connection_failed";"FTP connection failed";"ar"
"text_uc_ftp_connect_failed";"Cannot connect to FTP server. Please check if the host name is correct";"ar"
"text_uc_ftp_login_failed";"Cannot log in to FTP server. Please check if username and password are correct";"ar"
"text_uc_ftp_needed";"FTP credentials to access the files and set proper permissions automatically";"ar"
"text_uc_has_conflicts";"Some of your files had local modifications. You can check them by clicking the following link";"ar"
"text_uc_incorrect_upgrade_path";"Wrong path to upgrade files";"ar"
"text_uc_license_number_required";"Please enter your [product] license number";"ar"
"text_uc_list_of_updates_missing";"List of upgrades is missing";"ar"
"text_uc_local_modification";"Local modifications";"ar"
"text_uc_non_writable_files";"These files require write permissions set (manually or automatically via FTP)";"ar"
"text_uc_no_enough_space_to_backup_database";"Insufficient disk space to back up the database";"ar"
"text_uc_no_ftp_module";"It seems that no FTP module is installed on your server. You cannot use FTP until this module is installed";"ar"
"text_uc_package_installed_with_errors";"حدثت أخطاء أثناء عملية الترقية. الرجاء الاتصال بقسم الدعم التقني للتحقيق في المشكلة.";"ar"
"text_uc_timeout_check_success";"يبدو أن الخادم الخاص بك يسمح لتغيير خيار ""max_execution_time"" من البرنامج النصي. أنت على ما يرام مع عملية الترقية.";"ar"
"text_uc_unable_to_create_upgrade_folder";"Failed to create an upgrade folder";"ar"
"text_uc_unable_to_parse_uc_xml";"Failed to parse the upgrade process descriptor uc.xml";"ar"
"text_uc_unable_to_remove_file";"Failed to remove the file";"ar"
"text_uc_unable_to_remove_packages_xml";"Failed to remove the upgrade descriptor packages.xml";"ar"
"text_uc_unable_to_remove_upgrade_lock";"Failed to remove the upgrade lock file. Please remove the [file] file.";"ar"
"text_uc_unable_to_update_list_of_installed_upgrades";"Failed to update the list of installed upgrades";"ar"
"text_uc_upgrade_completed";"Your store has been upgraded successfully";"ar"
"text_uc_upgrade_completed_check_and_open";"<p>Your store was closed during the upgrading procedure. We recommend you to check the work of the store after the upgrade and only then open it.</p><p>You can open the store by unchecking the Close storefront setting under Settings → General.</p>";"ar"
"text_uc_upgrade_log_file_not_writable";"Upgrade log file is not writable";"ar"
"text_uc_upgrade_needed";"You need to upgrade to version <b>[to_version]</b> before applying this upgrade package (your version is <b>[your_version]</b>).";"ar"
"text_uc_upgrade_not_selected";"No upgrade package is selected";"ar"
"text_uc_upgrade_reverted";"The upgrade has been reverted successfully";"ar"
"text_uc_will_be_changed";"Will be changed";"ar"
"text_uc_will_be_deleted";"Will be deleted";"ar"
"text_ult_product_store_field_tooltip";"مالك المنتج. يستطيع مالك المنتج فقط تحرير كل خانات المنتجات المشتركة.";"ar"
"text_unable_to_install_theme_dependencies";"غير قادر على تثبيت التبعيات القالب: [dependencies]";"ar"
"text_unable_to_parse_xml";"لم نتمكن من معالجة صيغة الـ XML";"ar"
"text_unsubscribe_instructions";"نحن نحترم خصوصيتك ولا نرسل بريدًا إلكترونيًا غير مرغوب فيه إلى المستخدمين الذين لم يطلبوا المراسلات. لقد تلقيت هذا البريد الإلكتروني لأنك طلبت تلقي تحديثاتنا وعروضنا الترويجية المجانية. <br /> <br /> إذا كنت ترغب في إلغاء الاشتراك ، يرجى اتباع الرابط أدناه:";"ar"
"text_unsupported_currency";"العملة المستخدمة في الموقع غير مدعومة بنظام الدفع. يرجى الاتصال بنا بخصوص هذه القضية.";"ar"
"text_upgrade_available";"A new version of [product] is available. If you want to upgrade to the latest version now, click <a href=""[link]"">here</a>.";"ar"
"text_usergroup_activated";"قد تم تنشيط مجموعات المستخدم التالية للحساب الخاص بك: [usergroups].";"ar"
"text_usergroup_disactivated";"مجموعات المستخدم التالية قد أزيلت من الحساب الخاص بك: [usergroups].";"ar"
"text_usergroup_request";"مجموعة الأعضاء المطلوبة من العميل.";"ar"
"text_usergroup_requested_by";"طلب الفريق <b>[usergroup]</b> من [name] ([email]).";"ar"
"text_vendor_profile_changes_notice";"هل أنت متأكد من أنك تريد تحديث الملف الشخصي؟ لن تكون المعلومات الخاصة بشركتك متاحة في منطقة العميل حتى يوافق عليها المسؤول.";"ar"
"text_worldpay_notice";"Configure your Worldpay account before using the payment.<br /><br />Go to the Worldpay administration page and switch to the Installation section.<br /><br />Fill the fields as follows:<br /><br />Payment Response URL: <b>[return_url]</b><br />Payment Response Password: <b>Make up a secret word.</b> The same word must be entered in the respective field below<br />MD5 secret for transactions: <b>Make up a secret word.</b> The same word must be entered in the respective field below<br />SignatureFields: <b>instId:amount:currency:cartId</b>";"ar"
"text_you_have_already_filled_this_poll";"لقد أنجزت بالفعل هذا التصويت";"ar"
"text_zipcodes_wildcards";"يمكنكم استخدام الـ في هذه الخانة:<br><b>'?'</b> - تحل محل أي حرف;<b>'*'</b> - تحل محل أي عدد من الحروف.<br><br><u>مثال:</u><br><b>98?78</b> &nbsp;&nbsp;(من الممكن أن تكون 98878 أو 98378 أو 98978 وهكذا)<br><b>12*</b>&nbsp;&nbsp; (من الممكن أن تكون 12345 أو 12876 أو 12098و هكذا)";"ar"
"thanks_for_voting";"شكرا لأخذ الوقت لإكمال هذا الاستطلاع.";"ar"
"thank_you";"شكرا لك!";"ar"
"thank_you_for_registering_as_a_seller";"شكرًا لك على التسجيل كبائع على [url]. سنراجع طلبك ثم نمنحك حق الوصول إلى لوحة الإدارة في رسالة بريد إلكتروني منفصلة.";"ar"
"thank_you_for_registration";"شكرا لك على التسجيل!";"ar"
"theme";"الثيم";"ar"
"themes";"الثيمات";"ar"
"themes.google_fonts_replace_error";"لا يمكن استبدال خطوط جوجل لأنماطك";"ar"
"themes.google_fonts_was_replaced";"تم استبدال خطوط Google الخاصة بأنماطك بنجاح";"ar"
"theme_directory";"مجلد الثيم";"ar"
"theme_editor";"محرر الثيم";"ar"
"theme_editor.background";"الخلفية";"ar"
"theme_editor.backgrounds";"الخلفيات";"ar"
"theme_editor.background_color";"لون الخلفية";"ar"
"theme_editor.background_image";"الصورة الخلفية";"ar"
"theme_editor.base_color";"أساسي";"ar"
"theme_editor.body_font";"البودي";"ar"
"theme_editor.browse";"استعراض";"ar"
"theme_editor.buttons_font";"الأزرار";"ar"
"theme_editor.checkout_active_selector_background";"الدفع: خلفية محدد نشطة";"ar"
"theme_editor.checkout_active_selector_border";"الدفع: حد المحدد النشط";"ar"
"theme_editor.checkout_control_background";"الدفع: خلفية طريقة الدفع / الشحن";"ar"
"theme_editor.checkout_control_border";"الدفع: حد طريقة الدفع / الشحن";"ar"
"theme_editor.checkout_control_description";"الدفع: وصف طريقة الدفع / الشحن";"ar"
"theme_editor.checkout_control_label";"الدفع: أسماء حقول بطاقة الائتمان";"ar"
"theme_editor.checkout_control_title";"الدفع: عنوان طريقة الدفع / الشحن";"ar"
"theme_editor.checkout_input_border";"الدفع: حقل الحدود";"ar"
"theme_editor.checkout_input_label";"الدفع: تسمية الحقل";"ar"
"theme_editor.checkout_input_text";"الدفع: نص في الحقول";"ar"
"theme_editor.checkout_link";"الدفع: رابط";"ar"
"theme_editor.checkout_selected_control_background";"الدفع: خلفية طريقة الدفع / الشحن المحددة";"ar"
"theme_editor.checkout_selected_control_border";"الدفع: حد طريقة الدفع / الشحن المحددة";"ar"
"theme_editor.checkout_selected_input_border";"الدفع: حد الحقل المحدد";"ar"
"theme_editor.checkout_selector_background";"الدفع: محدد الخلفية";"ar"
"theme_editor.checkout_selector_border";"الدفع: حد الحقل المحدد";"ar"
"theme_editor.checkout_selector_title";"الدفع: عنوان المحدد";"ar"
"theme_editor.checkout_selector_tooltip";"الدفع: تلميح أداة المحدد";"ar"
"theme_editor.checkout_step_title";"الدفع: عنوان الخطوة";"ar"
"theme_editor.checkout_terms_background";"الدفع: خلفية قسم ""الشروط والأحكام""";"ar"
"theme_editor.close";"إغلاق محرر الثيم";"ar"
"theme_editor.color";"اللون";"ar"
"theme_editor.colors";"الألوان";"ar"
"theme_editor.color_gen_algorithm";"مزيج الألوان";"ar"
"theme_editor.color_gen_analogic";"قياسي";"ar"
"theme_editor.color_gen_base_color";"اللون الأساسي";"ar"
"theme_editor.color_gen_contrast";"التباين";"ar"
"theme_editor.color_gen_dark_pastel";"باستيل غامقة";"ar"
"theme_editor.color_gen_default";"الافتراضي";"ar"
"theme_editor.color_gen_light_pastel";"باستيل فاتحة";"ar"
"theme_editor.color_gen_monochromatic";"أحادي";"ar"
"theme_editor.color_gen_pale";"باهت";"ar"
"theme_editor.color_gen_pastel";"باستيل";"ar"
"theme_editor.color_gen_title";"توليد الألوان";"ar"
"theme_editor.color_gen_triad";"ثلاثي";"ar"
"theme_editor.color_gen_variant";"الاختلاف";"ar"
"theme_editor.color_gen_vcontrast";"التباين";"ar"
"theme_editor.color_scheme";"نظام الألوان";"ar"
"theme_editor.confirm_enable_less";"سيتم أخذ نسخة احتياطية من التعديلات على الـ CSS وسيتم الكتابة عليها. هل أنت متأكد من رغبتك باستمرار استعادة الـ LESS؟";"ar"
"theme_editor.content_bg";"المحتوى";"ar"
"theme_editor.convert_to_css";"تحويل إلى CSS";"ar"
"theme_editor.create_style_first";"لا يمكنك تعديل هذه المعلمة للأنماط الافتراضية. قم بإنشاء واحد جديد أولاً";"ar"
"theme_editor.css";"CSS مخصص";"ar"
"theme_editor.customize";"تخصيص";"ar"
"theme_editor.decorative_color";"زخرفي";"ar"
"theme_editor.discount_label";"ملصق الخصم";"ar"
"theme_editor.enable";"تفعيل محرر الثيم";"ar"
"theme_editor.enable_less";"تفعيل LESS";"ar"
"theme_editor.error_preset_exists";"يوجد تجهيز بنفس هذا الاسم بالفعل. يرجى اختيار اسم آخر.";"ar"
"theme_editor.error_style_exists";"يوجد استايل بنفس هذا الاسم. يرجى اختيار اسم آخر.";"ar"
"theme_editor.error_theme_converted_to_css";"ملفات الـ CSS المترجمة لا تدعم الاستايلات. استعد الـ LESS من <a target=""_blank"" href=""[url]"">محرر الثيم</a> لتتمكن من تغيير الاستايلات.";"ar"
"theme_editor.favicon";"أيقونة المفضلة";"ar"
"theme_editor.favicon_size";"يجب أن تكون حجم أيقونة المفضلة 16x16 بيكسل";"ar"
"theme_editor.fixed";"ثابتة";"ar"
"theme_editor.font";"الخط";"ar"
"theme_editor.fonts";"الخطوط";"ar"
"theme_editor.font_color";"الخط";"ar"
"theme_editor.footer";"الفووتر";"ar"
"theme_editor.footer_text";"نص الفووتر";"ar"
"theme_editor.full_width";"العرض الكامل";"ar"
"theme_editor.general";"عام";"ar"
"theme_editor.general_bg";"عام";"ar"
"theme_editor.gift_cert";"شهادة هدية";"ar"
"theme_editor.gradient";"تدرج";"ar"
"theme_editor.header";"الهيدر";"ar"
"theme_editor.headings_font";"العناوين";"ar"
"theme_editor.hide_show";"اخفاء/عرض لوحة تحرير الثيم";"ar"
"theme_editor.incorrect_preset_name";"لا يمكن أن يحتوي الاسم علي الحروف التالية: ""/ # % ? * : ; { } """;"ar"
"theme_editor.incorrect_style_name";"لا يمكن أن يحتوي اسم الاستايل الحروف التالية: ""/ # % ? * : ; { } \ + """;"ar"
"theme_editor.in_stock";"متوفر بالمخزون";"ar"
"theme_editor.links_font";"الروابط";"ar"
"theme_editor.link_color";"الروابط";"ar"
"theme_editor.logos";"اللوجوهات";"ar"
"theme_editor.mail";"الإيميل";"ar"
"theme_editor.main";"المحتوى الأساسي";"ar"
"theme_editor.max_image_size";"يجب ألا يزيد حجم الصورة عن 200 kB.";"ar"
"theme_editor.menu_color";"القائمة";"ar"
"theme_editor.menu_links_color";"روابط القائمة";"ar"
"theme_editor.middle_bg";"الوسط";"ar"
"theme_editor.no_repeat";"بدون تكرار";"ar"
"theme_editor.off";"إيقاف";"ar"
"theme_editor.on";"تشغيل";"ar"
"theme_editor.other_fonts";"الخطوط الأخرى";"ar"
"theme_editor.out_of_stock";"غير متوفر بالمخزون";"ar"
"theme_editor.page_cant_be_configured";"لا يمكن تكوين مظهر هذه الصفحة باستخدام محرر السمات.";"ar"
"theme_editor.pattern";"النمط";"ar"
"theme_editor.popular_fonts";"الخطوط الشائعة";"ar"
"theme_editor.position";"الموضع";"ar"
"theme_editor.presets";"التجهيزات";"ar"
"theme_editor.preset_data_cannot_be_saved";"لا يمكن حفظ بيانات التجهيز. يجب أن تقوم بتعيين صلاحية الكتابة للمجلد <b>[theme_dir]</b>.";"ar"
"theme_editor.preset_name";"اسم التجهيز";"ar"
"theme_editor.price";"السعر";"ar"
"theme_editor.price_font";"ملصق السعر";"ar"
"theme_editor.primary_button";"الزر الرئيسي";"ar"
"theme_editor.repeat";"تكرار";"ar"
"theme_editor.repeat_x";"تكرار أفقي";"ar"
"theme_editor.repeat_y";"تكرار رأسي";"ar"
"theme_editor.reset_backgrounds";"إعادة تعيين الخلفيات";"ar"
"theme_editor.reset_colors";"إعادة تعيين الألوان";"ar"
"theme_editor.reset_css";"إعادة تعيين CSS";"ar"
"theme_editor.reset_fonts";"إعادة تعيين الخطوط";"ar"
"theme_editor.reset_general";"إعادة تعيين عام";"ar"
"theme_editor.reset_logos";"إعادة تعيين اللوجوهات";"ar"
"theme_editor.rounded_corners";"الزوايا المستديرة";"ar"
"theme_editor.scroll";"منزلق";"ar"
"theme_editor.secondary_button";"الزر الثانوي";"ar"
"theme_editor.sidebar";"الصناديق الجانبية";"ar"
"theme_editor.style";"الاستايل";"ar"
"theme_editor.styles";"الاستايلات";"ar"
"theme_editor.style_data_cannot_be_saved";"لا يمكن حفظ بيانات الاستايل. يجب أن تقوم بتعيين صلاحية الكتابة للمجلد <b>[theme_dir]</b>.";"ar"
"theme_editor.style_name";"اسم الاستايل";"ar"
"theme_editor.system_fonts";"خطوط النظام";"ar"
"theme_editor.tertiary_button";"الزر الثالث";"ar"
"theme_editor.text_align";"محاذاة النص";"ar"
"theme_editor.text_close_editor";"هل أنت متأكد من رغبتك في إغلاق محرر الثيم؟";"ar"
"theme_editor.text_close_editor_unsaved";"لديكم تغييرات غير محفوظة. هل أنت متأكد من مغادرة محرر الثيم؟";"ar"
"theme_editor.text_convert_to_css";"<p>توليد ملفات الـ CSS من الـ LESS (لزوم التحرير اليدوي).</p><p><srtong>مـهـــم:</strong> لن تتمكن من استخدام محرر الثيم لتخصيص واجهة الزوار!</p><p><i>سيتم أخذ نسخة احتياطية من ملفات الـ LESS الأصلية وستتمكن من استعادتهم لاحقاً إن شاء الله</i></p>";"ar"
"theme_editor.text_reset_changes";"كل التغييرات بعد عملية الحفظ الأخيرة ستفقد";"ar"
"theme_editor.theme";"الثيم";"ar"
"theme_editor.top_panel";"اللوحة العلوية";"ar"
"theme_editor.top_panel_links";"روابط اللوحة العلوية";"ar"
"theme_editor.top_panel_text";"نص اللوحة العلوية";"ar"
"theme_editor.transparent";"شفاف";"ar"
"theme_editor.upload_image";"رفع صورة";"ar"
"theme_editor.warning_css_changes_will_be_reverted";"<p>يجب الرجوع إلى LESS لتتمكن من استخدام محرر الثيم, لأنه يتعامل مع ملفات الـ LESS وليس ملفات الـ CSS البسيطة.</p><p><srtong>مـهـــم:</strong>سيتم الكتابة على كل ملفات الـ CSS أثناء الاستعادة! وسيتم الاحتفاظ بالتعديلات المخصصة على ملفات الـ CSS في مجلد النسخ الاحتياطية إن شاء الله.</p>";"ar"
"theme_editor_logo.gift_cert";"شهادة الهدية";"ar"
"theme_editor_logo.mail";"الإيميلات";"ar"
"theme_editor_logo.theme";"الثيم";"ar"
"theme_editor_mode";"وضع محرر الثيم";"ar"
"theme_editor_not_supported";"هذا القالب لا يدعم محرر القوالب";"ar"
"theme_information";"معلومات الثيم";"ar"
"theme_no_styles_text";"هذا الثيم لا يحتوي على استايلات.";"ar"
"theme_styles_and_layouts";"ستايلات وتخطيطات الثيم";"ar"
"the_test_transaction";"هذه عملية شراء <b>تجريبية</b>";"ar"
"third_party_addons";"إضافات الطرف الثالث";"ar"
"this_day";"اليوم";"ar"
"this_month";"الشهر الحالي";"ar"
"this_week";"الأسبوع الحالي";"ar"
"this_year";"السنة الحالية";"ar"
"ths_sign";"الآلاف";"ar"
"thumb";"صورة مصغرة";"ar"
"thumbnail";"صورة مصغرة";"ar"
"thumbnails";"الصور المصغرة";"ar"
"thumbnails_removed";"تم حذف الصور المصغرة التلقائية";"ar"
"thumbnail_width";"عرض الصورة الصغيرة في المتحرك";"ar"
"tier_account";"حساب متعدد الطوابق";"ar"
"time";"الوقت";"ar"
"timeout";"انتهاء الوقت";"ar"
"Timestamp";"الطابع الزمني";"ar"
"time_interval";"الفاصلة الزمنية";"ar"
"time_unlimited_download";"تحميل بوقت غير محدود";"ar"
"tip";"نصيحة";"ar"
"tip.quick_select_and_close_category_selector";"نصيحة: اضغط باستمرار على 'Ctrl' (أو ""⌘"" في نظام التشغيل Mac) أثناء النقر على اسم الفئة. سيؤدي هذا إلى إضافة فئة واحدة وإغلاق النافذة.";"ar"
"title";"العنوان";"ar"
"tmpl_abt__ut2_blocks_checkout_summary";"AB: Order summary";"ar"
"tmpl_abt__ut2_blocks_promotion_coupon";"AB: Promo code";"ar"
"tmpl_abt__ut2_dropdown_horizontal_mwi";"AB: Horizontal dropdown list with icons";"ar"
"tmpl_abt__ut2_dropdown_vertical_mwi";"AB: Vertical dropdown list with icons";"ar"
"tmpl_abt__ut2__categories_title_block";"AB: Block: Category title";"ar"
"tmpl_abt__ut2__contacts";"AB: Block: Contacts";"ar"
"tmpl_abt__ut2__contacts_manually";"AB: Block: Contacts (manual filling)";"ar"
"tmpl_abt__ut2__features_title_block";"AB: Block: Feature title";"ar"
"tmpl_abt__ut2__my_account_links_advanced";"AB: My account (advanced)";"ar"
"tmpl_abt__ut2__recent_posts_advanced";"AB: Blog: Recent posts";"ar"
"tmpl_abt__ut2__subscribe_advanced";"AB: Subscription form";"ar"
"tmpl_abt__ut2__subscription";"AB: Newsletters: Subscription form";"ar"
"tmpl_abt__ut2__title_block";"AB: Block: Title";"ar"
"tmpl_abt__ut2__top_buttons";"AB: Buttons Compare and Wishlist";"ar"
"tmpl_abt__ut2__top_buttons.compare_list.tooltip";"View Comparison list";"ar"
"tmpl_call_request";"نموذج طلب الاتصال";"ar"
"tmpl_copyright";"معلومات حقوق النسخ";"ar"
"tmpl_grid";"شبكة";"ar"
"tmpl_grid2";"شبكة2";"ar"
"tmpl_list_without_options";"قائمة بدون خيارات";"ar"
"tmpl_logo";"لوجو المتجر";"ar"
"tmpl_multicolumns_small";"عواميد متعددة صغيرة";"ar"
"tmpl_multicolumn_list";"قائمة متعددة العواميد";"ar"
"tmpl_newsletters_subscription_advanced";"الرسائل الإخبارية: نموذج الاشتراك المتقدم";"ar"
"tmpl_payment_icons";"أيقونات طرق الدفع";"ar"
"tmpl_payment_icons_rus";"أيقونات طرق الدفع الروسية";"ar"
"tmpl_polls_central";"متوسط";"ar"
"tmpl_polls_side";"مربع الجانب";"ar"
"tmpl_quick_links";"الروابط السريعة";"ar"
"tmpl_scroller";"متحرك";"ar"
"tmpl_search";"خانة البحث";"ar"
"tmpl_sidebox_1_item";"مربع جانبي أول عنصر";"ar"
"tmpl_subscription";"النشرات الإخبارية: نموذج الاشتراك";"ar"
"tmpl_subscription_advanced";"نموذج اشتراك متقدم";"ar"
"tmpl_text_ckeditor";"CKEditor";"ar"
"to";"إلى";"ar"
"today";"اليوم";"ar"
"tools";"الأدوات";"ar"
"tools_addons_activated_count";"الإضافات النشطة:";"ar"
"tools_addons_additional_payment_methods";"قد يكون هناك المزيد من معالجات الدفع. ستظهر إذا قمت بتنشيط <a href=""[url]""> وظائف الدفع الإضافية </a> المقابلة.";"ar"
"tools_addons_additional_shipping_methods_msg";"قد يكون هناك المزيد من الطرق لحساب أسعار الشحن. ستظهر إذا قمت بتنشيط <a href=""[url]""> وظائف الشحن الإضافية </a> المقابلة.";"ar"
"tools_addons_additional_themes";"قد يكون هناك المزيد من الموضوعات. ستظهر إذا قمت بتنشيط <a href=""[url]""> وظائف السمات الإضافية </a> المقابلة.";"ar"
"tools_addons_core_addons_count";"الإضافات المدمجة:";"ar"
"tools_addons_current_state";"الحالة الحالية";"ar"
"tools_addons_disabled_msg";"مسؤول تعطيل كافة الوظائف الإضافية أو الوظائف الإضافية لجهة خارجية. <br>الصحافة إعادة تمكين الوظائف الإضافية زر تهيئة الوظائف الإضافية التي كانت نشطة مسبقاً.";"ar"
"tools_addons_disable_all";"تعطيل كافة الوظائف الإضافية";"ar"
"tools_addons_disable_third_party";"تعطيل الوظائف الإضافية لجهة خارجية";"ar"
"tools_addons_installed_count";"الوظائف الإضافية المثبتة add-ons:";"ar"
"tools_addons_no_addons";"لا توجد إضافات";"ar"
"tools_addons_no_third_party_addons";"لا توجد إضافات من شركة أخرى";"ar"
"tools_addons_other_addons_count";"الوظائف الإضافية لجهة خارجية:";"ar"
"tools_carrier_fedexdeprecated_msg";"تستخدم طريقة الشحن هذه تكاملاً قديمًا لدى FedEx وقد يتوقف عن العمل في نهاية المطاف. لمواصلة استخدام FedEx، يرجى إعداد طريقة شحن تستخدم ""FedEx"" بدلاً من ""FedEx [Deprecated]"" لحساب السعر.";"ar"
"tools_carrier_fedex_msg";"To get API key and Secret key, <a target=""_blank"" href=""[url]"">register a project in your FedEx account</a>.";"ar"
"tools_carrier_upsdeprecated_msg";"ستتوقف طريقة الشحن هذه عن العمل في يونيو 2024. للاستمرار في استخدام UPS، يرجى إعداد طريقة شحن تستخدم ""UPS"" بدلاً من ""UPS [Deprecated]"" لحساب السعر.";"ar"
"tools_carrier_ups_msg";"للحصول على معرف العميل وسر العميل، <a target=""_blank"" href=""[url]"">قم بتسجيل تطبيق في حساب UPS الخاص بك</a>.";"ar"
"tools_re_enable_add_ons";"إعادة تمكين الوظائف الإضافية add-ons";"ar"
"tooltip";"التلميح";"ar"
"tooltip_carousel_speed";"وقت الرسوم المتحركة بالمللي ثانية. كلما كان الوقت أقصر، كانت الرسوم المتحركة أسرع.";"ar"
"top_panel";"اللوحة العلوية";"ar"
"top_sellers";"أفضل البائعين";"ar"
"total";"الإجمالي";"ar"
"totally_paid";"إجمالي المدفوع";"ar"
"totals";"الإجمالي";"ar"
"total_amount";"إجمالي الكمية";"ar"
"total_amount_due";"إجمالي المبلغ المستحق";"ar"
"total_cost";"التكلفة الإجمالية";"ar"
"total_items";"إجمالي العناصر";"ar"
"total_orders";"أوامر تم إنشاؤها";"ar"
"total_paid_orders";"الطلبات المدفوعة";"ar"
"total_period_payout";"إجمالي مدفوع فترة المبيعات";"ar"
"total_price";"إجمالي السعر";"ar"
"total_product_cost";"إجمالي تكلفة المنتج";"ar"
"total_results";"إجمالي النتائج";"ar"
"total_spent_money";"إجمالي الإنفاق";"ar"
"total_unpaid_balance";"إجمالي الرصيد الغير مدفوع";"ar"
"to_all_subcats";"تطبيق على كل الفئات الفرعية";"ar"
"to_date";"خلال التاريخ";"ar"
"to_fixed";"لقيمة ثابتة";"ar"
"to_percentage";"لنسبة مئوية من السعر الأصلي";"ar"
"tpe";"TPE";"ar"
"track";"تعقب";"ar"
"tracking_num";"رقم التتبع";"ar"
"tracking_number";"رقم التعقب";"ar"
"tracks";"المعرف";"ar"
"track_inventory";"تتبع المخزون";"ar"
"track_inventory_tooltip";"عند تتبع المخزون ، سينخفض عدد المنتجات الموجودة في المخزون بعد كل عملية شراء.";"ar"
"track_my_order";"تعقب طلباتي";"ar"
"track_on_carrier_site";"تعقب على موقع على شبكة الإنترنت";"ar"
"track_orders";"تعقب الطلبات";"ar"
"track_request_subj";"تعقب الطلب";"ar"
"track_without_options";"تعقب بدون الخيارات";"ar"
"track_with_options";"تعقب مع الخيارات";"ar"
"TransactionDateTime";"تاريخ ووقت عملية الشراء";"ar"
"transaction_approved";"تم اعتماد العملية";"ar"
"transaction_cancelled";"تم إلغاء العملية";"ar"
"transaction_datetime";"تاريخ العملية";"ar"
"transaction_declined";"تم رفض العملية";"ar"
"transaction_id";"معرف العملية";"ar"
"transaction_key";"مفتاح العملية";"ar"
"transaction_password";"كلمة مرور العملية";"ar"
"transaction_type";"نوع العملية";"ar"
"transaction_url";"رابط العملية";"ar"
"translate";"ترجمة";"ar"
"translations";"الترجمات";"ar"
"trash_category";"فئة سلة المهملات";"ar"
"trash_category_description";"عندما يتم حذف منتج من الفئة الأخيرة في المخزن، فإنه سيتم نقل لهذه الفئة.";"ar"
"tree";"شجري";"ar"
"trial";"تجريبي";"ar"
"trial_expired";"انتهت مدة صلاحية الفترة التجريبية الخاصة بك [product]";"ar"
"trial_mode_mve_disabled";"الوضع التجريبي لم يعد متاح لأنه تم تنشيط ترخيص صالح";"ar"
"trial_mode_ult_disabled";"لا يمكن تنشيط الوضع التجريبي";"ar"
"trial_notice";"متجركم يعمل في الوضع التجريبي.<br /><br />سيُفعل الوضع المجاني تلقائياً عند انتهاء الثلاثون يوماً التجريبيون إن شاء الله.<br /><br />للحفاظ على كل الخصائص والمميزات بعد انتهاء الفترة التجريبية ولحذف هذه الرسالة نهائياً, اشتر الترخيص, ومن ثم قم بـ<a class=""cm-dialog-opener cm-dialog-auto-size"" data-ca-target-id=""store_mode_dialog"">تنشيط الوضع المتكامل</a>.";"ar"
"true";"صحيح";"ar"
"ttc_abt__ut2.menu_with_icons.desc";"Short description for menu item (it is shown this field only for first-level items after menu item name)";"ar"
"ttc_abt__ut2.menu_with_icons.dropdown";"Show children menu items with dropdown list (only for <b>AB: Vertical dropdown list with icons</b> for the first-level items). It is rational to use this mode for those first level menu items, that have a large number of elements (subitems) on the third nesting level";"ar"
"ttc_abt__ut2.menu_with_icons.icon";"Icon for menu item (max size for icons:<br> — for the first level items 32x32px / for HiDPI 64x64px). If you don't use <b>Short description</b> for the first level menu items, then max size will be 24x24px / for HiDPI 48x48px<br> — for the second level items max icons width 100px / for HiDPI 200px)";"ar"
"ttc_abt__ut2.menu_with_icons.label";"Label for menu item (ability to mark with labels, important menu items (promotion, new, total sales, etc. optional))";"ar"
"ttc_abt__ut2.menu_with_icons.label_background";"Label background for menu item";"ar"
"ttc_abt__ut2.menu_with_icons.label_color";"Label color for menu item";"ar"
"ttc_abt__ut2.menu_with_icons.text";"HTML-content shown in this menu item (only for the first-level items). Used to show banner in mega menu (or any another content)";"ar"
"ttc_abt__ut2.menu_with_icons.text_position";"Position of HTML-content, that will be shown in this menu item (only for the first-level items)";"ar"
"ttc_ab__lc.catalog.icon";"Is displayed on the page <b>AB: Catalog</b> to the left of the name of category";"ar"
"ttc_ab__lc.catalog.image_control";"For display the size specified in the fields ""Categories list thumbnail width/height"" on admin panel page ""Settings"" - ""Thumbnails"" will be used. Size 32*32px will be used for displaying to the left";"ar"
"ttc_ab__lc.control_subcategory_structure.inherit_control";"If it is noted, then each point of a subcategory will be constructed taking into account its settings <b>AB: Management of the displayed structure of landing category/page</b> on <b>AB: Landing category/page</b> pages";"ar"
"ttc_ab__lc.control_subcategory_structure.menu_id";"Specify the menu ID which will be used for creation of the new structure of the subcategories";"ar"
"ttc_ab__lc.landing_category.landing";"The page of category will be displayed as a landing. Only subcategories, without products will be displayed";"ar"
"ttc_ab__lc.landing_category.subsubcategories";"The maximum amount of displayed sub-subcategories. If it is equal 0 - sub-subcategories won't be displayed";"ar"
"ttc_ab__search_motivation.default_search_phrases";"Will be used when fields in categories are empty";"ar"
"ttc_ab__search_motivation.search_phrases";"Input the list of expressions for this category; each expression should be written from a new line";"ar"
"ttc_addons.form_builder.email_subject_field";"يمكن استخدام حقول من نوع ""مربع اختيار"" أو ""حقل الإدخال""";"ar"
"ttc_hybrid_auth.linkedin_api_version";"LinkedIn <a target=""_blank"" href=""https://docs.microsoft.com/en-us/linkedin/consumer/integrations/self-serve/migration-faq?context=linkedin/consumer/context""> واجهة برمجة تطبيقات موقوفة v1 </a> ، ولكن التطبيقات القديمة ما زالت تستخدمه. إذا كنت تقوم بتكوين تطبيق LinkedIn لأول مرة الآن ، فاستخدم API v2. ربما لا تزال تطبيقات LinkedIn القديمة التي تم تكوينها منذ بعض الوقت تستخدم الإصدار 1.";"ar"
"ttc_ogone.sha_in";"تم تعيين عبارة مرور SHA-IN في لوحة إدارة Ingenico في علامة التبويب <b> التحقق من البيانات والأصل </ b>.";"ar"
"ttc_ogone_web.sha_out";"تم تعيين عبارة مرور SHA-OUT في لوحة إدارة Ingenico في علامة التبويب <b> ملاحظات المعاملة </ b>.";"ar"
"ttc_page_title";"عنوان الصفحة الذي يعرض في المتصفح.";"ar"
"ttc_popularity";"شعبية المنتج تبنى على عدد إضافة المنتج للسلّة وعدد مشاهدات المنتج وعدد مرات الشراء.";"ar"
"ttc_post_description";"استخدام &lt;!-قص--&gt; العلامة (التبديل إلى التعليمات البرمجية المصدر لإدراجه) لإخفاء جزء من الوظيفة. يظهر فقط الجزء أعلاه العلامة في قائمة جميع الوظائف. <br /><br /> تأكد من <strong> إغلاق كافة علامات HTML</strong> أعلاه &lt;!-قص--&gt; العلامة!";"ar"
"ttc_product_feature.feature_style";"يحدد مظهر هذه الميزة على صفحة المنتج.";"ar"
"ttc_product_feature.filter_style";"يحدد مظهر المرشح بواسطة هذه الميزة في قائمة المنتجات. تسهل المرشحات على العملاء العثور على منتج بقيمة الميزة المطلوبة. ستتمكن من إنشاء عامل تصفية بعد إنشاء ميزة.";"ar"
"ttc_product_feature.purpose";"يحدد كيف ستتمكن أنت وعملائك من استخدام هذه الميزة.";"ar"
"ttc_search_words";"أدخل بعض الكلمات هنا ، وسيظهر المنتج في نتائج البحث المدمج في هذه الكلمات ، حتى لو لم يكن اسم المنتج أو الوصف له. افصل بين كلمات البحث المختلفة بفواصل.";"ar"
"ttc_shippings.can.contract_id";"معرف العقد مطلوب للحصول على أسعار مخفضة للعملاء التجارية عندما يتم تحديد عدد العملاء. يجب حذف معرف العقد للحلول لأعضاء ""الشركات الصغيرة"" أو المستخدمين في قطاع الأعمال العام";"ar"
"ttc_shippings.can.customer_number";"مطلوب رقم العميل للعملاء التجارية وحلول للأعضاء في ""الأعمال التجارية الصغيرة"" للحصول على أسعار مخفضة في حالة الطرود يتم إرسالها بالبريد نيابة عن العملاء";"ar"
"ttc_shippings.can.option_cov";"قيمة المبلغ المطلوب";"ar"
"ttc_storefront_url";"كل اسماء دومينات واجهات الزوار يجب أن تكون موجهة لنفس عنوان الآي بي. ملاحظة: حول إلى ""كل المتاجر"" للتحرير";"ar"
"ttc_stores_status";"قيد التشغيل - واجهة المحل مفتوحة ؛ سيراه الجميع. OFF - واجهة المحل مغلقة ؛ فقط أولئك الذين لديهم مفتاح الوصول سيكونون قادرين على رؤيته.";"ar"
"ttc_vendor_debt_payout.payout_overdue_limit";"يتم سحب دفعات الخطط من رصيد حساب البائع. إذا كان الرصيد سلبيا بعد أخذ الرسوم ، وتنتهي هذه الفترة ، لن تسمح لجنة الإدارة للبائعين بأداء أي إجراءات حتى يدفع البائع الدين.";"ar"
"ttc_vendor_debt_payout.vendor_debt_limit";"عندما يكون رصيد أحد البائعين سالبًا ويصل إلى هذا الرقم ، لن تسمح لوحة الإدارة للبائع بتنفيذ أي إجراءات. عندما يكون الرصيد السالب للبائع نصف هذا الرقم ، سيشاهد البائع التحذير المحدد في متغير اللغة ""vendor_debt_payout.debt_near_limit_message"".";"ar"
"tts_activate_menu_tab_for";"عنصر القائمة سيتم عرضه نشط للمنطقة المعطاة.";"ar"
"tts_generate_submenu";"ستحتوي القائمة الفرعية على العناصر الفرعية من الهدف.";"ar"
"tts_link_text";"الرابط الهدف. من الممكن أن يكون رابط خارجي أو داخي أو منطقة.";"ar"
"tts_menu_user_class";"User-defined CSS class will be added to the menu item, so this will allow to define the menu item with its own CSS style.";"ar"
"tt_addons_ab__category_banners_views_ab__category_banners_update_ab__cb.form.friday";"Set the time of action of banner 'from' and 'to'.<br/>If start time didn't set, then it is equal 00:00<br/>If end time didn't set, then it is equal 23:59<br/>If both values didn't set then banner will be displayed from 00:00 to 23:59";"ar"
"tt_addons_ab__category_banners_views_ab__category_banners_update_ab__cb.form.monday";"Set the time of action of banner 'from' and 'to'.<br/>If start time didn't set, then it is equal 00:00<br/>If end time didn't set, then it is equal 23:59<br/>If both values didn't set then banner will be displayed from 00:00 to 23:59";"ar"
"tt_addons_ab__category_banners_views_ab__category_banners_update_ab__cb.form.nofollow";"It's recommended to use for external link (to another site) or link to non-indexing pages";"ar"
"tt_addons_ab__category_banners_views_ab__category_banners_update_ab__cb.form.position";"Banner position, which can be specified in the one way to:<br/><ul><li><code>7</code> - single position number</li><li><code>1,5,7,9</code> - numbers for several positions</li><li><code>1-10</code> - range of several positions</li></ul>Using combinations of these options is permitted. For example:<br/><code>1-5, 7-9, 13</code> - will be shown banner in one position from: 1, 2, 3, 4, 5, 7, 8, 9, 13";"ar"
"tt_addons_ab__category_banners_views_ab__category_banners_update_ab__cb.form.saturday";"Set the time of action of banner 'from' and 'to'.<br/>If start time didn't set, then it is equal 00:00<br/>If end time didn't set, then it is equal 23:59<br/>If both values didn't set then banner will be displayed from 00:00 to 23:59";"ar"
"tt_addons_ab__category_banners_views_ab__category_banners_update_ab__cb.form.sunday";"Set the time of action of banner 'from' and 'to'.<br/>If start time didn't set, then it is equal 00:00<br/>If end time didn't set, then it is equal 23:59<br/>If both values didn't set then banner will be displayed from 00:00 to 23:59";"ar"
"tt_addons_ab__category_banners_views_ab__category_banners_update_ab__cb.form.thursday";"Set the time of action of banner 'from' and 'to'.<br/>If start time didn't set, then it is equal 00:00<br/>If end time didn't set, then it is equal 23:59<br/>If both values didn't set then banner will be displayed from 00:00 to 23:59";"ar"
"tt_addons_ab__category_banners_views_ab__category_banners_update_ab__cb.form.tuesday";"Set the time of action of banner 'from' and 'to'.<br/>If start time didn't set, then it is equal 00:00<br/>If end time didn't set, then it is equal 23:59<br/>If both values didn't set then banner will be displayed from 00:00 to 23:59";"ar"
"tt_addons_ab__category_banners_views_ab__category_banners_update_ab__cb.form.url";"The link format with the indication of the controller is recommended (for example, products.view?product_id=12121)";"ar"
"tt_addons_ab__category_banners_views_ab__category_banners_update_ab__cb.form.wednesday";"Set the time of action of banner 'from' and 'to'.<br/>If start time didn't set, then it is equal 00:00<br/>If end time didn't set, then it is equal 23:59<br/>If both values didn't set then banner will be displayed from 00:00 to 23:59";"ar"
"tt_addons_ab__category_banners_views_ab__category_banners_update_image";"The image is output ""as is"", without cutting";"ar"
"tt_addons_ab__motivation_block_views_ab__motivation_block_update_image";"The image is displayed ""as is"" without scaling. Upload the prepared image of the necessary size, it is recommended to use size 24*24px";"ar"
"tt_addons_ab__video_gallery_hooks_products_tabs_content_post_ab__vg.form.replace_image";"Use the first video as the default image on the product page";"ar"
"tt_addons_newsletters_views_mailing_lists_update_from_email";"البريد الإلكتروني للمرسل.";"ar"
"tt_addons_newsletters_views_mailing_lists_update_from_name";"اسم المرسل (مثل اسم الشركة).";"ar"
"tt_addons_newsletters_views_mailing_lists_update_reply_to";"بريد إلكتروني لإرسال ردود على.";"ar"
"tt_addons_newsletters_views_newsletters_update_more_subjects";"إذا تم تحديد عدة مواضيع ، فسيتم اختيار موضوع البريد الإلكتروني عشوائيًا من هذه القائمة.";"ar"
"tt_addons_newsletters_views_newsletters_update_users";"إذا كان نص الرسالة يحتوي على رابط إلغاء الاشتراك ، فسيكون فارغًا لهؤلاء المستخدمين.";"ar"
"tt_addons_polls_hooks_pages_tabs_content_post_poll_results";"الرسالة التي يتم عرضها في المتجر بعد الانتهاء من الإستطلاع.";"ar"
"tt_addons_seo_views_seo_redirects_manage_seo.old_url";"على سبيل المثال ، إذا كان عنوان URL الخاص بك هو <b> http://example.com/path/to/object </b> ، فأنت بحاجة إلى إدخال <b> / path / to / object </b>";"ar"
"tt_addons_store_locator_views_store_locator_update_store_locator.main_destination";"تحدد أسعار الشحن لنقطة الالتقاط هذه. يتم تحديد الأسعار في صفحة تحرير طريقة الشحن. إذا لم تحدد منطقة سعر لنقطة الالتقاط ، فلن تظهر نقطة الالتقاط عند الخروج.";"ar"
"tt_addons_store_locator_views_store_locator_update_store_locator.show_to";"يسمح لك بتقديم نقطة الالتقاء هذه للمقيمين في مناطق الأسعار الأخرى عند اتمام الشراء.";"ar"
"tt_views_block_manager_update_block_override_by_this";"إذا قمت بحفظ الكتلة مع تحديد هذا الخيار, سيتم استبدال محتوى هذه الكتلة بالمحتوى الحالي في أي مكان تستخدم فيه في المتجر";"ar"
"tt_views_block_manager_update_block_width";"عرض الكتلة يعمل مع الكتل الموجودة ضمن مجموعات اتجاها أفقي فقط.";"ar"
"tt_views_block_manager_update_location_default";"يجب تحديد منطقة واحدة كافتراضية ليتم استخدام الحاويات العلوية والسفلية الخاصة بها في كل المناطق.";"ar"
"tt_views_block_manager_update_location_head_custom_html";"سيتم وضع هذا الرمز بين علامات &lt;head&gt;&lt;/head&gt; . استخدمها لتحديد العلامات الوصفية أو للإشارة إلى البرامج النصية أو الأنماط الخارجية.";"ar"
"tt_views_cart_components_carts_search_form_online_only";"لو مفعلة, نتائج البحث ستعرض الأعضاء المتصلين حالياً فقط.";"ar"
"tt_views_currencies_update_after_sum";"لو مفعلة, يتم إظهار رمز العملة بعد القيمة.";"ar"
"tt_views_currencies_update_decimals";"عدد الأرقام بعد العلامة العشرية.";"ar"
"tt_views_currencies_update_dec_sign";"فاصلة العلامة العشرية";"ar"
"tt_views_currencies_update_ths_sign";"فاصلة الآلاف";"ar"
"tt_views_database_manage_backup_data";"لو مفعلة, ملف النسخة الاحتياطية لقاعدة البيانات يتضمن البيانات الفعلية للجداول.";"ar"
"tt_views_database_manage_backup_schema";"لو مفعلة, ملف النسخة الاحتياطية يحتوي على بنية الجداول.";"ar"
"tt_views_exim_export_output";"""تحميل مباشر"" - لحفظ الملف على جهازكم, ""الشاشة"" - لعرض محتويات الملف, ""السيرفر"" - لحفظ الملف على السيرفر.";"ar"
"tt_views_languages_manage_language_code";"كود اللغة المكون من حرفين.";"ar"
"tt_views_languages_update_country";"سيتم استخدام علم هذه الدولة كأيقونة اللغة.";"ar"
"tt_views_orders_components_orders_search_form_customer_files";"لو مفعلة, نتائح البحث سوف تحتوي على الطلبات التي قام العملاء بتحميل فيها ملفاتهم الخاصة.";"ar"
"tt_views_pages_components_pages_link_page_target_url";"عنوان الرابط لإعادة توجيه العملاء إلى";"ar"
"tt_views_pages_components_pages_link_page_url";"رابط الصفحة الداخلية";"ar"
"tt_views_payments_update_surcharge_title";"اتركها فارغة لاستخدام 'ضريبة المبيعات' كعنوان";"ar"
"tt_views_payments_update_taxes";"لا يتم إحتساب الضريبة إذا كان الباعة يدفعوا ضريبة إضافية";"ar"
"tt_views_payments_update_template";"القالب المسئول عن إظهار الحقول التكميلية لطريقة الدفع.";"ar"
"tt_views_products_components_products_shipping_settings_free_shipping";"سيتم استبعاد المنتجات مع خيار الشحن المجاني من حساب الشحن إذا أسلوب الشحن لديك مفعل لخيار الشحن المجاني";"ar"
"tt_views_products_components_products_shipping_settings_items_in_box";"استخدم هذه الخانة لتعريف الحد الأدنى والأقصى لعناصر المنتج التي سيتم شحنها في صندوق منفصل. أدخل قيمة غير صفرية وحدد حجم الصندوق أدناه.";"ar"
"tt_views_products_components_products_shipping_settings_weight";"المنتجات التي لا يتم تحميلها مع وزن صفر يتم التعامل معها كأنها لديها وزن محتمل غير صفري";"ar"
"tt_views_products_update_categories";"Categories to be displayed in the navigation breadcrumbs.";"ar"
"tt_views_products_update_images";"الحد الأقصى لحجم ملفات الصور هو [file_size] ميغابايت.";"ar"
"tt_views_products_update_inventory";"تتبع كمية المنتج في المخزون. قم بتمكين خيار ""تمكين تتبع المخزون"" (إعدادات -> عام) للتعديل.";"ar"
"tt_views_products_update_list_price";"سعر بيع التجزئة المقترح من قبل المصنع.";"ar"
"tt_views_products_update_out_of_stock_actions";"يتيح خيار 'الشراء مقدمًا' للعملاء شراء المنتجات غير المتوفرة في المخزون والمنتجات التي ستكون متاحة منذ تاريخ محدد. يعمل 'الاشتراك في الإخطار' فقط عندما يكون المنتج به كمية صفرية أو سلبية.";"ar"
"tt_views_product_features_update_feature_display_on_catalog";"Show this feature on product list pages along with product description.";"ar"
"tt_views_product_features_update_feature_display_on_product";"لو مفعلة, مواصفة المنتج تعرض في صفحة تفاصيل المنتج في واجهة الزوار";"ar"
"tt_views_product_features_update_prefix";"الختم الذي يسبق مواصفة المنتج.";"ar"
"tt_views_product_features_update_suffix";"الختم الذي يتبع مواصفة المنتج.";"ar"
"tt_views_product_options_update_incorrect_filling_message";"الرسالة التي تظهر إذا كانت البيانات المدخلة غير صحيحة.";"ar"
"tt_views_product_options_update_inner_hint";"الملاحظة التي تشير إلى القيمة المدخلة.";"ar"
"tt_views_product_options_update_inventory";"لو مفعلة, يتم أخذ الخيار في الحسبان عند تشكيل مخزون المنتج.";"ar"
"tt_views_product_options_update_regexp";"الاختصارات تحل محل الأنماط للتطبيق.";"ar"
"tt_views_promotions_update_stop_other_rules";"لو مفعلة, العروض الأخرى لا يتم تطبيقها.";"ar"
"tt_views_sales_reports_table_time_interval";"فترات التحليل (يوم, أسبوع, شهر, سنة).";"ar"
"tt_views_sales_reports_update_table_dependence";"Parameter to sort values by. It should relate to the Value to display param (e.g. Product costs—Total cost or Number of products—Number of items).";"ar"
"tt_views_sales_reports_update_table_limit";"أقصى عدد لعناصر الرسم البياني.";"ar"
"tt_views_shippings_components_services_ups_ship_ups_pickup_type";"<p>Select ""Daily Pickup"" to calculate the delivery cost according to Daily Rates.</p><p>Select ""One Time Pickup"", ""Letter Center"", or ""Air Service Center"" to calculate the delivery cost according to Retail Rates.</p>";"ar"
"tt_views_shippings_update_delivery_time";"وقت التسليم تظهر بجوار اسم أسلوب الشحن. إذا كنت تستخدم الشحن حساب المعدل الحقيقي، قد توفر خدمة الشحن الخاص بك وقت التسليم الخاصة به. سيتم عرض الوقت المقدمة من دائرة النقل البحري بدلاً من الوقت الذي تحدده هنا.";"ar"
"tt_views_shippings_update_is_address_required";"إذا لم يكن العنوان مطلوبًا، فسوف تتعامل CS-Cart مع طريقة الشحن هذه على أنها ""استلام"".";"ar"
"tt_views_shippings_update_use_for_free_shipping";"استبعاد منتجات مع تمكين خيار الشحن مجاناً من حساب أسعار الشحن";"ar"
"tt_views_site_layout_logos_alt_text";"اتركها فارغة كي يتم استخدام اسم الشركة كنص بديل.";"ar"
"tt_views_storage_cdn_cname";"Domain name that you want to use instead of the CloudFront domain name for the URLs for your files. You also need to create a CNAME record with your DNS service to route queries to CloudFront host (it will be displayed on this page after you enter account information).";"ar"
"tt_views_storage_cdn_key";"معرف مفتاح الوصول إلى AWS. راجع <a href=""https://docs.aws.amazon.com/powershell/latest/userguide/pstools-appendix-sign-up.html"" target=""_blank"">https://docs.aws.amazon.com</a> لمعرفة كيفية الحصول على المفتاح والمفتاح السري.";"ar"
"tt_views_taxes_update_regnumber";"رقم تسجيل هذه الضريبة في المتجر.";"ar"
"turkish";"تركي";"ar"
"type";"النوع";"ar"
"type_comment";"اكتب التعليقات هنا";"ar"
"type_comments_here";"يمكنكم ترك تعليق هنا";"ar"
"type_to_create";"اكتب للإنشاء ...";"ar"
"type_to_search";"اكتب للبحث...";"ar"
"type_to_search_or_click_button";"اكتب للبحث ، أو انقر فوق الزر الموجود على اليمين للبحث المتقدم";"ar"
"uc_addon_package_files_do_not_match_schema";"Package contains files that were not described in schema or schema has links to missing files";"ar"
"uc_addon_package_forbidden_path";"Forbidden: Add-on tries to upgrade core files ([path])";"ar"
"uc_addon_package_languages_forbidden";"Package contains languages that were not described in schema or schema has links to missing languages files";"ar"
"uc_addon_package_migrations_forbidden";"Package contains migrations that were not described in schema or schema has links to missing migration files";"ar"
"uc_addon_package_pre_post_scripts_mismatch";"تحتوي الحزمة على البرامج النصية قبل/بعد أن لم توصف في مخطط أو مخطط له ارتباطات إلى الملفات المفقودة";"ar"
"uc_backup_info_subj";"مركز الترقية: تم إجراء نسخ احتياطي للمتجر وإغلاقه.";"ar"
"uc_broken_upgrade_connector";"Upgrade connector [connector_id] returned incorrect data";"ar"
"uc_connector_not_found";"Upgrade connector not found";"ar"
"uc_copy_files";"Copy files";"ar"
"uc_downloaded_and_ready";"Upgrade package has been downloaded and ready to install";"ar"
"uc_execute_validator";"Execute ""[validator]"" validator";"ar"
"uc_info_subj";"مركز الترقية: تم إغلاق المتجر.";"ar"
"uc_install_languages";"Install languages";"ar"
"uc_migration_failed";"حدث خطأ أثناء تحديث بنية قاعدة البيانات (الرجاء تطبيق نقل البيانات [migration]).";"ar"
"uc_ok";"حسناً";"ar"
"uc_open_store_email_body";"<p> قبل الترقية ، كان متجرك مغلقًا. تحقق مما إذا كان يعمل بشكل جيد بعد الترقية و <a href=""[settings_section]""> افتحه </a>. </p>";"ar"
"uc_package_schema_is_not_json";"Package schema is not a valid JSON";"ar"
"uc_package_schema_not_found";"Package content schema not found";"ar"
"uc_restore_email_body";"<p>قاعدة بيانات مخزن الخاصة بك والملفات قد تم احتياطياً قبل الترقية. ويشمل الأرشيف النسخ الاحتياطي قاعدة البيانات بأكملها، وكل الملفات ما عدا الصور. أرشيف النسخ الاحتياطي تم تخزينه على الملقم الخاص بك: [backup_file]-</p> <p>قبل الترقية، تم إغلاق المتجر الخاص بك. تحقق إذا كان يشغل غرامة بعد الترقية و <a href=""[settings_section]""> فتحه</a>-</p> <p>إذا حدث خطأ أثناء الترقية، انتقل إلى لوحة المشرف، <strong>الإدارة ← النسخ الاحتياطي/الاستعادة</strong>، واستعادة النسخ الاحتياطي-</p> <p>إذا كان لا يمكنك الوصول إلى لوحة المشرف الخاص بك، استخدم هذا الارتباط لاستعادة النسخ الاحتياطي الأخير: [restore_link]. هام: بعد هذا الارتباط فورا ستطلق عملية الاستعادة. استخدامها فقط إذا كان لا يمكنك الوصول إلى لوحة المشرف!</p>";"ar"
"uc_restore_email_subject";"مركز الترقية: تم إجراء نسخ احتياطي للمتجر وإغلاقه.";"ar"
"uc_run_migrations";"Run migrations";"ar"
"uc_searchanise_disabled";"تم تعطيل الإضافة Searchanise أثناء الترقية لتجنب نتائج البحث الخاطئة. يمكنكم إعادة تفعيلها في أي وقت من صفحة <a href=""[url]"">الإضافات</a>.";"ar"
"uc_title_validators";"Upgrade package validators";"ar"
"uc_unable_to_read_schema";"Unable to read package schema (schema.json)";"ar"
"uc_upgrade_progress";"Upgrade progress";"ar"
"uk_cookies_law";"Cookies are used on this site to provide the best user experience. If you continue, we assume that you agree to receive cookies from this site. <span class=""button button-wrap-left""><span class=""button button-wrap-right""><a rel=""nofollow"" href=""[url]"">OK</a></span></span>";"ar"
"ultimate_license";"[product] النهائي";"ar"
"ultimate_license_required";"[product] Ultimate مطلوب هذا الغرض";"ar"
"ultimate_or_storefront_license_required";"يتطلب هذا الإجراء [product] Ultimate";"ar"
"ultimate_or_storefront_license_required.ult";"يتطلب هذا الإجراء [product] Ultimate";"ar"
"ultimate_or_storefront_license_required.ult.b2b";"يتطلب هذا الإجراء [product] Ultimate";"ar"
"ultimate_or_storefront_license_required.ult.b2b.new";"يتطلب هذا الإجراء [product] Ultimate";"ar"
"ultimate_or_storefront_license_required.ult.b2b.ultimate";"يتطلب هذا الإجراء [product] Ultimate";"ar"
"ultimate_or_storefront_license_required.ult.free";"يتطلب هذا الإجراء [product] Ultimate";"ar"
"ultimate_or_storefront_license_required.ult.free_ru";"يتطلب هذا الإجراء [product] Ultimate";"ar"
"ultimate_or_storefront_license_required.ult.new";"يتطلب هذا الإجراء [product] Ultimate";"ar"
"ultimate_or_storefront_license_required.ult.ru";"يتطلب هذا الإجراء [product] Ultimate";"ar"
"ultimate_or_storefront_license_required.ult.ru.new";"يتطلب هذا الإجراء [product] Ultimate";"ar"
"ultimate_or_storefront_license_required.ult.ru.ultimate";"يتطلب هذا الإجراء [product] Ultimate";"ar"
"ultimate_or_storefront_license_required.ult.ultimate";"يتطلب هذا الإجراء [product] Ultimate";"ar"
"ult_shared_with";"مشترك مع:";"ar"
"ult_share_users_setting_disabled";"قيمة الخاصية لا يمكن تغييرها لأن معرف الإيميلات مسجل في متجركم.";"ar"
"unable_delete_storefront_orders_exists";"تعذر حذف واجهة المتجر هذه نظرًا لوجود طلبات تحتوي على منتجات واجهة المتجر هذه في قاعدة بيانات المتجر. لحذف واجهة المتجر ، يرجى حذف جميع هذه الطلبات أولاً.";"ar"
"unable_delete_vendor_orders_exists";"لا يمكن حذف هذا المتجر لأنه توجد طلبات تحتوي على منتجات هذه الشركة في قاعدة البيانات. لحذف الحساب, يرجى حذف كل الطلبات المرتبطة به أولاً.";"ar"
"unable_to_assign_usergroup";"لا يمكن تعيين مجموعة العضوية. يرجى الاتصال بالإدارة.";"ar"
"unable_to_check_license";"فشل فحص رقم الترخيص";"ar"
"unable_to_create_status";"تعذر إنشاء حالة جديدة";"ar"
"unable_to_delete_last_storefront";"يجب أن تظل واجهة واحدة على الأقل";"ar"
"unable_to_delete_setting_description";"لا يمكن حذف وصف الخيار: [reason]";"ar"
"unable_to_delete_setting_variant";"لا يمكن حذف تنوع الخاصية: [reason]";"ar"
"unable_to_read_resource";"لا يمكن قراءة الملف: [file]";"ar"
"unable_to_unpack_file";"لم نتمكن من فك الضغط عن الملف";"ar"
"unable_to_update_setting_description";"لا يمكن تخصيص الوصف: [reason]";"ar"
"unable_to_update_setting_value";"لا يمكن تخصيص القيمة: [reason]";"ar"
"ungroupped_features";"المواصفات الغير مصنفة";"ar"
"unidentified";"مجهولة الهوية";"ar"
"uninstall";"إلغاء التركيب";"ar"
"unique_html_block";"كتلة HTML فريدة";"ar"
"unit";"الوحدة";"ar"
"united_kingdom";"المملكة المتحدة";"ar"
"units_in_product";"الوحدات في المنتج";"ar"
"units_in_product_field_description";"مطلوب للحساب التلقائي لسعر الوحدة.";"ar"
"unit_name";"إسم الوحدة";"ar"
"unit_name_field_description";"على سبيل المثال ، ""ml"" أو ""g"" بدون علامات اقتباس.";"ar"
"unit_price";"سعر الوحدة";"ar"
"unknown";"غير معروف";"ar"
"unknown_server_response";"استجابة غير معروفة من السيرفر";"ar"
"unmark";"إلغاء الاختيار";"ar"
"unregistered_customer";"عميل غير مسجل";"ar"
"unregistered_customer_short";"غير مسجل";"ar"
"unselect_all";"إلغاء اختيار الكل";"ar"
"unset_tax_to_products";"حذف الضرائب المحددة من كل المنتجات";"ar"
"unsubscribe";"إلغاء الاشتراك";"ar"
"unsubscribe_key";"مفتاح إلغاء الاشتراك";"ar"
"unsubscribe_link";"رابط إلغاء الاشتراك";"ar"
"unsupported_browser_notice";"<p>لقد اكتشفنا أن المتصفح الذي تستخدمه لا تدعمه لوحة المشرف بشكل كامل. يمكنك عرض هذا الموقع باستخدام متصفحك الحالي ولكن قد لا يتم عرضه بشكل صحيح ، وقد لا تتمكن من استخدام جميع الميزات بشكل كامل.</p><br><p>من الأفضل عرض لوحة الإدارة باستخدام المتصفحات التالية:</p><br><ul><li>&ndash; <a href=""http://www.mozilla.org/en-US/"" target=""_blank"">Mozilla Firefox (latest version)</a></li><li>&ndash; <a href=""https://www.google.com/intl/en/chrome/browser/"" target=""_blank"">Google Chrome (latest version)</a></li><li>&ndash; <a href=""https://www.microsoft.com/en-us/edge"" target=""_blank"">Microsoft Edge (latest version)</a></li><li>&ndash; <a href=""https://www.apple.com/safari/"" target=""_blank"">Safari (latest version)</a></li></ul><br><p>انقر فوق أحد من الروابط لتنزيل المتصفح الذي تختاره. بمجرد اكتمال التنزيل ، قم بتثبيت المتصفح عن طريق تشغيل برنامج الإعداد.</p><br><p>إذا لم تتمكن من ترقية متصفحك الآن ، فلا يزال بإمكانك الوصول إلى لوحة المسؤول ، ولكن قد لا تتمكن من استخدام جميع الميزات.<br><br><a href=""[url]"">متابعة</a></p>";"ar"
"unverified";"لم يتم التحقق منه";"ar"
"up";"أعلى";"ar"
"update";"تحديث";"ar"
"updated_last";"محدث في الماضي";"ar"
"updates";"التحديثات";"ar"
"updates_subscription";"الاشتراك في التحديثات والعروض الترويجية";"ar"
"update_categories";"تحديث الفئات";"ar"
"update_current_layout";"تحديث التخطيط الحالي";"ar"
"update_customer_info";"تحديث بيانات العميل";"ar"
"update_datafeed";"تحرير مغذي البيانات";"ar"
"update_existing_products_only";"تحديث المنتجات الموجودة فقط";"ar"
"update_existing_products_only_tooltip";"إذا قمت بتمكين هذا الإعداد ، فسيتم تخطي المنتجات غير الموجودة في قاعدة بيانات متجرك أثناء الاستيراد.";"ar"
"update_for_all_act";"سيتم حفظ القيمة الجديدة لكل المتاجر المشتركة. انقر لحفظها لصاحب المتجر فقط.";"ar"
"update_for_all_dis";"سيتم حفظ القيمة الجديدة لصاحب المتجر فقط. انقر لحفظها لكل المتاجر المشتركة.";"ar"
"update_for_all_hid_act";"انقر لإلغاء تحديث الخانة.";"ar"
"update_for_all_hid_dis";"انقر لإدخال قيمة خانة جديدة لتحديثها في كل المتاجر عند حفظ العنصر.";"ar"
"update_group";"تحديث المجموعة";"ar"
"update_period_expired";"<p class=""text-error"">Your upgrade subscription has expired, so this software upgrade cannot be installed. You can prolongate your subscription in the <a href=""[url]"">Customer Help Desk</a>.</p><p>Please note that it is not mandatory: you can continue using this software with no limitation even without an upgrade subscription.</p>";"ar"
"update_products";"تحديث المنتجات";"ar"
"update_profile";"تحديث البروفايل";"ar"
"update_profile_notification";"تم تحديث معلومات ملفكم الشخصي بنجاح";"ar"
"update_profile_notification_header";"تم تحديث ملفك الشخصي";"ar"
"update_status";"تحديث الحالة";"ar"
"update_text";"تحديث العبارة";"ar"
"update_totals_and_inventory";"تحديث المجاميع والمخزون";"ar"
"update_translation";"Update translations";"ar"
"updating";"تحديث";"ar"
"updating_links";"تحديث الروابط";"ar"
"upgrade";"الترقية";"ar"
"upgraded_on";"ترقية";"ar"
"upgrades";"ترقيات ([n])";"ar"
"upgrade_and_update_addon";"قم بترقية [product] وقم بترقية الوظيفة الإضافية";"ar"
"upgrade_center";"مركز الترقية";"ar"
"upgrade_center.apply_migration_failed";"<p>Please restore the pre-upgrade backup manually or via a link sent to your email address, then contact our technical support.</p><br><p>Tech details: Couldn't complete migration [migration]. Reason: [error].</p><p>Completed migrations: [processed_count] out of [total_count].</p>";"ar"
"upgrade_center.check_addons";"راجع الوظائف الإضافية التي لم يتم اختبارها →";"ar"
"upgrade_center.error_unable_to_prepare_restore";"غير قادر على إعداد البرنامج النصي للاستعادة.";"ar"
"upgrade_center.filehash_check_failed";"Upgrade is impossible due to file integrity check error. Please contact the technical support team.";"ar"
"upgrade_center.incompatible_third_party_addons";"لم يتم اختبار بعض إضافاتك مع هذا الإصدار بعد. قبل الترقية، اسأل مطوري هذه الوظائف الإضافية عما إذا كانوا سيعملون أم لا.";"ar"
"upgrade_center.skip_backup";"تخطي الملفات وقاعدة البيانات الاحتياطية";"ar"
"upgrade_center.upgrades_are_not_available_in_trial";"الترقيات متاحة فقط في <strong>الوضع المتكامل</strong> و <strong>الوضع المجاني</strong>.<br /><br />يمكنكم تغيير وضع الترخيص من الإعدادات ← <a class=""cm-dialog-opener cm-dialog-auto-size"" data-ca-target-id=""store_mode_dialog"">وضع الترخيص</a>.";"ar"
"upgrade_center.upgrade_process_failed";"فشلت عملية ترقية متجرك";"ar"
"upgrade_center.validation_issue";"مسألة التحقق من الصحة";"ar"
"upgrade_center.validator_fail_result";"أداة التحقق من الصحة ""[validator_name]"" عاد الوضع للفشل";"ar"
"upgrade_center.warning_msg_after_upgrade";"بعد الترقية، تحقق من الوظائف الأساسية لتخزين الخاص بك.";"ar"
"upgrade_center.warning_msg_executed_php";"<p class=""text-error"">We have started a dummy PHP script. It will be working during 6 minutes. When the check is finished, we'll tell you if the PHP script's timeouts can be set correctly. If yes, then you are good to go with the upgrade. Please wait until the check is finished to be sure that your server has correct PHP timeout configuration.</p>";"ar"
"upgrade_center.warning_msg_generally";"بصفة عامة، تفشل عملية الترقية لأنه يتم إنهاء تنفيذ البرنامج النصي بي بسبب تكوين الملقم الخاص بك. من الضروري للتحقق من إعدادات مهلة البرنامج النصي على الملقم الخاص بك PHP";"ar"
"upgrade_center.warning_msg_specialists";"إذا لم تكن على دراية بالجوانب التقنية لخدمات السلة وعملية الترقية، نوصي بشدة بأن <a href=""[upgrade_center_specialist]"" target=""_blank""> استئجار أخصائي</a> أو <a href=""[upgrade_center_team]"" target=""_blank""> أطلب من فريق الدعم</a> لرفع مستوى متجرك لك.";"ar"
"upgrade_center.warning_msg_test_local";"ترقية نسخ الاختبار من المتجر الخاص بك أولاً للتأكد من أن الترقية سوف تجري بسلاسة.";"ar"
"upgrade_center.warning_msg_third_party_add_ons";"الترقية لاتقوم بتحديث الوظائف الإضافية لجهة خارجية. ولهذا السبب نوصي بتعطيل كافة الوظائف الإضافية خارجية قبل الترقية.";"ar"
"upgrade_center.warning_msg_timeout_check_failed";"الخادم الخاص بك بإعدادات PHP script timeout خاطئة. يمكن أن يكون هذا بسبب القيود المفروضة على PHP <a href=""http://php.net/manual/en/function.set-time-limit.php"" target=""_blank""> set_time_limit</a> الدالة أو FastCGI خيارات ""Timeout"". نحن نوصي بالاتصال بموفر خدمة الاستضافة لحل هذه المشكلة أو الاتصال بفريق دعم التكنولوجيا لإجراء الترقية لك.";"ar"
"upgrade_center.warning_msg_timeout_fail";"نحن لا ننصح ببدء الترقية على الخادم الخاص بك.";"ar"
"upgrade_center.warning_msg_upgrade_is_complicated";"الترقية عملية معقدة. يمكن أن تكون فشلت نظراً لأسباب خارجة عن إرادتنا. <br>لجعل ترقية المتجر الخاص بك أكثر أماناً، قمنا بإعداد نصائح لك:";"ar"
"upgrade_center_menu_description";"احصل على أحدث إصدارات CS-Cart وإضافاته.";"ar"
"upgrade_center_permission_adjusted_properly";"جميع أذونات الملفات والمجلدات قد عدلت بشكل صحيح.";"ar"
"upgrade_flash_player";"أنت بحاجة لترقية مشغل الفلاش الخاص بك";"ar"
"upgrade_is_not_avail";"<p class=""text-error"">This upgrade is not available for your [product] license. Please contact our <a href=""[href]"">support team</a> to update your license status.</p>";"ar"
"upgrade_license";"ترقية الترخيص الخاص بي";"ar"
"upgrade_notification.fedex_shipping_new_api.message";"You're currently using the old integration that is deprecated by FedEx and might stop working eventually. That's why you'll see ""FedEx (Deprecated)"" in the settings of your existing shipping methods. CS-Cart now comes with a new FedEx integration—called simply ""FedEx""—that uses the current API. To switch to the up-to-date integration, add a new shipping method that uses the new ""FedEx"" for rate calculation. Once you <a href=""https://developer.fedex.com/api/en-us/get-started.html"" target=""_blank"">acquire the credentials</a> and make sure that the new shipping method works, you can disable the shipping methods that use ""FedEx (Deprecated)"".</br></br><a class=""btn btn-primary"" target=""_blank"" href=""[url]"">Go to shipping methods</a>";"ar"
"upgrade_notification.fedex_shipping_new_api.title";"FedEx integration updated; old integration remains, but marked as deprecated";"ar"
"upgrade_notification.stripe_connect.collecting_vendor_debt_deprecated.message";"Your Stripe Connect integration is currently configured to collect not only order commission, but also past debts of sellers to your marketplace. This functionality is now deprecated and will be removed in version 4.19.1. Our Stripe integration will only collect what the seller owes the marketplace from this particular transaction.</br>To ensure that sellers pay their past debts to your marketplace, your marketplace already has the ""Vendor-to-admin payments"" add-on. It is more transparent and can limit the functionality of debtor accounts to encourage them to pay up.";"ar"
"upgrade_notification.stripe_connect.collecting_vendor_debt_deprecated.title";"Collecting vendor debt as part of commission is now deprecated";"ar"
"upgrade_notification_message";"<p class='upgrade-center_notice-msg'> أرسلت نسخة من هذه الرسالة إلى البريد الإلكتروني للمسؤول-</p> <hr>";"ar"
"upgrade_notification_title";"تغييرات الترقية في [product] [version]";"ar"
"upgrade_notification_welcome_text";"<p class = ""lead""> لمساعدتك على البدء ، قمنا بتجميع قائمة بالأشياء التي يجب عليك التحقق منها بعد الترقية. القائمة الكاملة للتغييرات في سجل التغيير. </ p> <p class = ""lead""> إذا احتجت في أي وقت إلى التحقق من هذه الرسالة لاحقًا ، فقد أرسلنا أيضًا نسخة إلى [email]. </p>";"ar"
"upgrade_notification_welcome_title";"مرحبًا بك في [product] [version]!";"ar"
"upgrade_notification_what_check_first";"ما الذي يجب التحقق منه أولاً؟";"ar"
"upgrade_notification_what_else_to_check";"ماذا هناك للتحقق؟";"ar"
"upload";"رفع";"ar"
"upload_addon";"رفع وتركيب الإضافة";"ar"
"upload_another_file";"رفع ملف آخر";"ar"
"upload_file";"رفع الملف";"ar"
"upload_install";"رفع وتركيب";"ar"
"upload_theme";"رفع ثيم";"ar"
"upload_to_ftp";"الرفع إلى خادم FTP";"ar"
"upload_upgrade_package";"Upload upgrade package";"ar"
"upload_upgrade_text";"Uploading upgrade package allows you to apply HotFixes or Add-on upgrades. You can upload an upgrade pack by picking a tgz,gz,zip format archive and clicking Upload.";"ar"
"upload_via_ftp";"رفع عبر FTP";"ar"
"ups";"United Parcel Service";"ar"
"url";"URL";"ar"
"url_access_storefront";"استخدم عنوان URL التالي للوصول إلى واجهة المتجر: <br> <a href=""[url]"" target=""_blank""> [url] </a>";"ar"
"url_dispatch_part";"قيمة المتغير ""إرسال"" من عنوان URL";"ar"
"used";"يستخدم";"ar"
"user";"العضو";"ar"
"usergroup";"مجموعة أعضاء";"ar"
"usergroups";"مجموعات الأعضاء";"ar"
"usergroup_activated";"تم تنشيط مجموعة الأعضاء";"ar"
"usergroup_disactivated";"تم إلغاء تنشيط مجموعة الأعضاء";"ar"
"usergroup_ids";"معرفات مجموعة المستخدمين";"ar"
"usergroup_must_have_privileges";"يجب أن يكون لدى مجموعة المستخدمين امتياز واحد على الأقل.";"ar"
"usergroup_privileges";"امتيازات مجموعة الأعضاء";"ar"
"usergroup_registered";"Registered users";"ar"
"usergroup_request_by_customer";"مجموعة الأعضاء المطلوبة من قبل العميل";"ar"
"username";"اسم المستخدم";"ar"
"users";"الأعضاء";"ar"
"users_carts";"سلات الأعضاء المهملة";"ar"
"users_carts_menu";"عربات حية";"ar"
"user_account_info";"معلومات العضوية";"ar"
"user_account_information";"معلومات الحساب";"ar"
"user_action_request_fail";"حدث خطأ أثناء محاولة إرسال طلبك. يرجى المحاولة مرة أخرى أو إرسال رسالة إلى عنوان البريد الإلكتروني التالي: <a href=""mailto:[email]"">[email]</a>";"ar"
"user_action_request_success";"تم ارسال طلبك بنجاح.";"ar"
"user_anonymized";"تم إخفاء هويته المستخدم.";"ar"
"user_cannot_be_deleted";"عذراً, العضو رقم [user_id] لا يمكن حذفه.";"ar"
"user_class";"فئة CSS المعرفة من قبل المستخدم";"ar"
"user_data_required";"دفع رصيد العضو";"ar"
"user_details_page";"صفحة تفاصيل العضو";"ar"
"user_group";"مجموعة المستخدمين";"ar"
"user_group_ids";"معرفات مجموعة المستخدمين";"ar"
"user_group_requests";"طلبات مجموعة الأعضاء";"ar"
"user_id";"معرف العضو";"ar"
"user_info";"معلومات العضو";"ar"
"user_pin";"رقم الـ PIN الخاص بالعضو";"ar"
"user_profile_info";"معلومات البروفايل للمستخدم";"ar"
"user_settings";"خصائص العضو";"ar"
"user_type";"User type";"ar"
"use_avail_period";"استخدام الفترة المتاحة";"ar"
"use_cardinal";"Use Cardinal Centinel&reg; for 3-D Secure Payer Authentication";"ar"
"use_comma_enter_to_separate_variants";"استخدم فاصلة أو أدخل للفصل بين المتغيرات.";"ar"
"use_coupons_commission";"عمولة الكوبون";"ar"
"use_current_link";"استخدام رابط الصفحة الحالية";"ar"
"use_custom_view";"Use custom view";"ar"
"use_custom_weight_settings";"استخدام خصائص الوزن المخصص";"ar"
"use_default_block_configuration";"Use default block configuration";"ar"
"use_existing_block";"استخدم الكتلة الحالية";"ar"
"use_existing_store";"انسخ التكوين الموجود لواجهة المحل";"ar"
"use_for_all_new_vendors";"استخدم لجميع البائعين الجدد";"ar"
"use_for_apply_for_vendor_account";"نموذج طلب فتح حساب كبائع";"ar"
"use_for_checkout";"Checkout (user information) form";"ar"
"use_for_discussion";"نماذج التعليقات والآراء";"ar"
"use_for_form_builder";"نماذج مخصصة";"ar"
"use_for_free_shipping";"استخدام الشحن مجاناً";"ar"
"use_for_login";"Login form";"ar"
"use_for_polls";"استطلاعات الرأي";"ar"
"use_for_recover";"نموذج استعادة كلمة المرور";"ar"
"use_for_register";"Create and edit profile form";"ar"
"use_for_track_orders";"Track my order form";"ar"
"use_for_track_product_in_stock";"استمارة اشتراك إخطار في المخزن";"ar"
"use_negotiated_rates";"استخدام معدلات قابلة للتفاوض";"ar"
"use_new_sha_method";"Use new SHA signature policy";"ar"
"use_this_style";"استخدم هذا الاستايل";"ar"
"usps";"U.S Postal Service";"ar"
"usps_package_size_large";"Large";"ar"
"usps_package_size_regular";"Regular";"ar"
"usps_service_certificate_of_mailing";"Certificate of mailing";"ar"
"usps_service_certificate_of_mailing_for_firm_mailing_books";"Certificate of mailing for firm mailing books";"ar"
"usps_service_certificate_of_mailing_per_individual_article";"Certificate of mailing per individual article";"ar"
"usps_service_certified";"Certified";"ar"
"usps_service_collect_on_delivery";"Collect on delivery";"ar"
"usps_service_delivery_confirmation";"USPS Tracking/Delivery confirmation";"ar"
"usps_service_edelivery_confirmation";"e-Delivery Confirmation";"ar"
"usps_service_express_mail_insurance";"Express mail insurance";"ar"
"usps_service_insurance";"Insurance";"ar"
"usps_service_pick_up_on_demand";"Pick up on demand";"ar"
"usps_service_registered_mail";"Registered mail";"ar"
"usps_service_registered_without_insurance";"Registered without insurance";"ar"
"usps_service_registered_with_insurance";"Registered with insurance";"ar"
"usps_service_return_receipt";"Return receipt";"ar"
"usps_service_return_receipt_electronic";"Return receipt electronic";"ar"
"usps_service_return_receipt_for_merchandise";"Return receipt for merchandise";"ar"
"usps_service_signature_confirmation";"Signature confirmation";"ar"
"usps_size";"Please specify the package width, height and length for Priority mail, if Package Size is Large only.";"ar"
"valid";"المدة الزمنية لسريان المفعول";"ar"
"validate_email";"تحقق من الإيميل";"ar"
"validate_secret_word";"تحقق من كلمة السر";"ar"
"valid_thru";"صالحة خلال (mm/yy)";"ar"
"value";"القيمة";"ar"
"value_to_display";"القيمة المعروضة";"ar"
"variables";"المتغيرات";"ar"
"variant";"التنوع";"ar"
"variants";"التنوعات";"ar"
"variant_id";"معرف المتغير";"ar"
"variant_name";"اسم التنوع";"ar"
"variant_with_name_already_exist";"تعذرت إعادة تسمية متغير الميزة ""[variant]"". السبب: يوجد متغير بالاسم الجديد بالفعل.";"ar"
"variations_in_stock";"فقط المنتجات ""في المخزون""";"ar"
"variation_group_code";"كود مجموعة التباين";"ar"
"variation_group_id";"معرف مجموعة التباين";"ar"
"variation_parent_product_id";"معرّف المنتج الأصل المتغير";"ar"
"variation_set_as_default";"تم تعيين التباين كافتراضي";"ar"
"variation_sub_group_id";"معرف المجموعة الفرعية للتنوع";"ar"
"vendor";"المتجر";"ar"
"vendors";"المتاجر";"ar"
"vendors_activity";"نشاط البائع في الفترة المحددة";"ar"
"vendors_activity.new_products";"منتجات جديدة";"ar"
"vendors_activity.new_vendors";"الباعة الجدد";"ar"
"vendors_activity.not_logged_in_vendors";"الباعة الذين لم يسجلوا الدخول";"ar"
"vendors_activity.orders_created";"تم إنشاء الطلبات";"ar"
"vendors_activity.vendors_with_new_products";"الباعة مع المنتجات الجديدة";"ar"
"vendors_activity.vendors_with_sales";"الباعة مع المبيعات";"ar"
"vendors_menu_title";"المتاجر";"ar"
"vendors_statistics";"إحصاءات البائع";"ar"
"vendor_accounting";"الحسابات";"ar"
"vendor_account_balance";"رصيد الحساب";"ar"
"vendor_administrator";"أدمن الباعة";"ar"
"vendor_administrators";"حسابات أدمن الباعة";"ar"
"vendor_approval_pending";"طلب الانضمام كبائع جديد";"ar"
"vendor_candidate_notification";"مرحبًا ، <br/> <br/> لديك مرشح بائع جديد في متجرك. حساب البائع هذا معلق حتى توافق عليه. اتبع <a href=""[href]""> عنوان URL هذا </a> لعرض تفاصيل الحساب </a>.";"ar"
"vendor_categories_fee.absolute_fee";"رسوم مطلقة";"ar"
"vendor_categories_fee.percent_fee";"نسبة الرسوم";"ar"
"vendor_categories_fee.vendor_fee";"رسوم المعاملات (%)";"ar"
"vendor_communication";"مركز الرسائل";"ar"
"vendor_communication.admin";"مسؤول";"ar"
"vendor_communication.ask_a_question";"طرح سؤال";"ar"
"vendor_communication.author";"المؤلف";"ar"
"vendor_communication.cannot_create_thread";"لا يمكن إنشاء موضوع";"ar"
"vendor_communication.cannot_delete_thread";"لا يمكن حذف الموضوع";"ar"
"vendor_communication.cannot_delete_threads";"لا يمكن حذف المواضيع";"ar"
"vendor_communication.cannot_post_message";"لا يمكن نشر الرسالة";"ar"
"vendor_communication.cannot_update_thread";"لا يمكن تحديث المناقشه";"ar"
"vendor_communication.communication";"الاتصالات";"ar"
"vendor_communication.communication_vendor_to_admin";"التواصل مع البائع";"ar"
"vendor_communication.communication_vendor_to_admin_with_admin";"التواصل مع المسؤول";"ar"
"vendor_communication.communication_vendor_to_customer";"التواصل مع العميل";"ar"
"vendor_communication.contact_admin";"اتصل بالمسؤول";"ar"
"vendor_communication.contact_customer";"الاتصال بالعميل";"ar"
"vendor_communication.contact_vendor";"اتصل بالبائع";"ar"
"vendor_communication.contact_vendor_name";"اتصل [vendor_name]";"ar"
"vendor_communication.contact_with";"#[thread_id]. التواصل مع [thread_company]";"ar"
"vendor_communication.created_at";"تم إنشاؤها على";"ar"
"vendor_communication.customer_name";"إسم الزبون";"ar"
"vendor_communication.dashboard.todo.messages_from_administrator";"<strong>[n] رسالة</strong> من إدارة السوق. |<strong>[n] رسائل</strong> من إدارة السوق.";"ar"
"vendor_communication.dashboard.todo.messages_from_customers";"<strong>[n] رسالة</strong> من العميل. |<strong>[n] رسائل</strong> من العملاء.";"ar"
"vendor_communication.dashboard.todo.messages_from_vendors";"<strong>[n] رسالة</strong> من البائع. |<strong>[n] رسائل</strong> من البائعين.";"ar"
"vendor_communication.date";"التاريخ";"ar"
"vendor_communication.error_message";"أدرج رسالتك من فضلك";"ar"
"vendor_communication.event.message_received.name";"من عميل إلى بائع: تم استلام رسالة جديدة";"ar"
"vendor_communication.event.order_message_received.name";"الاتصال بالطلب: تم استلام رسالة جديدة";"ar"
"vendor_communication.event.vendor_to_admin_message_received.name";"بائع إلى مسؤول: تم استلام رسالة جديدة";"ar"
"vendor_communication.import_details";"تفاصيل الاستيراد";"ar"
"vendor_communication.invalid_thread_object_type";"نوع كائن مؤشر الترابط المقدم غير صالح";"ar"
"vendor_communication.menu_item_vendor_to_admin";"رسائل البائع";"ar"
"vendor_communication.menu_item_vendor_to_admin_for_vendor_panel";"رسائل المشرف";"ar"
"vendor_communication.menu_item_vendor_to_customer";"رسائل العملاء";"ar"
"vendor_communication.message";"رساله";"ar"
"vendor_communication.messages";"رسائل";"ar"
"vendor_communication.message_center";"مركز الرسائل";"ar"
"vendor_communication.message_center_name";"مركز الرسائل";"ar"
"vendor_communication.message_center_vendor_name";"مركز الرسائل";"ar"
"vendor_communication.message_sent";"تم إرسال رسالتك إلى <b> [vendor_name] </b>. <br/> <br/> سنبلغك بالرد. لعرض محفوظات رسائلك ، يرجى <a href=""[thread_url]"" target=""_blank""> الانتقال إلى مركز الرسائل </a> الموجود في قسم ""الرسائل"" من قائمة ""حسابي"".";"ar"
"vendor_communication.new_message.message";"انقر فوق هذا الإخطار لرؤية الرسالة";"ar"
"vendor_communication.new_message.title";"[company_name] لديه رسالة جديدة من [customer]";"ar"
"vendor_communication.new_thread_created";"تم إرسال رسالتك الي <b>[vendor_name]</b>.<br/><br/>سيتم إرسال الرد الخاص بالمورد إلى عنوان البريد الإلكتروني للحساب الخاص بك. لعرض محفوظات الرسائل الخاصة بك، يرجى <a href=""[thread_url]"">الذهاب إلى</a> مركز الرسائل الموجودة في قسم ""الرسائل"" قائمة ""حسابي"".";"ar"
"vendor_communication.no_messages_found";"لا توجد رسائل";"ar"
"vendor_communication.no_threads_found";"لم يتم العثور على مواضيع";"ar"
"vendor_communication.order_details";"تفاصيل الطلب";"ar"
"vendor_communication.please_log_in_to_be_notified";"الرجاء تسجيل الدخول حتى نتمكن من إخطارك بالرد";"ar"
"vendor_communication.please_log_in_to_contact_vendor";"الرجاء تسجيل الدخول للاتصال بالبائع";"ar"
"vendor_communication.required_field_is_missing";"حقل [field_name] مطلوب";"ar"
"vendor_communication.scroll_to_top";"انتقل إلى أعلى";"ar"
"vendor_communication.send_message";"أرسل رسالة";"ar"
"vendor_communication.some_threads_have_not_been_created";"لم يتم إنشاء بعض المواضيع: [count]";"ar"
"vendor_communication.start_communication";"ابدأ التواصل";"ar"
"vendor_communication.subject";"موضوع";"ar"
"vendor_communication.subject_email";"لديك رسالة جديدة من [message_from]";"ar"
"vendor_communication.tab_vendor_to_admin";"اتصالات البائع";"ar"
"vendor_communication.tab_vendor_to_admin_for_vendor_panel";"التواصل الإداري";"ar"
"vendor_communication.tab_vendor_to_customer";"التواصل مع العملاء";"ar"
"vendor_communication.thread";"الموضوع #[thread_id]";"ar"
"vendor_communication.threads_deleted";"تم حذف المواضيع";"ar"
"vendor_communication.thread_deleted";"تم حذف الموضوع";"ar"
"vendor_communication.ticket";"موضوع";"ar"
"vendor_communication.type_message";"اكتب رسالة...";"ar"
"vendor_communication.vendor_to_admin.message_list_sent";"تم إرسال رسائلك. <br/> <br/> لعرض محفوظات رسائلك ، يرجى <a href=""[thread_url]""> الانتقال إلى مركز الرسائل </a> الموجود في قائمة ""البائعون"".";"ar"
"vendor_communication.vendor_to_admin.message_sent";"تم إرسال رسالتك إلى <b>[name]</b>.رسا<br/><br/> لعرض محفوظات الرسائل ، يرجى <a href=""[thread_url]""> الانتقال إلى مركز الئل </a> الموجود في قائمة ""البائعون"".";"ar"
"vendor_communication.vendor_to_customer.message_sent";"تم إرسال رسالتك إلى <b>[name]</b>.<br/><br/>لعرض محفوظات رسائلك ، يرجى <a href=""[thread_url]"">الانتقال إلى مركز الرسائل</a> الموجود في قائمة ""العملاء"".";"ar"
"vendor_communication.you";"أنت";"ar"
"vendor_communication.your_message_to_admin";"رسالتك إلى المسؤول";"ar"
"vendor_communication.your_message_to_customer";"رسالتك إلى العميل";"ar"
"vendor_communication.your_message_to_vendor_name";"رسالتك إلى [vendor_name]";"ar"
"vendor_communication.you_have_new_message";"لديك <a href=""[thread_url]""> رسالة </a> جديدة من [message_from].";"ar"
"vendor_data_premoderation";"بيانات البائعين قبل الاعتدال";"ar"
"vendor_data_premoderation.actions.require_approval";"المنتجات على الاعتدال";"ar"
"vendor_data_premoderation.actions.require_vendor_action";"المنتجات المرفوضة";"ar"
"vendor_data_premoderation.actions.vendors_on_moderation";"الباعة على الاعتدال";"ar"
"vendor_data_premoderation.added";"مضاف";"ar"
"vendor_data_premoderation.added_product.action";"<a href=""[url]"" target=""_blank"">عرض المنتجات المعلقة</a>";"ar"
"vendor_data_premoderation.added_product.message";"[n] منتج ينتظر موافقتك.<br>هذا المنتج في انتظار الموافقة منذ [since_at]|[n] منتجات تنتظر موافقتك.<br>أقدم هذه المنتجات في انتظار الموافقة منذ [since_at].";"ar"
"vendor_data_premoderation.added_product.title";"[n] منتج ينتظر موافقتك |[n] منتجات تنتظر موافقتك";"ar"
"vendor_data_premoderation.approval_info_text";"إذا كانت الموافقة مطلوبة فقط لبعض الموردين ، فستتمكن من تعيين البائعين الذين يحتاجون إلى الإشراف في علامة التبويب الوظائف الإضافية في صفحة تحرير المورد.";"ar"
"vendor_data_premoderation.approval_required_before_changing_owner";"موافقتك مطلوبة قبل أن تتمكن من تغيير المالك. انقر <a href=""[url]"" target=""_blank"">هنا</a> لعرض المنتجات التي لم يتم الإشراف عليها بعد.";"ar"
"vendor_data_premoderation.approve_product";"الموافقة على ""[product]""";"ar"
"vendor_data_premoderation.approve_product_btn";"الموافقة على المنتج";"ar"
"vendor_data_premoderation.dashboard.analytics_card.disapproved";"مرفوض";"ar"
"vendor_data_premoderation.dashboard.analytics_card.on_moderation";"على الاعتدال";"ar"
"vendor_data_premoderation.dashboard.todo.pending_vendors";"<strong>[n] بائع</strong> (ومنتجاته) مخفي حتى تقوم بمراجعتها. |<strong>[n] بائعين</strong> (ومنتجاتهم) مخفية حتى تقوم بمراجعتها.";"ar"
"vendor_data_premoderation.dashboard.todo.products_disapproved";"منتج <strong>[n]</strong> يتطلب التحرير. |<strong>[n] منتجات</strong> تتطلب التعديل.";"ar"
"vendor_data_premoderation.dashboard.todo.products_require_approval";"يتطلب منتج <strong>[n]</strong> موافقتك. |<strong>[n] منتجات</strong> تتطلب موافقتك.";"ar"
"vendor_data_premoderation.deleted";"تم الحذف";"ar"
"vendor_data_premoderation.disapproval_reason";"سبب الرفض";"ar"
"vendor_data_premoderation.disapproved";"مرفوض";"ar"
"vendor_data_premoderation.disapprove_product";"رفض ""[product]""";"ar"
"vendor_data_premoderation.disapprove_products";"منتجات مرفوضة";"ar"
"vendor_data_premoderation.disapprove_product_btn";"منتج مرفوض";"ar"
"vendor_data_premoderation.enter_disapproval_reason";"أدخل سبب الرفض واحفظ التغييرات.";"ar"
"vendor_data_premoderation.event.added_product.name";"الإصدار المسبق لبيانات البائع: عدد المنتجات الخاضعة للاعتدال";"ar"
"vendor_data_premoderation.event.product_status.approved.name";"الإشراف المسبق على بيانات البائع: تمت الموافقة على منتجك";"ar"
"vendor_data_premoderation.event.product_status.disapproved.name";"الإشراف المسبق على بيانات البائع: تم رفض منتجك";"ar"
"vendor_data_premoderation.exclude_disapproved_products";"استبعاد المنتجات المرفوضة";"ar"
"vendor_data_premoderation.moderation";"الإشراف";"ar"
"vendor_data_premoderation.notification.approved.message";"تمت الموافقة على ""[product]"" من قبل إدارة المتجر وإضافته إلى كتالوج المنتج. انقر هنا لعرض هذا المنتج. تم اعتماد | [n] من المنتجات من قبل إدارة المتجر وإضافتها إلى كتالوج المنتجات. انقر هنا لعرض هذه المنتجات.";"ar"
"vendor_data_premoderation.notification.approved.title";"تمت الموافقة على منتجك | تمت الموافقة على منتجاتك";"ar"
"vendor_data_premoderation.notification.disapproved.message";"تم رفض ""[product]"" من قبل إدارة المتجر. انقر هنا لعرض هذا المنتج. | [n] من المنتجات تم رفضها من قبل إدارة المتجر. انقر هنا لعرض هذه المنتجات.";"ar"
"vendor_data_premoderation.notification.disapproved.title";"تم رفض منتجك | تم رفض منتجاتك";"ar"
"vendor_data_premoderation.notification.products_require_approval.message";"هذا المنتج في انتظار موافقتك منذ [since]. انقر هنا لعرض هذا المنتج. | هذه المنتجات معلقة لموافقتك منذ [since]. انقر هنا لعرض هذه المنتجات.";"ar"
"vendor_data_premoderation.notification.products_require_approval.title";"لديك [n] منتج يتطلب موافقتك | لديك [n] من المنتجات التي تتطلب موافقتك";"ar"
"vendor_data_premoderation.notification_for_deleted_statuses";"تم تعطيل الوظيفة الإضافية للإنشاء المسبق لبيانات البائع. المنتجات ذات الحالة ""مطلوب الموافقة"" أو ""مرفوض"" لم تعد تتمتع بأي حالة. لن تظهر هذه المنتجات للعملاء حتى تقوم أنت أو البائعين بتعيين حالة أخرى لهم. إذا قمت بتنشيط الوظيفة الإضافية مرة أخرى ، فستستعيد المنتجات التي ليس لها حالة حالة حالتها. إذا قمت بإلغاء تثبيت الوظيفة الإضافية ، فستحصل جميع المنتجات على الحالة الصحيحة تلقائيًا.";"ar"
"vendor_data_premoderation.preventing_registration_info_text";"إذا كنت ترغب في منع تسجيل البائع تمامًا ، فيرجى تحديد <a href=""[url]"" target=""_blank"">إعدادات → بائعون</a>.";"ar"
"vendor_data_premoderation.prior_to_date";"قبل [date]";"ar"
"vendor_data_premoderation.products_sent_to_premoderation";"تم حفظ التغييرات. قبل إضافة منتجك إلى كتالوج المنتج ، يجب أن تتم الموافقة عليه من قبل إدارة المتجر. اتبع <a href=""[product_approval_url]""> هذا الرابط </a> لعرض المنتجات التي تتطلب الموافقة. | تم حفظ التغييرات التي أجريتها. قبل إضافة منتجاتك إلى كتالوج المنتجات ، يجب اعتمادها من قبل إدارة المتجر. اتبع <a href=""[product_approval_url]""> هذا الرابط </a> لعرض المنتجات التي تتطلب الموافقة.";"ar"
"vendor_data_premoderation.product_status.disapproved";"مرفوض";"ar"
"vendor_data_premoderation.product_status.requires_approval";"يتطلب الموافقة";"ar"
"vendor_data_premoderation.require_approval";"المنتجات على الاشراف";"ar"
"vendor_data_premoderation.require_vendor_action";"المنتجات المرفوضة";"ar"
"vendor_data_premoderation.vendors_require_approval";"الباعة على الاعتدال";"ar"
"vendor_debt_payout";"المدفوعات من البائع إلى المسؤول";"ar"
"vendor_debt_payout.account_balance";"رصيد الحساب";"ar"
"vendor_debt_payout.actions_on_suspended";"الإجراءات على البائعين الموقوفين";"ar"
"vendor_debt_payout.admin_notifications";"أبلغ المسؤول عن البائعين الموقوفين";"ar"
"vendor_debt_payout.admin_notifications_about_disable";"أبلغ المسؤول عن البائعين المعطلين";"ar"
"vendor_debt_payout.admin_notifications_weekly";"إرسال ملخص أسبوعي للبائعين الموقوفين";"ar"
"vendor_debt_payout.admin_weekly_digest_of_suspended_vendors";"إرسال ملخص أسبوعي للبائعين الموقوفين";"ar"
"vendor_debt_payout.block_admin_panel";"حظر لوحة إدارة البائعين الموقوفين";"ar"
"vendor_debt_payout.block_alert";"<p> تم تقييد وصولك إلى لوحة الإدارة تلقائيًا لأنك وصلت إلى حد رصيد الحساب السلبي أو لم تدفع رسومًا لخطة البائع في الوقت المناسب. </ p> <p> رصيد حسابك الحالي هو [ current_balance]. </p> <p> الرجاء <a href=""[pay_url]""> دفع رسوم السوق </a> - بمجرد معالجة الدفع ، ستتم استعادة وصولك إلى لوحة الإدارة تلقائيًا. </p>";"ar"
"vendor_debt_payout.catalog_items";"تسمية ""ديون البائع"" للغات مختلفة";"ar"
"vendor_debt_payout.catalog_items.help";"يقوم البائعون بسداد ديونهم عن طريق شراء منتج معين لرسوم السوق. هنا يمكنك تعديل تفاصيل المنتج والفئة التي ينتمي إليها.";"ar"
"vendor_debt_payout.category";"فئة";"ar"
"vendor_debt_payout.dashboard.analytics_card.enter_an_amount";"أدخل مبلغًا";"ar"
"vendor_debt_payout.dashboard.analytics_card.refill_balance";"رصيد إعادة التعبئة";"ar"
"vendor_debt_payout.dashboard.analytics_card.suspended_vendors";"البائعون الموقوفون";"ar"
"vendor_debt_payout.dashboard.todo.negative_balance_reached";"<strong>رصيدك باللون الأحمر.</strong> قد يتم تعليق حسابك في [date]. لتجنب ذلك ، يرجى إيداع [amount]على الأقل.";"ar"
"vendor_debt_payout.dashboard.todo.negative_balance_reached.action_text";"رصيد إعادة التعبئة";"ar"
"vendor_debt_payout.dashboard.todo.suspend_alert";"<strong>تم تعليق حسابك.</strong> لرفع التعليق ، يرجى الاتصال بنا.";"ar"
"vendor_debt_payout.dashboard.todo.vendors_have_debts";"<strong>[n] المورّد</strong> مدين لك بالمال وقد يتم إيقافه قريبًا. |<strong>[n] بائعين</strong> مدينون لك بالمال وقد يتم تعليق عملك قريبًا.";"ar"
"vendor_debt_payout.dashboard.todo.vendor_status_changed_to_suspended";"<strong>تم تعليق حسابك بسبب الديون.</strong> يرجى إيداع [amount]على الأقل. بمجرد معالجة الدفع ، سيتم رفع التعليق تلقائيًا.";"ar"
"vendor_debt_payout.dashboard_suspended_vendors";"البائعون الموقوفون";"ar"
"vendor_debt_payout.days_before_disable";"الوقت بالأيام قبل تعطيل البائع الموقوف";"ar"
"vendor_debt_payout.day_or_days";"يوم (أيام)";"ar"
"vendor_debt_payout.debt_near_limit_message";"رصيد حسابك حاليًا [current_balance]. إذا وصلت إلى [minimal_balance] ، فلن تتمكن من استخدام لوحة الإدارة الخاصة بك حتى تقوم <a href=""[pay_url]"" target=""_blank""> بدفع جميع رسوم السوق الخاصة بك </a>.";"ar"
"vendor_debt_payout.debt_owned";"الديون المستحقة";"ar"
"vendor_debt_payout.debt_payout";"رسوم السوق";"ar"
"vendor_debt_payout.debt_payout_w_order";"رسوم السوق (الطلب #[id])";"ar"
"vendor_debt_payout.disable_suspended_vendors";"تعطيل البائعين الموقوفين بعد فترة";"ar"
"vendor_debt_payout.edit_description";"<a href=""[link]"" target=""_blank"">تحرير</a>";"ar"
"vendor_debt_payout.edit_notifications_link";"<a target = ""_blank"" href = ""[link]""> تحرير الإشعارات </a>";"ar"
"vendor_debt_payout.empty_list_of_vendors_got_suspended_and_paid_label";"لم يسدد أي بائع ديونهم وتم رفع تعليقهم منذ التقرير الأخير.";"ar"
"vendor_debt_payout.empty_list_of_vendors_got_suspended_label";"لم يتم تعليق أي بائع بسبب الديون تلقائيًا منذ التقرير الأخير.";"ar"
"vendor_debt_payout.enter_an_amount";"أدخل مبلغًا";"ar"
"vendor_debt_payout.error_refill_amount_lower_than_zero";"آسف ، لا يمكن المضي قدما في الدفع. يجب أن يكون المبلغ المحدد أكبر من 0.";"ar"
"vendor_debt_payout.event.negative_balance_reached.name";"تسجيل دخول البائع: الديون وفترة السماح";"ar"
"vendor_debt_payout.event.vendor_days_before_suspend.name";"معلومات حول التعليق القادم";"ar"
"vendor_debt_payout.event.vendor_status_changed_to_disabled.name";"تم تغيير حالة البائع إلى معطل";"ar"
"vendor_debt_payout.event.vendor_status_changed_to_suspended.name";"تم تغيير حالة البائع إلى معلق";"ar"
"vendor_debt_payout.event.weekly_digest_of_debtors.name";"الملخص الأسبوعي للمدينين";"ar"
"vendor_debt_payout.global_individual_additional_settings";"يمكنك إخفاء أو إظهار الإعدادات المتعلقة بالديون هنا. ستؤثر الإعدادات المخفية على جميع خطط البائعين. ابحث عن الرمز [icon] <a href=""[addons_url]"">في إعدادات الوظيفة الإضافية ""مدفوعات البائع إلى المسؤول""</a>.";"ar"
"vendor_debt_payout.grace_period_to_refill_balance";"فترة سماح لإعادة تعبئة الرصيد";"ar"
"vendor_debt_payout.hide_products";"إخفاء منتجات البائعين الموقوفين";"ar"
"vendor_debt_payout.list_of_vendors_got_suspended_and_paid_label";"قام هؤلاء البائعون بسداد ديونهم وتم رفع تعليقهم منذ التقرير الأخير:";"ar"
"vendor_debt_payout.list_of_vendors_got_suspended_label";"تم تعليق هؤلاء البائعين بسبب الديون تلقائيًا منذ التقرير الأخير:";"ar"
"vendor_debt_payout.lowest_allowed_balance";"قم بتعليق البائعين إذا ظل رصيدهم أقل من ذلك";"ar"
"vendor_debt_payout.lowest_allowed_balance_info_text";"لتسهيل العمل مع الموردين المعلقين ، يرجى التحقق من إعدادات الوظيفة الإضافية <a href=""[link]""> مدفوعات البائع إلى المسؤول </a>.";"ar"
"vendor_debt_payout.minimum_allowed_balance_to_zero";"لقد قمنا بتعيين الحد الأدنى للرصيد المسموح به على 0. والآن كلما انخفض رصيد البائع عن الصفر ، ستبدأ فترة السماح ، وسيُطلب من البائع سداد الدين.";"ar"
"vendor_debt_payout.negative_balance_reached.message";"يرجى إيداع [amount] على الأقل حتى [date] لتجنب التعليق.";"ar"
"vendor_debt_payout.negative_balance_reached.subject";"قد يتم تعليق حسابك قريبًا";"ar"
"vendor_debt_payout.notifications";"إشعارات";"ar"
"vendor_debt_payout.payment_surcharge_w_order";"رسوم الدفع الإضافية لرسوم السوق (الطلب #[id])";"ar"
"vendor_debt_payout.payout_overdue_limit";"فترة سماح لرسوم خطة البائع";"ar"
"vendor_debt_payout.pay_fees";"دفع الرسوم";"ar"
"vendor_debt_payout.pending_payout_message";"يجب عليك دفع رسوم [fee_amount] لاستخدام خطة [plan_name]. رصيد حسابك الحالي هو [current_balance]. إذا لم يتم دفع الرسوم حتى [overdue_date] ، فلن تتمكن من العمل مع لوحة الإدارة حتى تقوم <a href=""[pay_url]"" target=""_blank""> بدفع جميع رسوم السوق الخاصة بك </a>.";"ar"
"vendor_debt_payout.product";"المنتوج";"ar"
"vendor_debt_payout.reason_block";"رصيدك الحالي هو [balance] ، وهو أقل من الحد الأدنى للرصيد المسموح به وهو [lowers_allowed_balance]. يرجى إيداع [amount] على الأقل حتى [date] لتجنب التعليق. يمكنك إعادة ملء الرصيد في <a href=""[link]""> لوحة المورد </a>.";"ar"
"vendor_debt_payout.refill_balance";"رصيد إعادة التعبئة";"ar"
"vendor_debt_payout.suspended_status_reached.message";"لرفع التعليق ، يرجى إيداع [amount] على الأقل لإعادة ملء الرصيد حتى [vendor_plan_lowers_allowed_balance].";"ar"
"vendor_debt_payout.suspended_status_reached.subject";"تم تعليق حسابك";"ar"
"vendor_debt_payout.suspend_debt_alert";"<p> تم تعليق حسابك تلقائيًا. </p> <p> السبب: رصيدك الحالي هو [balance] ، وهو أقل من الحد الأدنى للرصيد المسموح به وهو [lowers_allowed_balance]. </p> <p> الرجاء الإيداع على الأقل [amount]. بمجرد معالجة الدفع ، سيتم رفع التعليق تلقائيًا. </p>";"ar"
"vendor_debt_payout.suspend_debt_notification";"تم تعليق حسابك. لرفع التعليق ، يرجى إيداع [amount] على الأقل لإعادة ملء الرصيد حتى [vendor_plan_lowers_allowed_balance]. <a target=""_blank"" href=""[link]""> رصيد إعادة التعبئة </a>.";"ar"
"vendor_debt_payout.suspend_vendors";"تعليق البائعين";"ar"
"vendor_debt_payout.total_debts";"إجمالي الديون لجميع البائعين في السوق (بما في ذلك أولئك غير المدرجين في هذا التقرير) هو حاليًا [total_debt].";"ar"
"vendor_debt_payout.vendor_days_before_suspend.message";"قد يتم تعليق حسابك في [marketplace] قريبًا.";"ar"
"vendor_debt_payout.vendor_days_before_suspend.subject";"قد يتم تعليق حسابك قريبًا";"ar"
"vendor_debt_payout.vendor_debt_limit";"تقييد وظائف لوحة الإدارة في حالة وصول ديون البائع إلى";"ar"
"vendor_debt_payout.vendor_notifications";"إبلاغ البائعين بشأن التعليق القادم";"ar"
"vendor_debt_payout.vendor_notifications_about_disable";"إخطار البائعين بحساباتهم المعطلة";"ar"
"vendor_debt_payout.vendor_plan_debt_info_text";"يمكن تعليق البائع إذا تجاوز الدين شروط <a href=""[link]""> خطة البائع </a>.";"ar"
"vendor_debt_payout.vendor_status_changed.message";"تم تغيير حالة البائع [vendor_name] إلى [status].";"ar"
"vendor_debt_payout.vendor_status_changed.reason";"دين [amount] الذي لم يتم دفعه حتى [date].";"ar"
"vendor_debt_payout.vendor_status_changed.subject";"[vendor_name]: تم تغيير الحالة إلى [status]";"ar"
"vendor_debt_payout.warning_debt_alert";"<p> رصيدك الحالي هو [balance] ، وهو أقل من الحد الأدنى للرصيد المسموح به وهو [lowers_allowed_balance]. </p> <p> يرجى إيداع [amount] على الأقل حتى [date]. وإلا فقد يتم تعليق حسابك.";"ar"
"vendor_debt_payout.warning_debt_notification";"قد يتم تعليق حسابك قريبًا. يرجى إيداع [amount] على الأقل حتى [date] لتجنب التعليق. <a target=""_blank"" href=""[link]""> رصيد إعادة التعبئة </a>.";"ar"
"vendor_debt_payout.weekly_digest_of_debtors.message";"هذا تقرير أسبوعي عن المدينين في السوق الخاص بك. ويشمل البائعين الذين أصبحوا مدينين أو سددوا ديونهم منذ التقرير الأخير. قد يحتوي السوق الخاص بك على <a href=""[href]""> المزيد من البائعين الموقوفين </a>.";"ar"
"vendor_debt_payout.weekly_digest_of_debtors.subject";"[marketplace_name]: ملخص أسبوعي عن المدينين";"ar"
"vendor_edit_invitation_email_template";"<a href=""[url]""> تعديل نموذج البريد الإلكتروني لدعوة المورد </a>";"ar"
"vendor_emails";"رسائل البريد الإلكتروني للبائع";"ar"
"vendor_features_only";"الميزات التي أنشأها البائعون";"ar"
"vendor_filters";"مرشح منتجات المورد";"ar"
"vendor_filters_description";"";"ar"
"vendor_id";"معرف المتجر";"ar"
"vendor_invitations_fail_notification";"الدعوات التي لم يتم إرسالها: [failed_quantity] <br/> <b> [emails_list] </b> <br/> لن يتم إرسال دعوة إذا تم إرسالها بالفعل إلى عنوان البريد الإلكتروني هذا من قبل. ولكن إذا لم يتم إرسال أي من دعواتك ، ولم ترسل دعوات إلى هذه العناوين من قبل ، فيرجى التأكد من أن [product] يمكنه إرسال أي رسائل بريد إلكتروني على الإطلاق. إذا لم تستطع ، فإن المشكلة تتعلق بـ [product] أو تكوين الخادم. في هذه الحالة ، يرجى الاتصال بمسؤول الخادم أو مزود الاستضافة أو <a href=""https://helpdesk.cs-cart.com/"" target=""_blank""> الدعم الفني </a> للتحقق.";"ar"
"vendor_invitations_sent_notification";"الدعوات المرسلة: [sent_quantity]";"ar"
"vendor_invitation_email_body";"<p> مرحبًا ، </p> <br/> <p> نود دعوتك <a href=""[create_account_url]""> لإنشاء حساب </a> باستخدام [default_company_name]. ستتمكن من توسيع قاعدة عملائك من خلال إدراج منتجاتك على منصتنا وبيعها لزوارنا. </p> <br/> <p> مع أطيب التحيات ، </p> <p> فريق [default_company_name] </p>";"ar"
"vendor_invitation_email_subject";"تعال للبيع مع [default_company_name]";"ar"
"vendor_invited_at";"تاريخ إرسالها";"ar"
"vendor_language";"لغة البائع";"ar"
"vendor_logos_and_product_count";"شعارات البائع وعدد المنتجات";"ar"
"vendor_name";"اسم المتجر";"ar"
"vendor_names";"أسماء البائعين";"ar"
"vendor_name_field";"اسم المتجر";"ar"
"vendor_notifications";"إخطارات البائع";"ar"
"vendor_owner";"المسؤول الرئيسي للبائع";"ar"
"vendor_pages";"صفحات المتجر";"ar"
"vendor_panel";"لوحة تحكم البائع";"ar"
"vendor_panel_configurator.color_schema.Custom";"العادة";"ar"
"vendor_panel_configurator.color_schema.Lemongrass";"عشب الليمون";"ar"
"vendor_panel_configurator.color_schema.Light";"نور";"ar"
"vendor_panel_configurator.color_schema.Purple";"نفسجي";"ar"
"vendor_panel_configurator.color_schema.Sand";"رمل";"ar"
"vendor_panel_configurator.color_schema.Sweety";"حبيبة";"ar"
"vendor_panel_configurator.configure_vendor_panel_notice";"يمكنك تخصيص لوحة البائع عبر شريط الأدوات السفلي: <a href=""[block_manager_link]"">قم بتحرير القوائم والإعداد</a> أو <a href=""[theme_editor_link]"">اختر نظام الألوان</a>.";"ar"
"vendor_panel_configurator.element_color";"لون العنصر";"ar"
"vendor_panel_configurator.global_setting_warning";"لا يظهر هذا الإعداد في صفحة تحرير المنتج في الوقت الحالي ، لأنه تم تعيينه عالميًا لجميع المنتجات. تحقق من قائمة <a href=""[settings_url]"" target=""_blank"">""إعدادات""</a> للعثور عليه.";"ar"
"vendor_panel_configurator.logo";"شعار";"ar"
"vendor_panel_configurator.logo_dark";"الشعار (المظهر الداكن)";"ar"
"vendor_panel_configurator.logo_dark_description";"نفس التوصيات بالنسبة للشعار القياسي. يظهر هذا الشعار على خلفية داكنة: في شريط الأدوات السفلي، أو عند تحديد المظهر الداكن.";"ar"
"vendor_panel_configurator.logo_description";"نوصي بصورة PNG لا يقل حجمها عن 68 × 68 بكسل، وبخلفية شفافة. أفضل نسبة عرض إلى ارتفاع هي بين 3.5:1 (على سبيل المثال، 245x70 بكسل) و6.1:1 (على سبيل المثال، 610x100 بكسل).";"ar"
"vendor_panel_configurator.payment_methods.description";"إدارة كيفية تلقي المدفوعات من العملاء";"ar"
"vendor_panel_configurator.product_page_configuration";"إعدادات صفحة المنتج";"ar"
"vendor_panel_configurator.sidebar_background_image";"صورة خلفية الشريط الجانبي";"ar"
"vendor_panel_configurator.sidebar_background_image_description";"إذا قمت بتحميل صورة الخلفية ، فسيتم عرضها بدلاً من لون الشريط الجانبي. إذا قمت بتحميله ، فإننا نوصي باختيار لون الشريط الجانبي الذي يتطابق مع صورة الخلفية.";"ar"
"vendor_panel_configurator.sidebar_color";"لون الشريط الجانبي";"ar"
"vendor_panel_configurator.theme_editor.element";"جزء";"ar"
"vendor_panel_configurator.theme_editor.sidebar";"الشريط الجانبي";"ar"
"vendor_panel_configurator.theme_styles";"الشعارات والأنماط";"ar"
"vendor_panel_configurator.theme_styles.description";"إدارة الشعارات المستخدمة في الموقع وفي رسائل البريد الإلكتروني وتهيئة مظهر microstore وصفحات المنتج";"ar"
"vendor_panel_configurator.unconfigurable_tab";"لا تحتوي علامة التبويب هذه على حقول قابلة للتكوين ويتم عرضها كما هي";"ar"
"vendor_payouts.approval_status";"حالة القبول";"ar"
"vendor_payouts.approval_status.C";"مكتمل";"ar"
"vendor_payouts.approval_status.D";"رفضت";"ar"
"vendor_payouts.approval_status.P";"معلقة";"ar"
"vendor_payouts.balance";"الرصيد";"ar"
"vendor_payouts.balance_carried_forward";"الرصيد المرحل";"ar"
"vendor_payouts.current_balance";"الرصيد الحالي: [balance]";"ar"
"vendor_payouts.current_balance_text";"الرصيد الحالي";"ar"
"vendor_payouts.income";"الدخل";"ar"
"vendor_payouts.income_carried_forward";"الدخل المرحل";"ar"
"vendor_payouts.new_payout_issued";"تم اصدار امر صرف جديد";"ar"
"vendor_payouts.new_payout_issued_text";"تم إصدار عائد جديد بقيمة [amount] بواسطة [issuer]";"ar"
"vendor_payouts.new_withdrawal_requested";"تم طلب امر انسحاب جديد";"ar"
"vendor_payouts.new_withdrawal_requested_text";"طلب [requester] سحبًا جديدًا قدره [amount]";"ar"
"vendor_payouts.payout_approved";"تم اكتمال امر اليصرف";"ar"
"vendor_payouts.payout_approved_text";"تم تمييز عائد [amount] الصادر في [date] على أنه <b> مكتمل </b>";"ar"
"vendor_payouts.payout_comments";"تعليقات الصرف";"ar"
"vendor_payouts.payout_declined";"لم تم اكتمال امر اليصرف";"ar"
"vendor_payouts.payout_declined_text";"تم تمييز عائد [amount] الصادر في [date] على أنه <b> غير مكتمل </b>";"ar"
"vendor_payouts.transactions";"المعاملات";"ar"
"vendor_payouts.transaction_value";"قيمة المعاملة";"ar"
"vendor_payouts.type";"النوع";"ar"
"vendor_payouts.type.order_changed";"تم تغيير الطلب";"ar"
"vendor_payouts.type.order_changed.description";"تم تغيير <a href=""[order_url]"">#[order_id]</a>";"ar"
"vendor_payouts.type.order_placed";"تم الطلب";"ar"
"vendor_payouts.type.order_placed.description";"تم وضع الطلب <a href=""[order_url]"">#[order_id]</a>";"ar"
"vendor_payouts.type.order_refunded";"تم رد أموال الطلب";"ar"
"vendor_payouts.type.order_refunded.description";"تم رد أموال <a href=""[order_url]"">#[order_id]</a>";"ar"
"vendor_payouts.type.other";"الأخرى";"ar"
"vendor_payouts.type.other.description";"الأخرى";"ar"
"vendor_payouts.type.payout";"التعويضات";"ar"
"vendor_payouts.type.payout.description";"التعويضات";"ar"
"vendor_payouts.type.withdrawal";"سحب";"ar"
"vendor_payouts.type.withdrawal.description";"سحب";"ar"
"vendor_payouts.view_details";"يمكنك مشاهدة التفاصيل هنا";"ar"
"vendor_payouts.withdrawals";"سحب الرصيد";"ar"
"vendor_payouts.withdrawal_approved";"تم تنفيذ طلب امر الانسحاب";"ar"
"vendor_payouts.withdrawal_approved_text";"تم وضع علامة على سحب [amount] المطلوب في [date] على أنه <b> مكتمل </b>";"ar"
"vendor_payouts.withdrawal_comments";"تعليقات الانسحاب";"ar"
"vendor_payouts.withdrawal_declined";"تم رفض السحب";"ar"
"vendor_payouts.withdrawal_declined_text";"تم تمييز سحب [amount] المطلوب في [date] على أنه <b> مرفوض </b>";"ar"
"vendor_plan";"خطة البائع";"ar"
"vendor_plans";"خطط البائعين";"ar"
"vendor_plans.add_vendor_plan";"إضافة خطة بائع";"ar"
"vendor_plans.advanced_vendor_plan_creation";"إنشاء خطة البائعين المتقدمة";"ar"
"vendor_plans.all_categories_included";"تم تضمين جميع الفئات";"ar"
"vendor_plans.all_storefronts_included";"جميع واجهات المحلات متضمنة";"ar"
"vendor_plans.best_choice";"أفضل خيار";"ar"
"vendor_plans.best_choise";"عرض كخيار أفضل";"ar"
"vendor_plans.best_choise_short";"أفضل خيار";"ar"
"vendor_plans.category_is_empty";"يرجى تحديد فئة.";"ar"
"vendor_plans.category_is_not_available";"عذرا ، هذه الفئة غير متوفرة للبائع. يرجى التحقق من تكوين خطة البائع.";"ar"
"vendor_plans.choose";"اختر";"ar"
"vendor_plans.choose_your_plan";"إختر خطتك";"ar"
"vendor_plans.commission";"العمولة";"ar"
"vendor_plans.commission_fee";"[commission]٪ رسوم";"ar"
"vendor_plans.current_plan";"الخطه الحاليه";"ar"
"vendor_plans.current_plan_usage";"استخدام الخطة الحالية";"ar"
"vendor_plans.dashboard.analytics_card.vendor_plan";"المنتجات المستخدمة في الخطة";"ar"
"vendor_plans.dashboard.analytics_card.vendor_plan_limits";"[name] حدود الخطة";"ar"
"vendor_plans.dashboard.analytics_card.view_plan";"عرض الخطة";"ar"
"vendor_plans.default_vendor_plan";"الخطة الافتراضية";"ar"
"vendor_plans.delete_plan_vendor_exists_text";"تعذّر حذف الخطة: يستخدمها بعض البائعين";"ar"
"vendor_plans.disable_plan_is_default_text";"تعذر تعطيل خطة البائع. يجب أن توجد خطة مورِّد واحدة نشطة أو مخفية على الأقل.";"ar"
"vendor_plans.disable_plan_vendor_exists_text";"تعذّر تعطيل الخطة: يستخدمها بعض البائعين";"ar"
"vendor_plans.editing_vendor_plan";"تحرير خطة البائع";"ar"
"vendor_plans.event.plan_changed";"تم تغيير خطة البائع";"ar"
"vendor_plans.fixed_transaction_fee";"رسوم المعاملة (abs)";"ar"
"vendor_plans.many_products_text";"عدد كبير جدًا من المنتجات ([actual]/[allowed])";"ar"
"vendor_plans.month";"الشهر";"ar"
"vendor_plans.much_revenue_text";"عائد كبير جدًا ([actual]/[allowed])";"ar"
"vendor_plans.new_plan";"خطة جديدة";"ar"
"vendor_plans.new_vendor_plan";"خطة بائع جديدة";"ar"
"vendor_plans.not_available";"غير متوفر";"ar"
"vendor_plans.old_plan";"خطة قديمة";"ar"
"vendor_plans.out_of_amount";"من [amount]";"ar"
"vendor_plans.periodicity_month";"في الشهر";"ar"
"vendor_plans.periodicity_onetime";"مرة واحدة";"ar"
"vendor_plans.periodicity_year";"في السنة";"ar"
"vendor_plans.plan";"خطة";"ar"
"vendor_plans.plan_has_been_changed";"لقد تم تغيير خطتك";"ar"
"vendor_plans.plan_has_been_changed_text";"تم تغيير خطتك إلى [plan]. شاهد تفاصيل خطتك الجديدة أدناه.";"ar"
"vendor_plans.plan_has_been_set";"تم تعيين خطتك";"ar"
"vendor_plans.plan_has_been_set_text";"لقد اشتركت في خطة ""[plan]"". انظر تفاصيل خطتك الجديدة أدناه.";"ar"
"vendor_plans.plan_name";"إسم الخطة";"ar"
"vendor_plans.plan_not_available_text";"نعتذر لعدم توفر هذة الخطة لك ، الرجاء اختيار خطة متاحة أخرى .";"ar"
"vendor_plans.plan_payment";"الدفع للخطة الخاصة بك";"ar"
"vendor_plans.plan_payment_text";"تم سحب مبلغ [price] من حسابك لاستخدام خطة [plan]. اتبع الرابط إلى <a href=""[href]"">عرض رصيد حسابك</a> أو الاطلاع على تفاصيل خطتك أدناه.";"ar"
"vendor_plans.plan_short";"خطة";"ar"
"vendor_plans.plan_will_be_change_text";"لقد قمت بتغيير بتبديل باقة خطة التاجر ، ستتحمل كامل قيمة الباقة ، هل انت موافق على ذلك ؟";"ar"
"vendor_plans.products_exceeded_text";"لا يمكن إضافة المزيد من المنتجات: لقد وصلت إلى الحد الأقصى من المنتجات المسموح بها في خطتك. لتغيير خطتك ، يرجى <a href=""[href]""> اتباع هذا الرابط </a>.";"ar"
"vendor_plans.products_limit";"الحد الاقصي للمنتجات";"ar"
"vendor_plans.products_limit_tooltip";"قم بتعيين الحد الأقصى لعدد المنتجات التي يمكن للبائع الحصول عليها في هذه الخطة.";"ar"
"vendor_plans.products_limit_unlimited";"منتجات <strong> غير محدودة </strong>";"ar"
"vendor_plans.products_limit_value";"<strong>[n]</strong> منتج |<strong>[n]</strong> منتجات";"ar"
"vendor_plans.restrictions";"قيود";"ar"
"vendor_plans.revenue";"إيرادات";"ar"
"vendor_plans.revenue_exceeded_subj";"أقصى الإيرادات تجاوزت";"ar"
"vendor_plans.revenue_exceeded_text";"<a href=""[href]""> [vendor] </a> تجاوز الحد الأقصى للعائد الذي تسمح به خطة [plan].";"ar"
"vendor_plans.revenue_up_to";"الإيرادات حتى";"ar"
"vendor_plans.revenue_up_to_tooltip";"الحد الأقصى للإيراد الشهري المسموح به للبائعين الذين يستخدمون هذه الخطة. اترك هذا الحقل فارغًا للسماح بإيرادات غير محدودة.";"ar"
"vendor_plans.revenue_up_to_unlimited";"عائدات <strong> غير محدودة </strong>";"ar"
"vendor_plans.revenue_up_to_value";"تصل الإيرادات إلى <strong> [revenue] </strong>";"ar"
"vendor_plans.select_plan_text";"سيتم محاسبتك على الخطة بعد موافقة المشرف على حساب البائع الخاص بك";"ar"
"vendor_plans.storefronts_update_for_plan.add_storefronts_message";"أضف البائع إلى واجهات المتاجر التي تمت إضافتها إلى الخطة | أضف البائعين إلى واجهات المتاجر التي تمت إضافتها إلى الخطة";"ar"
"vendor_plans.storefronts_update_for_plan.remove_storefronts_message";"قم بإزالة البائع من واجهات المتاجر التي تمت إزالتها من هذه الخطة | قم بإزالة البائعين من واجهات المتاجر التي تمت إزالتها من هذه الخطة";"ar"
"vendor_plans.storefronts_update_for_vendor.add_storefronts_message";"أضف البائع إلى واجهات المحلات المتوفرة في خطة البائع الجديدة";"ar"
"vendor_plans.storefronts_update_for_vendor.general_message";"ما الذي يجب أن نفعله حيال واجهات المحلات المتاحة لهذا البائع؟";"ar"
"vendor_plans.storefronts_update_for_vendor.remove_storefronts_message";"قم بإزالة البائع من واجهات المحلات المتوفرة في خطته السابقة";"ar"
"vendor_plans.storefronts_update_for_vendor.title";"تم نقل البائع إلى خطة أخرى";"ar"
"vendor_plans.text_vendor_plan_created";"تم إنشاء خطة بائع جديدة ""[plan_name]"". يمكنك الآن <a href=""[link]""> تعيين قيود على الموردين الذين يستخدمون هذه الخطة </a>.";"ar"
"vendor_plans.transaction_fee";"رسوم المعاملات";"ar"
"vendor_plans.transaction_fee_value";"رسوم المعاملة: <strong> [value] </strong>";"ar"
"vendor_plans.unlimited";"غير محدود";"ar"
"vendor_plans.update_for_plan.general_message";"ماذا يجب أن نفعل حيال <a href=""[search_url]"" target=""_blank"">[n] بائع </a> يستخدم هذه الخطة الآن؟ | ماذا يجب أن نفعل حيال <a href=""[search_url]"" target=""_blank"">[n] بائعين </a> الذين يستخدمون هذه الخطة الآن؟";"ar"
"vendor_plans.update_for_plan.title";"هل يجب أن تؤثر تغييراتك على البائعين الحاليين؟";"ar"
"vendor_plans.usergroups_update_for_plan";"هذه هي مجموعات المستخدمين التي سيحصل عليها مسؤولو البائع عندما يحصل البائع على هذه الخطة";"ar"
"vendor_plans.usergroups_update_for_plan.add_usergroups_message";"أضف مسؤولي البائعين إلى مجموعات المستخدمين المضافة إلى الخطة";"ar"
"vendor_plans.usergroups_update_for_plan.remove_usergroups_message";"إزالة مسؤولي البائع من مجموعات المستخدمين التي تمت إزالتها من الخطة";"ar"
"vendor_plans.vendor_approved_text";"تم ضبط خطتك على [plan]. انظر تفاصيل خطتك أدناه.";"ar"
"vendor_plans.vendor_commission";"عمولة البائع";"ar"
"vendor_plans.vendor_plans";"خطط البائعين";"ar"
"vendor_plans.vendor_plan_has_been_changed";"تم نقل المورّد ""[vendor]"" إلى ""[plan]""";"ar"
"vendor_plans.vendor_plan_has_been_changed_text";"تم تغيير خطة البائع ""[vendor]"" من ""[old_plan]"" إلى ""[new_plan]"".";"ar"
"vendor_plans.vendor_plan_has_been_set";"تم تعيين البائع ""[vendor]"" على ""[plan]""";"ar"
"vendor_plans.vendor_plan_has_been_set_text";"اشترك البائع الجديد ""[vendor]"" في الخطة ""[new_plan]"".";"ar"
"vendor_plans.vendor_store";"متجر صغير البائع";"ar"
"vendor_plans.vendor_store_tooltip";"يمكن أن يكون لدى البائع متجر صغير خاص به في عنوان منفصل مثل <i>example.com/vendor/</i>. لا يحتوي المتجر الصغير إلا على منتجات البائع الذي يمتلك هذا المتجر الصغير. أيضًا ، تتضمن نتائج البحث في متجر صغير للبائع منتجات هذا البائع فقط.";"ar"
"vendor_plans.year";"السنة";"ar"
"vendor_privileges.default_usergroup_is_assigned_to_new_vendors";"<span class=""muted"">تم تعيين مجموعة المستخدمين هذه لجميع الموردين الجدد من خلال الوظيفة الإضافية ""امتيازات البائع"".</span> <a href=""[settings_link]"" target=""_blank"">تحرير إعدادات الوظيفة الإضافية</a>";"ar"
"vendor_products";"منتجات البائع";"ar"
"vendor_rating.absolute_vendor_rating";"تقييم العام";"ar"
"vendor_rating.absolute_vendor_rating_short";"تصنيف الزراعة العضوية";"ar"
"vendor_rating.bronze_rating_lower_limit";"الحد الأدنى من التقييم البرونزي";"ar"
"vendor_rating.calculated_at";"محسوبة في [date]";"ar"
"vendor_rating.company_rating";"تم تعيين تصنيف [company] على [rating]";"ar"
"vendor_rating.criteria.active_products_count.description";"يتم أخذ المنتجات في الحالة نشطة  والتي تم إنشاؤها بعد <i> تاريخ بدء فترة الحساب </i> في الاعتبار.";"ar"
"vendor_rating.criteria.active_products_count.name";"كمية المنتجات النشطة.";"ar"
"vendor_rating.criteria.manual_vendor_plan_rating.description";"يمكن تحديد التقييم اليدوي في علامة التبويب <b> التقييم </b> في صفحة تحرير خطة المورد.";"ar"
"vendor_rating.criteria.manual_vendor_plan_rating.name";"حدد تقييم خطة البائع يدويًا.";"ar"
"vendor_rating.criteria.manual_vendor_rating.description";"يمكن تحديد التقييم اليدوي في علامة التبويب <b> التقييم</b> في صفحة تحرير المورد.";"ar"
"vendor_rating.criteria.manual_vendor_rating.name";"حدد تقييم البائع يدويًا.";"ar"
"vendor_rating.criteria.paid_orders_count.description";"الطلبات في الحالات التالية والتي تم وضعها بعد <i> تاريخ بدء فترة الحساب </i> تؤخذ في الاعتبار: [statuses].";"ar"
"vendor_rating.criteria.paid_orders_count.name";"كمية الطلبات المدفوعة.";"ar"
"vendor_rating.criteria.paid_orders_total.description";"الطلبات في الحالات التالية والتي تم وضعها بعد <i> تاريخ بدء فترة الحساب </i> تؤخذ في الاعتبار: [statuses].";"ar"
"vendor_rating.criteria.paid_orders_total.name";"الإجمالي للطلبات المدفوعة.";"ar"
"vendor_rating.criteria.product_reviews_rating.description";"يتم أخذ تقييمات المنتجات المعتمدة بعد <i> تاريخ بدء فترة الحساب </i> في الاعتبار.";"ar"
"vendor_rating.criteria.product_reviews_rating.name";"متوسط تقييمات المنتج.";"ar"
"vendor_rating.criteria.returns_count.description";"تؤخذ طلبات الإرجاع التي تم إنشاؤها بعد <i> تاريخ بدء فترة الحساب </i> في الاعتبار.";"ar"
"vendor_rating.criteria.returns_count.name";"كمية طلبات الإرجاع.";"ar"
"vendor_rating.criteria.vendor_reviews_rating.description";"يتم أخذ تقييمات البائع المعتمدة التي تم إجراؤها بعد <i> تاريخ بدء فترة الحساب </i> في الاعتبار.";"ar"
"vendor_rating.criteria.vendor_reviews_rating.name";"متوسط تقييم البائع.";"ar"
"vendor_rating.division_by_zero";"القسمة على صفر";"ar"
"vendor_rating.gold_rating_lower_limit";"الحد الأدنى للتقييم الذهبي";"ar"
"vendor_rating.invalid_formula";"صيغة غير صحيحة";"ar"
"vendor_rating.manual_vendor_plan_rating";"تقييم خطة البائع اليدوية";"ar"
"vendor_rating.manual_vendor_rating";"تقييم البائع اليدوي";"ar"
"vendor_rating.previous_rating";"التقييم السابق";"ar"
"vendor_rating.rating";"التقييم";"ar"
"vendor_rating.rating_above_price";"التصنيف يهم أكثر من السعر";"ar"
"vendor_rating.rating_above_price_tooltip";"عند استخدام ""المنتجات الشائعة للبائعين"" ، اعرض منتجات من البائعين الحاصلين على أعلى تصنيف أولاً.";"ar"
"vendor_rating.rating_formula";"صيغة التقييم";"ar"
"vendor_rating.rating_ranges";"نطاقات التقييم";"ar"
"vendor_rating.rating_ranges_description";"سيؤدي تعيين جميع النطاقات إلى 0 إلى إخفاء رموز التصنيف.";"ar"
"vendor_rating.recalculate_now";"إعادة الحساب الآن";"ar"
"vendor_rating.recalculate_rating";"إعادة حساب التقييم";"ar"
"vendor_rating.run_rating_calculation_by_cron";"إعادة حساب التصنيف هي عملية كثيفة الاستخدام للموارد. يُوصى بتشغيله تلقائيًا في فترات زمنية معينة. <br> للقيام بذلك ، أضف الأمر التالي إلى <a href=""https://en.wikipedia.org/wiki/Cron"" target=""_blank"">Cron</a>:";"ar"
"vendor_rating.run_recalculation";"قم بتشغيل إعادة الحساب";"ar"
"vendor_rating.silver_rating_lower_limit";"الحد الأدنى للتقييم الفضي";"ar"
"vendor_rating.start_rating_period";"تاريخ بدء فترة الحساب";"ar"
"vendor_rating.too_many_variables";"تستخدم الصيغة العديد من المتغيرات. [allowed_variables_count] مسموح به ، تم تمرير [passed_variables_count].";"ar"
"vendor_rating.unknown_variable";"متغير غير معروف <b> [variable] </b>";"ar"
"vendor_rating.variables";"يمكنك استخدام المتغيرات التالية في الصيغة:";"ar"
"vendor_rating.vendor_rating";"تقييم البائع";"ar"
"vendor_rating.wrong_formula";"تعذر حساب التعبير. رسالة الخطأ الأصلية: [error].";"ar"
"vendor_terms";"شروط وأحكام البائع";"ar"
"vendor_terms.checkout_terms_and_conditions";"أوافق على [terms_href] من [vendor]";"ar"
"vendor_terms.checkout_terms_and_conditions_name";"الشروط والأحكام";"ar"
"vendor_terms.terms_and_conditions";"الشروط والأحكام";"ar"
"vendor_terms.terms_and_conditions_tooltip";"إذا كنت ترغب في موافقة العميل على البنود والشروط الخاصة بك عند السداد ، فقم بتعبئة البنود والشروط. إذا تركت البنود والشروط فارغة ، فسيستمر العميل بدون اتفاق.";"ar"
"vendor_terms_field_alert";"تنبيه شروط وأحكام البائع";"ar"
"vendor_terms_field_terms_text";"نص شروط وأحكام البائع";"ar"
"vendor_terms_n_conditions";"أنا أقبل [terms_href]";"ar"
"vendor_terms_n_conditions_alert";"للاستمرار يجب أن توافق على شروط واتفاقية الاستخدام.";"ar"
"vendor_terms_n_conditions_content";"<p>الرجاء قراءة هذه البنود والشروط (""شروط""، ""الأحكام والشروط"") بعناية قبل استخدام موقع <a href=""http://www.mywebsite.com""> http://www.mywebsite.com</a> و ""التطبيق المحمول الخاص بي"" تشغيل التطبيقات النقالة (""الخدمة"") شركة بي (""لنا"" أو ""نحن"" أو ""لنا"")-</p> <p><strong>قبل الوصول إلى أو استخدام الخدمة أنك توافق على الالتزام بهذه الشروط. إذا كنت لا توافق على أي جزء من الشروط، ثم لا يمكنك الوصول إلى الخدمة.</strong></p> <p><strong>المشتريات</strong></p> <p>إذا كنت ترغب في شراء أي منتج أو خدمة متاحة من خلال الخدمة (""الشراء"")، قد تتم مطالبتك بتوفير بعض المعلومات ذات الصلة الخاصة بك الشراء بما في ذلك، دون حصر، الخاص بك...</p> <p><strong>المحتوى</strong></p> <p>""خدمتنا"" يسمح لك بوظيفة، ارتباط، وتخزين ومشاركة واو إتاحة بعض المعلومات أو النص، والرسومات، وأشرطة الفيديو أو المواد الأخرى (""المحتوى""). أنت مسؤول عن...</p> <p><strong>التغييرات</strong></p> <p>أننا نحتفظ بالحق، في تقديرنا، لتعديل أو استبدال هذه الشروط في أي وقت. إذا كان يتم إجراء تنقيح المواد سنحاول تقديم إشعار مالا يقل عن 30 يوما قبل أي شروط جديدة أخذ الأثر. سيتم تحديد ما يشكل تغييرا ماديا في اختيارنا.</p> <p><strong>اتصل بنا</strong></p> <p>إذا كان لديك أية أسئلة حول هذه الشروط، يرجى الاتصال بنا.</p>";"ar"
"vendor_terms_n_conditions_name";"الشروط والأحكام";"ar"
"verified";"تم التحقق";"ar"
"verified_developer";"مطور معتمد";"ar"
"version";"النسخة";"ar"
"version_information";"معلومات الإصدار";"ar"
"vertical";"رأسي";"ar"
"very_good";"جيد جداً";"ar"
"view";"عرض";"ar"
"viewing_feature";"عرض المواصفة";"ar"
"viewing_filter";"عرض المصفاة";"ar"
"views";"المشاهدات";"ar"
"view_all";"عرض الكل";"ar"
"view_all_orders";"عرض كل الطلبات";"ar"
"view_all_product_features";"عرض كل مواصفات المنتج";"ar"
"view_answers";"عرض الإجابات";"ar"
"view_avail_files_for_order";"اعرض قائمة الملفات المتاحة من الطلب رقم #[order_id].";"ar"
"view_cart";"سلّة التسوق";"ar"
"view_categories";"عرض الفئات";"ar"
"view_changelog";"عرض سجل التغيير";"ar"
"view_comparison_list";"قائمة المقارنة";"ar"
"view_details";"عرض التفاصيل";"ar"
"view_feature_groups";"عرض مجموعات الميزات";"ar"
"view_in_marketplace";"عرض في CS-Cart Marketplace";"ar"
"view_more_addons";"عرض المزيد من الوظائف الإضافية";"ar"
"view_on_map";"عرض على الخريطة";"ar"
"view_orders";"عرض طلبات الشراء";"ar"
"view_page";"عرض الصفحة";"ar"
"view_product";"عرض المنتج";"ar"
"view_products";"عرض المنتجات";"ar"
"view_product_features";"عرض مواصفات المنتج";"ar"
"view_purchased_products";"عرض المنتجات المشتراه";"ar"
"view_report";"عرض التقرير";"ar"
"view_results";"عرض النتائج";"ar"
"view_storefront";"عرض واجهة المحل";"ar"
"view_user_points";"عرض نقاط المستخدم";"ar"
"view_vendor_admins";"امتيازات البائعين";"ar"
"view_vendor_categories";"عرض فئات المتجر";"ar"
"view_vendor_orders";"عرض طلبات المتجر";"ar"
"view_vendor_products";"عرض منتجات المتجر";"ar"
"view_vendor_users";"عرض أعضاء المتجر";"ar"
"view_wishlist";"عرض قائمة الأمنيات";"ar"
"visa_card_discover";"Visa, MasterCard, Discover";"ar"
"visited_page";"صفحة مزارة";"ar"
"visit_marketplace";"قم بزيارة سوق الإضافات";"ar"
"voided";"باطل";"ar"
"warning";"تحذير";"ar"
"warning_cannot_disable_all_currencies";"لا يمكن إخفاء جميع العملات أو تعطيلها. تم تفعيل العملة الأساسية.";"ar"
"warning_default_currency_absent";"تعذر تعيين العملة الافتراضية لواجهة المحل <b>[storefront]</b> . يرجى تحديث قيمة العملة الافتراضية في الصفحة التالية: <a href=""[link]"">الإدارة :: العملات</a>";"ar"
"warning_default_currency_disabled";"تم تعطيل أو حذف العملة الافتراضية لإحدى واجهات المتاجر المحددة في إعداداتك ، أو تم تغيير رمزها. يرجى تحديث قيمة العملة الافتراضية للواجهة الأمامية في الصفحة التالية: <a href=""[link]"">إعدادات :: المظهر</a>";"ar"
"warning_default_language_disabled";"تم حذف أو تعطيل اللغة الافتراضية المعرفة في الإعدادات. يرجى تحديث لغة واجهة الزوار الافتراضية من الصفحة: <a href=""[link]"">الإعدادات ← المظهر</a>";"ar"
"warning_default_language_sharing_removed";"تمت إزالة اللغة الافتراضية المحددة في الإعدادات لواجهة متجر. <b>[company]</b>  الرجاء تحديث قيمة اللغة الافتراضية للواجهة الأمامية في الصفحة التالية: <a href=""[link]"">الإعدادات :: المظهر</a>";"ar"
"warning_gift_cert_deny";"تم حذف شهادات الهدايا التالية أو إلغاء من قبل المسؤول وقد أزيلت من سلة التسوق الخاصة بك: [codes]. الرجاء الاتصال بالمسؤول عن المتجر أو محاولة تجربة واحد آخر.";"ar"
"warning_https_is_disabled";"The secure connection check has failed. Please ensure that SSL certificate is installed on your server. Check out the <a href=""[href]"" target=""_blank"">Documentation article</a> for more details.";"ar"
"warning_insecure_admin_script";"It is strongly recommended that you rename the default <b>admin.php</b> script (check the <a href=""[href]"" target=""_blank"">Documentation</a>) for security reasons.";"ar"
"warning_insecure_password_email";"كلمة المرور يجب أن تكون مختلفة عن الإيميل! <p><a href=""[link]"" class=""underlined""><b>تغيير كلمة المرور &#155;&#155;</b></a></p>";"ar"
"warning_lanvar_incorrect_name";"اسم متغير اللغة يحتوي على حروف غير مدعومة!";"ar"
"warning_merging_companies";"عند دمج حسابين الشركتين, سيتم حذف [company_name] من قاعدة البيانات, وسيتم نقل كل بيانات البروفايل (المنتجات والطلبات وطرق الشحن والأعضاء والترويجات, إلخ..) إلى حساب هذه الشركة";"ar"
"warning_newsletter_no_recipients";"لم يتم إرسال النشرة الإخبارية لأنه لم يتم العثور على أي مستلمين مطابقين للمعايير المحددة.";"ar"
"warning_not_deleted_default_language";"لا يمكن حذف اللغة [lang_name] لأنها لغة المتجر الافتراضية";"ar"
"warning_of_ip_adding";"عنوان IP تم إدخاله <b>[entered_ip]</b> يمنع الوصول إلى لوحة الإدارة من جهاز الكمبيوتر الخاص بك (IP الخاص بك <b>[your_ip]</b>).";"ar"
"warning_promotions_incorrect_condition";"الشرط ""[condition]"" يمكن استخدامه فقط في المجموعات ذات الشروط ""[set_value]"".";"ar"
"warning_seo_urls_disabled";"تم تعطيل عناوين SEO. تحقق من خادم الويب وإعدادات محرك معالجة عناوين URL.";"ar"
"warning_store_optimization_dev";"تحديث الكاش التلقائي مفعل.<br /><br />يتم تعقب تعديل الملفات لحظياً (متضمناً الملفات التي يتم تحديثها مباشرة على السيرفر) ومن ثم إعادة بناء الكاش الخاص بها.<br /><br />من الممكن أن يتأثر أداء المتجر سلباً. ينصح بالتعطيل أثناء عمل المتجر من <a href=""[link]"">محرر الملفات</a>.";"ar"
"warning_store_optimization_dev_disabled";"تحديث الكاش التلقائي معطل.<br /><br />قم بإفراغ الكاش يدوياً بعد تعديل الثيم عبر <a href=""?dispatch=template_editor.manage&ctpl"">هذا الرابط</a> لتطبيق التغييرات.";"ar"
"warning_subscribers_import";"بعض القوائم البريدية من ملف الإدخال لا يمكن العثور عليها في قاعدة البيانات. سيتم ترك بعض المشتركين المستورَدين دون تعيين.";"ar"
"warning_subscr_email_exists";"<b>[email]</b> موجود بالفعل في قائمة المشتركين";"ar"
"warning_theme_clone_dir_exists";"لا يمكن نسخ الثيم لأن المجلد الذي قمت بإدخاله موجود بالفعل. يرجى إدخال مجلد آخر.";"ar"
"warning_track_orders_not_allowed";"غير مسموح لكم بمشاهدة تفاصيل هذا الطلب.";"ar"
"warning_track_orders_not_found";"الإيميل أو معرف الطلب الذي أدخلته غير موجود بقاعدة البيانات";"ar"
"warning_variants_removal";"عند الضغط على حفظ سيتم حذف تنوعات المنتج.";"ar"
"warning_zero_price_restricted_product";"لم يتم إضافة منتج <b>""[product]""</b> للعربة، لأنه لا يملك ثمن.";"ar"
"website";"الموقع";"ar"
"web_pages";"الصفحات";"ar"
"web_site";"الموقع";"ar"
"week";"الأسبوع";"ar"
"weekday_0";"الأحد";"ar"
"weekday_1";"الإثنين";"ar"
"weekday_2";"الثلاثاء";"ar"
"weekday_3";"الأربعاء";"ar"
"weekday_4";"الخميس";"ar"
"weekday_5";"الجمعة";"ar"
"weekday_6";"السبت";"ar"
"weekday_abr_0";"أحد";"ar"
"weekday_abr_1";"إثن";"ar"
"weekday_abr_2";"ثلاث";"ar"
"weekday_abr_3";"أرب";"ar"
"weekday_abr_4";"خمي";"ar"
"weekday_abr_5";"جمع";"ar"
"weekday_abr_6";"سبت";"ar"
"weekly";"اسبوعي";"ar"
"weeks";"أسبوع";"ar"
"weight";"الوزن";"ar"
"weight_dependences";"اعتماداً على الوزن";"ar"
"weight_limit";"حدود الوزن";"ar"
"weight_modifier";"معدل الوزن";"ar"
"weight_symbol";"رمز الوزن";"ar"
"welcome_screen.administrator_info";"للوصول لمنطقة الأدمن, استخدم الإيميل (<b>[email]</b>) وكلمة المرور التي أدخلتها سابقاً.";"ar"
"welcome_screen.go_admin_panel";"اذهب للوحة تحكم الأدمن";"ar"
"welcome_screen.go_settings_wizard";"اذهب لمعالج الإعدادات لتعيين الإعدادات الأساسية للمتجر";"ar"
"welcome_screen.go_storefront";"اذهب لواجهة الزوار";"ar"
"welcome_screen.knowledge_base";"توثيق";"ar"
"welcome_screen.learn_more_configuration";"Learn more about storefront configuration in our";"ar"
"welcome_screen.run_settings_wizard";"تشغيل معالج الإعدادات";"ar"
"welcome_screen.thanks";"شكراً لاختياركم CS-Cart المعرب. أذكركم بتحري الحلال الطيب من الرزق.";"ar"
"well_done";"أحسنت!";"ar"
"we_would_like_to_inform";"نود أن نعلمك أن";"ar"
"what_is_cvv2";"ما هو CVV/CVC؟";"ar"
"what_is_new";"ما هو الجديد";"ar"
"what_you_would_like_to_do";"ماذا تريد ان تفعل";"ar"
"where_access_addon";"أين يمكن الوصول إلى هذه الوظيفة الإضافية";"ar"
"which_is";"الذي";"ar"
"widget_code";"كود الإرفاق الخارجي";"ar"
"widget_what_is_it";"<a href=""[href]"" target=""_blank"">What is it?</a>";"ar"
"width";"العرض";"ar"
"wishlist";"قائمة الأمنيات";"ar"
"wishlist_content";"محتوى قائمة الأمنيات";"ar"
"wishlist_note";"اذهب لقائمة أمنياتك";"ar"
"wishlist_products";"المنتجات في قائمة أمنياتك";"ar"
"wishlist_short";"قائمة الأمنيات";"ar"
"without_image";"بدون صورة";"ar"
"without_rating";"بدون تصنيف";"ar"
"with_contact_information";"مع معلومات اتصال فقط";"ar"
"world";"العالم";"ar"
"worldnettps_hash_error";"An error occurred. Error details: Request and Response hash do not match.";"ar"
"worldpay_secret";"MD5 secret for transactions";"ar"
"wrapper";"الغلاف";"ar"
"wrapper_abt__ut2_checkout_block_with_heading";"Checkout block (Section title)";"ar"
"wrapper_abt__ut2_checkout_block_with_heading_dropdown";"Checkout block (Dropdown box for promo code field)";"ar"
"wrapper_abt__ut2_checkout_block_with_heading_fields";"Checkout block (Secondary block title)";"ar"
"wrapper_abt__ut2_checkout_block_with_title";"Checkout block (Regular block title)";"ar"
"wrapper_class";"فئة CSS المجمعة المعرفة من قبل المستخدم";"ar"
"write";"الكتابة";"ar"
"write_review";"تقيم";"ar"
"wrong_number_initial_order_id";"القيمة التي أدخلتها لإعداد ""قيمة معرّف الطلب الأولي"" غير مدعومة. يتم دعم الأعداد الصحيحة من 1 إلى [max_initial_order_id]";"ar"
"wt_access_note";"يرجى ملاحظة أنه إذا قمت بتعطيل أو إلغاء تثبيت إضافة 'Watermarks' ، يجب عليك إزالة هذه الإرشادات من ملفات '.htaccess' يدويًا. وإلا فستكون فئة المنتج وصوره غير متاحة.";"ar"
"wt_access_warning";"إنشاء علامة مائية معطلة. إذا كانت هناك أي إرشادات ""إعادة كتابة علامات مائية"" في ملف ""images/.htaccess"" ، فيجب إزالتها يدويًا. وإلا فستكون فئة المنتج وصوره غير متاحة.";"ar"
"wt_detailed";"صورة كبيرة منبثقة";"ar"
"wt_fail_apply_graphic_watermark";"فشل تطبيق العلامة المائية على [image_type]. لا يتم إضافة صورة العلامة المائية.";"ar"
"wt_font";"الخط";"ar"
"wt_font_color";"لون الخط";"ar"
"wt_font_size_detailed";"حجم الخط (صورة أكبر)";"ar"
"wt_font_size_icon";"حجم الخط (الصورة المصغرة)";"ar"
"wt_graphic_watermark";"رسومات العلامات المائية";"ar"
"wt_icons";"الصور المصغرة";"ar"
"wt_images_access_description";"لرفض الوصول إلى صورك الأصلية ، يرجى إضافة الإرشادات التالية إلى ملف "".htaccess"" في دليل ""الصور"" الخاص بالتثبيت. سوف تحمي صورك الأصلية. حتى في حالة فتح صورة أصلية ، سيتم عرض الصورة المطابقة لها علامة مائية بدلاً منها.";"ar"
"wt_images_access_info";"الوصول إلى الصور";"ar"
"wt_text_watermark";"نص العلامة المائية";"ar"
"wt_watermarks";"علامات مائية";"ar"
"wt_watermarks_access_description";"لإنشاء صور ذات علامات مائية تلقائيًا حتى إذا لم يتم طلبها من صفحات المتجر ، يرجى إضافة ملف "".htaccess"" مع الإرشادات التالية إلى دليل 'images/watermarked' الخاص بالتثبيت.";"ar"
"wt_watermark_detailed";"منبثقة صورة مائية أكبر";"ar"
"wt_watermark_horizontal_position";"الموضع الأفقي للعلامة المائية";"ar"
"wt_watermark_icon";"علامة مائية مصغرة";"ar"
"wt_watermark_image";"صورة العلامة المائية";"ar"
"wt_watermark_position";"موضع العلامة المائية";"ar"
"wt_watermark_text";"نص العلامة المائية";"ar"
"wt_watermark_vertical_position";"وضع العلامة المائية العمودي";"ar"
"xml_error";"خطأ في معالجة XML";"ar"
"year";"السنة";"ar"
"yearly";"سنوي";"ar"
"yes";"نعم";"ar"
"yesterday";"أمس";"ar"
"your_ip_added";"عنوان IP الخاص بك <b>[ip]</b> أضيفت إلى الجدول قيود الوصول.";"ar"
"your_ip_enabled";"تم تمكين عنوان IP الخاص بك <b>[ip]</b> في الجدول قيود الوصول.";"ar"
"your_ip_removed";"عنوان IP الخاص بك <b>[ip]</b> قد أزيلت من الجدول قيود الوصول.";"ar"
"your_message";"نص رسالتكم";"ar"
"your_name";"اسمك";"ar"
"your_range";"نطاقكم";"ar"
"your_rating";"تقييمكم";"ar"
"you_can_edit_account_details";"يمكنكم تحرير تفاصيل الحساب أدناه.";"ar"
"you_have_no_permissions";"ليس لديكم الصلاحيات";"ar"
"you_save";"ستوفر";"ar"
"zapier.text_settings_general";"تعرف على المزيد حول إعداد التكامل <a target=""_blank"" href=""[docs_url]user_guide/addons/zapier/index.html"">في الوثائق</a>.";"ar"
"zero_price_action";"إذا كان سعر المنتج صفر";"ar"
"zero_price_product_was_deleted";"سعر المنتج <strong>[المنتج]</strong> صفر. تم حذف المنتج من سلة التسوق";"ar"
"zipcode";"الرمز البريدي";"ar"
"zipcodes";"الرقم البريدي";"ar"
"zip_postal_code";"الرقم البريدي";"ar"
"zone";"النطاق";"ar"
"zpa_ask_price";"طلب إدخال السعر من العميل";"ar"
"zpa_permit";"السماح بإضافة المنتج إلى سلّة التسوق";"ar"
"zpa_refuse";"عدم السماح بإضافة المنتج إلى سلّة التسوق";"ar"
