Product code,Language,Product id,Category,List price,Price,Weight,Quantity,Min quantity,Shipping freight,Ship downloadable,Inventory tracking,Product name,Description,Meta keywords,Meta description,Search words,Page title,Taxes,Features,Options,Secondary categories,Pay by points,Override points,Override exchange rate,SEO name,Short description,Status,Popularity,Vendor,Image URL,Images
D00014MK1P,en,2,Electronics & Technology,6499.99,5399.99,0,10,,0,N,,"65"" Class (64.5"" Diag.) LED 8000 Series Smart TV","<p>     For the ultimate TV enthusiasts, incredible picture quality and advanced connectivity are just the first step; the Samsung UN65D8000 LED TV goes a step beyond, adding elegant design to the formula. On the commanding 65-inch screen you can enjoy Samsung' Smart TV, which puts the web, a wide range of apps, Skype video calling, and plenty more at your fingertips. Or connect a Blu-ray 3D player to get immersed in cinema-quality 3D programming--two pairs of active glasses are included.</p>",,,,,,,,,N,N,N,65-class-64-5-diag-led-8000-series-smart-tv,,A,357,demo store,https://is2or.store/images/thumbnails/570/570/detailed/8/d85_smartTV.jpg,https://is2or.store/images/detailed/8/d85_smartTV.jpg
E0004UBR1Y,en,3,Electronics & Technology,0,699.99,0,1,,0,N,,"40"" Class (40.0"" Diag.) LED 5003 Series TV","<p>Clear Motion Rate (CMR) is Samsung's more comprehensive and accurate measure for how well an LCD or LED TV can display fast-moving images. Previously, motion clarity was expressed simply by the refresh rate, measured in Hz. CMR, however, takes into account all three factors that contribute to motion clarity: panel refresh rate, image processor speed and backlight technology.</p>",,,,,,,,,N,N,N,40-class-40-0-diag-led-5003-series-tv,,A,369,demo store,https://is2or.store/images/thumbnails/570/570/detailed/8/UN40D5003BFXZA.jpg,https://is2or.store/images/detailed/8/UN40D5003BFXZA.jpg
E0004UBR1Y,en,3,Electronics & Technology,0,699.99,0,1,,0,N,,"40"" Class (40.0"" Diag.) LED 5003 Series TV","<p>Clear Motion Rate (CMR) is Samsung's more comprehensive and accurate measure for how well an LCD or LED TV can display fast-moving images. Previously, motion clarity was expressed simply by the refresh rate, measured in Hz. CMR, however, takes into account all three factors that contribute to motion clarity: panel refresh rate, image processor speed and backlight technology.</p>",,,,,,,,,N,N,N,40-class-40-0-diag-led-5003-series-tv,,A,369,demo store,https://is2or.store/images/thumbnails/570/570/detailed/8/UN40D5003BFXZA.jpg,https://is2or.store/images/detailed/8/UN40D5003BFXZA.jpg
B0005QJH6U,en,4,Electronics & Technology,0,899.99,0,9,,0,N,,"46"" Class (45.9"" Diag.) LCD 610 Series TV","<p>      ConnectShare&trade; Movie lets you watch videos, play music or view photos from a USB drive. Simply plug your USB directly into your Samsung TV’s USB port and watch on the big screen with friends and family.</p>",,,,,,Condition: S[Brand new],,,N,N,N,46-class-45-9-diag-lcd-610-series-tv,,A,405,demo store,https://is2or.store/images/thumbnails/570/570/detailed/8/LCD_610_Sailing_Frt_3.jpg,https://is2or.store/images/detailed/8/LCD_610_Sailing_Frt_3.jpg
Z0011CZSNI,en,5,Electronics & Technology,0,30,0,51,,0,N,,Collegiate 72 Tee,"<p>It's not how old you are, it's how stylish, and this men's adidas  Originals Collegiate 72 Tee shirt feels just as fresh as it was the day  the Trefoil was born in 1972. That's why this t-shirt features a  collegiate ""72"" on the front.</p>",,,,,,,,,N,N,N,collegiate-72-tee,,A,339,demo store,https://is2or.store/images/thumbnails/570/570/detailed/8/LCD_610_Sailing_Frt_3.jpg,https://is2or.store/images/detailed/8/LCD_610_Sailing_Frt_3.jpg///https://is2or.store/images/detailed/8/X32444_01.jpg
L0078RO9Y9,en,6,Electronics & Technology,0,100,0,11,,0,N,,adizero Rush Shoes,"<p>Get moving in the lightweight adizero&trade; Rush shoes by adidas. These  featherweight, dynamic men's running shoes are just 7.5 ounces of  high-mileage style, with adiPRENE®+ support in the forefoot, a light  synthetic upper and a thin rubber outsole for a close</p>",,,,,,,,,N,N,N,adizero-rush-shoes,,A,365,demo store,https://is2or.store/images/thumbnails/570/570/detailed/8/LCD_610_Sailing_Frt_3.jpg,https://is2or.store/images/detailed/8/LCD_610_Sailing_Frt_3.jpg///https://is2or.store/images/detailed/8/G48874_01.jpg///https://is2or.store/images/detailed/8/G48874_01_l0dz-1k.jpg
Z0079TIUPW,en,7,Electronics & Technology,98,96,0,10,,0,N,,adiZero Tempaia Shoes,"<p>The adiZero&trade; Tempaia shoes by adidas are lightweight, breathable tennis  shoes designed for multi-court use. They feature a breathable upper,  adiPRENE®+ in the forefoot for propulsion, adiPRENE® heel cushioning and  EXTENDED TORSION® for support.</p>",,,,,,,,,N,N,N,adizero-tempaia-shoes,,A,351,demo store,https://is2or.store/images/thumbnails/570/570/detailed/8/U42918_01.jpg,https://is2or.store/images/detailed/8/U42918_01.jpg
N0158NC3UY,en,8,Kids & Baby///Baby Clothes,0,4750,0,4,,0,N,,"AIKO SAFE Model Economy (AS 30) Home Safe, with single key","<table><tbody><tr><td>AIKO safes are designed to provide maximum protection against fire and foil any tampering and break-ins. The anti-burglary Construction: Body & Door: Tough steel plates precisely engineered using industry leading manufacturing techniques. Inserted with Premium formulated Ultra Fine Bubble Concrete provides the most effective insulation against intense heat to ensure valuables are protected from burglary & fire.Automatic Stopper: The automatic stopper feature allows users to close the door with slightest of push.Locking System: Fitted with  Solid Steel bolt locking system to lock horizontally. Fitted with Single Key lock system, with ultra secure cylinder Key.Test & Approvals: Achieved the following international test certificates.      1.  JIS - Japan Standard      2.  KS - Korea Standard      3.  SINTEF - Norway Standard      4.  CNAL - China Standard Built in Alarm: (Optional) To set off anti burglary alarm Terms and Conditions   1. Only loca</td></tr></tbody></table><table style=""margin-top:20px;""><tbody><tr><td><h4>SIZE (APPROX.) & BRIEF SPECIFICATION</h4></td></tr><tr><td><table><tbody><tr><td class=""arial_11pt_white"" style=""font-family:Arial, Helvetica, sans-serif;font-size:11px;color:#ffffff;padding-top:0px;padding-right:0px;padding-bottom:0px;padding-left:6px;text-decoration:none;""><strong>Model</strong></td><td class=""arial_11pt_white"" style=""font-family:Arial, Helvetica, sans-serif;font-size:11px;color:#ffffff;padding-top:0px;padding-right:0px;padding-bottom:0px;padding-left:6px;text-decoration:none;""><strong>AS 30 - Single Key</strong></td></tr><tr><td>Outside</td><td>320 H x 400 W x 330 D MM</td></tr><tr><td>Inside</td><td>220 H x 320 W x 210 D MM</td></tr><tr><td>Weight</td><td>30 KGS</td></tr><tr><td>Accessory</td><td>NIL</td></tr><tr><td>Capacity</td><td>14 LTR</td></tr></tbody></table></td></tr></tbody></table>",,,,,,,,,N,N,N,aiko-safe-model-economy-as-30-home-safe-with-single-key,,A,243,demo store,https://is2or.store/images/thumbnails/570/570/detailed/8/NWZE464RED.jpg,https://is2or.store/images/detailed/8/NWZE464RED.jpg
H0167T7K2E,en,9,Electronics & Technology,599.95,549.95,0,7,,0,N,,D3100 + 18-55 VR Lens Kit,<p>Beautiful pictures–Amazing movies–Incredibly Easy with the 14 Megapixel DX sensor and learn-as-you-grow Guide Mode.</p>,,,,,,,,,N,N,N,d3100-18-55-vr-lens-kit,,A,393,demo store,https://is2or.store/images/thumbnails/570/570/detailed/8/product_image.png,https://is2or.store/images/detailed/8/product_image.png///https://is2or.store/images/detailed/8/25472_1.jpg
Y0172YCAWT,en,10,Electronics & Technology,334,299.99,0,10,,0,N,,Compact Full HD Camcorder,"<p>            The T10 camcorder was designed to capture memories in comfort and in style. It boasts an ultra compact size, alightweight body and a brushed metal finish creating a subtle but sophisticated look and feel. In fact, its smooth curves fit so comfortably in your hand, it makes shooting video for longer periods of time more enjoyable</p>",,,,,,,,,N,N,N,compact-full-hd-camcorder,,A,402,demo store,https://is2or.store/images/thumbnails/570/570/detailed/8/V31582_01.jpg,https://is2or.store/images/detailed/8/V31582_01.jpg
Y0172YCAWT,en,10,Electronics & Technology,334,299.99,0,10,,0,N,,Compact Full HD Camcorder,"<p>            The T10 camcorder was designed to capture memories in comfort and in style. It boasts an ultra compact size, alightweight body and a brushed metal finish creating a subtle but sophisticated look and feel. In fact, its smooth curves fit so comfortably in your hand, it makes shooting video for longer periods of time more enjoyable</p>",,,,,,,,,N,N,N,compact-full-hd-camcorder,,A,402,demo store,https://is2or.store/images/thumbnails/570/570/detailed/8/V31582_01.jpg,https://is2or.store/images/detailed/8/V31582_01.jpg
D0187LXFZO,en,11,Electronics & Technology,310,299.99,0,11,,0,N,,"2010 TOUR STAFF Bag 10""",<p>Used by Cleveland Golf tour staff players worldwide</p>,,,,,,Brand: E[Carhartt ]; Condition: S[Brand new],,,N,N,N,2010-tour-staff-bag-10,<p>Hydration Capacity: 70 oz (2 L)</p><p>Total Capacity: 1000 cu in (16.39 L)</p><p></p>,A,408,demo store,https://is2or.store/images/thumbnails/570/570/detailed/8/167734bda696f56942c278bee07e7236.jpg,https://is2or.store/images/detailed/8/167734bda696f56942c278bee07e7236.jpg///https://is2or.store/images/detailed/8/G48874_01_vezj-00.jpg
O019015C2L,en,12,Electronics & Technology,0,899.95,0,8,,0,N,,AF-S DX NIKKOR 10-24mm f/3.5-4.5G ED,"<p>This ultra wide-angle lens, designed exclusively for use with Nikon’s DX-format, provides a versatile wide-angle zoom perspective.</p>",,,,,,,,,N,N,N,af-s-dx-nikkor-10-24mm-f-3-5-4-5g-ed,,A,321,demo store,https://is2or.store/images/thumbnails/570/570/detailed/8/2181_1.jpg,https://is2or.store/images/detailed/8/2181_1.jpg
K02149B2ZX,en,13,Electronics & Technology,0,972,0,11,,0,N,,ASUS CP6130,"<p>A glossy surface givess the CP6130 an air of elegance, while and an eye-catching power button inspired from the halo of a lunar eclipse seamlessly blends in to the front of the case.</p>",,,,,,,,,N,N,N,asus-cp6130,,A,375,demo store,https://is2or.store/images/thumbnails/570/570/detailed/8/P_50013287768924f3386bc5fe80.jpg,https://is2or.store/images/detailed/8/P_50013287768924f3386bc5fe80.jpg///https://is2or.store/images/detailed/8/G48874_01_vezj-00.jpg
K02149B2ZX,en,13,Electronics & Technology,0,972,0,11,,0,N,,ASUS CP6130,"<p>A glossy surface givess the CP6130 an air of elegance, while and an eye-catching power button inspired from the halo of a lunar eclipse seamlessly blends in to the front of the case.</p>",,,,,,,,,N,N,N,asus-cp6130,,A,375,demo store,https://is2or.store/images/thumbnails/570/570/detailed/8/P_50013287768924f3386bc5fe80.jpg,https://is2or.store/images/detailed/8/P_50013287768924f3386bc5fe80.jpg///https://is2or.store/images/detailed/8/G48874_01_vezj-00.jpg
H0217E3OE9,en,14,Electronics & Technology,0,610.99,0,9,,0,N,,ASUS CP6230,<p>The ASUS CP6230 features a space-saving design with a hexagonal pattern lid that easily fits anywhere in your home. It draws you in with its elegant aesthetics but holds your attention with its computer power to tackle any task.</p>,,,,,,,,,N,N,N,asus-cp6230,,A,276,demo store,https://is2or.store/images/thumbnails/570/570/detailed/8/P_50013287772614f33882d85395.jpg,https://is2or.store/images/detailed/8/P_50013287772614f33882d85395.jpg
H0217E3OE9,en,14,Electronics & Technology,0,610.99,0,9,,0,N,,ASUS CP6230,<p>The ASUS CP6230 features a space-saving design with a hexagonal pattern lid that easily fits anywhere in your home. It draws you in with its elegant aesthetics but holds your attention with its computer power to tackle any task.</p>,,,,,,,,,N,N,N,asus-cp6230,,A,276,demo store,https://is2or.store/images/thumbnails/570/570/detailed/8/P_50013287772614f33882d85395.jpg,https://is2or.store/images/detailed/8/P_50013287772614f33882d85395.jpg
B0218UO9WS,en,15,Electronics & Technology,0,459.99,0,10,,0,N,,ASUS Essentio CP1130,"<p>The ASUS new Essentio CP1130 has sleek appearance and small size make it perfectly fit anywhere in your home. At the same time, it provides complete function and delivers ultimate performance for daily computing.</p>",,,,,,,,,N,N,N,asus-essentio-cp1130,,A,291,demo store,https://is2or.store/images/thumbnails/570/570/detailed/8/P_50013287774434f3388e3b9edd.jpg,https://is2or.store/images/detailed/8/P_50013287774434f3388e3b9edd.jpg///https://is2or.store/images/detailed/8/G48874_01_vezj-00.jpg
B0218UO9WS,en,15,Electronics & Technology,0,459.99,0,10,,0,N,,ASUS Essentio CP1130,"<p>The ASUS new Essentio CP1130 has sleek appearance and small size make it perfectly fit anywhere in your home. At the same time, it provides complete function and delivers ultimate performance for daily computing.</p>",,,,,,,,,N,N,N,asus-essentio-cp1130,,A,291,demo store,https://is2or.store/images/thumbnails/570/570/detailed/8/P_50013287774434f3388e3b9edd.jpg,https://is2or.store/images/detailed/8/P_50013287774434f3388e3b9edd.jpg///https://is2or.store/images/detailed/8/G48874_01_vezj-00.jpg
B0218UO9WS,en,15,Electronics & Technology,0,459.99,0,10,,0,N,,ASUS Essentio CP1130,"<p>The ASUS new Essentio CP1130 has sleek appearance and small size make it perfectly fit anywhere in your home. At the same time, it provides complete function and delivers ultimate performance for daily computing.</p>",,,,,,,,,N,N,N,asus-essentio-cp1130,,A,291,demo store,https://is2or.store/images/thumbnails/570/570/detailed/8/P_50013287774434f3388e3b9edd.jpg,https://is2or.store/images/detailed/8/P_50013287774434f3388e3b9edd.jpg///https://is2or.store/images/detailed/8/G48874_01_vezj-00.jpg
B0230S7Q0V,en,16,Electronics & Technology,0,125,0,11,,0,N,,2011 Pit Boss,"<p>Hydration Capacity: 100 oz (3 L)<br><br>Total Capacity: 1800 cu in (29.50 L)<br><br>CamelBak® Got Your Bak&trade; Guarantee: If we built it, we'll Bak it&trade; with our lifetime guarantee. <br><br>Reservoir Features: Quick Link&trade; System, 1/4 turn - easy open/close cap, lightweight fillport, dryer arms, center baffling and low-profile design, patented Big Bite&trade; Valve, HydroGuard&trade; technology, insulated PureFlow&trade; tube, easy-to-clean wide-mouth opening<br><br>BACK PANEL: Air Director&trade; Snowshed&trade;<br><br>HARNESS: Therminator&trade; provides easy access for frequent sipping, insulated and fully enclosed to protect against freezing<br><br>BELT: Load-bearing with cargo<br><br>Additional Features: <br>Versatile Snowboard / Ski Carry (Diagonal, Vertical or Horizontal), tri-zip quick gear access, gear compression, goggle pocket, essentials pocket<br>Drop-out Probe Pocket for instant probe access -- locate survivors without unloading your pack<br><br>Designed to carry: skis/snowboard, shovel, probe, skins, snowshoes, helmet, goggles, extra layers, lunch, tools, camera, phone, wallet, keys</p>",,,,,,Condition: S[Used],,,N,N,N,2011-pit-boss,,A,318,demo store,https://is2or.store/images/thumbnails/570/570/detailed/8/url_uploaded_file_13287871234f33aeb3d0793.jpg,https://is2or.store/images/detailed/8/url_uploaded_file_13287871234f33aeb3d0793.jpg
B0230S7Q0V,en,16,Electronics & Technology,0,125,0,11,,0,N,,2011 Pit Boss,"<p>Hydration Capacity: 100 oz (3 L)<br><br>Total Capacity: 1800 cu in (29.50 L)<br><br>CamelBak® Got Your Bak&trade; Guarantee: If we built it, we'll Bak it&trade; with our lifetime guarantee. <br><br>Reservoir Features: Quick Link&trade; System, 1/4 turn - easy open/close cap, lightweight fillport, dryer arms, center baffling and low-profile design, patented Big Bite&trade; Valve, HydroGuard&trade; technology, insulated PureFlow&trade; tube, easy-to-clean wide-mouth opening<br><br>BACK PANEL: Air Director&trade; Snowshed&trade;<br><br>HARNESS: Therminator&trade; provides easy access for frequent sipping, insulated and fully enclosed to protect against freezing<br><br>BELT: Load-bearing with cargo<br><br>Additional Features: <br>Versatile Snowboard / Ski Carry (Diagonal, Vertical or Horizontal), tri-zip quick gear access, gear compression, goggle pocket, essentials pocket<br>Drop-out Probe Pocket for instant probe access -- locate survivors without unloading your pack<br><br>Designed to carry: skis/snowboard, shovel, probe, skins, snowshoes, helmet, goggles, extra layers, lunch, tools, camera, phone, wallet, keys</p>",,,,,,Condition: S[Used],,,N,N,N,2011-pit-boss,,A,318,demo store,https://is2or.store/images/thumbnails/570/570/detailed/8/url_uploaded_file_13287871234f33aeb3d0793.jpg,https://is2or.store/images/detailed/8/url_uploaded_file_13287871234f33aeb3d0793.jpg
B0230S7Q0V,en,16,Electronics & Technology,0,125,0,11,,0,N,,2011 Pit Boss,"<p>Hydration Capacity: 100 oz (3 L)<br><br>Total Capacity: 1800 cu in (29.50 L)<br><br>CamelBak® Got Your Bak&trade; Guarantee: If we built it, we'll Bak it&trade; with our lifetime guarantee. <br><br>Reservoir Features: Quick Link&trade; System, 1/4 turn - easy open/close cap, lightweight fillport, dryer arms, center baffling and low-profile design, patented Big Bite&trade; Valve, HydroGuard&trade; technology, insulated PureFlow&trade; tube, easy-to-clean wide-mouth opening<br><br>BACK PANEL: Air Director&trade; Snowshed&trade;<br><br>HARNESS: Therminator&trade; provides easy access for frequent sipping, insulated and fully enclosed to protect against freezing<br><br>BELT: Load-bearing with cargo<br><br>Additional Features: <br>Versatile Snowboard / Ski Carry (Diagonal, Vertical or Horizontal), tri-zip quick gear access, gear compression, goggle pocket, essentials pocket<br>Drop-out Probe Pocket for instant probe access -- locate survivors without unloading your pack<br><br>Designed to carry: skis/snowboard, shovel, probe, skins, snowshoes, helmet, goggles, extra layers, lunch, tools, camera, phone, wallet, keys</p>",,,,,,Condition: S[Used],,,N,N,N,2011-pit-boss,,A,318,demo store,https://is2or.store/images/thumbnails/570/570/detailed/8/url_uploaded_file_13287871234f33aeb3d0793.jpg,https://is2or.store/images/detailed/8/url_uploaded_file_13287871234f33aeb3d0793.jpg
S0231YYSMK,en,17,Electronics & Technology,0,99,0,10,,0,N,,2011 Tycoon,"<p>Hydration Capacity: 100 oz (3 L)<br /><br />Total Capacity: 1125 cu in (18.44 L)<br /><br />CamelBak® Got Your Bak™ Guarantee: If we built it, we'll Bak it™ with our lifetime guarantee. <br /><br />Reservoir Features: Quick Link™ System, 1/4 turn - easy open/close cap, lightweight fillport, dryer arms, center baffling and low-profile design, patented Big Bite™ Valve, HydroGuard™ technology, insulated PureFlow™ tube, easy-to-clean wide-mouth opening<br /><br />BACK PANEL: Snowshed™<br /><br />HARNESS: Therminator™ provides easy access for frequent sipping, insulated and fully enclosed to protect against freezing<br /><br />BELT: Load-bearing<br /><br />Additional Features: <br />Snowboard / Ski Carry (Diagonal, Vertical or Horizontal), pack compression, goggle pocket, essentials pocket<br />Drop-out Probe Pocket for instant probe access -- locate survivors without unloading your pack<br /><br />Designed to carry: skis/snowboard, shovel, probe, skins or snowshoes, goggles, extra layer, snack, phone, wallet, keys</p>",,,,,,,,,N,N,N,2011-tycoon,,A,309,demo store,https://is2or.store/images/thumbnails/570/570/detailed/8/url_uploaded_file_13287872334f33af2276de4.jpg,https://is2or.store/images/detailed/8/url_uploaded_file_13287872334f33af2276de4.jpg
S0232MRZ1Y,en,18,Electronics & Technology,0,79.95,0,10,,0,N,,2011 Ice Queen,"<p>Hydration Capacity: 70 oz (2 L)<br><br>Total Capacity: 1000 cu in (16.39 L)<br><br>CamelBak®Got Your Bak&trade; Guarantee: If we built it, we'll Bak it&trade; with our lifetime guarantee. <br><br>Reservoir Features: 1/4 turn - easy open/close cap, lightweight fillport, dryer arms, center baffling and low-profile design, patented Big Bite&trade; Valve, HydroGuard&trade; technology, insulated PureFlow&trade; tube, easy-to-clean wide-mouth opening<br><br>BACK PANEL: Snowshed&trade;<br><br>HARNESS: S-Curved Women's Harness; Therminator&trade; provides easy access for frequent sipping, insulated and fully enclosed to protect against freezing<br><br>BELT: Removable 1"" (25 mm) stability<br><br>Additional Features: <br>Tri-Zip design allows easy access to all your gear, compresion, goggle pocket, essentials pocket<br><br>Designed to carry: Helmet, goggles, extra layers, lunch, phone, wallet, keys</p>",,,,,,Condition: S[Like new],,,N,N,N,2011-ice-queen,,A,333,demo store,https://is2or.store/images/thumbnails/570/570/detailed/8/url_uploaded_file_13287873494f33af96095d8.jpg,https://is2or.store/images/detailed/8/url_uploaded_file_13287873494f33af96095d8.jpg
E0240Y27BE,en,19,Electronics & Technology,0,499,0,12,,0,N,,Apple® - iPad® with Retina® display Wi-Fi - 64GB - Black,"<p>iPad features a stunning Retina display, iSight® and FaceTime cameras, the all new A6X chip and ultrafast wireless. And with access to over 275,000 apps1 on the App Store, you can do more than ever.</p>",,,,,,,,,N,N,N,apple-ipad-with-retina-display-wi-fi-64gb-black,,A,228,demo store,https://is2or.store/images/thumbnails/570/570/detailed/8/ipad-black-1.jpg,https://is2or.store/images/detailed/8/ipad-black-1.jpg
I0241GCXF9,en,20,Electronics & Technology,0,499,0,11,,0,N,,Apple® - iPad® with Retina® display Wi-Fi - 32GB - White,"<p>  iPad features a stunning Retina display, iSight® and FaceTime cameras, the all new A6X chip and ultrafast wireless. And with access to over 275,000 apps1 on the App Store, you can do more than ever.</p>",,,,,,,,,N,N,N,apple-ipad-with-retina-display-wi-fi-32gb-white,,A,294,demo store,https://is2or.store/images/thumbnails/570/570/detailed/8/ipad-white-1.jpg,https://is2or.store/images/detailed/8/ipad-white-1.jpg
H0015EXYM6,en,21,Electronics & Technology,0,150,0,22,,0,N,,Nike Chambray Super,"<div class=""text description black-white""><div class=""product-description-component""><p><strong>The Nike Chambray Super Runner Jacket: A durable, updated classic </strong></p><p><br></p><p>The  timeless Windrunner design gets a premium upgrade in the Nike Chambray  Super Runner Men's Jacket. Created with tough, water-resistant fabric  and a mesh lining, this jacket combines breathability and protection  from the elements.</p><p><br></p><p><strong>Benefits</strong></p>Hood with drawcord for an adjustable fitOverlay at yoke and raglan sleeves for style and enhanced protectionRib cuffs and hem for a fit that stays in placeMesh lining for enhanced ventilationDurable, wind-resistant fabric to protect against the elements<p><br></p><p><strong>Additional Details</strong></p>Side zip pockets for secure storageFabric: Body: 100% cotton. Lining and overlay: 100% polyester.Machine washImported</div></div>",,,,,,Condition: S[Like new],,,N,N,N,product-21,,A,183,demo store,https://is2or.store/images/thumbnails/570/570/detailed/8/452499_010_A.jpg,https://is2or.store/images/detailed/8/452499_010_A.jpg
GLUOG,en,22,AB: Phones,0,1176.92,0,100,,0,N,,AB: Google Pixel 6 Pro 12/128GB Stormy Black,"<p>Google announced the first generation Pixel smartphones, the Pixel and the Pixel XL, on October 4, 2016 during the #MadeByGoogle event. Google emphasized the camera on the two phones, which ranked as the best smartphone camera on DxOMarkMobile with 90 points until HTC released the U11, which also scored 90 points. This is largely due to software optimizations such as HDR+. The Pixel phones also include unlimited cloud storage for pictures on Google Photos and, for devices purchased directly from Google, an unlockable bootloader. In 2019, a class action lawsuit over faulty microphones in some devices enabled Pixel owners to claim up to $500 in compensation.</p>",,,,,,Operating System: S[Android]; Processor: S[Google Tensor]; RAM: S[12]; Battery capacity: S[5003]; Number of cores: S[8]; Screen diagonal: S[6.7],,,Y,N,N,ab-google-pixel-6-pro-12-128gb-stormy-black,"<p>Google Pixel is a brand of consumer electronic devices developed by Google that run either Chrome OS or the Android operating system. The Pixel brand was introduced in February 2013 with the first-generation Chromebook Pixel. The Pixel line includes laptops, tablets, and smartphones, as well as several accessories.</p>",H,,demo store,https://is2or.store/images/thumbnails/570/570/detailed/8/product-image-1_1.jpg,https://is2or.store/images/detailed/8/product-image-1_1.jpg///https://is2or.store/images/detailed/8/product-image-1_2.jpg///https://is2or.store/images/detailed/8/product-image-1_3.jpg///https://is2or.store/images/detailed/8/product-image-1_4.jpg///https://is2or.store/images/detailed/8/product-image-1_5.jpg
MLXW3UA/A,en,23,AB: Laptops,0,1489,0,100,,0,N,,"AB: Apple MacBook Air 13.6"" M2 256GB 2022 (MLXW3UA/A) Space Gray","<p>The <strong>MacBook Air</strong> is a line of ultrabook computers developed and manufactured by Apple Inc. It consists of a full-size keyboard, a machined aluminum case, and, in the more modern versions, a thin light structure. The Air was originally positioned above the previous MacBook line as a premium ultraportable. Since then, the original MacBook's discontinuation in 2011, and lowered prices on subsequent iterations, have made the Air Apple's entry-level notebook. In the current product line, the MacBook Air is situated below the performance range MacBook Pro.</p>",,,,,,Operating System: S[macOS]; Processor: S[Apple M2]; Number of cores: S[8]; Screen diagonal: S[13.6]; RAM: S[8]; SSD: S[256],,,Y,N,N,ab-apple-macbook-air-13-6-m2-256gb-2022-mlxw3ua-a-space-gray,"<p>The <strong>MacBook Air</strong> is a line of ultrabook computers developed and manufactured by Apple Inc. It consists of a full-size keyboard, a machined aluminum case, and, in the more modern versions, a thin light structure.</p>",A,174,demo store,https://is2or.store/images/thumbnails/570/570/detailed/8/product-image-2_1.jpg,https://is2or.store/images/detailed/8/product-image-2_1.jpg///https://is2or.store/images/detailed/8/product-image-2_2.jpg///https://is2or.store/images/detailed/8/product-image-2_3.jpg///https://is2or.store/images/detailed/8/product-image-2_4.jpg///https://is2or.store/images/detailed/8/product-image-2_5.jpg
XPS9710-7265SLV-PUS,en,24,AB: Laptops,0,3513.5,0,100,,0,N,,AB: Dell XPS 17 9710 (XPS9710-7265SLV-PUS) Platinum Silver,"<p>The XPS name dates back to 1990 when Dell was more focused on corporate business than consumers. Gateway (then known as Gateway 2000 at the time) was the number one in the high-end consumer market. In early 1993, there was a staff meeting to address how to pursue this emerging market. At this time, Dell's annual revenue was less than $500 million and Michael Dell was involved in most decisions. At this meeting, it was decided to launch a new high-end product line to compete with Gateway. Vernon Weiss was assigned as product manager to spearhead and manage the marketing of the new product. He worked with Brian Zucker who led the architecture and engineering effort. In September 1993, the first two versions of the XPS line were announced, initially as part of the Dell Dimension series. The first generation of the XPS system was available as either a desktop or a tower case. This new product line was so far ahead of the competition that it was featured on the cover of the October 1993 issue of PC/Computing.</p>",,,,,,Operating System: S[Windows 11]; Processor: S[Intel Core i7]; Number of cores: S[8]; Screen diagonal: S[17]; RAM: S[32]; SSD: S[512],,,Y,N,N,ab-dell-xps-17-9710-xps9710-7265slv-pus-platinum-silver,"<p><strong>Dell XPS</strong> (""eXtreme Performance System"") is a line of consumer-oriented high-end laptop and desktop computers manufactured by Dell. The XPS mainly competes against computers such as Acer's Aspire, HP's Pavilion and Envy, Lenovo's X1, Samsung's Sens, and Apple MacBook Pro.</p>",H,,demo store,https://is2or.store/images/thumbnails/570/570/detailed/8/product-image-3_1.jpg,https://is2or.store/images/detailed/8/product-image-3_1.jpg///https://is2or.store/images/detailed/8/product-image-3_2.jpg///https://is2or.store/images/detailed/8/product-image-3_3.jpg///https://is2or.store/images/detailed/8/product-image-3_4.jpg///https://is2or.store/images/detailed/8/product-image-3_5.jpg
MQ0G3RX/A,en,25,AB: Phones,0,1489,0,100,,0,N,,AB: Apple iPhone 14 Pro 128GB Deep Purple (MQ0G3RX/A),"<p>The devices were unveiled alongside the iPhone 14 and iPhone 14 Plus at the Apple Event at Apple Park in Cupertino, California on September 7, 2022 and were made available on September 16, 2022. Pre-orders for the iPhone 14 Pro and 14 Pro Max began on September 9, 2022.</p><p>The iPhone 14 Pro and iPhone 14 Pro Max are the first iPhones to have a new type of cutout display called ""Dynamic Island"", replacing the notch since the iPhone X introduced in 2017. iPhone 14 Pro and iPhone 14 Pro Max models (as well as the iPhone 14 and 14 Plus) sold in the United States drop support for physical SIM cards, making them the first iPhone models since the CDMA variant of the iPhone 4 to not come with a discrete SIM card reader.</p>",,,,,,Brand: E[Apple]; Operating System: S[iOS]; Processor: S[Apple A16 Bionic]; RAM: S[6]; Battery capacity: S[3700]; Number of cores: S[6]; Screen diagonal: S[6.1],,,Y,N,N,ab-apple-iphone-14-pro-128gb-deep-purple-mq0g3rx-a,"<p>The <strong>iPhone 14 Pro</strong> and <strong>iPhone 14 Pro Max</strong> are smartphones designed and marketed by Apple Inc. They are the sixteenth generation flagship iPhones, succeeding the iPhone 13 Pro and iPhone 13 Pro Max.</p>",A,147,demo store,https://is2or.store/images/thumbnails/570/570/detailed/8/product-image-4_1.jpg,https://is2or.store/images/detailed/8/product-image-4_1.jpg///https://is2or.store/images/detailed/8/product-image-4_2.jpg///https://is2or.store/images/detailed/8/product-image-4_3.jpg///https://is2or.store/images/detailed/8/product-image-4_4.jpg///https://is2or.store/images/detailed/8/product-image-4_5.jpg
SM-S901BZKDSEK,en,26,AB: Phones,0,898.8,0,100,,0,N,,AB: Samsung Galaxy S22 8/128GB Phantom Black (SM-S901BZKDSEK),"<p>The S22 line consists of three devices. The Galaxy S22 is the least expensive with a 6.1-inch (155 mm) screen. The Galaxy S22+ has similar hardware in a larger form factor, with a 6.6-inch (168 mm) screen, faster charging and a larger battery capacity. The Galaxy S22 Ultra has a 6.8-inch (173 mm) screen and the largest battery capacity in the lineup, with a more advanced camera setup and a higher resolution display compared to the S22 and S22+, as well as an embedded S Pen – the first in the S Series as a whole.</p>",,,,,,Brand: E[Samsung]; Operating System: S[Android]; Processor: S[Samsung Exynos]; RAM: S[8]; Battery capacity: S[3700]; Number of cores: S[8]; Screen diagonal: S[6.1],,Electronics & Technology,Y,N,N,ab-samsung-galaxy-s22-8-128gb-phantom-black-sm-s901bzkdsek,"<p>The <strong>Samsung Galaxy S22</strong> is a series of Android-based smartphones designed, developed, manufactured, and marketed by Samsung Electronics as part of its Galaxy S series. Unveiled at Samsung's Galaxy Unpacked event on 9 February 2022, the series serves as the successor to the Galaxy S21 series and Galaxy Note 20 series.</p>",A,156,demo store,https://is2or.store/images/thumbnails/570/570/detailed/8/product-image-5_1.jpg,https://is2or.store/images/detailed/8/product-image-5_1.jpg///https://is2or.store/images/detailed/8/product-image-5_2.jpg///https://is2or.store/images/detailed/8/product-image-5_3.jpg///https://is2or.store/images/detailed/8/product-image-5_4.jpg///https://is2or.store/images/detailed/8/product-image-5_5.jpg
prd1000,en,27,Electronics & Technology///Laptops & Computers,1102.5,1102.5,842,9,,0,N,,Asus ExpertBook,"Looking for a smart, capable gadget that won’t let you down? Asus ExpertBook is a perfect fit. Every unit has been reviewed for key functions, ensuring it runs smoothly and feels dependable from day one. Specs may vary based on configuration. You’ll love how much value this device offers at a fraction of the price.",,,,,,,,,N,N,N,asus-expertbook,Asus ExpertBook – functional and in great shape. Tested and ready to go.,A,60,DundunShop,https://is2or.store/images/thumbnails/570/570/detailed/9/ASUS_EXPERTBOOK_2.jpeg,https://is2or.store/images/detailed/9/ASUS_EXPERTBOOK_2.jpeg
prd1001,en,28,Electronics & Technology///Laptops & Computers,2745,2745,2076,8,,0,N,,HP ProBook,"Say hello to HP ProBook, a solid performer designed for users who expect more without overspending. Well-maintained and tested to meet quality expectations — ready for daily use out of the box. Specs may vary based on configuration. If you value efficiency and style, this device won’t disappoint.",,,,,,,,,N,N,N,hp-probook,HP ProBook – functional and in great shape. Tested and ready to go.,A,69,DundunShop,https://is2or.store/images/thumbnails/570/570/detailed/9/3b0253514e33af15c66554e109e59822_HP-Probook-445-G7.jpg,https://is2or.store/images/detailed/9/3b0253514e33af15c66554e109e59822_HP-Probook-445-G7.jpg
prd1002,en,29,Electronics & Technology///Laptops & Computers,933.75,933.75,2239,3,,0,N,,Acer Aspire,"Acer Aspire brings together the essentials of modern tech with a touch of everyday reliability. Every unit has been reviewed for key functions, ensuring it runs smoothly and feels dependable from day one. Specs may vary based on configuration. An excellent pick for students, remote workers, or anyone needing a dependable companion.",,,,,,Brand: E[Acer],,,N,N,N,acer-aspire,Acer Aspire – functional and in great shape. Tested and ready to go.,A,69,DundunShop,https://is2or.store/images/thumbnails/570/570/detailed/9/e408621118a011dbe811b327c32a0923.jpg_720x720q80.jpg,https://is2or.store/images/detailed/9/e408621118a011dbe811b327c32a0923.jpg_720x720q80.jpg
prd1003,en,30,Electronics & Technology///Laptops & Computers,1908.75,1908.75,528,7,,0,N,,MacBook Air M1,"Meet the MacBook Air M1 — a standout device that blends performance with practicality. Professionally inspected and reset to deliver clean performance across the board. Specs: Intel i5/i7 processor, 8–16GB RAM, 256–512GB SSD, 13–15 inch Full HD display, long battery life (up to 10 hours), pre-installed OS (Windows/macOS). If you value efficiency and style, this device won’t disappoint.",,,,,,,,,N,N,N,macbook-air-m1,MacBook Air M1 – functional and in great shape. Tested and ready to go.,A,60,DundunShop,https://is2or.store/images/thumbnails/570/570/detailed/9/macbook_air_m1_2020_8256_silve_1723436883_b531e68f_progressive.jpg,https://is2or.store/images/detailed/9/macbook_air_m1_2020_8256_silve_1723436883_b531e68f_progressive.jpg
prd1004,en,31,Electronics & Technology///Laptops & Computers,1173.75,1173.75,2197,10,,0,N,,MacBook Air M1,"MacBook Air M1 brings together the essentials of modern tech with a touch of everyday reliability. Every unit has been reviewed for key functions, ensuring it runs smoothly and feels dependable from day one. Specs: Intel i5/i7 processor, 8–16GB RAM, 256–512GB SSD, 13–15 inch Full HD display, long battery life (up to 10 hours), pre-installed OS (Windows/macOS). You’ll love how much value this device offers at a fraction of the price.",,,,,,,,,N,N,N,macbook-air-m1-en,MacBook Air M1 – functional and in great shape. Tested and ready to go.,A,57,DundunShop,https://is2or.store/images/thumbnails/570/570/detailed/9/Jual-MacBook-Air-M1.jpg,https://is2or.store/images/detailed/9/Jual-MacBook-Air-M1.jpg
prd1005,en,32,Electronics & Technology///Laptops & Computers,2025,2025,2729,5,,0,N,,Dell XPS 13,"Looking for a smart, capable gadget that won’t let you down? Dell XPS 13 is a perfect fit. Well-maintained and tested to meet quality expectations — ready for daily use out of the box. Specs: Intel i5/i7 processor, 8–16GB RAM, 256–512GB SSD, 13–15 inch Full HD display, long battery life (up to 10 hours), pre-installed OS (Windows/macOS). If you value efficiency and style, this device won’t disappoint.",,,,,,,,,N,N,N,dell-xps-13,Dell XPS 13 – functional and in great shape. Tested and ready to go.,A,57,DundunShop,https://is2or.store/images/thumbnails/570/570/detailed/9/Dell-XPS-13-9365.jpg,https://is2or.store/images/detailed/9/Dell-XPS-13-9365.jpg
prd1006,en,33,Electronics & Technology///Laptops & Computers,1181.25,1181.25,564,3,,0,N,,iMac 24-inch,"iMac 24-inch is the kind of device that makes daily tasks smoother and digital life easier. Cared for and checked by our tech team to guarantee a positive experience. Specs: Intel i5/i7, 8GB RAM, 1TB HDD or 512GB SSD, compact or tower case, multiple USB ports, HDMI/VGA, Windows 10/11 ready. You’ll love how much value this device offers at a fraction of the price.",,,,,,,,,N,N,N,imac-24-inch,iMac 24-inch – functional and in great shape. Tested and ready to go.,A,57,DundunShop,https://is2or.store/images/thumbnails/570/570/detailed/9/c5bce9cc9b1eb366ef810fa4ee0862c1.jpg,https://is2or.store/images/detailed/9/c5bce9cc9b1eb366ef810fa4ee0862c1.jpg
prd1007,en,34,Electronics & Technology///Laptops & Computers,2227.5,2227.5,1140,10,,0,N,,Dell Inspiron Tower,"Say hello to Dell Inspiron Tower, a solid performer designed for users who expect more without overspending. With full diagnostics complete, this unit is good to go and ready for action. Specs: Intel i5/i7, 8GB RAM, 1TB HDD or 512GB SSD, compact or tower case, multiple USB ports, HDMI/VGA, Windows 10/11 ready. Ideal for multitasking, media consumption, or managing life on the move.",,,,,,,,,N,N,N,dell-inspiron-tower,Dell Inspiron Tower – functional and in great shape. Tested and ready to go.,A,57,DundunShop,https://is2or.store/images/thumbnails/570/570/detailed/9/__57.JPG,https://is2or.store/images/detailed/9/__57.JPG
prd1008,en,35,Electronics & Technology///Laptops & Computers,1710,1710,2462,1,,0,N,,HP Pavilion,"HP Pavilion brings together the essentials of modern tech with a touch of everyday reliability. With full diagnostics complete, this unit is good to go and ready for action. Specs: Intel i5/i7, 8GB RAM, 1TB HDD or 512GB SSD, compact or tower case, multiple USB ports, HDMI/VGA, Windows 10/11 ready. An excellent pick for students, remote workers, or anyone needing a dependable companion.",,,,,,,,,N,N,N,hp-pavilion,HP Pavilion – functional and in great shape. Tested and ready to go.,A,54,DundunShop,,
prd1009,en,36,Electronics & Technology///Smartphones & Tablets,731.25,731.25,1926,3,,0,N,,Realme Narzo 50,"Realme Narzo 50 brings together the essentials of modern tech with a touch of everyday reliability. Every unit has been reviewed for key functions, ensuring it runs smoothly and feels dependable from day one. Specs may vary based on configuration. An excellent pick for students, remote workers, or anyone needing a dependable companion.",,,,,,,,,N,N,N,realme-narzo-50,Realme Narzo 50 – functional and in great shape. Tested and ready to go.,A,66,DundunShop,https://is2or.store/images/thumbnails/570/570/detailed/9/x1PUwgVK0t.jpg,https://is2or.store/images/detailed/9/x1PUwgVK0t.jpg
prd1010,en,37,Electronics & Technology///Smartphones & Tablets,2366.25,2366.25,2182,2,,0,N,,Realme Narzo 50,"Meet the Realme Narzo 50 — a standout device that blends performance with practicality. Every unit has been reviewed for key functions, ensuring it runs smoothly and feels dependable from day one. Specs may vary based on configuration. Whether you're browsing, binge-watching, or balancing spreadsheets — it handles it all with ease.",,,,,,,,,N,N,N,realme-narzo-50-en,Realme Narzo 50 – functional and in great shape. Tested and ready to go.,A,54,DundunShop,https://is2or.store/images/thumbnails/570/570/detailed/9/Realme-Narzo-50-review-with-pros-and-cons-scaled.jpg,https://is2or.store/images/detailed/9/Realme-Narzo-50-review-with-pros-and-cons-scaled.jpg
prd1011,en,38,Electronics & Technology///Smartphones & Tablets,600,600,2583,2,,0,N,,Realme Narzo 50,"Realme Narzo 50 is the kind of device that makes daily tasks smoother and digital life easier. Cared for and checked by our tech team to guarantee a positive experience. Specs may vary based on configuration. An excellent pick for students, remote workers, or anyone needing a dependable companion.",,,,,,,,,N,N,N,realme-narzo-50-en-2,Realme Narzo 50 – functional and in great shape. Tested and ready to go.,A,60,DundunShop,https://is2or.store/images/thumbnails/570/570/detailed/9/IMG_20220521_175323500.jpg,https://is2or.store/images/detailed/9/IMG_20220521_175323500.jpg
prd1012,en,39,Electronics & Technology///Smartphones & Tablets,140,140,2208,7,,0,N,,Samsung Galaxy S22,"Looking for a smart, capable gadget that won’t let you down? Samsung Galaxy S22 is a perfect fit. Every unit has been reviewed for key functions, ensuring it runs smoothly and feels dependable from day one. Specs: 6.1–6.7 inch OLED/AMOLED display, 128–256GB storage, dual/triple rear cameras, fast charging, 4G/5G support, fingerprint or face unlock. Ideal for multitasking, media consumption, or managing life on the move.",,,,,,Brand: E[Samsung],,,N,N,N,samsung-galaxy-s22,Samsung Galaxy S22 – functional and in great shape. Tested and ready to go.,A,54,DundunShop,https://is2or.store/images/thumbnails/570/570/detailed/9/XFXCfQ56eChCihVSNjEBXE.jpg,https://is2or.store/images/detailed/9/XFXCfQ56eChCihVSNjEBXE.jpg
prd1013,en,40,Electronics & Technology///Smartphones & Tablets,2771.25,2771.25,527,5,,0,N,,iPhone 13,"iPhone 13 is the kind of device that makes daily tasks smoother and digital life easier. Cared for and checked by our tech team to guarantee a positive experience. Specs: 6.1–6.7 inch OLED/AMOLED display, 128–256GB storage, dual/triple rear cameras, fast charging, 4G/5G support, fingerprint or face unlock. Whether you're browsing, binge-watching, or balancing spreadsheets — it handles it all with ease.",,,,,,,,,N,N,N,iphone-13,iPhone 13 – functional and in great shape. Tested and ready to go.,A,60,DundunShop,https://is2or.store/images/thumbnails/570/570/detailed/9/img_5864.jpg,https://is2or.store/images/detailed/9/img_5864.jpg
prd1014,en,41,Electronics & Technology///Smartphones & Tablets,1181.25,1181.25,981,9,,0,N,,Pixel 6a,"Looking for a smart, capable gadget that won’t let you down? Pixel 6a is a perfect fit. With full diagnostics complete, this unit is good to go and ready for action. Specs: 6.1–6.7 inch OLED/AMOLED display, 128–256GB storage, dual/triple rear cameras, fast charging, 4G/5G support, fingerprint or face unlock. Whether you're browsing, binge-watching, or balancing spreadsheets — it handles it all with ease.",,,,,,,,,N,N,N,pixel-6a,Pixel 6a – functional and in great shape. Tested and ready to go.,A,21,DundunShop,https://is2or.store/images/thumbnails/570/570/detailed/9/46cfc4c0173a36bbe41a011395373f011664794669894295_original.png,https://is2or.store/images/detailed/9/46cfc4c0173a36bbe41a011395373f011664794669894295_original.png
prd1015,en,42,Electronics & Technology,2550,2550,1082,8,,0,N,,Samsung Guru,"Meet the Samsung Guru — a standout device that blends performance with practicality. Professionally inspected and reset to deliver clean performance across the board. Specs: 2.4-inch display, long-lasting battery, basic camera, dual SIM support, FM Radio, physical keypad, durable plastic body. Ideal for multitasking, media consumption, or managing life on the move.",,,,,,Brand: E[Samsung],,Electronics & Technology///Smartphones & Tablets,N,N,N,samsung-guru,Samsung Guru – functional and in great shape. Tested and ready to go.,A,24,DundunShop,https://is2or.store/images/thumbnails/570/570/detailed/9/bd677495ca50b79f688e8ece182a5f33.jpg,https://is2or.store/images/detailed/9/bd677495ca50b79f688e8ece182a5f33.jpg
prd1016,en,43,Electronics & Technology,1661.25,1661.25,1190,5,,0,N,,Nokia 3310,"Looking for a smart, capable gadget that won’t let you down? Nokia 3310 is a perfect fit. Cared for and checked by our tech team to guarantee a positive experience. Specs: 2.4-inch display, long-lasting battery, basic camera, dual SIM support, FM Radio, physical keypad, durable plastic body. You’ll love how much value this device offers at a fraction of the price.",,,,,,,,Electronics & Technology///Smartphones & Tablets,N,N,N,nokia-3310,Nokia 3310 – functional and in great shape. Tested and ready to go.,A,24,DundunShop,https://is2or.store/images/thumbnails/570/570/detailed/9/H87aa8d35963d46988870b9372c534425T.jpg_720x720q50.jpg,https://is2or.store/images/detailed/9/H87aa8d35963d46988870b9372c534425T.jpg_720x720q50.jpg
prd1017,en,44,Electronics & Technology,540,540,2408,6,,0,N,,itel it2163,"Say hello to itel it2163, a solid performer designed for users who expect more without overspending. Every unit has been reviewed for key functions, ensuring it runs smoothly and feels dependable from day one. Specs: 2.4-inch display, long-lasting battery, basic camera, dual SIM support, FM Radio, physical keypad, durable plastic body. You’ll love how much value this device offers at a fraction of the price.",,,,,,,,Electronics & Technology///Smartphones & Tablets,N,N,N,itel-it2163,itel it2163 – functional and in great shape. Tested and ready to go.,A,27,DundunShop,https://is2or.store/images/thumbnails/570/570/detailed/9/daa.jpg,https://is2or.store/images/detailed/9/daa.jpg
prd1018,en,45,Electronics & Technology///Smartphones & Tablets,1878.75,1878.75,1963,4,,0,N,,Samsung Galaxy Tab A8,"Say hello to Samsung Galaxy Tab A8, a solid performer designed for users who expect more without overspending. Cared for and checked by our tech team to guarantee a positive experience. Specs: 10.2–11 inch screen, 64–128GB storage, front and rear cameras, Wi-Fi and LTE options, stereo speakers, great for reading and streaming. An excellent pick for students, remote workers, or anyone needing a dependable companion.",,,,,,Brand: E[Samsung],,,N,N,N,samsung-galaxy-tab-a8,Samsung Galaxy Tab A8 – functional and in great shape. Tested and ready to go.,A,21,DundunShop,https://is2or.store/images/thumbnails/570/570/detailed/9/Gal-Tab-A8-01.jpg,https://is2or.store/images/detailed/9/Gal-Tab-A8-01.jpg
prd1019,en,46,Electronics & Technology///Smartphones & Tablets,3236.25,3236.25,1644,10,,0,N,,Samsung Galaxy Tab A8,"Looking for a smart, capable gadget that won’t let you down? Samsung Galaxy Tab A8 is a perfect fit. With full diagnostics complete, this unit is good to go and ready for action. Specs: 10.2–11 inch screen, 64–128GB storage, front and rear cameras, Wi-Fi and LTE options, stereo speakers, great for reading and streaming. If you value efficiency and style, this device won’t disappoint.",,,,,,Brand: E[Samsung],,,N,N,N,samsung-galaxy-tab-a8-en,Samsung Galaxy Tab A8 – functional and in great shape. Tested and ready to go.,A,21,DundunShop,https://is2or.store/images/thumbnails/570/570/detailed/9/TABA8-1549179113.jpg,https://is2or.store/images/detailed/9/TABA8-1549179113.jpg
prd1020,en,47,Electronics & Technology///Smartphones & Tablets,3390,3390,1794,9,,0,N,,Samsung Galaxy Tab A8,"Samsung Galaxy Tab A8 is the kind of device that makes daily tasks smoother and digital life easier. Professionally inspected and reset to deliver clean performance across the board. Specs: 10.2–11 inch screen, 64–128GB storage, front and rear cameras, Wi-Fi and LTE options, stereo speakers, great for reading and streaming. You’ll love how much value this device offers at a fraction of the price.",,,,,,Brand: E[Samsung],,,N,N,N,samsung-galaxy-tab-a8-en-2,Samsung Galaxy Tab A8 – functional and in great shape. Tested and ready to go.,A,21,DundunShop,https://is2or.store/images/thumbnails/570/570/detailed/9/samsung-galaxy-tab-a8-review__6__thumb.jpeg,https://is2or.store/images/detailed/9/samsung-galaxy-tab-a8-review__6__thumb.jpeg
prd1021,en,48,Electronics & Technology///Smartwatches & Wearables,667.5,667.5,1381,4,,0,N,,Realme Watch 2,"Realme Watch 2 brings together the essentials of modern tech with a touch of everyday reliability. With full diagnostics complete, this unit is good to go and ready for action. Specs may vary based on configuration. Ideal for multitasking, media consumption, or managing life on the move.",,,,,,,,,N,N,N,realme-watch-2,Realme Watch 2 – functional and in great shape. Tested and ready to go.,A,18,DundunShop,https://is2or.store/images/thumbnails/570/570/detailed/9/20210613_170102_HDR.jpg,https://is2or.store/images/detailed/9/20210613_170102_HDR.jpg
prd1022,en,49,Electronics & Technology///Smartwatches & Wearables,2542.5,2542.5,1546,10,,0,N,,boAt Xtend,boAt Xtend brings together the essentials of modern tech with a touch of everyday reliability. Cared for and checked by our tech team to guarantee a positive experience. Specs may vary based on configuration. You’ll love how much value this device offers at a fraction of the price.,,,,,,,,,N,N,N,boat-xtend,boAt Xtend – functional and in great shape. Tested and ready to go.,A,54,DundunShop,https://is2or.store/images/thumbnails/570/570/detailed/9/boAt-Xtend-Sport-Review.jpg,https://is2or.store/images/detailed/9/boAt-Xtend-Sport-Review.jpg
prd1023,en,50,Electronics & Technology///Smartwatches & Wearables,287,287,2019,3,,0,N,,Realme Watch 2,"Looking for a smart, capable gadget that won’t let you down? Realme Watch 2 is a perfect fit. With full diagnostics complete, this unit is good to go and ready for action. Specs may vary based on configuration. If you value efficiency and style, this device won’t disappoint.",,,,,,,,,N,N,N,realme-watch-2-en,Realme Watch 2 – functional and in great shape. Tested and ready to go.,A,15,DundunShop,https://is2or.store/images/thumbnails/570/570/detailed/9/Realme_watch-1.jpg,https://is2or.store/images/detailed/9/Realme_watch-1.jpg
prd1024,en,51,Electronics & Technology///Smartwatches & Wearables,858.75,858.75,2372,10,,0,N,,Amazfit Bip U,"Meet the Amazfit Bip U — a standout device that blends performance with practicality. Every unit has been reviewed for key functions, ensuring it runs smoothly and feels dependable from day one. Specs: Heart-rate monitor, step tracker, sleep tracking, notification sync, 1.4–1.6 inch AMOLED display, water resistant, compatible with iOS/Android. Ideal for multitasking, media consumption, or managing life on the move.",,,,,,,,,N,N,N,amazfit-bip-u,Amazfit Bip U – functional and in great shape. Tested and ready to go.,A,60,DundunShop,https://is2or.store/images/thumbnails/570/570/detailed/9/gsmarena_012.jpg,https://is2or.store/images/detailed/9/gsmarena_012.jpg
prd1025,en,52,Electronics & Technology///Smartwatches & Wearables,3540,3540,1423,6,,0,N,,Apple Watch SE,"Meet the Apple Watch SE — a standout device that blends performance with practicality. Every unit has been reviewed for key functions, ensuring it runs smoothly and feels dependable from day one. Specs: Heart-rate monitor, step tracker, sleep tracking, notification sync, 1.4–1.6 inch AMOLED display, water resistant, compatible with iOS/Android. If you value efficiency and style, this device won’t disappoint.",,,,,,Brand: E[Apple],,,N,N,N,apple-watch-se,Apple Watch SE – functional and in great shape. Tested and ready to go.,A,57,DundunShop,https://is2or.store/images/thumbnails/570/570/detailed/9/IMG_8286-Large.jpeg,https://is2or.store/images/detailed/9/IMG_8286-Large.jpeg
prd1026,en,53,Electronics & Technology///Smartwatches & Wearables,2250,2250,1059,4,,0,N,,Galaxy Watch 5,"Galaxy Watch 5 is the kind of device that makes daily tasks smoother and digital life easier. Every unit has been reviewed for key functions, ensuring it runs smoothly and feels dependable from day one. Specs: Heart-rate monitor, step tracker, sleep tracking, notification sync, 1.4–1.6 inch AMOLED display, water resistant, compatible with iOS/Android. If you value efficiency and style, this device won’t disappoint.",,,,,,,,,N,N,N,galaxy-watch-5,Galaxy Watch 5 – functional and in great shape. Tested and ready to go.,A,27,DundunShop,https://is2or.store/images/thumbnails/570/570/detailed/9/id-11134207-7r992-lo86pf7erfacc2.jpg,https://is2or.store/images/detailed/9/id-11134207-7r992-lo86pf7erfacc2.jpg
prd1028,en,54,Electronics & Technology///Smartwatches & Wearables,378.75,378.75,2829,5,,0,N,,Xiaomi Mi Band 7,"Xiaomi Mi Band 7 is the kind of device that makes daily tasks smoother and digital life easier. Well-maintained and tested to meet quality expectations — ready for daily use out of the box. Specs: Lightweight band, real-time fitness stats, heart-rate and sleep monitor, 5–14 day battery life, waterproof design, app sync. You’ll love how much value this device offers at a fraction of the price.",,,,,,,,,N,N,N,xiaomi-mi-band-7,Xiaomi Mi Band 7 – functional and in great shape. Tested and ready to go.,A,15,DundunShop,https://is2or.store/images/thumbnails/570/570/detailed/9/960px-Xiaomi_Smart_Band_7.jpg,https://is2or.store/images/detailed/9/960px-Xiaomi_Smart_Band_7.jpg
prd1029,en,55,Electronics & Technology///Smartwatches & Wearables,3120,3120,543,8,,0,N,,Xiaomi Mi Band 7,"Meet the Xiaomi Mi Band 7 — a standout device that blends performance with practicality. Every unit has been reviewed for key functions, ensuring it runs smoothly and feels dependable from day one. Specs: Lightweight band, real-time fitness stats, heart-rate and sleep monitor, 5–14 day battery life, waterproof design, app sync. Ideal for multitasking, media consumption, or managing life on the move.",,,,,,,,,N,N,N,xiaomi-mi-band-7-en,Xiaomi Mi Band 7 – functional and in great shape. Tested and ready to go.,A,15,DundunShop,https://is2or.store/images/thumbnails/570/570/detailed/9/xiaomi-smart-band-7-harga.jpg,https://is2or.store/images/detailed/9/xiaomi-smart-band-7-harga.jpg
kb8001,en,195,Kids & Baby///Toys & Games,398,398,952,3,,0,N,,"Fisher Price - Laugh & Learn Magnetic Cookie Puzzle, Toys & Collectibles","Fisher-Price Laugh & Learn by Fisher-Price is designed to enhance your child's development with fun and educational features. Condition: 'Used', this item has been inspected for quality and is ready for enjoyment.",,,,,,Condition: S[Used],,,N,N,N,fisher-price-laugh-and-learn-magnetic-cookie-puzzle-toys-and-collectibles,"Fisher-Price Laugh & Learn – used, tested and ready to use.",A,33,Katrina,https://is2or.store/images/thumbnails/570/570/detailed/9/fisher_price__laugh__learn_mag_1727232645_4658b423_progressive.jpg,https://is2or.store/images/detailed/9/fisher_price__laugh__learn_mag_1727232645_4658b423_progressive.jpg
kb8000,en,194,Kids & Baby///Toys & Games,1264,1264,4820,1,,0,N,,LEGO City Police Station,"LEGO City Police Station by LEGO is designed to enhance your child's development with fun and educational features. Condition: 'Brand new', this item has been inspected for quality and is ready for enjoyment.",,,,,,Condition: S[Brand new],,,N,N,N,lego-city-police-station,"LEGO City Police Station – brand new, tested and ready to use.",A,18,Katrina,https://is2or.store/images/thumbnails/570/570/detailed/9/s-l1200_zj4z-a5.jpg,https://is2or.store/images/detailed/9/s-l1200_zj4z-a5.jpg
fsh2000,en,57,Fashion & Accessories,79,79,756,3,,0,N,,Nike Dri-FIT Training Tee,"Nike Dri-FIT Training Tee by Nike offers a mix of comfort and style, perfect for everyday wear. This item has been gently handled, checked for quality, and is ideal for those who want branded fashion at smart prices. Material and cut ensure long-term wearability with a modern edge.",,,,,,Brand: E[Nike],,,N,N,N,nike-dri-fit-training-tee,"Stylish Nike Dri-FIT Training Tee in great condition. Branded, verified, and ready to wear.",A,39,FrankShiop,https://is2or.store/images/thumbnails/570/570/detailed/9/s-l1200.jpg,https://is2or.store/images/detailed/9/s-l1200.jpg
fsh2001,en,58,Fashion & Accessories,104,104,814,2,,0,N,,Adidas Essentials 3-Stripes Hoodie,"Adidas Essentials 3-Stripes Hoodie by Adidas offers a mix of comfort and style, perfect for everyday wear. This item has been gently handled, checked for quality, and is ideal for those who want branded fashion at smart prices. Material and cut ensure long-term wearability with a modern edge.",,,,,,,,,N,N,N,adidas-essentials-3-stripes-hoodie,"Stylish Adidas Essentials 3-Stripes Hoodie in great condition. Branded, verified, and ready to wear.",A,54,FrankShiop,https://is2or.store/images/thumbnails/570/570/detailed/9/adidas_essentials_3_stripes_ho_1746268405_0246fca9_progressive.jpg,https://is2or.store/images/detailed/9/adidas_essentials_3_stripes_ho_1746268405_0246fca9_progressive.jpg
fsh2002,en,59,Fashion & Accessories,84,84,835,4,,0,N,,Zara Slim Fit Shirt,"Zara Slim Fit Shirt by Zara offers a mix of comfort and style, perfect for everyday wear. This item has been gently handled, checked for quality, and is ideal for those who want branded fashion at smart prices. Material and cut ensure long-term wearability with a modern edge.",,,,,,,,,N,N,N,zara-slim-fit-shirt,"Stylish Zara Slim Fit Shirt in great condition. Branded, verified, and ready to wear.",A,21,FrankShiop,https://is2or.store/images/thumbnails/570/570/detailed/9/s-l1200_n5tn-dh.jpg,https://is2or.store/images/detailed/9/s-l1200_n5tn-dh.jpg
fsh2003,en,60,Fashion & Accessories,42,42,387,5,,0,N,,Uniqlo Men's Stretch Jeans,"Uniqlo Men's Stretch Jeans by Uniqlo offers a mix of comfort and style, perfect for everyday wear. This item has been gently handled, checked for quality, and is ideal for those who want branded fashion at smart prices. Material and cut ensure long-term wearability with a modern edge.",,,,,,,,,N,N,N,uniqlo-mens-stretch-jeans,"Stylish Uniqlo Men’s Stretch Jeans in great condition. Branded, verified, and ready to wear.",A,24,FrankShiop,https://is2or.store/images/thumbnails/570/570/detailed/9/uniqlo_jeans__slim_fit_size_30_1728886603_f8db9d05_progressive.jpg,https://is2or.store/images/detailed/9/uniqlo_jeans__slim_fit_size_30_1728886603_f8db9d05_progressive.jpg
fsh2004,en,61,Fashion & Accessories,57,57,848,2,,0,N,,Levi's 511 Slim Fit Jeans,"Levi's 511 Slim Fit Jeans by Levi's offers a mix of comfort and style, perfect for everyday wear. This item has been gently handled, checked for quality, and is ideal for those who want branded fashion at smart prices. Material and cut ensure long-term wearability with a modern edge.",,,,,,,,,N,N,N,levis-511-slim-fit-jeans,"Stylish Levi's 511 Slim Fit Jeans in great condition. Branded, verified, and ready to wear.",A,30,FrankShiop,https://is2or.store/images/thumbnails/570/570/detailed/9/2e478d27f742c494aa41831be370ddd3.jpg,https://is2or.store/images/detailed/9/2e478d27f742c494aa41831be370ddd3.jpg
fsh2005,en,62,Fashion & Accessories,85,85,864,4,,0,N,,H&M Oversized Cotton Shirt,"H&M Oversized Cotton Shirt by H&M offers a mix of comfort and style, perfect for everyday wear. This item has been gently handled, checked for quality, and is ideal for those who want branded fashion at smart prices. Material and cut ensure long-term wearability with a modern edge.",,,,,,,,,N,N,N,h-and-m-oversized-cotton-shirt,"Stylish H&M Oversized Cotton Shirt in great condition. Branded, verified, and ready to wear.",A,33,FrankShiop,https://is2or.store/images/thumbnails/570/570/detailed/9/cf_mellenium_oversize_dark_nav_1650681532_b410dffc_progressive.jpg,https://is2or.store/images/detailed/9/cf_mellenium_oversize_dark_nav_1650681532_b410dffc_progressive.jpg
fsh2006,en,63,Fashion & Accessories,64,64,398,3,,0,N,,Puma Essentials Fleece Joggers,"Puma Essentials Fleece Joggers by Puma offers a mix of comfort and style, perfect for everyday wear. This item has been gently handled, checked for quality, and is ideal for those who want branded fashion at smart prices. Material and cut ensure long-term wearability with a modern edge.",,,,,,,,,N,N,N,puma-essentials-fleece-joggers,"Stylish Puma Essentials Fleece Joggers in great condition. Branded, verified, and ready to wear.",A,24,FrankShiop,https://is2or.store/images/thumbnails/570/570/detailed/9/51fKes-x_wL._AC_SL1500_.jpg,https://is2or.store/images/detailed/9/51fKes-x_wL._AC_SL1500_.jpg
fsh2008,en,64,Fashion & Accessories///Shoes,109,109,563,4,,0,N,,Nike Air Force 1,"Nike Air Force 1 by Nike offers a mix of comfort and style, perfect for everyday wear. This item has been gently handled, checked for quality, and is ideal for those who want branded fashion at smart prices. Material and cut ensure long-term wearability with a modern edge.",,,,,,Brand: E[Nike],,,N,N,N,nike-air-force-1,"Stylish Nike Air Force 1 in great condition. Branded, verified, and ready to wear.",A,21,FrankShiop,https://is2or.store/images/thumbnails/570/570/detailed/9/nike_air_force_1_black_white_t_1731513120_3b7c67ff_progressive.jpg,https://is2or.store/images/detailed/9/nike_air_force_1_black_white_t_1731513120_3b7c67ff_progressive.jpg
fsh2009,en,65,Fashion & Accessories///Shoes,87,87,846,4,,0,N,,Adidas Stan Smith,"Adidas Stan Smith by Adidas offers a mix of comfort and style, perfect for everyday wear. This item has been gently handled, checked for quality, and is ideal for those who want branded fashion at smart prices. Material and cut ensure long-term wearability with a modern edge.",,,,,,,,,N,N,N,adidas-stan-smith,"Stylish Adidas Stan Smith in great condition. Branded, verified, and ready to wear.",A,54,FrankShiop,https://is2or.store/images/thumbnails/570/570/detailed/9/sepatu_adidas_stan_smith_sale__1744811565_a655ee96_progressive.jpg,https://is2or.store/images/detailed/9/sepatu_adidas_stan_smith_sale__1744811565_a655ee96_progressive.jpg
fsh2010,en,66,Fashion & Accessories///Shoes,25,25,850,5,,0,N,,New Balance 574,"New Balance 574 by New Balance offers a mix of comfort and style, perfect for everyday wear. This item has been gently handled, checked for quality, and is ideal for those who want branded fashion at smart prices. Material and cut ensure long-term wearability with a modern edge.",,,,,,,,,N,N,N,new-balance-574,"Stylish New Balance 574 in great condition. Branded, verified, and ready to wear.",A,30,FrankShiop,https://is2or.store/images/thumbnails/570/570/detailed/9/960px-New_Balance_574.jpg,https://is2or.store/images/detailed/9/960px-New_Balance_574.jpg
fsh2011,en,67,Fashion & Accessories///Shoes,74,74,517,5,,0,N,,Converse Chuck Taylor All Star,"Converse Chuck Taylor All Star by Converse offers a mix of comfort and style, perfect for everyday wear. This item has been gently handled, checked for quality, and is ideal for those who want branded fashion at smart prices. Material and cut ensure long-term wearability with a modern edge.",,,,,,,,,N,N,N,converse-chuck-taylor-all-star,"Stylish Converse Chuck Taylor All Star in great condition. Branded, verified, and ready to wear.",A,21,FrankShiop,https://is2or.store/images/thumbnails/570/570/detailed/9/sepatu_converse_chuck_taylor_a_1746623804_240ad43d_progressive.jpg,https://is2or.store/images/detailed/9/sepatu_converse_chuck_taylor_a_1746623804_240ad43d_progressive.jpg
fsh2012,en,68,Fashion & Accessories///Shoes,79,79,469,1,,0,N,,Vans Old Skool,"Vans Old Skool by Vans offers a mix of comfort and style, perfect for everyday wear. This item has been gently handled, checked for quality, and is ideal for those who want branded fashion at smart prices. Material and cut ensure long-term wearability with a modern edge.",,,,,,,,,N,N,N,vans-old-skool,"Stylish Vans Old Skool in great condition. Branded, verified, and ready to wear.",A,18,FrankShiop,https://is2or.store/images/thumbnails/570/570/detailed/9/5b61e20bc9698460ab3e90a83db19821.jpg,https://is2or.store/images/detailed/9/5b61e20bc9698460ab3e90a83db19821.jpg
fsh2013,en,69,Fashion & Accessories///Shoes,86,86,360,3,,0,N,,Dr. Martens 1460 Boots,"Dr. Martens 1460 Boots by Dr. Martens offers a mix of comfort and style, perfect for everyday wear. This item has been gently handled, checked for quality, and is ideal for those who want branded fashion at smart prices. Material and cut ensure long-term wearability with a modern edge.",,,,,,,,,N,N,N,dr-martens-1460-boots,"Stylish Dr. Martens 1460 Boots in great condition. Branded, verified, and ready to wear.",A,21,FrankShiop,https://is2or.store/images/thumbnails/570/570/detailed/9/1460-Antique-Pull-Up-Black-Boot-scaled.jpg,https://is2or.store/images/detailed/9/1460-Antique-Pull-Up-Black-Boot-scaled.jpg
fsh2014,en,70,Fashion & Accessories///Shoes,53,53,730,4,,0,N,,Clarks Desert Boots,"Clarks Desert Boots by Clarks offers a mix of comfort and style, perfect for everyday wear. This item has been gently handled, checked for quality, and is ideal for those who want branded fashion at smart prices. Material and cut ensure long-term wearability with a modern edge.",,,,,,,,,N,N,N,clarks-desert-boots,"Stylish Clarks Desert Boots in great condition. Branded, verified, and ready to wear.",A,39,FrankShiop,https://is2or.store/images/thumbnails/570/570/detailed/9/cc614f8bf29dde14e732f8abc2243d55.jpg,https://is2or.store/images/detailed/9/cc614f8bf29dde14e732f8abc2243d55.jpg
hmf3000,en,71,Home & Furniture///Living Room Furniture,2628,2628,10330,3,,0,N,,IKEA EKTORP Sofa,"IKEA EKTORP Sofa by IKEA is a practical and stylish choice for your space. Inspected for quality and functionality, it’s ideal for home upgrades without going over budget. Perfect for adding comfort and class to your living environment.",,,,,,,,,N,N,N,ikea-ektorp-sofa,"IKEA EKTORP Sofa – reliable, clean, and ready to use.",A,24,Lala,https://is2or.store/images/thumbnails/570/570/detailed/9/f2054da9-3f86-4ec5-9e35-1426bfb64598.jpg,https://is2or.store/images/detailed/9/f2054da9-3f86-4ec5-9e35-1426bfb64598.jpg
hmf3001,en,72,Home & Furniture///Living Room Furniture,2617,2617,7606,3,,0,N,,West Elm Coffee Table,"West Elm Coffee Table by West Elm is a practical and stylish choice for your space. Inspected for quality and functionality, it’s ideal for home upgrades without going over budget. Perfect for adding comfort and class to your living environment.",,,,,,,,,N,N,N,west-elm-coffee-table,"West Elm Coffee Table – reliable, clean, and ready to use.",A,21,Lala,https://is2or.store/images/thumbnails/570/570/detailed/9/1729699205-retro-tripod-coffee-table-32-o.jpg,https://is2or.store/images/detailed/9/1729699205-retro-tripod-coffee-table-32-o.jpg
hmf3002,en,73,Home & Furniture///Living Room Furniture,720,720,16344,5,,0,N,,Ashley Recliner Chair,"Ashley Recliner Chair by Ashley is a practical and stylish choice for your space. Inspected for quality and functionality, it’s ideal for home upgrades without going over budget. Perfect for adding comfort and class to your living environment.",,,,,,,,,N,N,N,ashley-recliner-chair,"Ashley Recliner Chair – reliable, clean, and ready to use.",A,24,Lala,https://is2or.store/images/thumbnails/570/570/detailed/9/id-11134207-7r98y-lvmvzywhjkmr25.jpg,https://is2or.store/images/detailed/9/id-11134207-7r98y-lvmvzywhjkmr25.jpg
hmf3003,en,74,Home & Furniture///Bedroom Sets,290,290,9120,5,,0,N,,IKEA MALM Bed Frame,"IKEA MALM Bed Frame by IKEA is a practical and stylish choice for your space. Inspected for quality and functionality, it’s ideal for home upgrades without going over budget. Perfect for adding comfort and class to your living environment.",,,,,,,,,N,N,N,ikea-malm-bed-frame,"IKEA MALM Bed Frame – reliable, clean, and ready to use.",A,30,Lala,https://is2or.store/images/thumbnails/570/570/detailed/9/ikea_malm_rangka_tempat_tidur__1693971537_b3f178bf_progressive.jpg,https://is2or.store/images/detailed/9/ikea_malm_rangka_tempat_tidur__1693971537_b3f178bf_progressive.jpg
hmf3004,en,75,Home & Furniture///Bedroom Sets,1952,1952,11218,4,,0,N,,Pottery Barn Dresser Set,"Pottery Barn Dresser Set by Pottery Barn is a practical and stylish choice for your space. Inspected for quality and functionality, it’s ideal for home upgrades without going over budget. Perfect for adding comfort and class to your living environment.",,,,,,,,,N,N,N,pottery-barn-dresser-set,"Pottery Barn Dresser Set – reliable, clean, and ready to use.",A,21,Lala,https://is2or.store/images/thumbnails/570/570/detailed/9/715AvcqO3uL.jpg,https://is2or.store/images/detailed/9/715AvcqO3uL.jpg
hmf3006,en,76,Home & Furniture///Dining Sets,422,422,18229,2,,0,N,,IKEA INGATORP Dining Set,"IKEA INGATORP Dining Set by IKEA is a practical and stylish choice for your space. Inspected for quality and functionality, it’s ideal for home upgrades without going over budget. Perfect for adding comfort and class to your living environment.",,,,,,,,,N,N,N,ikea-ingatorp-dining-set,"IKEA INGATORP Dining Set – reliable, clean, and ready to use.",A,39,Lala,https://is2or.store/images/thumbnails/570/570/detailed/9/0208605_PE307166_S5.jpg,https://is2or.store/images/detailed/9/0208605_PE307166_S5.jpg
hmf3007,en,77,Home & Furniture///Dining Sets,1542,1542,12880,1,,0,N,,CB2 Glass Dining Table,"CB2 Glass Dining Table by CB2 is a practical and stylish choice for your space. Inspected for quality and functionality, it’s ideal for home upgrades without going over budget. Perfect for adding comfort and class to your living environment.",,,,,,,,,N,N,N,cb2-glass-dining-table,"CB2 Glass Dining Table – reliable, clean, and ready to use.",A,30,Lala,https://is2or.store/images/thumbnails/570/570/detailed/9/17f05b649970416d94a6ac6f55be6a56.jpg,https://is2or.store/images/detailed/9/17f05b649970416d94a6ac6f55be6a56.jpg
hmf3008,en,78,Home & Furniture///Dining Sets,1394,1394,15112,1,,0,N,,Crate & Barrel Dining Chairs,"Crate & Barrel Dining Chairs by Crate & Barrel is a practical and stylish choice for your space. Inspected for quality and functionality, it’s ideal for home upgrades without going over budget. Perfect for adding comfort and class to your living environment.",,,,,,,,,N,N,N,crate-and-barrel-dining-chairs,"Crate & Barrel Dining Chairs – reliable, clean, and ready to use.",A,21,Lala,https://is2or.store/images/thumbnails/570/570/detailed/9/1602688084.66724927646.jpeg,https://is2or.store/images/detailed/9/1602688084.66724927646.jpeg
hmf3009,en,79,Home & Furniture///Office Furniture,604,604,10959,3,,0,N,,Herman Miller Task Chair,"Herman Miller Task Chair by Herman Miller is a practical and stylish choice for your space. Inspected for quality and functionality, it’s ideal for home upgrades without going over budget. Perfect for adding comfort and class to your living environment.",,,,,,,,,N,N,N,herman-miller-task-chair,"Herman Miller Task Chair – reliable, clean, and ready to use.",A,18,Lala,https://is2or.store/images/thumbnails/570/570/detailed/9/36741200000007DSC_3014.jpg,https://is2or.store/images/detailed/9/36741200000007DSC_3014.jpg
hmf3010,en,80,Home & Furniture///Office Furniture,1654,1654,5818,3,,0,N,,IKEA BEKANT Desk,"IKEA BEKANT Desk by IKEA is a practical and stylish choice for your space. Inspected for quality and functionality, it’s ideal for home upgrades without going over budget. Perfect for adding comfort and class to your living environment.",,,,,,,,,N,N,N,ikea-bekant-desk,"IKEA BEKANT Desk – reliable, clean, and ready to use.",A,24,Lala,https://is2or.store/images/thumbnails/570/570/detailed/9/s-l1200_yv81-hk.jpg,https://is2or.store/images/detailed/9/s-l1200_yv81-hk.jpg
hmf3011,en,81,Home & Furniture///Office Furniture,860,860,15423,3,,0,N,,FlexiSpot Standing Desk,"FlexiSpot Standing Desk by FlexiSpot is a practical and stylish choice for your space. Inspected for quality and functionality, it’s ideal for home upgrades without going over budget. Perfect for adding comfort and class to your living environment.",,,,,,,,,N,N,N,flexispot-standing-desk,"FlexiSpot Standing Desk – reliable, clean, and ready to use.",A,27,Lala,https://is2or.store/images/thumbnails/570/570/detailed/9/2x858vpjf4ob1.jpg,https://is2or.store/images/detailed/9/2x858vpjf4ob1.jpg
hmf3012,en,82,Home & Furniture///Outdoor Furniture,1730,1730,2877,1,,0,N,,Home Depot Patio Set,"Home Depot Patio Set by Home Depot is a practical and stylish choice for your space. Inspected for quality and functionality, it’s ideal for home upgrades without going over budget. Perfect for adding comfort and class to your living environment.",,,,,,,,,N,N,N,home-depot-patio-set,"Home Depot Patio Set – reliable, clean, and ready to use.",A,15,Lala,https://is2or.store/images/thumbnails/570/570/detailed/9/559730E7-ED2C-4277-AB6B-CA80676A0FE4.jpeg,https://is2or.store/images/detailed/9/559730E7-ED2C-4277-AB6B-CA80676A0FE4.jpeg
hmf3013,en,83,Home & Furniture///Outdoor Furniture,703,703,3381,5,,0,N,,Lowe's Garden Bench,"Lowe's Garden Bench by Lowe's is a practical and stylish choice for your space. Inspected for quality and functionality, it’s ideal for home upgrades without going over budget. Perfect for adding comfort and class to your living environment.",,,,,,,,,N,N,N,lowes-garden-bench,"Lowe's Garden Bench – reliable, clean, and ready to use.",A,30,Lala,https://is2or.store/images/thumbnails/570/570/detailed/9/64420477.jpg,https://is2or.store/images/detailed/9/64420477.jpg
hmf3014,en,84,Home & Furniture///Outdoor Furniture,240,240,6763,1,,0,N,,Wayfair Outdoor Swing,"Wayfair Outdoor Swing by Wayfair is a practical and stylish choice for your space. Inspected for quality and functionality, it’s ideal for home upgrades without going over budget. Perfect for adding comfort and class to your living environment.",,,,,,,,,N,N,N,wayfair-outdoor-swing,"Wayfair Outdoor Swing – reliable, clean, and ready to use.",A,18,Lala,https://is2or.store/images/thumbnails/570/570/detailed/9/assets_product-images_wayfair_osnn1562_silas-swing-chair-with-stand-827d1827.jpg,https://is2or.store/images/detailed/9/assets_product-images_wayfair_osnn1562_silas-swing-chair-with-stand-827d1827.jpg
hmf3015,en,85,Home & Furniture///Home Appliances,1825,1825,6049,2,,0,N,,Samsung Microwave Oven,"Samsung Microwave Oven by Samsung is a practical and stylish choice for your space. Inspected for quality and functionality, it’s ideal for home upgrades without going over budget. Perfect for adding comfort and class to your living environment.",,,,,,Brand: E[Samsung],,,N,N,N,samsung-microwave-oven,"Samsung Microwave Oven – reliable, clean, and ready to use.",A,15,Lala,https://is2or.store/images/thumbnails/570/570/detailed/9/samsung_microwave_kapasitas_20_1723199254_4c9a247a_progressive.jpg,https://is2or.store/images/detailed/9/samsung_microwave_kapasitas_20_1723199254_4c9a247a_progressive.jpg
hmf3016,en,86,Home & Furniture///Home Appliances,1892,1892,16743,4,,0,N,,LG Front Load Washer,"LG Front Load Washer by LG is a practical and stylish choice for your space. Inspected for quality and functionality, it’s ideal for home upgrades without going over budget. Perfect for adding comfort and class to your living environment.",,,,,,,,,N,N,N,lg-front-load-washer,"LG Front Load Washer – reliable, clean, and ready to use.",A,12,Lala,https://is2or.store/images/thumbnails/570/570/detailed/9/7a05bbfc-58a2-5d66-8372-80be8e668f3d.jpg,https://is2or.store/images/detailed/9/7a05bbfc-58a2-5d66-8372-80be8e668f3d.jpg
hmf3017,en,87,Home & Furniture///Home Appliances,1528,1528,14567,5,,0,N,,Panasonic Air Purifier,"Panasonic Air Purifier by Panasonic is a practical and stylish choice for your space. Inspected for quality and functionality, it’s ideal for home upgrades without going over budget. Perfect for adding comfort and class to your living environment.",,,,,,,,,N,N,N,panasonic-air-purifier,"Panasonic Air Purifier – reliable, clean, and ready to use.",A,18,Lala,https://is2or.store/images/thumbnails/570/570/detailed/9/panasonic_air_purifier_fvxe40_1682646529_6f6a9895_progressive.jpg,https://is2or.store/images/detailed/9/panasonic_air_purifier_fvxe40_1682646529_6f6a9895_progressive.jpg
hmf3018,en,88,Home & Furniture///Kitchen Equipment,1861,1861,11723,5,,0,N,,Philips Air Fryer,"Philips Air Fryer by Philips is a practical and stylish choice for your space. Inspected for quality and functionality, it’s ideal for home upgrades without going over budget. Perfect for adding comfort and class to your living environment.",,,,,,,,,N,N,N,philips-air-fryer,"Philips Air Fryer – reliable, clean, and ready to use.",A,18,Lala,https://is2or.store/images/thumbnails/570/570/detailed/9/WhatsAppImage2025-01-01at6.50.22PM_1.jpg,https://is2or.store/images/detailed/9/WhatsAppImage2025-01-01at6.50.22PM_1.jpg
hmf3019,en,89,Home & Furniture///Kitchen Equipment,1591,1591,7993,4,,0,N,,Kenwood Food Processor,"Kenwood Food Processor by Kenwood is a practical and stylish choice for your space. Inspected for quality and functionality, it’s ideal for home upgrades without going over budget. Perfect for adding comfort and class to your living environment.",,,,,,,,,N,N,N,kenwood-food-processor,"Kenwood Food Processor – reliable, clean, and ready to use.",A,18,Lala,https://is2or.store/images/thumbnails/570/570/detailed/9/s-l1200_bgd0-3w.jpg,https://is2or.store/images/detailed/9/s-l1200_bgd0-3w.jpg
hmf3020,en,90,Home & Furniture///Kitchen Equipment,2173,2173,16543,5,,0,N,,Bosch Blender,"Bosch Blender by Bosch is a practical and stylish choice for your space. Inspected for quality and functionality, it’s ideal for home upgrades without going over budget. Perfect for adding comfort and class to your living environment.",,,,,,,,,N,N,N,bosch-blender,"Bosch Blender – reliable, clean, and ready to use.",A,21,Lala,https://is2or.store/images/thumbnails/570/570/detailed/9/blender_bosch_1688608265_3d3b0e21.jpg,https://is2or.store/images/detailed/9/blender_bosch_1688608265_3d3b0e21.jpg
hmf3021,en,91,Home & Furniture///Light Fixtures,429,429,3138,2,,0,N,,IKEA Pendant Light,"IKEA Pendant Light by IKEA is a practical and stylish choice for your space. Inspected for quality and functionality, it’s ideal for home upgrades without going over budget. Perfect for adding comfort and class to your living environment.",,,,,,,,,N,N,N,ikea-pendant-light,"IKEA Pendant Light – reliable, clean, and ready to use.",A,18,Lala,https://is2or.store/images/thumbnails/570/570/detailed/9/s-l1200_2a1l-45.jpg,https://is2or.store/images/detailed/9/s-l1200_2a1l-45.jpg
hmf3022,en,92,Home & Furniture///Light Fixtures,2439,2439,13538,3,,0,N,,Philips LED Ceiling Light,"Philips LED Ceiling Light by Philips is a practical and stylish choice for your space. Inspected for quality and functionality, it’s ideal for home upgrades without going over budget. Perfect for adding comfort and class to your living environment.",,,,,,,,,N,N,N,philips-led-ceiling-light,"Philips LED Ceiling Light – reliable, clean, and ready to use.",A,18,Lala,https://is2or.store/images/thumbnails/570/570/detailed/9/id-11134207-7qul1-limmnxwa674m28.jpg,https://is2or.store/images/detailed/9/id-11134207-7qul1-limmnxwa674m28.jpg
hmf3023,en,93,Home & Furniture///Light Fixtures,2994,2994,14606,3,,0,N,,West Elm Table Lamp,"West Elm Table Lamp by West Elm is a practical and stylish choice for your space. Inspected for quality and functionality, it’s ideal for home upgrades without going over budget. Perfect for adding comfort and class to your living environment.",,,,,,,,,N,N,N,west-elm-table-lamp,"West Elm Table Lamp – reliable, clean, and ready to use.",A,15,Lala,https://is2or.store/images/thumbnails/570/570/detailed/9/bingley-table-lamp-165-q.jpg,https://is2or.store/images/detailed/9/bingley-table-lamp-165-q.jpg
hmf3024,en,94,Home & Furniture///Rugs & Carpets,996,996,14089,4,,0,N,,IKEA LOHALS Rug,"IKEA LOHALS Rug by IKEA is a practical and stylish choice for your space. Inspected for quality and functionality, it’s ideal for home upgrades without going over budget. Perfect for adding comfort and class to your living environment.",,,,,,,,,N,N,N,ikea-lohals-rug,"IKEA LOHALS Rug – reliable, clean, and ready to use.",A,18,Lala,https://is2or.store/images/thumbnails/570/570/detailed/9/2c3736484e7ef8bc94a95b7b36d7199a-2929462300282074231.jpg,https://is2or.store/images/detailed/9/2c3736484e7ef8bc94a95b7b36d7199a-2929462300282074231.jpg
hmf3025,en,95,Home & Furniture///Rugs & Carpets,1830,1830,2185,4,,0,N,,Urban Outfitters Boho Rug,"Urban Outfitters Boho Rug by Urban Outfitters is a practical and stylish choice for your space. Inspected for quality and functionality, it’s ideal for home upgrades without going over budget. Perfect for adding comfort and class to your living environment.",,,,,,,,,N,N,N,urban-outfitters-boho-rug,"Urban Outfitters Boho Rug – reliable, clean, and ready to use.",A,18,Lala,https://is2or.store/images/thumbnails/570/570/detailed/9/__57.PNG,https://is2or.store/images/detailed/9/__57.PNG
hmf3026,en,96,Home & Furniture///Rugs & Carpets,213,213,10084,3,,0,N,,Home Centre Shaggy Carpet,"Home Centre Shaggy Carpet by Home Centre is a practical and stylish choice for your space. Inspected for quality and functionality, it’s ideal for home upgrades without going over budget. Perfect for adding comfort and class to your living environment.",,,,,,,,,N,N,N,home-centre-shaggy-carpet,"Home Centre Shaggy Carpet – reliable, clean, and ready to use.",A,18,Lala,https://is2or.store/images/thumbnails/570/570/detailed/9/165642744-165642744-HC25042023_01-2100.jpg,https://is2or.store/images/detailed/9/165642744-165642744-HC25042023_01-2100.jpg
bkm4000,en,97,Books & Media///Books,122,122,995,5,,0,N,,The Midnight Library,'The Midnight Library' by Matt Haig is a compelling story that blends emotion and insight. A perfect addition for readers seeking depth and resonance.,,,,,,,,,N,N,N,the-midnight-library,The Midnight Library by Matt Haig. Well-kept and ready to enjoy.,A,27,JuJiaoXin,https://is2or.store/images/thumbnails/570/570/detailed/9/s-l1200_egae-gv.jpg,https://is2or.store/images/detailed/9/s-l1200_egae-gv.jpg
bkm4001,en,98,Books & Media///Books,104,104,588,4,,0,N,,Atomic Habits,'Atomic Habits' by James Clear is a compelling story that blends emotion and insight. A perfect addition for readers seeking depth and resonance.,,,,,,,,,N,N,N,atomic-habits,Atomic Habits by James Clear. Well-kept and ready to enjoy.,A,27,JuJiaoXin,https://is2or.store/images/thumbnails/570/570/detailed/9/atomic_habits__james_clear_1713087829_98b3e9d4_progressive.jpg,https://is2or.store/images/detailed/9/atomic_habits__james_clear_1713087829_98b3e9d4_progressive.jpg
bkm4002,en,99,Books & Media///Books,41,41,465,5,,0,N,,A Man Called Ove,'A Man Called Ove' by Fredrik Backman is a compelling story that blends emotion and insight. A perfect addition for readers seeking depth and resonance.,,,,,,,,,N,N,N,a-man-called-ove,A Man Called Ove by Fredrik Backman. Well-kept and ready to enjoy.,A,24,JuJiaoXin,https://is2or.store/images/thumbnails/570/570/detailed/9/screenshot-20230313-094001-facebook-640e8db208a8b56363756e12.jpg,https://is2or.store/images/detailed/9/screenshot-20230313-094001-facebook-640e8db208a8b56363756e12.jpg
bkm4003,en,100,Books & Media///Books,111,111,1063,5,,0,N,,Sapiens: A Brief History of Humankind,'Sapiens: A Brief History of Humankind' by Yuval Noah Harari is a compelling story that blends emotion and insight. A perfect addition for readers seeking depth and resonance.,,,,,,,,,N,N,N,sapiens-a-brief-history-of-humankind,Sapiens: A Brief History of Humankind by Yuval Noah Harari. Well-kept and ready to enjoy.,A,27,JuJiaoXin,https://is2or.store/images/thumbnails/570/570/detailed/9/Sapiens-scaled.jpg,https://is2or.store/images/detailed/9/Sapiens-scaled.jpg
bkm4004,en,101,Books & Media///Textbooks,171,171,867,2,,0,N,,Calculus: Early Transcendentals,Calculus: Early Transcendentals by James Stewart is a widely used reference across universities. Ideal for learners aiming to master concepts with clear examples and structured content.,,,,,,,,,N,N,N,calculus-early-transcendentals,Calculus: Early Transcendentals by James Stewart. Well-kept and ready to enjoy.,A,30,JuJiaoXin,https://is2or.store/images/thumbnails/570/570/detailed/9/s-l400.jpg,https://is2or.store/images/detailed/9/s-l400.jpg
bkm4005,en,102,Books & Media///Textbooks,238,238,212,1,,0,N,,Fundamentals of Physics,Fundamentals of Physics by Halliday & Resnick is a widely used reference across universities. Ideal for learners aiming to master concepts with clear examples and structured content.,,,,,,,,,N,N,N,fundamentals-of-physics,Fundamentals of Physics by Halliday & Resnick. Well-kept and ready to enjoy.,A,24,JuJiaoXin,https://is2or.store/images/thumbnails/570/570/detailed/9/0471758019.jpg,https://is2or.store/images/detailed/9/0471758019.jpg
bkm4006,en,103,Books & Media///Textbooks,123,123,397,2,,0,N,,Campbell Biology,Campbell Biology by Jane B. Reece is a widely used reference across universities. Ideal for learners aiming to master concepts with clear examples and structured content.,,,,,,,,,N,N,N,campbell-biology,Campbell Biology by Jane B. Reece. Well-kept and ready to enjoy.,A,30,JuJiaoXin,https://is2or.store/images/thumbnails/570/570/detailed/9/4c58e38b-732d-4af6-bf33-e789b0fb478f.jpg,https://is2or.store/images/detailed/9/4c58e38b-732d-4af6-bf33-e789b0fb478f.jpg
bkm4007,en,104,Books & Media///Textbooks,113,113,867,3,,0,N,,Macroeconomics,Macroeconomics by N. Gregory Mankiw is a widely used reference across universities. Ideal for learners aiming to master concepts with clear examples and structured content.,,,,,,,,,N,N,N,macroeconomics,Macroeconomics by N. Gregory Mankiw. Well-kept and ready to enjoy.,A,24,JuJiaoXin,https://is2or.store/images/thumbnails/570/570/detailed/9/S33819eaf88b949859b0545173096a86bP.jpg,https://is2or.store/images/detailed/9/S33819eaf88b949859b0545173096a86bP.jpg
bkm4008,en,105,Books & Media///Vinyl Records,150,150,1017,1,,0,N,,Abbey Road,"Abbey Road by The Beatles on vinyl delivers warm, classic sound. A must-have for collectors and audiophiles who appreciate timeless music.",,,,,,,,,N,N,N,abbey-road,Abbey Road by The Beatles. Well-kept and ready to enjoy.,A,24,JuJiaoXin,https://is2or.store/images/thumbnails/570/570/detailed/9/DSCF1711e-scaled.jpg,https://is2or.store/images/detailed/9/DSCF1711e-scaled.jpg
bkm4009,en,106,Books & Media///Vinyl Records,94,94,627,2,,0,N,,Thriller,"Thriller by Michael Jackson on vinyl delivers warm, classic sound. A must-have for collectors and audiophiles who appreciate timeless music.",,,,,,,,,N,N,N,thriller,Thriller by Michael Jackson. Well-kept and ready to enjoy.,A,33,JuJiaoXin,https://is2or.store/images/thumbnails/570/570/detailed/9/s-l400_geya-c9.jpg,https://is2or.store/images/detailed/9/s-l400_geya-c9.jpg
bkm4010,en,107,Books & Media///Vinyl Records,136,136,436,2,,0,N,,Back to Black,"Back to Black by Amy Winehouse on vinyl delivers warm, classic sound. A must-have for collectors and audiophiles who appreciate timeless music.",,,,,,,,,N,N,N,back-to-black,Back to Black by Amy Winehouse. Well-kept and ready to enjoy.,A,27,JuJiaoXin,https://is2or.store/images/thumbnails/570/570/detailed/9/amywinehouse-backtoblack.jpg,https://is2or.store/images/detailed/9/amywinehouse-backtoblack.jpg
bkm4011,en,108,Books & Media///Vinyl Records,140,140,282,1,,0,N,,Rumours,"Rumours by Fleetwood Mac on vinyl delivers warm, classic sound. A must-have for collectors and audiophiles who appreciate timeless music.",,,,,,,,,N,N,N,rumours,Rumours by Fleetwood Mac. Well-kept and ready to enjoy.,A,24,JuJiaoXin,https://is2or.store/images/thumbnails/570/570/detailed/9/d652f8b3-44a9-4890-8cce-cb93d77a0df8.jpg,https://is2or.store/images/detailed/9/d652f8b3-44a9-4890-8cce-cb93d77a0df8.jpg
bkm4012,en,109,Books & Media///CDs & DVDs,48,48,1150,3,,0,N,,Inception - DVD,"Inception - DVD by Christopher Nolan brings cinematic and musical brilliance to your shelf. Whether it's a film night or nostalgia trip, this is a solid pick.",,,,,,,,,N,N,N,inception-dvd,Inception - DVD by Christopher Nolan. Well-kept and ready to enjoy.,A,24,JuJiaoXin,https://is2or.store/images/thumbnails/570/570/detailed/9/s-l1200_flor-jl.jpg,https://is2or.store/images/detailed/9/s-l1200_flor-jl.jpg
bkm4013,en,110,Books & Media///CDs & DVDs,114,114,720,4,,0,N,,Adele 21 - CD,"Adele 21 - CD by Adele brings cinematic and musical brilliance to your shelf. Whether it’s a film night or nostalgia trip, this is a solid pick.",,,,,,,,,N,N,N,adele-21-cd,Adele 21 - CD by Adele. Well-kept and ready to enjoy.,A,24,JuJiaoXin,https://is2or.store/images/thumbnails/570/570/detailed/9/6868991_df0e7432-2e12-499a-bad1-717ef669690d_607_607.jpg,https://is2or.store/images/detailed/9/6868991_df0e7432-2e12-499a-bad1-717ef669690d_607_607.jpg
bkm4014,en,111,Books & Media///CDs & DVDs,39,39,264,5,,0,N,,Interstellar - DVD,"Interstellar - DVD by Christopher Nolan brings cinematic and musical brilliance to your shelf. Whether it's a film night or nostalgia trip, this is a solid pick.",,,,,,,,,N,N,N,interstellar-dvd,Interstellar - DVD by Christopher Nolan. Well-kept and ready to enjoy.,A,24,JuJiaoXin,https://is2or.store/images/thumbnails/570/570/detailed/9/0_568a387d-58d6-44bd-96a7-6a6d6a979e99_581_1032.jpg,https://is2or.store/images/detailed/9/0_568a387d-58d6-44bd-96a7-6a6d6a979e99_581_1032.jpg
bkm4015,en,112,Books & Media///CDs & DVDs,244,244,991,3,,0,N,,Guardians of the Galaxy Soundtrack - CD,"Guardians of the Galaxy Soundtrack - CD by Various Artists brings cinematic and musical brilliance to your shelf. Whether it's a film night or nostalgia trip, this is a solid pick.",,,,,,,,,N,N,N,guardians-of-the-galaxy-soundtrack-cd,Guardians of the Galaxy Soundtrack - CD by Various Artists. Well-kept and ready to enjoy.,A,27,JuJiaoXin,https://is2or.store/images/thumbnails/570/570/detailed/9/40ed120426dd07a7103ef8bd336c4cec.jpg,https://is2or.store/images/detailed/9/40ed120426dd07a7103ef8bd336c4cec.jpg
bkm4017,en,113,Books & Media///Comic Books,213,213,265,4,,0,N,,Spider-Man: Blue,"Spider-Man: Blue by Jeph Loeb is a visual and narrative masterpiece, capturing iconic moments and deep characters. Perfect for fans and collectors alike.",,,,,,,,,N,N,N,spider-man-blue,Spider-Man: Blue by Jeph Loeb. Well-kept and ready to enjoy.,A,18,JuJiaoXin,https://is2or.store/images/thumbnails/570/570/detailed/9/s-l1200_ihzj-vp.jpg,https://is2or.store/images/detailed/9/s-l1200_ihzj-vp.jpg
bkm4018,en,114,Books & Media///Comic Books,43,43,1110,3,,0,N,,Watchmen,"Watchmen by Alan Moore is a visual and narrative masterpiece, capturing iconic moments and deep characters. Perfect for fans and collectors alike.",,,,,,,,,N,N,N,watchmen,Watchmen by Alan Moore. Well-kept and ready to enjoy.,A,18,JuJiaoXin,https://is2or.store/images/thumbnails/570/570/detailed/9/s-l1200_mdpd-ry.jpg,https://is2or.store/images/detailed/9/s-l1200_mdpd-ry.jpg
bkm4019,en,115,Books & Media///Comic Books,65,65,1004,1,,0,N,,Saga Vol. 1,"Saga Vol. 1 by Brian K. Vaughan is a visual and narrative masterpiece, capturing iconic moments and deep characters. Perfect for fans and collectors alike.",,,,,,,,,N,N,N,saga-vol-1,Saga Vol. 1 by Brian K. Vaughan. Well-kept and ready to enjoy.,A,18,JuJiaoXin,https://is2or.store/images/thumbnails/570/570/detailed/9/IMG_3995.jpg,https://is2or.store/images/detailed/9/IMG_3995.jpg
bkm4020,en,116,Books & Media///Magazines,166,166,1140,4,,0,N,,National Geographic - March 2023,"National Geographic - March 2023 by National Geographic offers a curated window into global trends, style, and ideas. Ideal for coffee tables or personal inspiration.",,,,,,,,,N,N,N,national-geographic-march-2023,National Geographic - March 2023 by National Geographic. Well-kept and ready to enjoy.,A,12,JuJiaoXin,https://is2or.store/images/thumbnails/570/570/detailed/9/s-l1200_o654-co.jpg,https://is2or.store/images/detailed/9/s-l1200_o654-co.jpg
bkm4021,en,117,Books & Media///Magazines,134,134,678,4,,0,N,,VOGUE PARIS Fashion COLLECTIONS Spring Summer 2023 No 35,"Vogue - Spring Edition by Vogue offers a curated window into global trends, style, and ideas. Ideal for coffee tables or personal inspiration.",,,,,,,,,N,N,N,vogue-paris-fashion-collections-spring-summer-2023-no-35,Vogue - Spring Edition by Vogue. Well-kept and ready to enjoy.,A,9,JuJiaoXin,https://is2or.store/images/thumbnails/570/570/detailed/9/s-l1200_n2d9-j0.jpg,https://is2or.store/images/detailed/9/s-l1200_n2d9-j0.jpg
bkm4023,en,118,Books & Media///Magazines,32,32,356,5,,0,N,,2023 FORBES Magazine April May Inside the A.I. Gold Rush AI Alexandr Wang,"Forbes - Billionaires List by Forbes offers a curated window into global trends, style, and ideas. Ideal for coffee tables or personal inspiration.",,,,,,,,,N,N,N,2023-forbes-magazine-april-may-inside-the-a-i-gold-rush-ai-alexandr-wang,Forbes - Billionaires List by Forbes. Well-kept and ready to enjoy.,A,21,JuJiaoXin,https://is2or.store/images/thumbnails/570/570/detailed/9/s-l1200_61df-h9.jpg,https://is2or.store/images/detailed/9/s-l1200_61df-h9.jpg
bkm4024,en,119,Books & Media///Collectible Publications,101,101,998,1,,0,N,,Harry Potter and the Philosopher's Stone UK 1st edition: J.K. Rowling,Harry Potter First Edition by J.K. Rowling is a prized collectible with unique print history. A rare find that speaks to true literary connoisseurs.,,,,,,,,,N,N,N,harry-potter-and-the-philosophers-stone-uk-1st-edition-j-k-rowling,Harry Potter First Edition by J.K. Rowling. Well-kept and ready to enjoy.,A,18,JuJiaoXin,https://is2or.store/images/thumbnails/570/570/detailed/9/71FsXsYXGCL._AC_UF1000%2C1000_QL80_.jpg,"https://is2or.store/images/detailed/9/71FsXsYXGCL._AC_UF1000,1000_QL80_.jpg"
bkm4025,en,120,Books & Media///Collectible Publications,246,246,905,4,,0,N,,The Hobbit Illustrated Copy,The Hobbit Illustrated Copy by J.R.R. Tolkien is a prized collectible with unique print history. A rare find that speaks to true literary connoisseurs.,,,,,,,,,N,N,N,the-hobbit-illustrated-copy,The Hobbit Illustrated Copy by J.R.R. Tolkien. Well-kept and ready to enjoy.,A,15,JuJiaoXin,https://is2or.store/images/thumbnails/570/570/detailed/9/B1-wK_i85QL._CR0%2C0%2C4284%2C2418_SR684%2C386_.jpg,"https://is2or.store/images/detailed/9/B1-wK_i85QL._CR0,0,4284,2418_SR684,386_.jpg"
bkm4026,en,121,Books & Media///Collectible Publications,87,87,430,2,,0,N,,The Great Gatsby - 1925 Print,The Great Gatsby - 1925 Print by F. Scott Fitzgerald is a prized collectible with unique print history. A rare find that speaks to true literary connoisseurs.,,,,,,,,,N,N,N,the-great-gatsby-1925-print,The Great Gatsby - 1925 Print by F. Scott Fitzgerald. Well-kept and ready to enjoy.,A,12,JuJiaoXin,https://is2or.store/images/thumbnails/570/570/detailed/9/s-l1200_6z4d-3y.jpg,https://is2or.store/images/detailed/9/s-l1200_6z4d-3y.jpg
bkm4027,en,122,Books & Media///Collectible Publications,155,155,483,5,,0,N,,Sherlock Holmes Leatherbound,Sherlock Holmes Leatherbound by Arthur Conan Doyle is a prized collectible with unique print history. A rare find that speaks to true literary connoisseurs.,,,,,,,,,N,N,N,sherlock-holmes-leatherbound,Sherlock Holmes Leatherbound by Arthur Conan Doyle. Well-kept and ready to enjoy.,A,18,JuJiaoXin,https://is2or.store/images/thumbnails/570/570/detailed/9/id-11134207-7r98r-lrx71kur8v6552.jpg,https://is2or.store/images/detailed/9/id-11134207-7r98r-lrx71kur8v6552.jpg
bkm4028,en,123,Books & Media///Educational Materials,246,246,445,4,,0,N,,The Official Digital SAT Study Guide 2024,"SAT Practice Guide 2024 by The College Board is a practical, goal-oriented resource designed to help learners excel in exams or coursework.",,,,,,,,,N,N,N,the-official-digital-sat-study-guide-2024,SAT Practice Guide 2024 by The College Board. Well-kept and ready to enjoy.,A,15,JuJiaoXin,https://is2or.store/images/thumbnails/570/570/detailed/9/s-l1200_ojvw-3f.jpg,https://is2or.store/images/detailed/9/s-l1200_ojvw-3f.jpg
bkm4029,en,124,Books & Media///Educational Materials,90,90,749,4,,0,N,,IELTS Practice Tests Ser.: Ielts 15. General Training Student's Book,"IELTS Preparation Book by Cambridge is a practical, goal-oriented resource designed to help learners excel in exams or coursework.",,,,,,,,,N,N,N,ielts-practice-tests-ser-ielts-15-general-training-students-book,IELTS Preparation Book by Cambridge. Well-kept and ready to enjoy.,A,18,JuJiaoXin,https://is2or.store/images/thumbnails/570/570/detailed/9/s-l1600.webp,https://is2or.store/images/detailed/9/s-l1600.webp
bkm4030,en,125,Books & Media///Educational Materials,193,193,1074,4,,0,N,,GMAT Official Guide 2022 (White print),"GMAT Official Guide by GMAC is a practical, goal-oriented resource designed to help learners excel in exams or coursework.",,,,,,,,,N,N,N,gmat-official-guide-2022-white-print,GMAT Official Guide by GMAC. Well-kept and ready to enjoy.,A,15,JuJiaoXin,https://is2or.store/images/thumbnails/570/570/detailed/9/8f0f4eb4b25ac8e80bfc2cbfa36b0cab.jpg_720x720q80.jpg,https://is2or.store/images/detailed/9/8f0f4eb4b25ac8e80bfc2cbfa36b0cab.jpg_720x720q80.jpg
bkm4031,en,126,Books & Media///Educational Materials,91,91,219,3,,0,N,,Kumon Math Workbook,"Kumon Math Workbook by Kumon Publishing is a practical, goal-oriented resource designed to help learners excel in exams or coursework.",,,,,,,,,N,N,N,kumon-math-workbook,Kumon Math Workbook by Kumon Publishing. Well-kept and ready to enjoy.,A,21,JuJiaoXin,https://is2or.store/images/thumbnails/570/570/detailed/9/id-11134207-7r98v-lp8vbxchumwjf4.jpg,https://is2or.store/images/detailed/9/id-11134207-7r98v-lp8vbxchumwjf4.jpg
veh5000,en,127,Vehicles & Transportation///Motorcycles,9685,9685,11948,3,,0,N,,Yamaha NMAX 155,"Yamaha NMAX 155 by Yamaha offers great functionality and value for anyone looking to upgrade their vehicle experience. It's been assessed for performance and condition, and categorized as 'Like new' to guide your expectations. Reliable, practical, and ready to roll — whether on road, off-road, or at sea.",,,,,,Condition: S[Like new],,,N,N,N,yamaha-nmax-155,"Yamaha NMAX 155 - like new, checked and good to go.",A,30,GregorGarage,https://is2or.store/images/thumbnails/570/570/detailed/9/5e42e998c4856.jpeg,https://is2or.store/images/detailed/9/5e42e998c4856.jpeg
veh5001,en,128,Vehicles & Transportation///Motorcycles,2856,2856,17198,1,,0,N,,Honda CBR500R,"Honda CBR500R by Honda offers great functionality and value for anyone looking to upgrade their vehicle experience. It's been assessed for performance and condition, and categorized as 'Used' to guide your expectations. Reliable, practical, and ready to roll — whether on road, off-road, or at sea.",,,,,,Condition: S[Used],,,N,N,N,honda-cbr500r,"Honda CBR500R - used, checked and good to go.",A,30,GregorGarage,https://is2or.store/images/thumbnails/570/570/detailed/9/fa3b991a1bdfdd5867e3372acddaa529_613250d1-9894-44ef-b1fa-ce17e1844563.jpg,https://is2or.store/images/detailed/9/fa3b991a1bdfdd5867e3372acddaa529_613250d1-9894-44ef-b1fa-ce17e1844563.jpg
veh5002,en,129,Vehicles & Transportation///Motorcycles,6310,6310,4272,5,,0,N,,Kawasaki Ninja 400,"Kawasaki Ninja 400 by Kawasaki offers great functionality and value for anyone looking to upgrade their vehicle experience. It's been assessed for performance and condition, and categorized as 'Brand new' to guide your expectations. Reliable, practical, and ready to roll — whether on road, off-road, or at sea.",,,,,,Condition: S[Brand new],,,N,N,N,kawasaki-ninja-400,"Kawasaki Ninja 400 - brand new, checked and good to go.",A,27,GregorGarage,https://is2or.store/images/thumbnails/570/570/detailed/9/6000000006.jpg,https://is2or.store/images/detailed/9/6000000006.jpg
veh5003,en,130,Vehicles & Transportation///Motorcycles,9924,9924,16207,4,,0,N,,Vespa Primavera 150,"Vespa Primavera 150 by Vespa offers great functionality and value for anyone looking to upgrade their vehicle experience. It's been assessed for performance and condition, and categorized as 'Like new' to guide your expectations. Reliable, practical, and ready to roll — whether on road, off-road, or at sea.",,,,,,Condition: S[Like new],,,N,N,N,vespa-primavera-150,"Vespa Primavera 150 - like new, checked and good to go.",A,21,GregorGarage,https://is2or.store/images/thumbnails/570/570/detailed/9/z3504271070877_9954645547ecc00d2fff058befae14fb.jpg,https://is2or.store/images/detailed/9/z3504271070877_9954645547ecc00d2fff058befae14fb.jpg
veh5004,en,131,Vehicles & Transportation///Bicycles,3076,3076,18768,4,,0,N,,Polygon Cascade 4,"Polygon Cascade 4 by Polygon offers great functionality and value for anyone looking to upgrade their vehicle experience. It's been assessed for performance and condition, and categorized as 'Used' to guide your expectations. Reliable, practical, and ready to roll — whether on road, off-road, or at sea.",,,,,,Condition: S[Used],,,N,N,N,polygon-cascade-4,"Polygon Cascade 4 - used, checked and good to go.",A,27,GregorGarage,https://is2or.store/images/thumbnails/570/570/detailed/9/sepeda_polygon_cascade_4__seco_1714618436_510ebe22_progressive.jpg,https://is2or.store/images/detailed/9/sepeda_polygon_cascade_4__seco_1714618436_510ebe22_progressive.jpg
veh5005,en,132,Vehicles & Transportation///Bicycles,8442,8442,4135,3,,0,N,,United Miami 4.0,"United Miami 4.0 by United offers great functionality and value for anyone looking to upgrade their vehicle experience. It's been assessed for performance and condition, and categorized as 'Like new' to guide your expectations. Reliable, practical, and ready to roll — whether on road, off-road, or at sea.",,,,,,Condition: S[Like new],,,N,N,N,united-miami-4-0,"United Miami 4.0 - like new, checked and good to go.",A,27,GregorGarage,https://is2or.store/images/thumbnails/570/570/detailed/9/united-miami-4-0-29-review.jpg,https://is2or.store/images/detailed/9/united-miami-4-0-29-review.jpg
veh5006,en,133,Vehicles & Transportation///Bicycles,677,677,4236,5,,0,N,,Giant ATX 27.5,"Giant ATX 27.5 by Giant offers great functionality and value for anyone looking to upgrade their vehicle experience. It's been assessed for performance and condition, and categorized as 'Like new' to guide your expectations. Reliable, practical, and ready to roll — whether on road, off-road, or at sea.",,,,,,Condition: S[Like new],,,N,N,N,giant-atx-27-5,"Giant ATX 27.5 - like new, checked and good to go.",A,18,GregorGarage,https://is2or.store/images/thumbnails/570/570/detailed/9/0c57bdff-d3a2-4881-a54a-a3e940e8ec11.jpeg,https://is2or.store/images/detailed/9/0c57bdff-d3a2-4881-a54a-a3e940e8ec11.jpeg
veh5007,en,134,Vehicles & Transportation///Bicycles,1608,1608,8059,1,,0,N,,Trek Marlin 6,"Trek Marlin 6 by Trek offers great functionality and value for anyone looking to upgrade their vehicle experience. It's been assessed for performance and condition, and categorized as 'Brand new' to guide your expectations. Reliable, practical, and ready to roll — whether on road, off-road, or at sea.",,,,,,Condition: S[Brand new],,,N,N,N,trek-marlin-6,"Trek Marlin 6 - brand new, checked and good to go.",A,18,GregorGarage,https://is2or.store/images/thumbnails/570/570/detailed/9/2cpt91knaq271.jpg,https://is2or.store/images/detailed/9/2cpt91knaq271.jpg
veh5008,en,135,Vehicles & Transportation///Auto Parts,143,143,17756,1,,0,N,,Bosch FR91X (N60) - Spark Plugs Super 4 - Set of 4,"Bosch Spark Plugs Set by Bosch offers great functionality and value for anyone looking to upgrade their vehicle experience. It's been assessed for performance and condition, and categorized as 'Brand new' to guide your expectations. Reliable, practical, and ready to roll — whether on road, off-road, or at sea.",,,,,,Condition: S[Brand new],,,N,N,N,bosch-fr91x-n60-spark-plugs-super-4-set-of-4,"Bosch Spark Plugs Set - brand new, checked and good to go.",A,18,GregorGarage,https://is2or.store/images/thumbnails/570/570/detailed/9/medium_4169f216-a5c6-4001-9f82-fb83458e6b2a_1024x1024.jpg,https://is2or.store/images/detailed/9/medium_4169f216-a5c6-4001-9f82-fb83458e6b2a_1024x1024.jpg
veh5009,en,136,Vehicles & Transportation///Auto Parts,4645,4645,16354,3,,0,N,,Toyota Genuine Oil Filter,"Toyota Genuine Oil Filter by Toyota offers great functionality and value for anyone looking to upgrade their vehicle experience. It's been assessed for performance and condition, and categorized as 'Brand new' to guide your expectations. Reliable, practical, and ready to roll — whether on road, off-road, or at sea.",,,,,,Condition: S[Brand new],,,N,N,N,toyota-genuine-oil-filter,"Toyota Genuine Oil Filter - brand new, checked and good to go.",A,27,GregorGarage,https://is2or.store/images/thumbnails/570/570/detailed/9/toyota_saringan-oli-toyota-yzze2-oil-filter-camry-alphard-wish-harrier-soluna-rav4-noah-corolla-altis-chr-nav1-vios-limo-yaris-sienta-etios-voxy_full01.jpg,https://is2or.store/images/detailed/9/toyota_saringan-oli-toyota-yzze2-oil-filter-camry-alphard-wish-harrier-soluna-rav4-noah-corolla-altis-chr-nav1-vios-limo-yaris-sienta-etios-voxy_full01.jpg
veh5010,en,137,Vehicles & Transportation///Auto Parts,1792,1792,8428,4,,0,N,,Denso Wiper Blades,"Denso Wiper Blades by Denso offers great functionality and value for anyone looking to upgrade their vehicle experience. It's been assessed for performance and condition, and categorized as 'Like new' to guide your expectations. Reliable, practical, and ready to roll — whether on road, off-road, or at sea.",,,,,,Condition: S[Like new],,,N,N,N,denso-wiper-blades,"Denso Wiper Blades - like new, checked and good to go.",A,27,GregorGarage,https://is2or.store/images/thumbnails/570/570/detailed/9/8e2f45a3-3cb8-4d9c-bba7-34c4a169da21_5000x.jpg,https://is2or.store/images/detailed/9/8e2f45a3-3cb8-4d9c-bba7-34c4a169da21_5000x.jpg
veh5011,en,138,Vehicles & Transportation///Auto Parts,8179,8179,6340,2,,0,N,,NGK Spark Plug - Iridium Spark Plug for Suzuki GS150/GS150SE/ Honda CB150F (CR7EIX/CR9EIX),"NGK Iridium Spark Plug by NGK offers great functionality and value for anyone looking to upgrade their vehicle experience. It's been assessed for performance and condition, and categorized as 'Brand new' to guide your expectations. Reliable, practical, and ready to roll — whether on road, off-road, or at sea.",,,,,,Condition: S[Brand new],,,N,N,N,ngk-spark-plug-iridium-spark-plug-for-suzuki-gs150-gs150se-honda-cb150f-cr7eix-cr9eix,"NGK Iridium Spark Plug - brand new, checked and good to go.",A,15,GregorGarage,https://is2or.store/images/thumbnails/570/570/detailed/9/a61d99f342958e5526fdffe085890fa5.jpg,https://is2or.store/images/detailed/9/a61d99f342958e5526fdffe085890fa5.jpg
veh5012,en,139,Vehicles & Transportation///Car Electronics,8407,8407,4024,1,,0,N,,Pioneer MVH- S219BT Car stereo,"Pioneer Car Stereo by Pioneer offers great functionality and value for anyone looking to upgrade their vehicle experience. It's been assessed for performance and condition, and categorized as 'Used' to guide your expectations. Reliable, practical, and ready to roll — whether on road, off-road, or at sea.",,,,,,Condition: S[Used],,,N,N,N,pioneer-mvh-s219bt-car-stereo,"Pioneer Car Stereo - used, checked and good to go.",A,21,GregorGarage,https://is2or.store/images/thumbnails/570/570/detailed/9/pioneer-mvh-s219bt-500x500.jpeg,https://is2or.store/images/detailed/9/pioneer-mvh-s219bt-500x500.jpeg
veh5013,en,140,Vehicles & Transportation///Car Electronics,6617,6617,7947,4,,0,N,,JVC Dash Cam,"JVC Dash Cam by JVC offers great functionality and value for anyone looking to upgrade their vehicle experience. It's been assessed for performance and condition, and categorized as 'Like new' to guide your expectations. Reliable, practical, and ready to roll — whether on road, off-road, or at sea.",,,,,,Condition: S[Like new],,,N,N,N,jvc-dash-cam,"JVC Dash Cam - like new, checked and good to go.",A,18,GregorGarage,https://is2or.store/images/thumbnails/570/570/detailed/9/9081558528.jpg,https://is2or.store/images/detailed/9/9081558528.jpg
veh5014,en,141,Vehicles & Transportation///Car Electronics,1942,1942,3122,5,,0,N,,Kenwood Android Head Unit,"Kenwood Android Head Unit by Kenwood offers great functionality and value for anyone looking to upgrade their vehicle experience. It's been assessed for performance and condition, and categorized as 'Like new' to guide your expectations. Reliable, practical, and ready to roll — whether on road, off-road, or at sea.",,,,,,Condition: S[Like new],,,N,N,N,kenwood-android-head-unit,"Kenwood Android Head Unit - like new, checked and good to go.",A,27,GregorGarage,https://is2or.store/images/thumbnails/570/570/detailed/9/s-l1200_0mtp-5w.jpg,https://is2or.store/images/detailed/9/s-l1200_0mtp-5w.jpg
veh5015,en,142,Vehicles & Transportation///Car Electronics,3419,3419,13060,1,,0,N,,RARE Vintage Alpine V8 JDM Sub woofer,"Alpine Subwoofer System by Alpine offers great functionality and value for anyone looking to upgrade their vehicle experience. It's been assessed for performance and condition, and categorized as 'Used' to guide your expectations. Reliable, practical, and ready to roll — whether on road, off-road, or at sea.",,,,,,Condition: S[Used],,,N,N,N,rare-vintage-alpine-v8-jdm-sub-woofer,"Alpine Subwoofer System - used, checked and good to go.",A,18,GregorGarage,https://is2or.store/images/thumbnails/570/570/detailed/9/C6273C70-F9F7-4552-8D57-C5F1B57ED15F_600x600.jpg,https://is2or.store/images/detailed/9/C6273C70-F9F7-4552-8D57-C5F1B57ED15F_600x600.jpg
veh5016,en,143,Vehicles & Transportation///Tires & Wheels,3931,3931,9496,3,,0,N,,Michelin Primacy 4 Tire,"Michelin Primacy 4 Tire by Michelin offers great functionality and value for anyone looking to upgrade their vehicle experience. It's been assessed for performance and condition, and categorized as 'Brand new' to guide your expectations. Reliable, practical, and ready to roll — whether on road, off-road, or at sea.",,,,,,Condition: S[Brand new],,,N,N,N,michelin-primacy-4-tire,"Michelin Primacy 4 Tire - brand new, checked and good to go.",A,18,GregorGarage,https://is2or.store/images/thumbnails/570/570/detailed/9/2474_39755.jpg,https://is2or.store/images/detailed/9/2474_39755.jpg
veh5017,en,144,Vehicles & Transportation///Tires & Wheels,5942,5942,15500,4,,0,N,,Dunlop Enasave EC300+,"Dunlop Enasave EC300+ by Dunlop offers great functionality and value for anyone looking to upgrade their vehicle experience. It's been assessed for performance and condition, and categorized as 'Like new' to guide your expectations. Reliable, practical, and ready to roll — whether on road, off-road, or at sea.",,,,,,Condition: S[Like new],,,N,N,N,dunlop-enasave-ec300,"Dunlop Enasave EC300+ - like new, checked and good to go.",A,18,GregorGarage,https://is2or.store/images/thumbnails/570/570/detailed/9/5a0ffff8e6163c845298d9b0db37f49c.jpg,https://is2or.store/images/detailed/9/5a0ffff8e6163c845298d9b0db37f49c.jpg
veh5018,en,145,Vehicles & Transportation///Tires & Wheels,8435,8435,18298,1,,0,N,,Bridgestone Turanza T005A,"Bridgestone Turanza T005A by Bridgestone offers great functionality and value for anyone looking to upgrade their vehicle experience. It's been assessed for performance and condition, and categorized as 'Brand new' to guide your expectations. Reliable, practical, and ready to roll — whether on road, off-road, or at sea.",,,,,,Condition: S[Brand new],,,N,N,N,bridgestone-turanza-t005a,"Bridgestone Turanza T005A - brand new, checked and good to go.",A,18,GregorGarage,https://is2or.store/images/thumbnails/570/570/detailed/9/f9bba23916edd9b86456ec80bb6f684c.jpg,https://is2or.store/images/detailed/9/f9bba23916edd9b86456ec80bb6f684c.jpg
veh5019,en,146,Vehicles & Transportation///Tires & Wheels,7827,7827,14807,5,,0,N,,Pirelli Angel Scooter Tire,"Pirelli Angel Scooter Tire by Pirelli offers great functionality and value for anyone looking to upgrade their vehicle experience. It's been assessed for performance and condition, and categorized as 'Used' to guide your expectations. Reliable, practical, and ready to roll — whether on road, off-road, or at sea.",,,,,,Condition: S[Used],,,N,N,N,pirelli-angel-scooter-tire,"Pirelli Angel Scooter Tire - used, checked and good to go.",A,18,GregorGarage,https://is2or.store/images/thumbnails/570/570/detailed/9/e6170db8bd52aacb070182bbd7bbb11a.jpg,https://is2or.store/images/detailed/9/e6170db8bd52aacb070182bbd7bbb11a.jpg
veh5020,en,147,Vehicles & Transportation///Marine Equipment,5594,5594,17506,4,,0,N,,Yamaha Outboard Motor,"Yamaha Outboard Motor by Yamaha offers great functionality and value for anyone looking to upgrade their vehicle experience. It's been assessed for performance and condition, and categorized as 'Used' to guide your expectations. Reliable, practical, and ready to roll — whether on road, off-road, or at sea.",,,,,,Condition: S[Used],,,N,N,N,yamaha-outboard-motor,"Yamaha Outboard Motor - used, checked and good to go.",A,18,GregorGarage,https://is2or.store/images/thumbnails/570/570/detailed/9/yamaha-v250-08-63693-960x1280.webp,https://is2or.store/images/detailed/9/yamaha-v250-08-63693-960x1280.webp
veh5021,en,148,Vehicles & Transportation///Marine Equipment,6865,6865,15622,5,,0,N,,Inflatable Rescue Boat,"Inflatable Rescue Boat by Zodiac offers great functionality and value for anyone looking to upgrade their vehicle experience. It's been assessed for performance and condition, and categorized as 'Like new' to guide your expectations. Reliable, practical, and ready to roll — whether on road, off-road, or at sea.",,,,,,Condition: S[Like new],,,N,N,N,inflatable-rescue-boat,"Inflatable Rescue Boat - like new, checked and good to go.",A,18,GregorGarage,https://is2or.store/images/thumbnails/570/570/detailed/9/product.jpeg,https://is2or.store/images/detailed/9/product.jpeg
veh5022,en,149,Vehicles & Transportation///Marine Equipment,8115,8115,1479,1,,0,N,,Lowrance Fish Finder,"Lowrance Fish Finder by Lowrance offers great functionality and value for anyone looking to upgrade their vehicle experience. It's been assessed for performance and condition, and categorized as 'Like new' to guide your expectations. Reliable, practical, and ready to roll — whether on road, off-road, or at sea.",,,,,,Condition: S[Like new],,,N,N,N,lowrance-fish-finder,"Lowrance Fish Finder - like new, checked and good to go.",A,18,GregorGarage,https://is2or.store/images/thumbnails/570/570/detailed/9/rs1.php_.webp,https://is2or.store/images/detailed/9/rs1.php_.webp
veh5023,en,150,Vehicles & Transportation///Marine Equipment,9296,9296,9727,5,,0,N,,Garmin GPSMAP Marine Navigator,"Garmin GPSMAP Marine Navigator by Garmin offers great functionality and value for anyone looking to upgrade their vehicle experience. It's been assessed for performance and condition, and categorized as 'Brand new' to guide your expectations. Reliable, practical, and ready to roll — whether on road, off-road, or at sea.",,,,,,Condition: S[Brand new],,,N,N,N,garmin-gpsmap-marine-navigator,"Garmin GPSMAP Marine Navigator - brand new, checked and good to go.",A,18,GregorGarage,https://is2or.store/images/thumbnails/570/570/detailed/9/910aKLeRRDL.jpg,https://is2or.store/images/detailed/9/910aKLeRRDL.jpg
veh5024,en,151,Vehicles & Transportation///Vehicle Accessories,9292,9292,18414,2,,0,N,,3D Rubber Floor Mats,"3D Rubber Floor Mats by AutoCare offers great functionality and value for anyone looking to upgrade their vehicle experience. It's been assessed for performance and condition, and categorized as 'Brand new' to guide your expectations. Reliable, practical, and ready to roll — whether on road, off-road, or at sea.",,,,,,Condition: S[Brand new],,,N,N,N,3d-rubber-floor-mats,"3D Rubber Floor Mats - brand new, checked and good to go.",A,15,GregorGarage,https://is2or.store/images/thumbnails/570/570/detailed/9/22390.jpg,https://is2or.store/images/detailed/9/22390.jpg
veh5025,en,152,Vehicles & Transportation///Vehicle Accessories,3244,3244,12973,5,,0,N,,Magnetic Phone Mount,"Magnetic Phone Mount by Baseus offers great functionality and value for anyone looking to upgrade their vehicle experience. It's been assessed for performance and condition, and categorized as 'Like new' to guide your expectations. Reliable, practical, and ready to roll — whether on road, off-road, or at sea.",,,,,,Condition: S[Like new],,,N,N,N,magnetic-phone-mount,"Magnetic Phone Mount - like new, checked and good to go.",A,15,GregorGarage,https://is2or.store/images/thumbnails/570/570/detailed/9/optimized-iottie.com_velox_flush_lifestyle_2.jpg,https://is2or.store/images/detailed/9/optimized-iottie.com_velox_flush_lifestyle_2.jpg
veh5026,en,153,Vehicles & Transportation///Vehicle Accessories,3063,3063,6429,1,,0,N,,Universal Car Cover,"Universal Car Cover by Coverite offers great functionality and value for anyone looking to upgrade their vehicle experience. It's been assessed for performance and condition, and categorized as 'Brand new' to guide your expectations. Reliable, practical, and ready to roll — whether on road, off-road, or at sea.",,,,,,Condition: S[Brand new],,,N,N,N,universal-car-cover,"Universal Car Cover - brand new, checked and good to go.",A,15,GregorGarage,https://is2or.store/images/thumbnails/570/570/detailed/9/xsd-sarung-mobil-universal-car-cover-waterproof-hatchback-sedan-jw401.JPEG,https://is2or.store/images/detailed/9/xsd-sarung-mobil-universal-car-cover-waterproof-hatchback-sedan-jw401.JPEG
veh5027,en,154,Vehicles & Transportation///Vehicle Accessories,1906,1906,2888,2,,0,N,,Seat Organizer,"Seat Organizer by Drive Auto offers great functionality and value for anyone looking to upgrade their vehicle experience. It's been assessed for performance and condition, and categorized as 'Used' to guide your expectations. Reliable, practical, and ready to roll — whether on road, off-road, or at sea.",,,,,,Condition: S[Used],,,N,N,N,seat-organizer,"Seat Organizer - used, checked and good to go.",A,18,GregorGarage,https://is2or.store/images/thumbnails/570/570/detailed/9/100_original__car_seat_organiz_1618644241_577ed9c0_progressive.jpg,https://is2or.store/images/detailed/9/100_original__car_seat_organiz_1618644241_577ed9c0_progressive.jpg
spt6000,en,155,Sports & Fitness///Exercise Equipment,752,752,7575,2,,0,N,,Bowflex Adjustable Dumbbells,"Bowflex Adjustable Dumbbells by Bowflex is perfect for active enthusiasts who want reliable gear without compromising on quality. Listed as 'Like new', this item has been reviewed to ensure functionality and comfort in use — whether indoor or outdoor.",,,,,,Condition: S[Like new],,,N,N,N,bowflex-adjustable-dumbbells,"Bowflex Adjustable Dumbbells - like new, performance-tested and ready for action.",A,36,sportneed,https://is2or.store/images/thumbnails/570/570/detailed/9/bowflex-adjustable-dumbbells-review-65f9a3ee481cf.jpeg,https://is2or.store/images/detailed/9/bowflex-adjustable-dumbbells-review-65f9a3ee481cf.jpeg
spt6001,en,156,Sports & Fitness///Exercise Equipment,2147,2147,9915,3,,0,N,,Decathlon Resistance Bands Set,"Decathlon Resistance Bands Set by Decathlon is perfect for active enthusiasts who want reliable gear without compromising on quality. Listed as 'Brand new', this item has been reviewed to ensure functionality and comfort in use — whether indoor or outdoor.",,,,,,Condition: S[Brand new],,,N,N,N,decathlon-resistance-bands-set,"Decathlon Resistance Bands Set - brand new, performance-tested and ready for action.",A,21,sportneed,https://is2or.store/images/thumbnails/570/570/detailed/9/15kg-resistance-band-handles-and-door-anchor-kit-corength-8647670.jpg,https://is2or.store/images/detailed/9/15kg-resistance-band-handles-and-door-anchor-kit-corength-8647670.jpg
spt6002,en,157,Sports & Fitness///Exercise Equipment,2202,2202,3629,1,,0,N,,NordicTrack Treadmill T6.5S,"NordicTrack Treadmill T6.5S by NordicTrack is perfect for active enthusiasts who want reliable gear without compromising on quality. Listed as 'Used', this item has been reviewed to ensure functionality and comfort in use — whether indoor or outdoor.",,,,,,Condition: S[Used],,,N,N,N,nordictrack-treadmill-t6-5s,"NordicTrack Treadmill T6.5S - used, performance-tested and ready for action.",A,30,sportneed,https://is2or.store/images/thumbnails/570/570/detailed/9/NordicTrack_TreadMills_T6.5S_HeroSquare-e52789f4d1014694a2f1901c49e229b5.jpg,https://is2or.store/images/detailed/9/NordicTrack_TreadMills_T6.5S_HeroSquare-e52789f4d1014694a2f1901c49e229b5.jpg
spt6003,en,158,Sports & Fitness///Sports Gear,2959,2959,1509,1,,0,N,,Wilson NBA Official Basketball,"Wilson NBA Official Basketball by Wilson is perfect for active enthusiasts who want reliable gear without compromising on quality. Listed as 'Like new', this item has been reviewed to ensure functionality and comfort in use — whether indoor or outdoor.",,,,,,Condition: S[Like new],,,N,N,N,wilson-nba-official-basketball,"Wilson NBA Official Basketball - like new, performance-tested and ready for action.",A,27,sportneed,https://is2or.store/images/thumbnails/570/570/detailed/9/s-l1200_jq9o-6r.jpg,https://is2or.store/images/detailed/9/s-l1200_jq9o-6r.jpg
spt6004,en,159,Sports & Fitness///Sports Gear,1403,1403,2856,3,,0,N,,Yonex Badminton Racket Nanoray,"Yonex Badminton Racket Nanoray by Yonex is perfect for active enthusiasts who want reliable gear without compromising on quality. Listed as 'Used', this item has been reviewed to ensure functionality and comfort in use — whether indoor or outdoor.",,,,,,Condition: S[Used],,,N,N,N,yonex-badminton-racket-nanoray,"Yonex Badminton Racket Nanoray - used, performance-tested and ready for action.",A,27,sportneed,https://is2or.store/images/thumbnails/570/570/detailed/9/raket_yonex_nanoray_d2_1680864801_a9193f84_progressive.jpg,https://is2or.store/images/detailed/9/raket_yonex_nanoray_d2_1680864801_a9193f84_progressive.jpg
spt6005,en,160,Sports & Fitness///Sports Gear,1651,1651,7074,4,,0,N,,Adidas Shin Guards,"Adidas Shin Guards by Adidas is perfect for active enthusiasts who want reliable gear without compromising on quality. Listed as 'Brand new', this item has been reviewed to ensure functionality and comfort in use — whether indoor or outdoor.",,,,,,Condition: S[Brand new],,,N,N,N,adidas-shin-guards,"Adidas Shin Guards - brand new, performance-tested and ready for action.",A,18,sportneed,https://is2or.store/images/thumbnails/570/570/detailed/9/ip3997_1_hardware_photography_front_center_view_grey.jpeg,https://is2or.store/images/detailed/9/ip3997_1_hardware_photography_front_center_view_grey.jpeg
spt6006,en,161,Sports & Fitness///Camping Equipment,1279,1279,9444,3,,0,N,,Naturehike Cloud-Up Tent,"Naturehike Cloud-Up Tent by Naturehike is perfect for active enthusiasts who want reliable gear without compromising on quality. Listed as 'Like new', this item has been reviewed to ensure functionality and comfort in use — whether indoor or outdoor.",,,,,,Condition: S[Like new],,,N,N,N,naturehike-cloud-up-tent,"Naturehike Cloud-Up Tent - like new, performance-tested and ready for action.",A,24,sportneed,https://is2or.store/images/thumbnails/570/570/detailed/9/NATUREHIKE-CLOUD-UP-2-TITLE.jpg,https://is2or.store/images/detailed/9/NATUREHIKE-CLOUD-UP-2-TITLE.jpg
spt6007,en,162,Sports & Fitness///Camping Equipment,1151,1151,9178,2,,0,N,,Coleman Sleeping Bag,"Coleman Sleeping Bag by Coleman is perfect for active enthusiasts who want reliable gear without compromising on quality. Listed as 'Used', this item has been reviewed to ensure functionality and comfort in use — whether indoor or outdoor.",,,,,,Condition: S[Used],,,N,N,N,coleman-sleeping-bag,"Coleman Sleeping Bag - used, performance-tested and ready for action.",A,27,sportneed,https://is2or.store/images/thumbnails/570/570/detailed/9/s-l1200_v4zy-9i.jpg,https://is2or.store/images/detailed/9/s-l1200_v4zy-9i.jpg
spt6008,en,163,Sports & Fitness///Bicycles & Accessories,1461,1461,9330,1,,0,N,,Rockbros Bike Helmet,"Rockbros Bike Helmet by Rockbros is perfect for active enthusiasts who want reliable gear without compromising on quality. Listed as 'Brand new', this item has been reviewed to ensure functionality and comfort in use — whether indoor or outdoor.",,,,,,Condition: S[Brand new],,,N,N,N,rockbros-bike-helmet,"Rockbros Bike Helmet - brand new, performance-tested and ready for action.",A,27,sportneed,https://is2or.store/images/thumbnails/570/570/detailed/9/d89c86dd3a1c44d5b46a669f1861663b_f9acd122a7694fb797189d88734690c8.jpg,https://is2or.store/images/detailed/9/d89c86dd3a1c44d5b46a669f1861663b_f9acd122a7694fb797189d88734690c8.jpg
spt6009,en,164,Sports & Fitness///Bicycles & Accessories,2471,2471,7666,3,,0,N,,Schwinn Adult Mountain Bike,"Schwinn Adult Mountain Bike by Schwinn is perfect for active enthusiasts who want reliable gear without compromising on quality. Listed as 'Used', this item has been reviewed to ensure functionality and comfort in use — whether indoor or outdoor.",,,,,,Condition: S[Used],,,N,N,N,schwinn-adult-mountain-bike,"Schwinn Adult Mountain Bike - used, performance-tested and ready for action.",A,33,sportneed,https://is2or.store/images/thumbnails/570/570/detailed/9/IMG_202306061315190.jpg,https://is2or.store/images/detailed/9/IMG_202306061315190.jpg
spt6010,en,165,Sports & Fitness///Bicycles & Accessories,917,917,8426,1,,0,N,,BTwin Cycling Gloves,"BTwin Cycling Gloves by Decathlon is perfect for active enthusiasts who want reliable gear without compromising on quality. Listed as 'Like new', this item has been reviewed to ensure functionality and comfort in use — whether indoor or outdoor.",,,,,,Condition: S[Like new],,,N,N,N,btwin-cycling-gloves,"BTwin Cycling Gloves - like new, performance-tested and ready for action.",A,18,sportneed,https://is2or.store/images/thumbnails/570/570/detailed/9/s-l1200_xx97-jx.jpg,https://is2or.store/images/detailed/9/s-l1200_xx97-jx.jpg
spt6011,en,166,Sports & Fitness///Golf Equipment,2079,2079,4959,3,,0,N,,"2024 Callaway Golf Set - Men's, RH, Stiff Flex: Driver, 3 Wood, 5 Hybrid, Irons, Odyssey Putter","Callaway Golf Clubs Set by Callaway is perfect for active enthusiasts who want reliable gear without compromising on quality. Listed as 'Used', this item has been reviewed to ensure functionality and comfort in use — whether indoor or outdoor.",,,,,,Condition: S[Used],,,N,N,N,2024-callaway-golf-set-mens-rh-stiff-flex-driver-3-wood-5-hybrid-irons-odyssey-putter,"Callaway Golf Clubs Set - used, performance-tested and ready for action.",A,18,sportneed,https://is2or.store/images/thumbnails/570/570/detailed/9/Callaway-Edge-2024-Right-Handed-Men-s-Complete-Golf-Set_f3a6d588-8453-4307-ae3a-b46528b71d92.8f9011be3c180c0d5904681f0136d574.jpeg,https://is2or.store/images/detailed/9/Callaway-Edge-2024-Right-Handed-Men-s-Complete-Golf-Set_f3a6d588-8453-4307-ae3a-b46528b71d92.8f9011be3c180c0d5904681f0136d574.jpeg
spt6012,en,167,Sports & Fitness///Golf Equipment,1601,1601,6045,3,,0,N,,Titleist Pro V1 Golf Balls,"Titleist Pro V1 Golf Balls by Titleist is perfect for active enthusiasts who want reliable gear without compromising on quality. Listed as 'Brand new', this item has been reviewed to ensure functionality and comfort in use — whether indoor or outdoor.",,,,,,Condition: S[Brand new],,,N,N,N,titleist-pro-v1-golf-balls,"Titleist Pro V1 Golf Balls - brand new, performance-tested and ready for action.",A,27,sportneed,https://is2or.store/images/thumbnails/570/570/detailed/9/2_reviewboxes.jpg,https://is2or.store/images/detailed/9/2_reviewboxes.jpg
spt6013,en,168,Sports & Fitness///Fitness Trackers,2650,2650,4615,1,,0,N,,Fitbit Charge 5,"Fitbit Charge 5 by Fitbit is perfect for active enthusiasts who want reliable gear without compromising on quality. Listed as 'Like new', this item has been reviewed to ensure functionality and comfort in use — whether indoor or outdoor.",,,,,,Condition: S[Like new],,,N,N,N,fitbit-charge-5,"Fitbit Charge 5 - like new, performance-tested and ready for action.",A,18,sportneed,https://is2or.store/images/thumbnails/570/570/detailed/9/Fitbit_Charge_5_Accessory.jpg,https://is2or.store/images/detailed/9/Fitbit_Charge_5_Accessory.jpg
spt6014,en,169,Sports & Fitness///Fitness Trackers,2505,2505,7834,1,,0,N,,Xiaomi Mi Band 6,"Xiaomi Mi Band 6 by Xiaomi is perfect for active enthusiasts who want reliable gear without compromising on quality. Listed as 'Used', this item has been reviewed to ensure functionality and comfort in use — whether indoor or outdoor.",,,,,,Condition: S[Used],,,N,N,N,xiaomi-mi-band-6,"Xiaomi Mi Band 6 - used, performance-tested and ready for action.",A,27,sportneed,https://is2or.store/images/thumbnails/570/570/detailed/9/xiaomi_mi_band_6_bnib_1686986405_f19111f0_progressive.jpg,https://is2or.store/images/detailed/9/xiaomi_mi_band_6_bnib_1686986405_f19111f0_progressive.jpg
spt6015,en,170,Sports & Fitness///Fitness Trackers,869,869,6819,2,,0,N,,Garmin Vivosmart 4,"Garmin Vivosmart 4 by Garmin is perfect for active enthusiasts who want reliable gear without compromising on quality. Listed as 'Brand new', this item has been reviewed to ensure functionality and comfort in use — whether indoor or outdoor.",,,,,,Condition: S[Brand new],,,N,N,N,garmin-vivosmart-4,"Garmin Vivosmart 4 - brand new, performance-tested and ready for action.",A,18,sportneed,https://is2or.store/images/thumbnails/570/570/detailed/9/tw-11134207-7rasc-m3y3lfpceestc0.jpg,https://is2or.store/images/detailed/9/tw-11134207-7rasc-m3y3lfpceestc0.jpg
spt6016,en,171,Sports & Fitness///Gym Equipment,2114,2114,5789,2,,0,N,,Power Tower Pull-up Station,"Power Tower Pull-up Station by Relife is perfect for active enthusiasts who want reliable gear without compromising on quality. Listed as 'Used', this item has been reviewed to ensure functionality and comfort in use — whether indoor or outdoor.",,,,,,Condition: S[Used],,,N,N,N,power-tower-pull-up-station,"Power Tower Pull-up Station - used, performance-tested and ready for action.",A,18,sportneed,https://is2or.store/images/thumbnails/570/570/detailed/9/bodyx_bodyx_power_tower_bx-159_full05_szv0jqgc.jpg,https://is2or.store/images/detailed/9/bodyx_bodyx_power_tower_bx-159_full05_szv0jqgc.jpg
spt6017,en,172,Sports & Fitness///Gym Equipment,993,993,9391,1,,0,N,,Adjustable Weight Bench,"Adjustable Weight Bench by Flybird is perfect for active enthusiasts who want reliable gear without compromising on quality. Listed as 'Like new', this item has been reviewed to ensure functionality and comfort in use — whether indoor or outdoor.",,,,,,Condition: S[Like new],,,N,N,N,adjustable-weight-bench,"Adjustable Weight Bench - like new, performance-tested and ready for action.",A,21,sportneed,,
spt6018,en,173,Sports & Fitness///Water Sports Equipment,2232,2232,2610,4,,0,N,,Speedo Swim Fins,"Speedo Swim Fins by Speedo is perfect for active enthusiasts who want reliable gear without compromising on quality. Listed as 'Brand new', this item has been reviewed to ensure functionality and comfort in use — whether indoor or outdoor.",,,,,,Condition: S[Brand new],,,N,N,N,speedo-swim-fins,"Speedo Swim Fins - brand new, performance-tested and ready for action.",A,18,sportneed,https://is2or.store/images/thumbnails/570/570/detailed/9/Speedo-Biofuse-Training-Fins-greyblue.jpeg,https://is2or.store/images/detailed/9/Speedo-Biofuse-Training-Fins-greyblue.jpeg
spt6019,en,174,Sports & Fitness///Water Sports Equipment,2154,2154,4591,4,,0,N,,Decathlon Tribord Snorkel Set,"Decathlon Tribord Snorkel Set by Decathlon is perfect for active enthusiasts who want reliable gear without compromising on quality. Listed as 'Like new', this item has been reviewed to ensure functionality and comfort in use — whether indoor or outdoor.",,,,,,Condition: S[Like new],,,N,N,N,decathlon-tribord-snorkel-set,"Decathlon Tribord Snorkel Set - like new, performance-tested and ready for action.",A,18,sportneed,https://is2or.store/images/thumbnails/570/570/detailed/9/s-l1200_luh1-5f.jpg,https://is2or.store/images/detailed/9/s-l1200_luh1-5f.jpg
spt6020,en,175,Sports & Fitness///Water Sports Equipment,1565,1565,858,4,,0,N,,Body Glove Paddleboard,"Body Glove Paddleboard by Body Glove is perfect for active enthusiasts who want reliable gear without compromising on quality. Listed as 'Used', this item has been reviewed to ensure functionality and comfort in use — whether indoor or outdoor.",,,,,,Condition: S[Used],,,N,N,N,body-glove-paddleboard,"Body Glove Paddleboard - used, performance-tested and ready for action.",A,15,sportneed,https://is2or.store/images/thumbnails/570/570/detailed/9/Body-Glove-Inflatable-Paddle-Board.webp,https://is2or.store/images/detailed/9/Body-Glove-Inflatable-Paddle-Board.webp
msc7001,en,176,Musical Instruments///Guitars,3426,3426,8946,3,,0,N,,Yamaha F310 Acoustic Guitar,"Yamaha F310 Acoustic Guitar by Yamaha delivers rich tone and reliable performance whether you're a beginner or seasoned artist. This item is marked as 'Like new' and has been tested to meet the needs of practice, performance, or recording.",,,,,,Condition: S[Like new],,,N,N,N,yamaha-f310-acoustic-guitar,"Yamaha F310 Acoustic Guitar - like new, ready to play and enjoy.",A,30,YueShang,https://is2or.store/images/thumbnails/570/570/detailed/9/YamahaF310.jpg,https://is2or.store/images/detailed/9/YamahaF310.jpg
msc7002,en,177,Musical Instruments///Guitars,1994,1994,2694,1,,0,N,,Gibson Les Paul Studio,"<p>Gibson Les Paul Studio by Gibson delivers rich tone and reliable performance whether you're a beginner or seasoned artist. This item is marked as 'Used' and has been tested to meet the needs of practice, performance, or recording.</p>",,,,,,Condition: S[Used],,,N,N,N,gibson-les-paul-studio,"Gibson Les Paul Studio - used, ready to play and enjoy.",A,21,YueShang,https://is2or.store/images/thumbnails/570/570/detailed/9/id-11134207-7r98w-lym7r0i4qzhka9.jpg,https://is2or.store/images/detailed/9/id-11134207-7r98w-lym7r0i4qzhka9.jpg
msc7003,en,178,Musical Instruments///Pianos & Keyboards,1294,1294,3793,1,,0,N,,Casio CTK-3500 Keyboard,"Casio CTK-3500 Keyboard by Casio delivers rich tone and reliable performance whether you're a beginner or seasoned artist. This item is marked as 'Like new' and has been tested to meet the needs of practice, performance, or recording.",,,,,,Brand: E[Casio]; Condition: S[Like new],,,N,N,N,casio-ctk-3500-keyboard,"Casio CTK-3500 Keyboard - like new, ready to play and enjoy.",A,21,YueShang,https://is2or.store/images/thumbnails/570/570/detailed/9/casio_ctk_3500_keyboard_1645930602_6e66ac24.jpg,https://is2or.store/images/detailed/9/casio_ctk_3500_keyboard_1645930602_6e66ac24.jpg
msc7004,en,179,Musical Instruments///Pianos & Keyboards,1054,1054,8217,1,,0,N,,Yamaha P-45 Digital Piano,"Yamaha P-45 Digital Piano by Yamaha delivers rich tone and reliable performance whether you're a beginner or seasoned artist. This item is marked as 'Used' and has been tested to meet the needs of practice, performance, or recording.",,,,,,Condition: S[Used],,,N,N,N,yamaha-p-45-digital-piano,"Yamaha P-45 Digital Piano - used, ready to play and enjoy.",A,24,YueShang,https://is2or.store/images/thumbnails/570/570/detailed/9/piano_digital_yamaha_p45_1708139279_ef79e7b8_progressive.jpg,https://is2or.store/images/detailed/9/piano_digital_yamaha_p45_1708139279_ef79e7b8_progressive.jpg
msc7005,en,180,Musical Instruments///Pianos & Keyboards,437,437,5710,3,,0,N,,Roland GO:PIANO,"Roland GO:PIANO by Roland delivers rich tone and reliable performance whether you're a beginner or seasoned artist. This item is marked as 'Brand new' and has been tested to meet the needs of practice, performance, or recording.",,,,,,Condition: S[Brand new],,,N,N,N,roland-go-piano,"Roland GO:PIANO - brand new, ready to play and enjoy.",A,33,YueShang,https://is2or.store/images/thumbnails/570/570/detailed/9/roland_go_piano_digital_piano__1658067285_76e81c02_progressive.jpg,https://is2or.store/images/detailed/9/roland_go_piano_digital_piano__1658067285_76e81c02_progressive.jpg
msc7006,en,181,Musical Instruments///Drums & Percussion,1934,1934,3955,1,,0,N,,Pearl Roadshow Drum Kit,"Pearl Roadshow Drum Kit by Pearl delivers rich tone and reliable performance whether you're a beginner or seasoned artist. This item is marked as 'Used' and has been tested to meet the needs of practice, performance, or recording.",,,,,,Condition: S[Used],,,N,N,N,pearl-roadshow-drum-kit,"Pearl Roadshow Drum Kit - used, ready to play and enjoy.",A,30,YueShang,https://is2or.store/images/thumbnails/570/570/detailed/9/Pearl-Roadshow-4-Piece-Review.webp,https://is2or.store/images/detailed/9/Pearl-Roadshow-4-Piece-Review.webp
msc7007,en,182,Musical Instruments///Drums & Percussion,2741,2741,9408,1,,0,N,,Roland V-Drums TD-1K,"Roland V-Drums TD-1K by Roland delivers rich tone and reliable performance whether you're a beginner or seasoned artist. This item is marked as 'Like new' and has been tested to meet the needs of practice, performance, or recording.",,,,,,Condition: S[Like new],,,N,N,N,roland-v-drums-td-1k,"Roland V-Drums TD-1K - like new, ready to play and enjoy.",A,30,YueShang,https://is2or.store/images/thumbnails/570/570/detailed/9/roland-td1k-set.jpg,https://is2or.store/images/detailed/9/roland-td1k-set.jpg
msc7008,en,183,Musical Instruments///DJ Equipment,4089,4089,7215,2,,0,N,,Pioneer DDJ-400 DJ Controller,"Pioneer DDJ-400 DJ Controller by Pioneer delivers rich tone and reliable performance whether you're a beginner or seasoned artist. This item is marked as 'Like new' and has been tested to meet the needs of practice, performance, or recording.",,,,,,Condition: S[Like new],,,N,N,N,pioneer-ddj-400-dj-controller,"Pioneer DDJ-400 DJ Controller - like new, ready to play and enjoy.",A,24,YueShang,https://is2or.store/images/thumbnails/570/570/detailed/9/s-l1200_5k05-px.jpg,https://is2or.store/images/detailed/9/s-l1200_5k05-px.jpg
msc7009,en,184,Musical Instruments///DJ Equipment,1809,1809,8055,3,,0,N,,Numark Mixtrack Pro FX,"Numark Mixtrack Pro FX by Numark delivers rich tone and reliable performance whether you're a beginner or seasoned artist. This item is marked as 'Used' and has been tested to meet the needs of practice, performance, or recording.",,,,,,Condition: S[Used],,,N,N,N,numark-mixtrack-pro-fx,"Numark Mixtrack Pro FX - used, ready to play and enjoy.",A,30,YueShang,https://is2or.store/images/thumbnails/570/570/detailed/9/numark_mixtrack_pro_fx_dj_cont_1709571958_9a5600ea_progressive.jpg,https://is2or.store/images/detailed/9/numark_mixtrack_pro_fx_dj_cont_1709571958_9a5600ea_progressive.jpg
msc7010,en,185,Musical Instruments///Studio Equipment,4843,4843,5880,1,,0,N,,Focusrite Scarlett 2i2 Audio Interface,"Focusrite Scarlett 2i2 Audio Interface by Focusrite delivers rich tone and reliable performance whether you're a beginner or seasoned artist. This item is marked as 'Like new' and has been tested to meet the needs of practice, performance, or recording.",,,,,,Condition: S[Like new],,,N,N,N,focusrite-scarlett-2i2-audio-interface,"Focusrite Scarlett 2i2 Audio Interface - like new, ready to play and enjoy.",A,27,YueShang,https://is2or.store/images/thumbnails/570/570/detailed/9/soundcard_focusrite_scarlett_2_1676084133_fafd626f_progressive.jpg,https://is2or.store/images/detailed/9/soundcard_focusrite_scarlett_2_1676084133_fafd626f_progressive.jpg
msc7011,en,186,Musical Instruments///Studio Equipment,2456,2456,8704,3,,0,N,,Yamaha HS5 Studio Monitors,"Yamaha HS5 Studio Monitors by Yamaha delivers rich tone and reliable performance whether you're a beginner or seasoned artist. This item is marked as 'Brand new' and has been tested to meet the needs of practice, performance, or recording.",,,,,,Condition: S[Brand new],,,N,N,N,yamaha-hs5-studio-monitors,"Yamaha HS5 Studio Monitors - brand new, ready to play and enjoy.",A,18,YueShang,https://is2or.store/images/thumbnails/570/570/detailed/9/yamaha-hs5-powered-studio-monitor-a109920-700x700.jpeg,https://is2or.store/images/detailed/9/yamaha-hs5-powered-studio-monitor-a109920-700x700.jpeg
msc7012,en,187,Musical Instruments///Wind Instruments,649,649,808,2,,0,N,,Yamaha YFL-222 Flute,"Yamaha YFL-222 Flute by Yamaha delivers rich tone and reliable performance whether you're a beginner or seasoned artist. This item is marked as 'Used' and has been tested to meet the needs of practice, performance, or recording.",,,,,,Condition: S[Used],,,N,N,N,yamaha-yfl-222-flute,"Yamaha YFL-222 Flute - used, ready to play and enjoy.",A,18,YueShang,https://is2or.store/images/thumbnails/570/570/detailed/9/s-l1200_mlhl-z5.jpg,https://is2or.store/images/detailed/9/s-l1200_mlhl-z5.jpg
msc7013,en,188,Musical Instruments///Wind Instruments,2529,2529,11388,1,,0,N,,Jean Paul AS-400 Alto Saxophone,"Jean Paul AS-400 Alto Saxophone by Jean Paul USA delivers rich tone and reliable performance whether you're a beginner or seasoned artist. This item is marked as 'Like new' and has been tested to meet the needs of practice, performance, or recording.",,,,,,Condition: S[Like new],,,N,N,N,jean-paul-as-400-alto-saxophone,"Jean Paul AS-400 Alto Saxophone - like new, ready to play and enjoy.",A,27,YueShang,https://is2or.store/images/thumbnails/570/570/detailed/9/s-l1200_4hjr-v5.jpg,https://is2or.store/images/detailed/9/s-l1200_4hjr-v5.jpg
msc7014,en,189,Musical Instruments///String Instruments,1257,1257,11892,1,,0,N,,Stentor Student II Violin,"Stentor Student II Violin by Stentor delivers rich tone and reliable performance whether you're a beginner or seasoned artist. This item is marked as 'Brand new' and has been tested to meet the needs of practice, performance, or recording.",,,,,,Condition: S[Brand new],,,N,N,N,stentor-student-ii-violin,"Stentor Student II Violin - brand new, ready to play and enjoy.",A,18,YueShang,https://is2or.store/images/thumbnails/570/570/detailed/9/s-l1200_z42n-mq.jpg,https://is2or.store/images/detailed/9/s-l1200_z42n-mq.jpg
msc7015,en,190,Musical Instruments///String Instruments,1522,1522,2997,3,,0,N,,Cecilio CCO-100 Cello,"Cecilio CCO-100 Cello by Cecilio delivers rich tone and reliable performance whether you're a beginner or seasoned artist. This item is marked as 'Used' and has been tested to meet the needs of practice, performance, or recording.",,,,,,Condition: S[Used],,,N,N,N,cecilio-cco-100-cello,"Cecilio CCO-100 Cello - used, ready to play and enjoy.",A,27,YueShang,https://is2or.store/images/thumbnails/570/570/detailed/9/815J5HQVrTL._AC_UF894%2C1000_QL80_.jpg,"https://is2or.store/images/detailed/9/815J5HQVrTL._AC_UF894,1000_QL80_.jpg"
msc7016,en,191,Musical Instruments///Music Accessories,1552,1552,2126,2,,0,N,,Korg TM-60 Tuner & Metronome,"Korg TM-60 Tuner & Metronome by Korg delivers rich tone and reliable performance whether you're a beginner or seasoned artist. This item is marked as 'Brand new' and has been tested to meet the needs of practice, performance, or recording.",,,,,,Condition: S[Brand new],,,N,N,N,korg-tm-60-tuner-and-metronome,"Korg TM-60 Tuner & Metronome - brand new, ready to play and enjoy.",A,21,YueShang,https://is2or.store/images/thumbnails/570/570/detailed/9/muuiszwkqkt1ezavygrl.jpg,https://is2or.store/images/detailed/9/muuiszwkqkt1ezavygrl.jpg
msc7017,en,192,Musical Instruments///Music Accessories,3437,3437,8995,2,,0,N,,Hercules Guitar Stand,"Hercules Guitar Stand by Hercules delivers rich tone and reliable performance whether you're a beginner or seasoned artist. This item is marked as 'Like new' and has been tested to meet the needs of practice, performance, or recording.",,,,,,Condition: S[Like new],,,N,N,N,hercules-guitar-stand,"Hercules Guitar Stand - like new, ready to play and enjoy.",A,27,YueShang,https://is2or.store/images/thumbnails/570/570/detailed/9/42e0329b781ee7e701f9f7ae4aeda503_1080x.jpg,https://is2or.store/images/detailed/9/42e0329b781ee7e701f9f7ae4aeda503_1080x.jpg
msc7018,en,193,Musical Instruments///Music Accessories,1291,1291,9225,3,,0,N,,Dunlop Capo Trigger,"Dunlop Capo Trigger by Dunlop delivers rich tone and reliable performance whether you're a beginner or seasoned artist. This item is marked as 'Brand new' and has been tested to meet the needs of practice, performance, or recording.",,,,,,Condition: S[Brand new],,,N,N,N,dunlop-capo-trigger,"Dunlop Capo Trigger - brand new, ready to play and enjoy.",A,15,YueShang,https://is2or.store/images/thumbnails/570/570/detailed/9/FullSizeRender661_2048x.jpg,https://is2or.store/images/detailed/9/FullSizeRender661_2048x.jpg
kb8002,en,196,Kids & Baby///Toys & Games,1176,1176,4129,1,,0,N,,Barbie Dream House,"Barbie Dream House by Barbie is designed to enhance your child's development with fun and educational features. Condition: 'Like new', this item has been inspected for quality and is ready for enjoyment.",,,,,,Condition: S[Like new],,,N,N,N,barbie-dream-house,"Barbie Dream House – like new, tested and ready to use.",A,18,Katrina,https://is2or.store/images/thumbnails/570/570/detailed/9/s-l1200_y266-qp.jpg,https://is2or.store/images/detailed/9/s-l1200_y266-qp.jpg
kb8003,en,197,Kids & Baby///Baby Gear,331,331,850,3,,0,N,,Chicco Bravo LE Stroller,"Chicco Bravo LE Stroller by Chicco is designed to enhance your child's development with fun and educational features. Condition: 'Like new', this item has been inspected for quality and is ready for enjoyment.",,,,,,Condition: S[Like new],,,N,N,N,chicco-bravo-le-stroller,"Chicco Bravo LE Stroller – like new, tested and ready to use.",A,21,Katrina,https://is2or.store/images/thumbnails/570/570/detailed/9/chicco_bravo_le_trio_travel_sy_1710068301_2673a1b0_progressive.jpg,https://is2or.store/images/detailed/9/chicco_bravo_le_trio_travel_sy_1710068301_2673a1b0_progressive.jpg
kb8004,en,198,Kids & Baby///Baby Gear,785,785,2496,1,,0,N,,Graco Pack 'n Play Playard,"Graco Pack 'n Play Playard by Graco is designed to enhance your child's development with fun and educational features. Condition: 'Used', this item has been inspected for quality and is ready for enjoyment.",,,,,,Condition: S[Used],,,N,N,N,graco-pack-n-play-playard,"Graco Pack 'n Play Playard – used, tested and ready to use.",A,27,Katrina,https://is2or.store/images/thumbnails/570/570/detailed/9/Graco-Pack-n-Play-Playard-Nearby-Napper-Review-550x550.jpg,https://is2or.store/images/detailed/9/Graco-Pack-n-Play-Playard-Nearby-Napper-Review-550x550.jpg
kb8005,en,199,Kids & Baby///Baby Gear,1079,1079,2612,3,,0,N,,Philips Avent Breast Pump,"Philips Avent Breast Pump by Philips is designed to enhance your child's development with fun and educational features. Condition: 'Brand new', this item has been inspected for quality and is ready for enjoyment.",,,,,,Condition: S[Brand new],,,N,N,N,philips-avent-breast-pump,"Philips Avent Breast Pump – brand new, tested and ready to use.",A,21,Katrina,https://is2or.store/images/thumbnails/570/570/detailed/9/philips_avent_breast_pump_1690450739_6eaf3063_progressive.jpg,https://is2or.store/images/detailed/9/philips_avent_breast_pump_1690450739_6eaf3063_progressive.jpg
kb8006,en,200,Kids & Baby///Children's Furniture,882,882,1269,3,,0,N,,IKEA KURA Bed Frame,"IKEA KURA Bed Frame by IKEA is designed to enhance your child's development with fun and educational features. Condition: 'Used', this item has been inspected for quality and is ready for enjoyment.",,,,,,Condition: S[Used],,,N,N,N,ikea-kura-bed-frame,"IKEA KURA Bed Frame – used, tested and ready to use.",A,18,Katrina,https://is2or.store/images/thumbnails/570/570/detailed/9/706195b08f75403aaf0023e5181218c5.png,https://is2or.store/images/detailed/9/706195b08f75403aaf0023e5181218c5.png
kb8007,en,201,Kids & Baby///Children's Furniture,1057,1057,1973,3,,0,N,,Delta Children Changing Table,"Delta Children Changing Table by Delta Children is designed to enhance your child's development with fun and educational features. Condition: 'Like new', this item has been inspected for quality and is ready for enjoyment.",,,,,,Condition: S[Like new],,,N,N,N,delta-children-changing-table,"Delta Children Changing Table – like new, tested and ready to use.",A,30,Katrina,https://is2or.store/images/thumbnails/570/570/detailed/9/m87565806350_1.jpg,https://is2or.store/images/detailed/9/m87565806350_1.jpg
kb8008,en,202,Kids & Baby///School Supplies,298,298,1739,3,,0,N,,Crayola Super Tips Markers,"Crayola Super Tips Markers by Crayola is designed to enhance your child's development with fun and educational features. Condition: 'Brand new', this item has been inspected for quality and is ready for enjoyment.",,,,,,Condition: S[Brand new],,,N,N,N,crayola-super-tips-markers,"Crayola Super Tips Markers – brand new, tested and ready to use.",A,18,Katrina,https://is2or.store/images/thumbnails/570/570/detailed/9/1-8eca40b83d-210527207.jpeg,https://is2or.store/images/detailed/9/1-8eca40b83d-210527207.jpeg
kb8009,en,203,Kids & Baby///School Supplies,224,224,2894,2,,0,N,,Set of 12 Faber-Castell 9000 Graphite Sketch Pencil Sets Art 8B - 2B Germany,"Faber-Castell Pencil Set by Faber-Castell is designed to enhance your child's development with fun and educational features. Condition: 'Like new', this item has been inspected for quality and is ready for enjoyment.",,,,,,Condition: S[Like new],,,N,N,N,set-of-12-faber-castell-9000-graphite-sketch-pencil-sets-art-8b-2b-germany,"Faber-Castell Pencil Set – like new, tested and ready to use.",A,24,Katrina,https://is2or.store/images/thumbnails/570/570/detailed/9/s-l1200_6ozj-ld.jpg,https://is2or.store/images/detailed/9/s-l1200_6ozj-ld.jpg
kb8010,en,204,Kids & Baby///School Supplies,273,273,3409,2,,0,N,,Backpack with Wheels,"Backpack with Wheels by Skip Hop is designed to enhance your child's development with fun and educational features. Condition: 'Used', this item has been inspected for quality and is ready for enjoyment.",,,,,,Condition: S[Used],,,N,N,N,backpack-with-wheels,"Backpack with Wheels – used, tested and ready to use.",A,27,Katrina,https://is2or.store/images/thumbnails/570/570/detailed/9/frozen_trolley_school_bag_1682343586_d47dedfe.jpg,https://is2or.store/images/detailed/9/frozen_trolley_school_bag_1682343586_d47dedfe.jpg
kb8011,en,205,Kids & Baby///Kids' Electronics,1267,1267,4753,3,,0,N,,VTech Kidizoom Camera,"VTech Kidizoom Camera by VTech is designed to enhance your child's development with fun and educational features. Condition: 'Used', this item has been inspected for quality and is ready for enjoyment.",,,,,,Condition: S[Used],,,N,N,N,vtech-kidizoom-camera,"VTech Kidizoom Camera – used, tested and ready to use.",A,18,Katrina,https://is2or.store/images/thumbnails/570/570/detailed/9/s-l1200_ggho-p4.jpg,https://is2or.store/images/detailed/9/s-l1200_ggho-p4.jpg
kb8012,en,206,Kids & Baby///Kids' Electronics,745,745,1291,2,,0,N,,LeapFrog LeapPad Academy,"<p>LeapFrog LeapPad Academy by LeapFrog is designed to enhance your child's development with fun and educational features. Condition: 'Brand new', this item has been inspected for quality and is ready for enjoyment.</p>",,,,,,Condition: S[Brand new],,,N,N,N,leapfrog-leappad-academy,"LeapFrog LeapPad Academy – brand new, tested and ready to use.",A,24,Katrina,https://is2or.store/images/thumbnails/570/570/detailed/9/s-l1200_bh67-g9.jpg,https://is2or.store/images/detailed/9/s-l1200_bh67-g9.jpg
kb8013,en,207,Kids & Baby///Kids' Electronics,1055,1055,2751,2,,0,N,,Fisher-Price Smart Tablet,"Fisher-Price Smart Tablet by Fisher-Price is designed to enhance your child's development with fun and educational features. Condition: 'Like new', this item has been inspected for quality and is ready for enjoyment.",,,,,,Condition: S[Like new],,,N,N,N,fisher-price-smart-tablet,"Fisher-Price Smart Tablet – like new, tested and ready to use.",A,24,Katrina,https://is2or.store/images/thumbnails/570/570/detailed/9/s-l1200_nuz8-ae.jpg,https://is2or.store/images/detailed/9/s-l1200_nuz8-ae.jpg
kb8014,en,208,Kids & Baby///Baby Clothes,1173,1173,2032,2,,0,N,,Carter's Baby Onesies,"Carter's Baby Onesies by Carter's is designed to enhance your child's development with fun and educational features. Condition: 'Brand new', this item has been inspected for quality and is ready for enjoyment.",,,,,,Condition: S[Brand new],,,N,N,N,carters-baby-onesies,"Carter's Baby Onesies – brand new, tested and ready to use.",A,21,Katrina,https://is2or.store/images/thumbnails/570/570/detailed/9/s-l1200_ile3-ge.jpg,https://is2or.store/images/detailed/9/s-l1200_ile3-ge.jpg
kb8015,en,209,Kids & Baby///Baby Clothes,174,174,3420,2,,0,N,,Gerber Baby Sleepwear,"Gerber Baby Sleepwear by Gerber is designed to enhance your child's development with fun and educational features. Condition: 'Like new', this item has been inspected for quality and is ready for enjoyment.",,,,,,Condition: S[Like new],,,N,N,N,gerber-baby-sleepwear,"Gerber Baby Sleepwear – like new, tested and ready to use.",A,15,Katrina,https://is2or.store/images/thumbnails/570/570/detailed/9/s-l1200_iy2c-df.jpg,https://is2or.store/images/detailed/9/s-l1200_iy2c-df.jpg
kb8016,en,210,Kids & Baby///Baby Clothes,1310,1310,3277,3,,0,N,,H&M Baby Hoodie,"H&M Baby Hoodie by H&M is designed to enhance your child's development with fun and educational features. Condition: 'Used', this item has been inspected for quality and is ready for enjoyment.",,,,,,Condition: S[Used],,,N,N,N,h-and-m-baby-hoodie,"H&M Baby Hoodie – used, tested and ready to use.",A,18,Katrina,https://is2or.store/images/thumbnails/570/570/detailed/9/s-l1200.png,https://is2or.store/images/detailed/9/s-l1200.png
kb8017,en,211,Kids & Baby///Strollers & Car Seats,903,903,2816,1,,0,N,,UPPAbaby Vista V2 Stroller,"UPPAbaby Vista V2 Stroller by UPPAbaby is designed to enhance your child's development with fun and educational features. Condition: 'Like new', this item has been inspected for quality and is ready for enjoyment.",,,,,,Condition: S[Like new],,,N,N,N,uppababy-vista-v2-stroller,"UPPAbaby Vista V2 Stroller – like new, tested and ready to use.",A,18,Katrina,https://is2or.store/images/thumbnails/570/570/detailed/9/s-l1200_d0wj-3s.jpg,https://is2or.store/images/detailed/9/s-l1200_d0wj-3s.jpg
kb8018,en,212,Kids & Baby///Strollers & Car Seats,880,880,3042,3,,0,N,,Graco SnugRide Infant Car Seat,"Graco SnugRide Infant Car Seat by Graco is designed to enhance your child's development with fun and educational features. Condition: 'Used', this item has been inspected for quality and is ready for enjoyment.",,,,,,Condition: S[Used],,,N,N,N,graco-snugride-infant-car-seat,"Graco SnugRide Infant Car Seat – used, tested and ready to use.",A,39,Katrina,https://is2or.store/images/thumbnails/570/570/detailed/9/s-l1200_b3xc-be.jpg,https://is2or.store/images/detailed/9/s-l1200_b3xc-be.jpg
kb8019,en,213,Kids & Baby///Educational Materials,1420,1420,2279,1,,0,N,,Kumon Learning Books,"Kumon Learning Books by Kumon is designed to enhance your child's development with fun and educational features. Condition: 'Brand new', this item has been inspected for quality and is ready for enjoyment.",,,,,,Condition: S[Brand new],,,N,N,N,kumon-learning-books,"Kumon Learning Books – brand new, tested and ready to use.",A,18,Katrina,https://is2or.store/images/thumbnails/570/570/detailed/9/IMG_E7563.jpg,https://is2or.store/images/detailed/9/IMG_E7563.jpg
kb8020,en,214,Kids & Baby///Educational Materials,1413,1413,3505,2,,0,N,,LeapFrog Learning Tablet,"LeapFrog Learning Tablet by LeapFrog is designed to enhance your child's development with fun and educational features. Condition: 'Like new', this item has been inspected for quality and is ready for enjoyment.",,,,,,Condition: S[Like new],,,N,N,N,leapfrog-learning-tablet,"LeapFrog Learning Tablet – like new, tested and ready to use.",A,18,Katrina,https://is2or.store/images/thumbnails/570/570/detailed/9/leapfrog_my_first_learning_tab_1721400376_5f89b8f9.jpg,https://is2or.store/images/detailed/9/leapfrog_my_first_learning_tab_1721400376_5f89b8f9.jpg
kb8021,en,215,Kids & Baby///Educational Materials,32,32,101,3,,0,N,,Melissa & Doug Wooden Puzzles,"Melissa & Doug Wooden Puzzles by Melissa & Doug is designed to enhance your child's development with fun and educational features. Condition: 'Used', this item has been inspected for quality and is ready for enjoyment.",,,,,,Condition: S[Used],,,N,N,N,melissa-and-doug-wooden-puzzles,"Melissa & Doug Wooden Puzzles – used, tested and ready to use.",A,18,Katrina,https://is2or.store/images/thumbnails/570/570/detailed/9/il_570xN.5521898841_51is.jpg,https://is2or.store/images/detailed/9/il_570xN.5521898841_51is.jpg
ti9000,en,216,Tools & Industrial///Power Tools,3281,3281,9562,3,,0,N,,Makita Cordless Drill,"Makita Cordless Drill by Makita is built for durability and precision in tough work environments. Condition: 'Brand new', thoroughly inspected and perfect for professional use or home improvement.",,,,,,Condition: S[Brand new],,,N,N,N,makita-cordless-drill,"Makita Cordless Drill - brand new, tough and reliable for any job.",A,18,Mark,https://is2or.store/images/thumbnails/570/570/detailed/9/225cffda68a14aaebb5675a1795a99428787.jpg,https://is2or.store/images/detailed/9/225cffda68a14aaebb5675a1795a99428787.jpg
ti9001,en,217,Tools & Industrial///Power Tools,9982,9982,2988,2,,0,N,,Bosch GSR 12V-15 Drill,"Bosch GSR 12V-15 Drill by Bosch is built for durability and precision in tough work environments. Condition: 'Like new', thoroughly inspected and perfect for professional use or home improvement.",,,,,,Condition: S[Like new],,,N,N,N,bosch-gsr-12v-15-drill,"Bosch GSR 12V-15 Drill - like new, tough and reliable for any job.",A,18,Mark,https://is2or.store/images/thumbnails/570/570/detailed/9/threema-20240819-095500299.webp,https://is2or.store/images/detailed/9/threema-20240819-095500299.webp
ti9002,en,218,Tools & Industrial///Power Tools,396,396,16685,2,,0,N,,DeWalt Corded Circular Saw,"DeWalt Corded Circular Saw by DeWalt is built for durability and precision in tough work environments. Condition: 'Used', thoroughly inspected and perfect for professional use or home improvement.",,,,,,Condition: S[Used],,,N,N,N,dewalt-corded-circular-saw,"DeWalt Corded Circular Saw - used, tough and reliable for any job.",A,18,Mark,https://is2or.store/images/thumbnails/570/570/detailed/9/s-l1200_4nov-9m.jpg,https://is2or.store/images/detailed/9/s-l1200_4nov-9m.jpg
ti9003,en,219,Tools & Industrial///Hand Tools,2287,2287,14825,3,,0,N,,Craftsman 12-Piece Wrench Set,"<p>Craftsman 16-Piece Wrench Set by Craftsman is built for durability and precision in tough work environments. Condition: 'Like new', thoroughly inspected and perfect for professional use or home improvement.</p>",,,,,,Condition: S[Like new],,,N,N,N,craftsman-16-piece-wrench-set,"Craftsman 16-Piece Wrench Set - like new, tough and reliable for any job.",A,18,Mark,https://is2or.store/images/thumbnails/570/570/detailed/9/s-l1200_x42y-qj.jpg,https://is2or.store/images/detailed/9/s-l1200_x42y-qj.jpg
ti9004,en,220,Tools & Industrial///Hand Tools,3484,3484,1105,1,,0,N,,Stanley Claw Hammer,"Stanley Claw Hammer by Stanley is built for durability and precision in tough work environments. Condition: 'Brand new', thoroughly inspected and perfect for professional use or home improvement.",,,,,,Condition: S[Brand new],,,N,N,N,stanley-claw-hammer,"Stanley Claw Hammer - brand new, tough and reliable for any job.",A,21,Mark,https://is2or.store/images/thumbnails/570/570/detailed/9/Claw-Hammer-With-Steel-Shaft-Stanley-HSN-82052000.jpg,https://is2or.store/images/detailed/9/Claw-Hammer-With-Steel-Shaft-Stanley-HSN-82052000.jpg
ti9005,en,221,Tools & Industrial///Hand Tools,9516,9516,6726,2,,0,N,,Vaughan Rip Hammer,"Vaughan Rip Hammer by Vaughan is built for durability and precision in tough work environments. Condition: 'Used', thoroughly inspected and perfect for professional use or home improvement.",,,,,,Condition: S[Used],,,N,N,N,vaughan-rip-hammer,"Vaughan Rip Hammer - used, tough and reliable for any job.",A,18,Mark,https://is2or.store/images/thumbnails/570/570/detailed/9/hq720.jpg,https://is2or.store/images/detailed/9/hq720.jpg
ti9006,en,222,Tools & Industrial///Construction Equipment,6918,6918,12191,1,,0,N,,Hilti DX 460 Gun,"Hilti DX 460 Gun by Hilti is built for durability and precision in tough work environments. Condition: 'Used', thoroughly inspected and perfect for professional use or home improvement.",,,,,,Condition: S[Used],,,N,N,N,hilti-dx-460-gun,"Hilti DX 460 Gun - used, tough and reliable for any job.",A,18,Mark,https://is2or.store/images/thumbnails/570/570/detailed/9/s-l1200_dxjz-un.jpg,https://is2or.store/images/detailed/9/s-l1200_dxjz-un.jpg
ti9007,en,223,Tools & Industrial///Construction Equipment,9706,9706,2575,2,,0,N,,Bosch Rotary Hammer Drill,"Bosch Rotary Hammer Drill by Bosch is built for durability and precision in tough work environments. Condition: 'Like new', thoroughly inspected and perfect for professional use or home improvement.",,,,,,Condition: S[Like new],,,N,N,N,bosch-rotary-hammer-drill,"Bosch Rotary Hammer Drill - like new, tough and reliable for any job.",A,15,Mark,https://is2or.store/images/thumbnails/570/570/detailed/9/Sb068912a0d05485a93e3ac1b8fd72d1ae.jpg_720x720q80.jpg,https://is2or.store/images/detailed/9/Sb068912a0d05485a93e3ac1b8fd72d1ae.jpg_720x720q80.jpg
ti9008,en,224,Tools & Industrial///Construction Equipment,1378,1378,18577,3,,0,N,,Makita Concrete Mixer,"Makita Concrete Mixer by Makita is built for durability and precision in tough work environments. Condition: 'Brand new', thoroughly inspected and perfect for professional use or home improvement.",,,,,,Condition: S[Brand new],,,N,N,N,makita-concrete-mixer,"Makita Concrete Mixer - brand new, tough and reliable for any job.",A,18,Mark,https://is2or.store/images/thumbnails/570/570/detailed/9/a2b2859b808251f5878f67b09475f8e7.jpg,https://is2or.store/images/detailed/9/a2b2859b808251f5878f67b09475f8e7.jpg
ti9009,en,225,Tools & Industrial///Workshop Equipment,4506,4506,7404,3,,0,N,,"Jet 20"" Drill Press","Jet 20"" Drill Press by Jet is built for durability and precision in tough work environments. Condition: 'Like new', thoroughly inspected and perfect for professional use or home improvement.",,,,,,Condition: S[Like new],,,N,N,N,jet-20-drill-press,"Jet 20"" Drill Press - like new, tough and reliable for any job.",A,18,Mark,https://is2or.store/images/thumbnails/570/570/detailed/9/Jet-Drill-Press-16330a-scaled.jpg,https://is2or.store/images/detailed/9/Jet-Drill-Press-16330a-scaled.jpg
ti9010,en,226,Tools & Industrial///Workshop Equipment,5307,5307,7648,3,,0,N,,Wen 5-Speed Bench Drill,"Wen 5-Speed Bench Drill by Wen is built for durability and precision in tough work environments. Condition: 'Used', thoroughly inspected and perfect for professional use or home improvement.",,,,,,Condition: S[Used],,,N,N,N,wen-5-speed-bench-drill,"Wen 5-Speed Bench Drill - used, tough and reliable for any job.",A,18,Mark,https://is2or.store/images/thumbnails/570/570/detailed/9/M_2d4wBm6Guf9338sNkiS3rEyGPjSd7vl6jQMK6hDoU.jpg,https://is2or.store/images/detailed/9/M_2d4wBm6Guf9338sNkiS3rEyGPjSd7vl6jQMK6hDoU.jpg
ti9011,en,227,Tools & Industrial///Garden Tools,9077,9077,9871,1,,0,N,,Greenworks Cordless Leaf Blower,"Greenworks Cordless Leaf Blower by Greenworks is built for durability and precision in tough work environments. Condition: 'Brand new', thoroughly inspected and perfect for professional use or home improvement.",,,,,,Condition: S[Brand new],,,N,N,N,greenworks-cordless-leaf-blower,"Greenworks Cordless Leaf Blower - brand new, tough and reliable for any job.",A,18,Mark,https://is2or.store/images/thumbnails/570/570/detailed/9/s-l1200_uoqx-no.jpg,https://is2or.store/images/detailed/9/s-l1200_uoqx-no.jpg
ti9012,en,228,Tools & Industrial///Garden Tools,2083,2083,2088,2,,0,N,,Husqvarna 122HD60 Hedge Trimmer,"Husqvarna 122HD60 Hedge Trimmer by Husqvarna is built for durability and precision in tough work environments. Condition: 'Used', thoroughly inspected and perfect for professional use or home improvement.",,,,,,Condition: S[Used],,,N,N,N,husqvarna-122hd60-hedge-trimmer,"Husqvarna 122HD60 Hedge Trimmer - used, tough and reliable for any job.",A,18,Mark,https://is2or.store/images/thumbnails/570/570/detailed/9/s-l1200_nx7l-8g.jpg,https://is2or.store/images/detailed/9/s-l1200_nx7l-8g.jpg
ti9013,en,229,Tools & Industrial///Garden Tools,4388,4388,16639,3,,0,N,,Fiskars Pruning Shears,"Fiskars Pruning Shears by Fiskars is built for durability and precision in tough work environments. Condition: 'Like new', thoroughly inspected and perfect for professional use or home improvement.",,,,,,Condition: S[Like new],,,N,N,N,fiskars-pruning-shears,"Fiskars Pruning Shears - like new, tough and reliable for any job.",A,18,Mark,https://is2or.store/images/thumbnails/570/570/detailed/9/Pruners-from-Fiskars-scaled.jpeg,https://is2or.store/images/detailed/9/Pruners-from-Fiskars-scaled.jpeg
ti9014,en,230,Tools & Industrial///Industrial Machinery,3951,3951,6798,3,,0,N,,CNC Milling Machine,"CNC Milling Machine by Haas is built for durability and precision in tough work environments. Condition: 'Used', thoroughly inspected and perfect for professional use or home improvement.",,,,,,Condition: S[Used],,,N,N,N,cnc-milling-machine,"CNC Milling Machine - used, tough and reliable for any job.",A,18,Mark,https://is2or.store/images/thumbnails/570/570/detailed/9/spm-cnc-turnmill-machine.jpeg,https://is2or.store/images/detailed/9/spm-cnc-turnmill-machine.jpeg
ti9015,en,231,Tools & Industrial///Industrial Machinery,4994,4994,2241,1,,0,N,,KUKA Robotics Arm,"KUKA Robotics Arm by KUKA is built for durability and precision in tough work environments. Condition: 'Brand new', thoroughly inspected and perfect for professional use or home improvement.",,,,,,Condition: S[Brand new],,,N,N,N,kuka-robotics-arm,"KUKA Robotics Arm - brand new, tough and reliable for any job.",A,18,Mark,https://is2or.store/images/thumbnails/570/570/detailed/9/15084256-01.jpg,https://is2or.store/images/detailed/9/15084256-01.jpg
ti9016,en,232,Tools & Industrial///Safety Equipment,4974,4974,1608,3,,0,N,,3M Safety Goggles,"3M Safety Goggles by 3M is built for durability and precision in tough work environments. Condition: 'Brand new', thoroughly inspected and perfect for professional use or home improvement.",,,,,,Condition: S[Brand new],,,N,N,N,3m-safety-goggles,"3M Safety Goggles - brand new, tough and reliable for any job.",A,18,Mark,https://is2or.store/images/thumbnails/570/570/detailed/9/D_NQ_NP_923687-MLU70332219826_072023-O.webp,https://is2or.store/images/detailed/9/D_NQ_NP_923687-MLU70332219826_072023-O.webp
ti9017,en,233,Tools & Industrial///Safety Equipment,6125,6125,12550,3,,0,N,,Honeywell Hard Hat,"Honeywell Hard Hat by Honeywell is built for durability and precision in tough work environments. Condition: 'Like new', thoroughly inspected and perfect for professional use or home improvement.",,,,,,Condition: S[Like new],,,N,N,N,honeywell-hard-hat,"Honeywell Hard Hat - like new, tough and reliable for any job.",A,18,Mark,https://is2or.store/images/thumbnails/570/570/detailed/9/653abde1732d941448591670-fibre-metal-by-honeywell-p2hnrw11a000.jpg,https://is2or.store/images/detailed/9/653abde1732d941448591670-fibre-metal-by-honeywell-p2hnrw11a000.jpg
ti9018,en,234,Tools & Industrial///Safety Equipment,5549,5549,17767,2,,0,N,,3M Respirator Mask,"3M Respirator Mask by 3M is built for durability and precision in tough work environments. Condition: 'Used', thoroughly inspected and perfect for professional use or home improvement.",,,,,,Condition: S[Used],,,N,N,N,3m-respirator-mask,"3M Respirator Mask - used, tough and reliable for any job.",A,21,Mark,https://is2or.store/images/thumbnails/570/570/detailed/9/mask_3m_respirator_1718156506_94c59c1c_progressive.jpg,https://is2or.store/images/detailed/9/mask_3m_respirator_1718156506_94c59c1c_progressive.jpg
ti9019,en,235,Tools & Industrial///Testing Equipment,4445,4445,5102,1,,0,N,,Fluke Digital Multimeter,"Fluke Digital Multimeter by Fluke is built for durability and precision in tough work environments. Condition: 'Brand new', thoroughly inspected and perfect for professional use or home improvement.",,,,,,Condition: S[Brand new],,,N,N,N,fluke-digital-multimeter,"Fluke Digital Multimeter - brand new, tough and reliable for any job.",A,18,Mark,https://is2or.store/images/thumbnails/570/570/detailed/9/65855c9b4a440922da5a5948-fluke-15b-f15b-digital-multimeter.jpg,https://is2or.store/images/detailed/9/65855c9b4a440922da5a5948-fluke-15b-f15b-digital-multimeter.jpg
ti9020,en,236,Tools & Industrial///Testing Equipment,6298,6298,8945,2,,0,N,,Klein Tools Circuit Tester,"Klein Tools Circuit Tester by Klein Tools is built for durability and precision in tough work environments. Condition: 'Like new', thoroughly inspected and perfect for professional use or home improvement.",,,,,,Condition: S[Like new],,,N,N,N,klein-tools-circuit-tester,"Klein Tools Circuit Tester - like new, tough and reliable for any job.",A,18,Mark,https://is2or.store/images/thumbnails/570/570/detailed/9/447f56e67df4806a091090d2d5ccf14e_1080x.jpg,https://is2or.store/images/detailed/9/447f56e67df4806a091090d2d5ccf14e_1080x.jpg
ti9021,en,237,Tools & Industrial///Testing Equipment,5227,5227,12295,2,,0,N,,Extech Sound Level Meter,"Extech Sound Level Meter by Extech is built for durability and precision in tough work environments. Condition: 'Used', thoroughly inspected and perfect for professional use or home improvement.",,,,,,Condition: S[Used],,,N,N,N,extech-sound-level-meter,"Extech Sound Level Meter - used, tough and reliable for any job.",A,18,Mark,https://is2or.store/images/thumbnails/570/570/detailed/9/s-l1200_y4ee-uq.jpg,https://is2or.store/images/detailed/9/s-l1200_y4ee-uq.jpg
ca10000,en,238,Collectibles & Art///Antiques,7447,7447,1736,2,,0,N,,Antique Oak Writing Desk,"Antique Oak Writing Desk by Unknown is a true collector's treasure, perfect for enthusiasts seeking rare and exclusive items. Condition: 'Used', each piece is carefully preserved and comes with documentation of authenticity.",,,,,,Condition: S[Used],,,N,N,N,antique-oak-writing-desk,"Antique Oak Writing Desk - used, a rare find for serious collectors.",A,27,Tom,https://is2or.store/images/thumbnails/570/570/detailed/9/237_898343_5.jpg,https://is2or.store/images/detailed/9/237_898343_5.jpg
ca10001,en,239,Collectibles & Art///Antiques,563,563,1505,1,,0,N,,Victorian Silver Teapot,"Victorian Silver Teapot by Unknown is a true collector's treasure, perfect for enthusiasts seeking rare and exclusive items. Condition: 'Like new', each piece is carefully preserved and comes with documentation of authenticity.",,,,,,Condition: S[Like new],,,N,N,N,victorian-silver-teapot,"Victorian Silver Teapot - like new, a rare find for serious collectors.",A,30,Tom,https://is2or.store/images/thumbnails/570/570/detailed/9/il_570xN.4238425196_hs4y.jpg,https://is2or.store/images/detailed/9/il_570xN.4238425196_hs4y.jpg
ca10002,en,240,Collectibles & Art///Antiques,13515,13515,2642,1,,0,N,,Vintage Persian Rug,"Vintage Persian Rug by Unknown is a true collector's treasure, perfect for enthusiasts seeking rare and exclusive items. Condition: 'Used', each piece is carefully preserved and comes with documentation of authenticity.",,,,,,Condition: S[Used],,,N,N,N,vintage-persian-rug,"Vintage Persian Rug - used, a rare find for serious collectors.",A,24,Tom,https://is2or.store/images/thumbnails/570/570/detailed/9/E39DC6AA-2E54-4548-B9D6-F9A0BF9B28FF_grande.jpg,https://is2or.store/images/detailed/9/E39DC6AA-2E54-4548-B9D6-F9A0BF9B28FF_grande.jpg
ca10007,en,241,Collectibles & Art///Stamps,5667,5667,3125,2,,0,N,,USA 1870 Cover Stamp,"USA 1847 Cover Stamp by Unknown is a true collector's treasure, perfect for enthusiasts seeking rare and exclusive items. Condition: 'Used', each piece is carefully preserved and comes with documentation of authenticity.",,,,,,Condition: S[Used],,,N,N,N,usa-1870-cover-stamp,"USA 1847 Cover Stamp - used, a rare find for serious collectors.",A,24,Tom,https://is2or.store/images/thumbnails/570/570/detailed/9/s-l1200_8hng-23.jpg,https://is2or.store/images/detailed/9/s-l1200_8hng-23.jpg
ca10008,en,242,Collectibles & Art///Coins,11692,11692,3784,2,,0,N,,Gold Sovereign Coin,"Gold Sovereign Coin by Royal Mint is a true collector's treasure, perfect for enthusiasts seeking rare and exclusive items. Condition: 'Like new', each piece is carefully preserved and comes with documentation of authenticity.",,,,,,Condition: S[Like new],,,N,N,N,gold-sovereign-coin,"Gold Sovereign Coin - like new, a rare find for serious collectors.",A,27,Tom,https://is2or.store/images/thumbnails/570/570/detailed/9/il_570xN.3374611681_3cr9.jpg,https://is2or.store/images/detailed/9/il_570xN.3374611681_3cr9.jpg
ca10009,en,243,Collectibles & Art///Coins,4970,4970,1160,1,,0,N,,Ancient Roman Silver Denarius,"Ancient Roman Silver Denarius by Unknown is a true collector's treasure, perfect for enthusiasts seeking rare and exclusive items. Condition: 'Used', each piece is carefully preserved and comes with documentation of authenticity.",,,,,,Condition: S[Used],,,N,N,N,ancient-roman-silver-denarius,"Ancient Roman Silver Denarius - used, a rare find for serious collectors.",A,27,Tom,https://is2or.store/images/thumbnails/570/570/detailed/9/s-l1200_w9p7-aw.jpg,https://is2or.store/images/detailed/9/s-l1200_w9p7-aw.jpg
ca10010,en,244,Collectibles & Art///Coins,1104,1104,4727,1,,0,N,,2022 Silver Eagle Coin,"2022 Silver Eagle Coin by US Mint is a true collector's treasure, perfect for enthusiasts seeking rare and exclusive items. Condition: 'Brand new', each piece is carefully preserved and comes with documentation of authenticity.",,,,,,Condition: S[Brand new],,,N,N,N,2022-silver-eagle-coin,"2022 Silver Eagle Coin - brand new, a rare find for serious collectors.",A,18,Tom,https://is2or.store/images/thumbnails/570/570/detailed/9/2022-W-Silver-Eagle-S_1-Advance-Releases-PF70-Ultra-Cameo-Mercanti-Auto-creative2.png,https://is2or.store/images/detailed/9/2022-W-Silver-Eagle-S_1-Advance-Releases-PF70-Ultra-Cameo-Mercanti-Auto-creative2.png
ca10011,en,245,Collectibles & Art///Trading Cards,9577,9577,4204,1,,0,N,,1997 Michael Jordan Upper Deck Card,"1997 Michael Jordan Upper Deck Card by Upper Deck is a true collector's treasure, perfect for enthusiasts seeking rare and exclusive items. Condition: 'Used', each piece is carefully preserved and comes with documentation of authenticity.",,,,,,Condition: S[Used],,,N,N,N,1997-michael-jordan-upper-deck-card,"1997 Michael Jordan Upper Deck Card - used, a rare find for serious collectors.",A,18,Tom,https://is2or.store/images/thumbnails/570/570/detailed/9/s-l1200_6296-gg.jpg,https://is2or.store/images/detailed/9/s-l1200_6296-gg.jpg
ca10012,en,246,Collectibles & Art///Trading Cards,1903,1903,3562,2,,0,N,,Pokemon Charizard Holo Card,"Pokemon Charizard Holo Card by Wizards of the Coast is a true collector's treasure, perfect for enthusiasts seeking rare and exclusive items. Condition: 'Like new', each piece is carefully preserved and comes with documentation of authenticity.",,,,,,Condition: S[Like new],,,N,N,N,pokemon-charizard-holo-card,"Pokemon Charizard Holo Card - like new, a rare find for serious collectors.",A,18,Tom,https://is2or.store/images/thumbnails/570/570/detailed/9/__57_hepx-2h.JPG,https://is2or.store/images/detailed/9/__57_hepx-2h.JPG
ca10013,en,247,Collectibles & Art///Trading Cards,6872,6872,3868,1,,0,N,,LeBron James Rookie Card,"LeBron James Rookie Card by Topps is a true collector's treasure, perfect for enthusiasts seeking rare and exclusive items. Condition: 'Brand new', each piece is carefully preserved and comes with documentation of authenticity.",,,,,,Condition: S[Brand new],,,N,N,N,lebron-james-rookie-card,"LeBron James Rookie Card - brand new, a rare find for serious collectors.",A,27,Tom,https://is2or.store/images/thumbnails/570/570/detailed/9/il_570xN.4383725346_2un1.jpg,https://is2or.store/images/detailed/9/il_570xN.4383725346_2un1.jpg
ca10014,en,248,Collectibles & Art///Memorabilia,5684,5684,3622,2,,0,N,,Signed Beatles Vinyl Record,"Signed Beatles Vinyl Record by The Beatles is a true collector's treasure, perfect for enthusiasts seeking rare and exclusive items. Condition: 'Like new', each piece is carefully preserved and comes with documentation of authenticity.",,,,,,Condition: S[Like new],,,N,N,N,signed-beatles-vinyl-record,"Signed Beatles Vinyl Record - like new, a rare find for serious collectors.",A,18,Tom,https://is2or.store/images/thumbnails/570/570/detailed/9/il_570xN.3479496308_1zj2.jpg,https://is2or.store/images/detailed/9/il_570xN.3479496308_1zj2.jpg
ca10015,en,249,Collectibles & Art///Memorabilia,9170,9170,2729,2,,0,N,,Muhammad Ali Autographed Boxing Gloves,"Muhammad Ali Autographed Boxing Gloves by Muhammad Ali is a true collector's treasure, perfect for enthusiasts seeking rare and exclusive items. Condition: 'Used', each piece is carefully preserved and comes with documentation of authenticity.",,,,,,Condition: S[Used],,,N,N,N,muhammad-ali-autographed-boxing-gloves,"Muhammad Ali Autographed Boxing Gloves - used, a rare find for serious collectors.",A,24,Tom,https://is2or.store/images/thumbnails/570/570/detailed/9/s-l1200_euqb-pi.jpg,https://is2or.store/images/detailed/9/s-l1200_euqb-pi.jpg
ca10016,en,250,Collectibles & Art///Vintage Items,10865,10865,2988,2,,0,N,,Vintage Rolex Submariner Watch,"Vintage Rolex Submariner Watch by Rolex is a true collector's treasure, perfect for enthusiasts seeking rare and exclusive items. Condition: 'Used', each piece is carefully preserved and comes with documentation of authenticity.",,,,,,Condition: S[Used],,,N,N,N,vintage-rolex-submariner-watch,"Vintage Rolex Submariner Watch - used, a rare find for serious collectors.",A,18,Tom,https://is2or.store/images/thumbnails/570/570/detailed/9/326442381_951261636279355_6641518942386883802_n.jpg,https://is2or.store/images/detailed/9/326442381_951261636279355_6641518942386883802_n.jpg
ca10017,en,251,Collectibles & Art///Vintage Items,14803,14803,1973,1,,0,N,,Antique Tiffany Silver Necklace,"Antique Tiffany Silver Necklace by Tiffany & Co. is a true collector's treasure, perfect for enthusiasts seeking rare and exclusive items. Condition: 'Like new', each piece is carefully preserved and comes with documentation of authenticity.",,,,,,Condition: S[Like new],,,N,N,N,antique-tiffany-silver-necklace,"Antique Tiffany Silver Necklace - like new, a rare find for serious collectors.",A,27,Tom,https://is2or.store/images/thumbnails/570/570/detailed/9/113539N_f_Vintage_Elsa_Peretti_Heart_Necklace.jpg,https://is2or.store/images/detailed/9/113539N_f_Vintage_Elsa_Peretti_Heart_Necklace.jpg
ca10018,en,252,Collectibles & Art///Limited Edition Items,5481,5481,3087,2,,0,N,,Limited Edition Star Wars Poster,"Limited Edition Star Wars Poster by Lucasfilm is a true collector's treasure, perfect for enthusiasts seeking rare and exclusive items. Condition: 'Brand new', each piece is carefully preserved and comes with documentation of authenticity.",,,,,,Condition: S[Brand new],,,N,N,N,limited-edition-star-wars-poster,"Limited Edition Star Wars Poster - brand new, a rare find for serious collectors.",A,18,Tom,https://is2or.store/images/thumbnails/570/570/detailed/9/y0491_guerre_des_etoiles_nouvel_espoir_luke_skywalker_han_solo_princess_leia_obi-wan_kenobi_jedi_dark_vador_star_wars_starwars_affiche_ancienne_originale.jpg__960x0_q85_subsampling-2_upscale.jpg,https://is2or.store/images/detailed/9/y0491_guerre_des_etoiles_nouvel_espoir_luke_skywalker_han_solo_princess_leia_obi-wan_kenobi_jedi_dark_vador_star_wars_starwars_affiche_ancienne_originale.jpg__960x0_q85_subsampling-2_upscale.jpg
fw11000,en,253,Fashion & Accessories///Designer Clothing,2099,2099,1210,2,,0,N,,Gucci Silk Dress,"Gucci Silk Dress by Gucci is a luxurious item that adds elegance to any wardrobe. Condition: 'Like new', this fashion piece offers style and sophistication. Perfect for special occasions or everyday wear.",,,,,,Condition: S[Like new],,,N,N,N,gucci-silk-dress,"Gucci Silk Dress - like new, timeless style and luxury.",A,57,vivicu,https://is2or.store/images/thumbnails/570/570/detailed/9/s-l1200_a18j-9x.jpg,https://is2or.store/images/detailed/9/s-l1200_a18j-9x.jpg
fw11001,en,254,Fashion & Accessories///Designer Clothing,3802,3802,1078,3,,0,N,,Chanel Tweed Jacket,"Chanel Tweed Jacket by Chanel is a luxurious item that adds elegance to any wardrobe. Condition: 'Used', this fashion piece offers style and sophistication. Perfect for special occasions or everyday wear.",,,,,,Condition: S[Used],,,N,N,N,chanel-tweed-jacket,"Chanel Tweed Jacket - used, timeless style and luxury.",A,69,vivicu,https://is2or.store/images/thumbnails/570/570/detailed/9/15400163793017.JPG,https://is2or.store/images/detailed/9/15400163793017.JPG
fw11002,en,255,Fashion & Accessories///Designer Clothing,10707,10707,562,1,,0,N,,Prada Evening Gown,"Prada Evening Gown by Prada is a luxurious item that adds elegance to any wardrobe. Condition: 'Brand new', this fashion piece offers style and sophistication. Perfect for special occasions or everyday wear.",,,,,,Condition: S[Brand new],,,N,N,N,prada-evening-gown,"Prada Evening Gown - brand new, timeless style and luxury.",A,69,vivicu,https://is2or.store/images/thumbnails/570/570/detailed/9/s-l1200_9zx7-1t.jpg,https://is2or.store/images/detailed/9/s-l1200_9zx7-1t.jpg
fw11003,en,256,Fashion & Accessories///Luxury Bags,5335,5335,857,3,,0,N,,Louis Vuitton Speedy 30,"Louis Vuitton Speedy 30 by Louis Vuitton is a luxurious item that adds elegance to any wardrobe. Condition: 'Like new', this fashion piece offers style and sophistication. Perfect for special occasions or everyday wear.",,,,,,Condition: S[Like new],,,N,N,N,louis-vuitton-speedy-30,"Louis Vuitton Speedy 30 - like new, timeless style and luxury.",A,54,vivicu,https://is2or.store/images/thumbnails/570/570/detailed/9/louis_vuitton_speedy_30_1726642331_68035b3f_progressive.jpg,https://is2or.store/images/detailed/9/louis_vuitton_speedy_30_1726642331_68035b3f_progressive.jpg
fw11004,en,257,Fashion & Accessories///Luxury Bags,8330,8330,809,1,,0,N,,Gucci Dionysus Shoulder Bag,"Gucci Dionysus Shoulder Bag by Gucci is a luxurious item that adds elegance to any wardrobe. Condition: 'Used', this fashion piece offers style and sophistication. Perfect for special occasions or everyday wear.",,,,,,Condition: S[Used],,,N,N,N,gucci-dionysus-shoulder-bag,"Gucci Dionysus Shoulder Bag - used, timeless style and luxury.",A,63,vivicu,https://is2or.store/images/thumbnails/570/570/detailed/9/gucci_dionysus_floral_shoulder_1729572575_5ca2b565_progressive.jpg,https://is2or.store/images/detailed/9/gucci_dionysus_floral_shoulder_1729572575_5ca2b565_progressive.jpg
fw11005,en,258,Fashion & Accessories///Luxury Bags,11254,11254,1933,2,,0,N,,Chanel Classic Flap Bag,"Chanel Classic Flap Bag by Chanel is a luxurious item that adds elegance to any wardrobe. Condition: 'Brand new', this fashion piece offers style and sophistication. Perfect for special occasions or everyday wear.",,,,,,Condition: S[Brand new],,,N,N,N,chanel-classic-flap-bag,"Chanel Classic Flap Bag - brand new, timeless style and luxury.",A,69,vivicu,https://is2or.store/images/thumbnails/570/570/detailed/9/dhy7nmsv4doa1.jpg,https://is2or.store/images/detailed/9/dhy7nmsv4doa1.jpg
fw11006,en,259,Fashion & Accessories///Watches,616,616,1556,3,,0,N,,Rolex Datejust 36mm,"Rolex Datejust 36mm by Rolex is a luxurious item that adds elegance to any wardrobe. Condition: 'Used', this fashion piece offers style and sophistication. Perfect for special occasions or everyday wear.",,,,,,Condition: S[Used],,,N,N,N,rolex-datejust-36mm,"Rolex Datejust 36mm - used, timeless style and luxury.",A,60,vivicu,https://is2or.store/images/thumbnails/570/570/detailed/9/39718727-vlt4vqjpb4o67tdfxcwalmep-ExtraLarge.jpg,https://is2or.store/images/detailed/9/39718727-vlt4vqjpb4o67tdfxcwalmep-ExtraLarge.jpg
fw11007,en,260,Fashion & Accessories///Watches,4689,4689,377,2,,0,N,,Omega Seamaster Diver,"Omega Seamaster Diver by Omega is a luxurious item that adds elegance to any wardrobe. Condition: 'Like new', this fashion piece offers style and sophistication. Perfect for special occasions or everyday wear.",,,,,,Condition: S[Like new],,,N,N,N,omega-seamaster-diver,"Omega Seamaster Diver - like new, timeless style and luxury.",A,69,vivicu,https://is2or.store/images/thumbnails/570/570/detailed/9/image.jpg,https://is2or.store/images/detailed/9/image.jpg
fw11008,en,261,Fashion & Accessories///Watches,4284,4284,900,2,,0,N,,Cartier Ballon Bleu,"Cartier Ballon Bleu by Cartier is a luxurious item that adds elegance to any wardrobe. Condition: 'Brand new', this fashion piece offers style and sophistication. Perfect for special occasions or everyday wear.",,,,,,Condition: S[Brand new],,,N,N,N,cartier-ballon-bleu,"Cartier Ballon Bleu - brand new, timeless style and luxury.",A,51,vivicu,https://is2or.store/images/thumbnails/570/570/detailed/9/Ballon_Blue_de_Cartier-3609.jpg,https://is2or.store/images/detailed/9/Ballon_Blue_de_Cartier-3609.jpg
fw11009,en,262,Fashion & Accessories///Jewelry,14601,14601,289,1,,0,N,,Tiffany & Co. Diamond Necklace,"Tiffany & Co. Diamond Necklace by Tiffany & Co. is a luxurious item that adds elegance to any wardrobe. Condition: 'Brand new', this fashion piece offers style and sophistication. Perfect for special occasions or everyday wear.",,,,,,Condition: S[Brand new],,,N,N,N,tiffany-and-co-diamond-necklace,"Tiffany & Co. Diamond Necklace - brand new, timeless style and luxury.",A,27,vivicu,https://is2or.store/images/thumbnails/570/570/detailed/9/s-l1200_xvp9-sj.jpg,https://is2or.store/images/detailed/9/s-l1200_xvp9-sj.jpg
fw11010,en,263,Fashion & Accessories///Jewelry,9303,9303,512,3,,0,N,,Cartier Love Bracelet,"Cartier Love Bracelet by Cartier is a luxurious item that adds elegance to any wardrobe. Condition: 'Used', this fashion piece offers style and sophistication. Perfect for special occasions or everyday wear.",,,,,,Condition: S[Used],,,N,N,N,cartier-love-bracelet,"Cartier Love Bracelet - used, timeless style and luxury.",A,54,vivicu,https://is2or.store/images/thumbnails/570/570/detailed/9/s-l1200_5ucg-uw.jpg,https://is2or.store/images/detailed/9/s-l1200_5ucg-uw.jpg
fw11011,en,264,Fashion & Accessories///Jewelry,1866,1866,1200,1,,0,N,,Van Cleef & Arpels Alhambra Necklace,"Van Cleef & Arpels Alhambra Necklace by Van Cleef & Arpels is a luxurious item that adds elegance to any wardrobe. Condition: 'Like new', this fashion piece offers style and sophistication. Perfect for special occasions or everyday wear.",,,,,,Condition: S[Like new],,,N,N,N,van-cleef-and-arpels-alhambra-necklace,"Van Cleef & Arpels Alhambra Necklace - like new, timeless style and luxury.",A,27,vivicu,https://is2or.store/images/thumbnails/570/570/detailed/9/id-11134207-7r98w-lzmurw7x2u5cdf.jpg,https://is2or.store/images/detailed/9/id-11134207-7r98w-lzmurw7x2u5cdf.jpg
fw11012,en,265,Fashion & Accessories///Shoes,2461,2461,851,2,,0,N,,Christian Louboutin Red Soles,"Christian Louboutin Red Soles by Christian Louboutin is a luxurious item that adds elegance to any wardrobe. Condition: 'Like new', this fashion piece offers style and sophistication. Perfect for special occasions or everyday wear.",,,,,,Condition: S[Like new],,,N,N,N,christian-louboutin-red-soles,"Christian Louboutin Red Soles - like new, timeless style and luxury.",A,57,vivicu,https://is2or.store/images/thumbnails/570/570/detailed/9/s-l1200_9p40-r5.jpg,https://is2or.store/images/detailed/9/s-l1200_9p40-r5.jpg
fw11013,en,266,Fashion & Accessories///Shoes,14654,14654,699,2,,0,N,,Jimmy Choo High Heels,"Jimmy Choo High Heels by Jimmy Choo is a luxurious item that adds elegance to any wardrobe. Condition: 'Used', this fashion piece offers style and sophistication. Perfect for special occasions or everyday wear.",,,,,,Condition: S[Used],,,N,N,N,jimmy-choo-high-heels,"Jimmy Choo High Heels - used, timeless style and luxury.",A,24,vivicu,https://is2or.store/images/thumbnails/570/570/detailed/9/s-l1200_vqvk-bo.jpg,https://is2or.store/images/detailed/9/s-l1200_vqvk-bo.jpg
fw11014,en,267,Fashion & Accessories///Shoes,5227,5227,151,3,,0,N,,Prada Combat Boots,"Prada Combat Boots by Prada is a luxurious item that adds elegance to any wardrobe. Condition: 'Brand new', this fashion piece offers style and sophistication. Perfect for special occasions or everyday wear.",,,,,,Condition: S[Brand new],,,N,N,N,prada-combat-boots,"Prada Combat Boots - brand new, timeless style and luxury.",A,27,vivicu,https://is2or.store/images/thumbnails/570/570/detailed/9/s-l1200_b75z-oe.jpg,https://is2or.store/images/detailed/9/s-l1200_b75z-oe.jpg
fw11015,en,268,Fashion & Accessories///Vintage Clothing,6293,6293,1057,3,,0,N,,Vintage 1950s Dior Dress,"Vintage 1950s Dior Dress by Dior is a luxurious item that adds elegance to any wardrobe. Condition: 'Used', this fashion piece offers style and sophistication. Perfect for special occasions or everyday wear.",,,,,,Condition: S[Used],,,N,N,N,vintage-1950s-dior-dress,"Vintage 1950s Dior Dress - used, timeless style and luxury.",A,18,vivicu,https://is2or.store/images/thumbnails/570/570/detailed/9/12907522_master.jpg,https://is2or.store/images/detailed/9/12907522_master.jpg
fw11016,en,269,Fashion & Accessories///Vintage Clothing,538,538,1105,3,,0,N,,Vintage Chanel Cardigan,"Vintage Chanel Cardigan by Chanel is a luxurious item that adds elegance to any wardrobe. Condition: 'Like new', this fashion piece offers style and sophistication. Perfect for special occasions or everyday wear.",,,,,,Condition: S[Like new],,,N,N,N,vintage-chanel-cardigan,"Vintage Chanel Cardigan - like new, timeless style and luxury.",A,18,vivicu,https://is2or.store/images/thumbnails/570/570/detailed/9/__57_lb34-xo.JPG,https://is2or.store/images/detailed/9/__57_lb34-xo.JPG
fw11017,en,270,Fashion & Accessories///Vintage Clothing,11615,11615,1437,1,,0,N,,1950s Yves Saint Laurent Coat,"1950s Yves Saint Laurent Coat by Yves Saint Laurent is a luxurious item that adds elegance to any wardrobe. Condition: 'Brand new', this fashion piece offers style and sophistication. Perfect for special occasions or everyday wear.",,,,,,Condition: S[Brand new],,,N,N,N,1950s-yves-saint-laurent-coat,"1950s Yves Saint Laurent Coat - brand new, timeless style and luxury.",A,51,vivicu,https://is2or.store/images/thumbnails/570/570/detailed/9/il_570xN.2865485425_ns0g.jpg,https://is2or.store/images/detailed/9/il_570xN.2865485425_ns0g.jpg
fw11018,en,271,Fashion & Accessories///Accessories,780,780,847,1,,0,N,,Louis Vuitton Monogram Scarf,"Louis Vuitton Monogram Scarf by Louis Vuitton is a luxurious item that adds elegance to any wardrobe. Condition: 'Like new', this fashion piece offers style and sophistication. Perfect for special occasions or everyday wear.",,,,,,Condition: S[Like new],,,N,N,N,louis-vuitton-monogram-scarf,"Louis Vuitton Monogram Scarf - like new, timeless style and luxury.",A,18,vivicu,https://is2or.store/images/thumbnails/570/570/detailed/9/s-l1200_uely-7h.jpg,https://is2or.store/images/detailed/9/s-l1200_uely-7h.jpg
fw11019,en,272,Fashion & Accessories///Accessories,11448,11448,394,3,,0,N,,Gucci GG Marmont Belt,"Gucci GG Marmont Belt by Gucci is a luxurious item that adds elegance to any wardrobe. Condition: 'Used', this fashion piece offers style and sophistication. Perfect for special occasions or everyday wear.",,,,,,Condition: S[Used],,,N,N,N,gucci-gg-marmont-belt,"Gucci GG Marmont Belt - used, timeless style and luxury.",A,18,vivicu,https://is2or.store/images/thumbnails/570/570/detailed/9/id-11134207-7r98s-lyn6nndj265p68.jpg,https://is2or.store/images/detailed/9/id-11134207-7r98s-lyn6nndj265p68.jpg
fw11020,en,273,Fashion & Accessories///Accessories,2343,2343,280,2,,0,N,,Prada Sunglasses,"Prada Sunglasses by Prada is a luxurious item that adds elegance to any wardrobe. Condition: 'Brand new', this fashion piece offers style and sophistication. Perfect for special occasions or everyday wear.",,,,,,Condition: S[Brand new],,,N,N,N,prada-sunglasses,"Prada Sunglasses - brand new, timeless style and luxury.",A,15,vivicu,https://is2or.store/images/thumbnails/570/570/detailed/9/authentic_prada_sunglasses_1723437369_0a2b8e76_progressive.jpg,https://is2or.store/images/detailed/9/authentic_prada_sunglasses_1723437369_0a2b8e76_progressive.jpg
fw11021,en,274,Fashion & Accessories///Designer Sunglasses,8789,8789,1158,1,,0,N,,Ray-Ban Aviators,"Ray-Ban Aviators by Ray-Ban is a luxurious item that adds elegance to any wardrobe. Condition: 'Used', this fashion piece offers style and sophistication. Perfect for special occasions or everyday wear.",,,,,,Condition: S[Used],,,N,N,N,ray-ban-aviators,"Ray-Ban Aviators - used, timeless style and luxury.",A,15,vivicu,https://is2or.store/images/thumbnails/570/570/detailed/9/s-l1200_9nvo-p9.jpg,https://is2or.store/images/detailed/9/s-l1200_9nvo-p9.jpg
fw11022,en,275,Fashion & Accessories///Designer Sunglasses,8026,8026,1030,3,,0,N,,Chanel Square Sunglasses,"Chanel Square Sunglasses by Chanel is a luxurious item that adds elegance to any wardrobe. Condition: 'Like new', this fashion piece offers style and sophistication. Perfect for special occasions or everyday wear.",,,,,,Condition: S[Like new],,,N,N,N,chanel-square-sunglasses,"Chanel Square Sunglasses - like new, timeless style and luxury.",A,51,vivicu,https://is2or.store/images/thumbnails/570/570/detailed/9/WhatsApp-Image-2024-03-05-at-10.48.06.jpeg,https://is2or.store/images/detailed/9/WhatsApp-Image-2024-03-05-at-10.48.06.jpeg
fw11023,en,276,Fashion & Accessories///Designer Sunglasses,5353,5353,971,2,,0,N,,Gucci GG0061S,"Gucci GG0061S by Gucci is a luxurious item that adds elegance to any wardrobe. Condition: 'Brand new', this fashion piece offers style and sophistication. Perfect for special occasions or everyday wear.",,,,,,Condition: S[Brand new],,,N,N,N,gucci-gg0061s,"Gucci GG0061S - brand new, timeless style and luxury.",A,27,vivicu,https://is2or.store/images/thumbnails/570/570/detailed/9/s-l1200_xya6-yg.jpg,https://is2or.store/images/detailed/9/s-l1200_xya6-yg.jpg
