language,product_code,product_name,category,brand,description,short_description,product_price,display_price,unit,weight,quantity,tax,image
en,113446,Balloon Shape Pre-Inflated Emoji with Stick,Supermarket///Retail///Household Products,,Pre-inflated emoji balloon with stick  fun and ready for any celebration.,,10.0,10.00,PC,1,8,0.0,https://images.todoorstep.com/product/100156804/Ar.jpg?t=1744675200
en,114145,ROYAL FORD Royal Ford Round Springform Set 3pcs,Supermarket///Retail///Household Products,ROYAL FORD,Royalford 3pcs round springform set  perfect for baking cakes with easy release.,,60.0,60.00,PC,1,8,0.0,https://images.todoorstep.com/product/100156107/Ar.jpg?t=1744675200
en,114151,ROYAL FORD Royal Ford Non-Stick Wok Pan 26cm,Supermarket///Retail///Household Products,ROYAL FORD,Royalford 26cm non-stick wok pan  versatile and convenient for all kitchen needs.,,39.96,39.96,PC,1,8,0.0,https://images.todoorstep.com/product/100156115/Ar.jpg?t=1744675200
en,114152,ROYAL FORD Royal Ford Non-Stick Wok Pan 30cm,Supermarket///Retail///Household Products,ROYAL FORD,Royalford 30cm non-stick wok pan  spacious and ideal for stir-frying and daily use.,,55.96,55.96,PC,1,8,0.0,https://images.todoorstep.com/product/100156117/Ar.jpg?t=1744675200
en,114154,ROYAL FORD Royal Ford Fry Pan with Lid 24cm,Supermarket///Retail///Household Products,ROYAL FORD,Royalford 24cm fry pan with lid  durable and practical for everyday cooking.,,39.96,39.96,PC,1,8,0.0,https://images.todoorstep.com/product/100156121/Ar.jpg?t=1744675200
en,114385,ROYAL FORD Royal Ford Stainless Steel Vacuum Bottle 450ml,Supermarket///Retail///Household Products,ROYAL FORD,Royalford 450ml stainless steel vacuum bottle  keeps drinks hot or cold for long hours.,,45.5,45.50,PC,1,8,0.0,https://images.todoorstep.com/product/100156197/Ar.jpg?t=1744675200
en,114386,"ROYAL FORD Royal Ford Stainless Steel Oval Lunch Box 1 Piece

",Supermarket///Retail///Household Products,ROYAL FORD,Keep your meals fresh with the durable Royal Ford stainless steel oval lunch box. Lightweight  easy to carry  and perfect for school  work  or travel.  ,,26.0,26.00,PC,1,8,0.0,https://images.todoorstep.com/product/100156201/Ar.jpg?t=1744675200
en,114545,ROYAL FORD Royal Ford Cleaver Knife 6'',Supermarket///Retail///Household Products,ROYAL FORD,Royal Ford 6-inch cleaver knife  strong and durable for cutting meat and tough ingredients.,,25.0,25.00,PC,1,8,0.0,https://images.todoorstep.com/product/100156147/Ar.jpg?t=1744675200
en,114546,ROYAL FORD Royal Ford Chef Knife 8'',Supermarket///Retail///Household Products,ROYAL FORD,Royal Ford 8-inch chef knife  versatile and sharp for all cooking needs.,,25.0,25.00,PC,1,8,0.0,https://images.todoorstep.com/product/100156150/Ar.jpg?t=1744675200
en,114548,ROYAL FORD Royal Ford Utility Knife 5'',Supermarket///Retail///Household Products,ROYAL FORD,Royal Ford 5-inch utility knife  sharp and practical for everyday kitchen use.,,17.25,17.25,PC,1,8,0.0,https://images.todoorstep.com/product/100156155/Ar.jpg?t=1744675200
en,114550,ROYAL FORD Royal Ford Plastic Cutting Board Small,Supermarket///Retail///Household Products,ROYAL FORD,Royal Ford small plastic cutting board  practical and easy to use for everyday kitchen tasks.,,24.5,24.50,PC,1,8,0.0,https://images.todoorstep.com/product/100156161/Ar.jpg?t=1744675200
en,114551,ROYAL FORD Royal Ford Plastic Cutting Board Medium,Supermarket///Retail///Household Products,ROYAL FORD,Royal Ford medium plastic cutting board  durable and easy to clean for daily kitchen use.,,31.0,31.00,PC,1,8,0.0,https://images.todoorstep.com/product/100156163/Ar.jpg?t=1744675200
en,114651,"Philips Daily Metal Kettle, 2200W, 1.7L,Steel",Home & Gardening///Home///Kitchen Items,Philips,HD9350/92-- Philips Daily Metal Kettle  2200W  Plastic spring lid  1.7L  Pilot light  Extra large opening ,,109.0,109,PCS,1,3,0.0,https://images.todoorstep.com/product/100165060/Ar.jpg?t=1755127903
en,115234,"Travel,Trip Chair",Sports & Hobbies///Sports///Camping,,Travel Trip Chair,,63.0,63.00,PC,1,4,0.0,https://images.todoorstep.com/product/100168809/Ar.jpg?t=1744675200
en,115235,Beach Chair,Sports & Hobbies///Sports///Camping,,Beach Chair,,65.0,65.00,PC,1,4,0.0,https://images.todoorstep.com/product/100168811/Ar.jpg?t=1744675200
en,115752,ROYAL FORD Hanger Set 6pcs,Supermarket///Retail///Household Products,ROYAL FORD,Practical hanger set of 6 pieces  ideal for organizing clothes neatly.,,13.0,13.00,PC,1,8,0.0,https://images.todoorstep.com/product/100162286/Ar.jpg?t=1744675200
en,115753,ROYAL FORD Royal Ford 3-Layer Steamer Pot 9L,Supermarket///Retail///Household Products,ROYAL FORD,Royal Ford 3-layer steamer pot 9L  perfect for healthy cooking and steaming a variety of foods.,,72.0,72.00,PC,1,8,0.0,https://images.todoorstep.com/product/100162290/Ar.jpg?t=1744675200
en,115754,ROYAL FORD Royal Ford Stainless Steel Cookware Set 12pcs,Supermarket///Retail///Household Products,ROYAL FORD,Royal Ford 12pcs stainless steel cookware set  durable and practical for all kitchen needs.,,208.0,208.00,PC,1,8,0.0,https://images.todoorstep.com/product/100162294/Ar.jpg?t=1744675200
en,116293,Cosmoplast Regina Low Table,Sports & Hobbies///Sports///Camping,Cosmoplast,Cosmoplast Regina low table  stylish and durable  made for versatile use with a quality finish.,,41.0,41.00,PCS,1,4,0.0,https://images.todoorstep.com/product/100175819/Ar.jpg?t=1744675200
en,116466,ROYAL FORD Royal Ford Non-Stick Frypan Set 2pcs (24cm / 26cm),Supermarket///Retail///Household Products,ROYAL FORD,Royal Ford 2pcs non-stick frypan set in sizes 24cm and 26cm  durable and ideal for everyday cooking.,,43.96,43.96,PC,1,8,0.0,https://images.todoorstep.com/product/100175612/Ar.jpg?t=1744675200
en,116497,ROYAL FORD Royal Ford Kitchen Tool Set 9pcs,Supermarket///Retail///Household Products,ROYAL FORD,Royal Ford 9pcs kitchen tool set  practical and convenient for everyday cooking.,,29.0,29.00,PC,1,8,0.0,https://images.todoorstep.com/product/100175636/Ar.jpg?t=1744675200
en,116528,ROYAL FORD Royalford Thermos 1.9L,Supermarket///Retail///Household Products,ROYAL FORD,Royalford thermos 1.9L  keeps your beverages hot or cold for long hours.,,66.0,66.00,PC,1,8,0.0,https://images.todoorstep.com/product/100175644/Ar.jpg?t=1744675200
en,116623,ROYAL FORD RF 16 Pcs Porcelain Dinner Set,Supermarket///Retail///Household Products,ROYAL FORD,RF 16 Pcs Porcelain Dinner Set,,68.0,68.00,PCS,1,8,0.0,https://images.todoorstep.com/product/100171530/Ar.jpg?t=1744675200
en,116625,ROYAL FORD Royal Ford Non-Stick Cookware Set 10pcs,Supermarket///Retail///Household Products,ROYAL FORD,Royal Ford 10pcs non-stick cookware set  practical and durable for all cooking needs.,,280.0,280.00,PC,1,8,0.0,https://images.todoorstep.com/product/100171538/Ar.jpg?t=1744675200
en,116626,ROYAL FORD Royal Ford Aluminum Cookware Set 7pcs Marble Coating,Supermarket///Retail///Household Products,ROYAL FORD,Royal Ford 7pcs aluminum cookware set with marble coating  durable and stylish for everyday cooking.,,160.0,160.00,PC,1,8,0.0,https://images.todoorstep.com/product/100171542/Ar.jpg?t=1744675200
en,117016,Cosmoplast Rattan Basket Large 10L,Supermarket///Retail///Household Products,Cosmoplast,Cosmoplast Rattan Basket Large 10L,,17.5,17.50,PCS,1,8,0.0,https://images.todoorstep.com/product/100171810/Ar.jpg?t=1744675200
en,117017,Cosmoplast Pedal Bin 15L with Inner,Supermarket///Retail///Household Products,Cosmoplast,Cosmoplast Pedal Bin 15L with Inner,,50.0,50.00,PCS,1,8,0.0,https://images.todoorstep.com/product/100171812/Ar.jpg?t=1744675200
en,117020,Cosmoplast Rattan Laundry Basket,Supermarket///Retail///Household Products,Cosmoplast,Cosmoplast Rattan Laundry Basket,,46.0,46.00,PCS,1,8,0.0,https://images.todoorstep.com/product/100171818/Ar.jpg?t=1744675200
en,117021,Cosmoplast UB Storage Box 25L with Wheel,Supermarket///Retail///Household Products,Cosmoplast,Cosmoplast UB Storage Box 25L with Wheel,,34.95,34.95,PCS,1,8,0.0,https://images.todoorstep.com/product/100171820/Ar.jpg?t=1744675200
en,117022,Cosmoplast UB Storage Box 45L with Wheel,Supermarket///Retail///Household Products,Cosmoplast,Cosmoplast UB Storage Box 45L with Wheel,,84.0,84.00,PCS,1,8,0.0,https://images.todoorstep.com/product/100171822/Ar.jpg?t=1744675200
en,117549,Cosmoplast Duke Armchair,Sports & Hobbies///Sports///Camping,Cosmoplast,Cosmoplast Duke armchair  modern design with durable build and comfortable seating for both indoor and outdoor use.,,70.0,70.00,PCS,1,4,0.0,https://images.todoorstep.com/product/100175729/Ar.jpg?t=1744675200
en,117640,Cosmoplast Square Basin 9L,Supermarket///Retail///Household Products,Cosmoplast,Cosmoplast Square Basin 9L,,9.0,9.00,PCS,1,8,0.0,https://images.todoorstep.com/product/100175740/Ar.jpg?t=1744675200
en,119117,ROYAL FORD Royal Ford Food Container Set 3pcs (2.5L / 1.6L / 1.2L),Supermarket///Retail///Household Products,ROYAL FORD,Royal Ford Food Container set of 3 pieces with sizes 2.5L  1.6L  and 1.2L  perfect for versatile cooking and serving.,,104.0,104.00,PC,1,8,0.0,https://images.todoorstep.com/product/100176336/Ar.jpg?t=1744675200
en,119168,ROYAL FORD Royal Ford Forged Aluminum Cookware Set 9pcs,Supermarket///Retail///Household Products,ROYAL FORD,Forged aluminum cookware set of 9 pieces from Royal Ford  durable and practical for daily cooking.,,400.0,400.00,PC,1,8,0.0,https://images.todoorstep.com/product/100180291/Ar.jpg?t=1744675200
en,119430,Wella Soft Color Light Brown 50 125ml,Health & Beauty///Beauty///Hair Care,Wella,Gentle hair color in light brown shade.,,34.95,34.95,ML,125,8,0.0,https://images.todoorstep.com/product/100183773/Ar.jpg?t=1744675200
en,119668,"Tefal Steam Iron, 1800W, Ceramic Easy Gliding Technology, Blue",Home & Gardening///Home///Cleaning Products,Tefal,FV1734M0--Tefal Steam Iron  1800W  Ceramic Easy Gliding Technology  Water Tank 200Ml  Variable Steam 24g/min,,85.0,85,PCS,1,3,0.0,https://images.todoorstep.com/product/100191101/Ar.jpg?t=1755128187
en,120649,Lock & Lock 1.4L Plastic Food Container ,Supermarket///Retail///Household Products,,Keep your food fresh and secure with the Lock & Lock 1.4L plastic food container. Durable  airtight  and perfect for meal prep  storage  and on-the-go convenience.  ,,18.0,18.00,PC,1,8,0.0,https://images.todoorstep.com/product/100185148/Ar.jpg?t=1744675200
en,120651,Lock&Lock Rectangular Short Food Container,Supermarket///Retail///Household Products,,Rectangular short food container from Lock&Lock  convenient for storage and daily use.,,11.0,11.00,PC,1,8,0.0,https://images.todoorstep.com/product/100185150/Ar.jpg?t=1744675200
en,122460,Bister Non-Stick Pan with Two Handles 30cm,Supermarket///Retail///Household Products,Bister,Bister 30cm non-stick pan with two handles  compact and practical for smaller portions.,,39.5,39.50,PC,1,8,0.0,https://images.todoorstep.com/product/100205895/Ar.jpg?t=1744675200
en,122461,Bister Non-Stick Pan with Two Handles 32cm,Supermarket///Retail///Household Products,Bister,Bister 32cm non-stick pan with two handles  versatile size for daily kitchen use.,,42.5,42.50,PC,1,8,0.0,https://images.todoorstep.com/product/100205897/Ar.jpg?t=1744675200
en,122462,Bister Non-Stick Pan with Two Handles 34cm,Supermarket///Retail///Household Products,Bister,Bister 34cm non-stick pan with two handles  perfect for everyday cooking and frying.,,40.0,40.00,PC,1,8,0.0,https://images.todoorstep.com/product/100205899/Ar.jpg?t=1744675200
en,122463,Bister Non-Stick Pan with Two Handles 36cm,Supermarket///Retail///Household Products,Bister,Bister 36cm non-stick pan with two handles  spacious and ideal for large family meals.,,56.0,56.00,PC,1,8,0.0,https://images.todoorstep.com/product/100205901/Ar.jpg?t=1744675200
en,122464,Bister Steel Coffee Pot Set 3pcs (0.5L),Supermarket///Retail///Household Products,Bister,Steel coffee pot set of 3 pieces (0.5L)  durable and perfect for serving coffee.,,56.0,56.00,PC,1,8,0.0,https://images.todoorstep.com/product/100205903/Ar.jpg?t=1744675200
en,122465,Bister Tea Pot 1L,Supermarket///Retail///Household Products,Bister,1L tea kettle  practical and easy to use for hot beverages.,,30.0,30.00,PC,1,8,0.0,https://images.todoorstep.com/product/100205906/Ar.jpg?t=1744675200
en,122478,Al Sharqia Charcoal Cubes 1kg,Sports & Hobbies///Sports///Camping,,Al Sharqia Charcoal Cubes 1kg,,18.0,18.00,kg,1,4,0.0,https://images.todoorstep.com/product/100201661/Ar.jpg?t=1744675200
en,122530,Keep Cold KeepCold Picnic Icebox 46L,Sports & Hobbies///Sports///Camping,Keep Cold,Large-capacity icebox for family trips and gatherings.,,249.0,249.00,PCS,1,4,0.0,https://images.todoorstep.com/product/100203096/Ar.jpg?t=1744675200
en,122544,Keep Cold KeepCold Picnic Icebox 60L,Sports & Hobbies///Sports///Camping,Keep Cold,Extra-large icebox for extended outdoor adventures.,,304.0,304.00,PCS,1,4,0.0,https://images.todoorstep.com/product/100203098/Ar.jpg?t=1744675200
en,122546,Cosmoplast Bucket 10L,Supermarket///Retail///Household Products,Cosmoplast,Cosmoplast Bucket 10L,,15.0,15.00,PCS,1,8,0.0,https://images.todoorstep.com/product/100203111/Ar.jpg?t=1744675200
en,122547,Cosmoplast Bucket 20L,Supermarket///Retail///Household Products,Cosmoplast,Cosmoplast Bucket 20L,,14.95,14.95,PCS,1,8,0.0,https://images.todoorstep.com/product/100203113/Ar.jpg?t=1744675200
en,122548,Cosmoplast Square Basin 6L,Supermarket///Retail///Household Products,Cosmoplast,Cosmoplast Square Basin 6L,,6.0,6.00,PCS,1,8,0.0,https://images.todoorstep.com/product/100203115/Ar.jpg?t=1744675200
en,122549,Cosmoplast Square Basin 12L,Supermarket///Retail///Household Products,Cosmoplast,Cosmoplast Square Basin 12L,,12.0,12.00,PCS,1,8,0.0,https://images.todoorstep.com/product/100203117/Ar.jpg?t=1744675200
en,122577,ROYAL FORD Royal Ford Knife Sharpener ,Supermarket///Retail///Household Products,ROYAL FORD,Keep your knives sharp and ready with the Royal Ford knife sharpener. Easy to use  durable  and perfect for maintaining kitchen knives’ precision and performance.  ,,18.0,18.00,PC,1,8,0.0,https://images.todoorstep.com/product/100203024/Ar.jpg?t=1744675200
en,122578,ROYAL FORD Royal Ford Scissors,Supermarket///Retail///Household Products,ROYAL FORD,Durable scissors from Royal Ford  perfect for everyday household tasks.,,12.0,12.00,PC,1,8,0.0,https://images.todoorstep.com/product/100203028/Ar.jpg?t=1744675200
en,122586,ROYAL FORD Royal Ford Bamboo Grinding Bowl,Supermarket///Retail///Household Products,ROYAL FORD,Grind herbs  spices  and ingredients naturally with the eco-friendly Royal Ford bamboo grinding bowl. Lightweight  durable  and perfect for every kitchen.  ,,31.0,31.00,PC,1,8,0.0,https://images.todoorstep.com/product/100203049/Ar.jpg?t=1744675200
en,122619,ROYAL FORD Royalford Fry Pan 28cm,Supermarket///Retail///Household Products,ROYAL FORD,28cm fry pan from Royalford  ideal for daily cooking and frying.,,35.96,35.96,PC,1,8,0.0,https://images.todoorstep.com/product/100203061/Ar.jpg?t=1744675200
en,122630,ROYAL FORD Royal Ford Black Aluminium Cookware Set of 7 Pieces,Supermarket///Retail///Household Products,ROYAL FORD,Black aluminium cookware set of 7 pieces from Royal Ford  durable and practical for all cooking needs.,,249.95,249.95,PC,1,8,0.0,https://images.todoorstep.com/product/100203057/Ar.jpg?t=1744675200
en,122631,ROYAL FORD Royalford Fry Pan 20cm,Supermarket///Retail///Household Products,ROYAL FORD,20cm fry pan from Royalford  perfect for everyday cooking and frying.,,25.56,25.56,PC,1,8,0.0,https://images.todoorstep.com/product/100203059/Ar.jpg?t=1744675200
en,122634,ROYAL FORD Die Cast Aluminium Frypan 28cm,Supermarket///Retail///Household Products,ROYAL FORD,Durable die cast aluminium frypan 28cm  ideal for everyday cooking.,,71.96,71.96,PC,1,8,0.0,https://images.todoorstep.com/product/100203067/Ar.jpg?t=1744675200
en,122635,ROYAL FORD Royal Ford Marble Coated Aluminum Tawa 26cm,Supermarket///Retail///Household Products,ROYAL FORD,Marble coated aluminum tawa  durable and easy to use  available in 26cm Size,,31.96,31.96,PC,1,8,0.0,https://images.todoorstep.com/product/100203069/Ar.jpg?t=1744675200
en,122636,ROYAL FORD Royal Ford Marble Coated Aluminum Tawa 30cm,Supermarket///Retail///Household Products,ROYAL FORD,Marble coated aluminum tawa  durable and easy to use  available in 30cm Size,,39.96,39.96,PC,1,8,0.0,https://images.todoorstep.com/product/100203071/Ar.jpg?t=1744675200
en,122660,ROYAL FORD Royalford Water Bottle 750ml,Supermarket///Retail///Household Products,ROYAL FORD,750ml water bottle from Royalford  perfect for everyday hydration and travel.,,37.0,37.00,PC,1,8,0.0,https://images.todoorstep.com/product/100202812/Ar.jpg?t=1744675200
en,122661,ROYAL FORD Royal Ford Water Bottle 1000ml,Supermarket///Retail///Household Products,ROYAL FORD,Practical 1000ml water bottle from Royal Ford  ideal for staying hydrated all day.,,46.0,46.00,PC,1,8,0.0,https://images.todoorstep.com/product/100202816/Ar.jpg?t=1744675200
en,122662,ROYAL FORD Royalford Stainless Steel Vacuum Sport Water Bottle 500 ml,Supermarket///Retail///Household Products,ROYAL FORD,Stylish sport water bottle with 500ml capacity  perfect for daily hydration and outdoor activities.,,48.0,48.00,PC,1,8,0.0,https://images.todoorstep.com/product/100202820/Ar.jpg?t=1744675200
en,122683,Cosmoplast Picnic Trolley Icebox 45L,Sports & Hobbies///Sports///Camping,Cosmoplast,Cosmoplast picnic trolley with 45L icebox  lightweight and practical  designed for outdoor activities with durable materials.,,359.0,359.00,PCS,1,4,0.0,https://images.todoorstep.com/product/100203090/Ar.jpg?t=1744675200
en,122684,Cosmoplast Keepcold Camping Set,Sports & Hobbies///Sports///Camping,Cosmoplast,Keepcold camping set  includes high-quality camping essentials designed for comfort and convenience during outdoor trips.,,190.0,190.00,PCS,1,4,0.0,https://images.todoorstep.com/product/100203092/Ar.jpg?t=1744675200
en,122685,Keep Cold KeepCold Picnic Icebox 24L,Sports & Hobbies///Sports///Camping,Keep Cold,Medium-size icebox to store food and drinks cold.,,162.0,162.00,PCS,1,4,0.0,https://images.todoorstep.com/product/100203094/Ar.jpg?t=1744675200
en,122722,ROYAL FORD Royal Ford Stanless Steel Tiangle Peeler ,Supermarket///Retail///Household Products,ROYAL FORD,Peel fruits and vegetables effortlessly with the Royal Ford stainless steel triangle peeler. Durable  sharp  and ergonomically designed for comfortable use.  ,,10.0,10.00,PC,1,8,0.0,https://images.todoorstep.com/product/100202866/Ar.jpg?t=1744675200
en,122723,ROYAL FORD Royal Ford Food Tong 33x3.6cm,Supermarket///Retail///Household Products,ROYAL FORD,Large 33x3.6cm food tong for handling a variety of foods with ease.,,15.0,15.00,PC,1,8,0.0,https://images.todoorstep.com/product/100202869/Ar.jpg?t=1744675200
en,122724,ROYAL FORD Royal Ford Food Tong 9”,Supermarket///Retail///Household Products,ROYAL FORD,Convenient 9-inch food tong for serving and grilling.,,14.0,14.00,PC,1,8,0.0,https://images.todoorstep.com/product/100202871/Ar.jpg?t=1744675200
en,122728,ROYAL FORD Royal Ford Strainer 20cm,Supermarket///Retail///Household Products,ROYAL FORD,20cm strainer perfect for draining pasta  vegetables  and more.,,36.0,36.00,PC,1,8,0.0,https://images.todoorstep.com/product/100202882/Ar.jpg?t=1744675200
en,122731,ROYAL FORD Royal Ford Nylon Spatula,Supermarket///Retail///Household Products,ROYAL FORD,Durable nylon spatula suitable for everyday kitchen use.,,10.0,10.00,PC,1,8,0.0,https://images.todoorstep.com/product/100202990/Ar.jpg?t=1744675200
en,122732,ROYAL FORD Royal Ford Nylon Long Slotted Spatula,Supermarket///Retail///Household Products,ROYAL FORD,Long nylon slotted spatula designed for versatile cooking.,,10.0,10.00,PC,1,8,0.0,https://images.todoorstep.com/product/100202992/Ar.jpg?t=1744675200
en,122733,ROYAL FORD Royal Ford Nylon Tilted Slotted Spatula,Supermarket///Retail///Household Products,ROYAL FORD,Tilted nylon slotted spatula for easy flipping and serving.,,10.0,10.00,PC,1,8,0.0,https://images.todoorstep.com/product/100202996/Ar.jpg?t=1744675200
en,122734,ROYAL FORD Royal Ford Nylon Whisk,Supermarket///Retail///Household Products,ROYAL FORD,Durable nylon whisk designed for mixing and blending with ease.,,10.0,10.00,PC,1,8,0.0,https://images.todoorstep.com/product/100202999/Ar.jpg?t=1744675200
en,122735,ROYAL FORD Royal Ford Nylon Soup Ladle,Supermarket///Retail///Household Products,ROYAL FORD,Strong nylon soup ladle ideal for serving soups and stews.,,10.0,10.00,PC,1,8,0.0,https://images.todoorstep.com/product/100203002/Ar.jpg?t=1744675200
en,122737,ROYAL FORD Royal Ford Nylon Serving Spoon,Supermarket///Retail///Household Products,ROYAL FORD,Durable nylon serving spoon designed for everyday use.,,11.0,11.00,PC,1,8,0.0,https://images.todoorstep.com/product/100203008/Ar.jpg?t=1744675200
en,122869,"PVC JOHN VINYL-PLAYBALL ASSORT. 9""",Supermarket///Retail///Household Products,,"PVC JOHN VINYL-PLAYBALL ASSORT. 9""",,12.0,12.00,PCS,1,8,0.0,https://images.todoorstep.com/product/100205613/Ar.jpg?t=1744675200
en,122915,Bister Pressure Cooker Aluminum Black Handle 9L,Supermarket///Retail///Household Products,Bister,A compact aluminum pressure cooker with a black handle. Ideal for quick and efficient everyday cooking.,,142.95,142.95,PC,1,8,0.0,https://images.todoorstep.com/product/100205919/Ar.jpg?t=1744675200
en,122916,Bister Pressure Cooker Aluminum Black Handle 11L,Supermarket///Retail///Household Products,Bister,A spacious aluminum pressure cooker with a black handle. Helps cook meals faster and retain flavor.,,251.0,251.00,PC,1,8,0.0,https://images.todoorstep.com/product/100205921/Ar.jpg?t=1744675200
en,122921,Bister Non-Stick Granite Wok Pan 34cm,Supermarket///Retail///Household Products,Bister,A large non-stick wok pan for versatile cooking. Durable granite coating for easy cleaning.,,40.0,40.00,PC,1,8,0.0,https://images.todoorstep.com/product/100205891/Ar.jpg?t=1744675200
en,122964,Fire Wood Al Sharqia Charcoal,Sports & Hobbies///Sports///Camping,,Natural charcoal ideal for grilling and barbecues. Provides strong and long-lasting heat.,,38.0,38.00,PC,1,4,0.0,https://images.todoorstep.com/product/100200999/Ar.jpg?t=1744675200
en,123217,ROYAL FORD RoyalFord Cookware Crepe Tawa Die Cast 25cm,Supermarket///Retail///Household Products,ROYAL FORD,A handy tawa for daily cooking. Ideal for quick and even cooking results.,,80.0,80.00,PC,1,8,0.0,https://images.todoorstep.com/product/100202924/Ar.jpg?t=1744675200
en,123218,ROYAL FORD RoyalFord Cookware Crepe Tawa Die Cast 28cm,Supermarket///Retail///Household Products,ROYAL FORD,Designed for making delicious crepes and flatbreads. Lightweight and easy to use.,,90.0,90.00,PC,1,8,0.0,https://images.todoorstep.com/product/100202928/Ar.jpg?t=1744675200
en,123219,ROYAL FORD RoyalFord Cookware Smart Saucepan Marble Coating 16cm,Supermarket///Retail///Household Products,ROYAL FORD,A compact saucepan for sauces and small dishes. Non-stick surface for easier cooking.,,45.0,45.00,PC,1,8,0.0,https://images.todoorstep.com/product/100202930/Ar.jpg?t=1744675200
en,123220,ROYAL FORD RoyalFord Cookware Fry Pan 24cm,Supermarket///Retail///Household Products,ROYAL FORD,A versatile pan for everyday cooking. Perfect for frying and sautéing meals quickly.,,30.36,30.36,PC,1,8,0.0,https://images.todoorstep.com/product/100202934/Ar.jpg?t=1744675200
en,123250,Cosmoplast Portable Table,Sports & Hobbies///Sports///Camping,Cosmoplast,Cosmoplast portable table  lightweight and practical  crafted from durable materials with a clean finish for easy transport.,,46.0,46.00,PCS,1,4,0.0,https://images.todoorstep.com/product/100202954/Ar.jpg?t=1744675200
en,123253,Cosmoplast Rattan High Stool,Sports & Hobbies///Sports///Camping,Cosmoplast,Cosmoplast rattan high stool  elegant and sturdy  suitable for indoor or outdoor seating with a fine finish.,,43.0,43.00,PCS,1,4,0.0,https://images.todoorstep.com/product/100202963/Ar.jpg?t=1744675200
en,123278,"Cosmoplast Woodgrain Flowerpot 14"" with Tray",Sports & Hobbies///Sports///Camping,Cosmoplast,"Woodgrain flowerpot 14"" with tray  natural wood look and durable construction with a smooth finish for indoor/outdoor decor.",,32.0,32.00,PCS,1,4,0.0,https://images.todoorstep.com/product/100202983/Ar.jpg?t=1744675200
en,123447,ROYAL FORD RoyalFord Acrylic Straw Glass,Supermarket///Retail///Household Products,ROYAL FORD,A practical glass for cold drinks. Comes with a straw for easy sipping.,,20.0,20.00,PC,1,8,0.0,https://images.todoorstep.com/product/100202648/Ar.jpg?t=1744675200
en,123530,ROYAL FORD Royal Ford Stanless Steel Food Tong,Supermarket///Retail///Household Products,ROYAL FORD,Handle your food with ease and hygiene using the durable Royal Ford stainless steel food tong. Perfect for grilling  serving  and kitchen prep.  ,,12.0,12.00,PC,1,8,0.0,https://images.todoorstep.com/product/100202680/Ar.jpg?t=1744675200
en,123531,ROYAL FORD RoyalFord Kitchen Tools Can Opener Stainless Steel Tube Handle,Supermarket///Retail///Household Products,ROYAL FORD,A sturdy can opener built for convenience. Simple design for smooth opening every time.,,18.75,18.75,PC,1,8,0.0,https://images.todoorstep.com/product/100202683/Ar.jpg?t=1744675200
en,123533,ROYAL FORD RoyalFord Kitchen Tools Peeler Stainless Steel Tube Handle,Supermarket///Retail///Household Products,ROYAL FORD,A durable peeler designed for everyday kitchen use. Easy to handle and perfect for quick food preparation.,,9.0,9.00,PC,1,8,0.0,https://images.todoorstep.com/product/100202687/Ar.jpg?t=1744675200
en,123803,"Tefal Coffee Maker 1000W Capacity 10-15 Cups, Black",Home & Gardening///Home///Kitchen Items,Tefal,Tefal Coffee Maker 1000W Capacity 10-15 Cups  Black brews fresh and delicious coffee easily  ideal for home or office use,,149.0,149,PCS,1,8,0.0,https://images.todoorstep.com/product/100207499/Ar.jpg?t=1755129516
en,124333,"Moulinex Super Blender Deo. 2L, 700W, 2 Speeds",Home & Gardening///Home///Kitchen Items,Moulinex,LM207128--Moulinex Super Blender Deo. 2L  700W  2 Speeds+Pulse. 4 Removable Blades. Plastic Jar. With Grinder and Grater,,249.0,249,PCS,1,3,0.0,https://images.todoorstep.com/product/100207616/Ar.jpg?t=1755129811
en,124539,Orinex Smokeless Charcoal Made from Coconut Shell 1/12 kg,Sports & Hobbies///Sports///Camping,Orinex,Natural charcoal made from coconut shells  low-smoke and eco-friendly.,,21.0,21.00,PCS,1,4,0.0,https://images.todoorstep.com/product/100219525/Ar.jpg?t=1744675200
en,124656,ROYAL FORD Royal Ford Stanless Steel Rice Spoon ,Supermarket///Retail///Household Products,ROYAL FORD,Perfectly serve your rice dishes with the durable Royal Ford stainless steel rice spoon. Designed for easy scooping and long-lasting use in every kitchen.  ,,15.0,15.00,PC,1,8,0.0,https://images.todoorstep.com/product/100218320/Ar.jpg?t=1744675200
en,124657,ROYAL FORD Royal Ford Stanless Steel Serving Spoon ,Supermarket///Retail///Household Products,ROYAL FORD,Serve your meals with style and durability using the Royal Ford stainless steel serving spoon. Perfect for everyday use  resistant to rust and easy to clean.  ,,15.0,15.00,PC,1,8,0.0,https://images.todoorstep.com/product/100218322/Ar.jpg?t=1744675200
en,124658,ROYAL FORD Royal Ford Stanless Steel Turner ,Supermarket///Retail///Household Products,ROYAL FORD,Cook and flip your favorite dishes with ease using the Royal Ford stainless steel turner. Durable and heat-resistant  ideal for grilling  and serving.  ,,12.0,12.00,PC,1,8,0.0,https://images.todoorstep.com/product/100218324/Ar.jpg?t=1744675200
en,124659,ROYAL FORD Royal Ford Stanless Steel Slotted Turner ,Supermarket///Retail///Household Products,ROYAL FORD,Cook and flip your favorite dishes with ease using the Royal Ford stainless steel slotted turner. Durable and heat-resistant  ideal for frying  grilling  and serving.  ,,15.0,15.00,PC,1,8,0.0,https://images.todoorstep.com/product/100218326/Ar.jpg?t=1744675200
en,124662,ROYAL FORD Royal Ford Stainless Steel Pizza Cutter ,Supermarket///Retail///Household Products,ROYAL FORD,Slice your favorite pizzas effortlessly with the durable Royal Ford stainless steel pizza cutter. Designed for precision cutting and comfortable handling  perfect for home and professional use.,,9.0,9.00,PC,1,8,0.0,https://images.todoorstep.com/product/100218332/Ar.jpg?t=1744675200
en,125018,ROYAL FORD Royal Ford Stainless Steel Ice Creem Spoon,Supermarket///Retail///Household Products,ROYAL FORD,Enjoy your favorite frozen desserts with the durable and elegant Royal Ford stainless steel ice cream spoon. Perfectly designed for scooping and serving ice cream with ease and style.  ,,12.5,12.50,PC,1,8,0.0,https://images.todoorstep.com/product/100218221/Ar.jpg?t=1744675200
en,125243,Hunger Baby Rattle Set Of 8,Supermarket///Retail///Household Products,,Hunger Baby Rattle 8-Pack offers premium quality  designed for your baby’s everyday needs. perfect for ease of use and durability.   ,,53.0,53.00,PC,1,8,0.0,https://images.todoorstep.com/product/100218130/Ar.jpg?t=1744675200
en,125715,Al-Sharqia Natural Charcoal 9kg,Sports & Hobbies///Sports///Camping,,Al-Sharqia Natural Charcoal 9kg,,74.0,74.00,kg,9,4,0.0,https://images.todoorstep.com/product/100223556/Ar.jpg?t=1744675200
en,125716,Al-Sharqia Natural Charcoal 10kg,Sports & Hobbies///Sports///Camping,,Al-Sharqia Natural Charcoal 10kg,,79.0,79.00,kg,10,4,0.0,https://images.todoorstep.com/product/100223558/Ar.jpg?t=1744675200
en,126095,Janadriy Floor Chair 3-Position Medium 75 cm,Sports & Hobbies///Sports///Camping,,Janadriy Floor Chair 3-Position Medium 75 cm,,92.0,92.00,kg,1,4,0.0,https://images.todoorstep.com/product/100223601/Ar.jpg?t=1744675200
en,126098,Saudia Floor Mat – 300 x 200 cm,Sports & Hobbies///Sports///Camping,,Saudia Floor Mat – 300 x 200 cm,,132.0,132.00,PC,1,4,0.0,https://images.todoorstep.com/product/100223607/Ar.jpg?t=1744675200
en,126101,Almouhana BBQ Grill 32×73×10cm,Sports & Hobbies///Sports///Camping,,Almouhana BBQ Grill 32×73×10cm,,123.0,123.00,PC,1,4,0.0,https://images.todoorstep.com/product/100223613/Ar.jpg?t=1744675200
en,126134,"Almouhana BBQ Grill, Black",Sports & Hobbies///Sports///Camping,,Almouhana BBQ Grill  Black,,144.0,144.00,PC,1,4,0.0,https://images.todoorstep.com/product/100223615/Ar.jpg?t=1744675200
en,126163,Adjustable BBQ Grill Black ,Sports & Hobbies///Sports///Camping,,Adjustable BBQ Grill Black ,,123.0,123.00,PC,1,4,0.0,https://images.todoorstep.com/product/100227988/Ar.jpg?t=1744675200
en,126679,Coca Cola Coca-Cola Light Can 150ml (Pack of 12),Supermarket///Retail///Beverages,Coca Cola,Coca-Cola Light  150ml cans  pack of 12. Low-calorie  classic cola taste  refreshing and light.,,20.95,20.95,ML,150,6,0.0,https://images.todoorstep.com/product/100237352/Ar.jpg?t=1752759974
en,126681,Sprite Soft Drink Cans 150ml (Pack of 12),Supermarket///Retail///Beverages,Sprite,Refreshing lemon-lime soft drink in a convenient can  perfect for any occasion.,,20.95,20.95,ML,150,6,0.0,https://images.todoorstep.com/product/100237355/Ar.jpg?t=1755683341
en,126912,Best Way Family Time Ludo Play Set,Supermarket///Retail///Household Products,Best Way,Family Time Ludo Play Set,,18.0,18.00,PCS,1,8,0.0,https://images.todoorstep.com/product/100228416/Ar.jpg?t=1744675200
en,127195,Folding Plastic Table ,Sports & Hobbies///Sports///Camping,,Folding Plastic Table ,,239.0,239.00,PC,1,4,0.0,https://images.todoorstep.com/product/100237689/Ar.jpg?t=1744675200
en,127584,Cosmoplast Cedarattan Armless Chair,Sports & Hobbies///Sports///Camping,Cosmoplast,Cedarattan armless chair  sturdy and stylish  weather-resistant with a smooth finish for long-lasting comfort.,,120.0,120.00,PCS,1,4,0.0,https://images.todoorstep.com/product/100230575/Ar.jpg?t=1744675200
en,127585,Cosmoplast Cedarattan Armchair,Sports & Hobbies///Sports///Camping,Cosmoplast,Cedarattan armchair  modern and comfortable  made with durable materials and a sleek finish for indoor/outdoor use.,,130.0,130.00,PCS,1,4,0.0,https://images.todoorstep.com/product/100230577/Ar.jpg?t=1744675200
en,127586,Cosmoplast Cedarattan Dining Table 4 Seater,Sports & Hobbies///Sports///Camping,Cosmoplast,Cedarattan dining table for 4  strong and stylish  made with premium materials and weather-resistant finish.,,270.0,270.00,PCS,1,4,0.0,https://images.todoorstep.com/product/100230579/Ar.jpg?t=1744675200
en,127935,Orinex Charcoal Lighting Cubes 24pcs,Sports & Hobbies///Sports///Camping,Orinex,Charcoal Lighting Cubes 24pcs pack of charcoal cubes  perfect for BBQs and outdoor cooking,,13.5,13.50,PCS,1,4,0.0,https://images.todoorstep.com/product/100230709/Ar.jpg?t=1744675200
en,127936,Orinex Charcoal Lighting Cubes 18pcs,Sports & Hobbies///Sports///Camping,Orinex,Charcoal Lighting Cubes 18pcs easy-to-use charcoal cubes  quick to ignite for grilling,,14.0,14.00,PCS,1,4,0.0,https://images.todoorstep.com/product/100230711/Ar.jpg?t=1744675200
en,128142,Small Folding BBQ Grill,Sports & Hobbies///Sports///Camping,,Compact and portable small folding BBQ grill  perfect for outdoor gatherings  camping  and picnics. Easy to carry and set up  designed for quick and efficient grilling on the go.,,56.0,56.00,PC,1,4,0.0,https://images.todoorstep.com/product/100233817/Ar.jpg?t=1744675200
en,128251,Intervion Hair Brush with Mirror,Health & Beauty///Beauty///Hair Care,Intervion,Handy hair brush with mirror.,,17.25,17.25,PCS,1,8,0.0,https://images.todoorstep.com/product/100235746/Ar.jpg?t=1744675200
en,128406,Nada Fresh Turkish Labneh  2K,Supermarket///Retail///Cheese & Cold Cuts,Nada,NADA FRESH LABNEH,,52.5,52.50,KG,0.2,8,0.0,https://images.todoorstep.com/product/100232442/Ar.jpg?t=1744675200
en,129256,Kidz Micro Stunt Remote Control Battery Operated Car,Supermarket///Retail///Household Products,,Kidz RC Micro Stunt Battery Operated Car is a fun  remote-controlled toy car designed for stunts and tricks. Perfect for imaginative play and enhancing motor skills in kids.,,43.0,43.00,PC,1,8,0.0,https://images.todoorstep.com/product/100239850/Ar.jpg?t=1744675200
en,129408,P.Joy Set of 3 Cars 3-in-1,Supermarket///Retail///Household Products,,P.Joy Set of 3 Cars 3-in-1,,26.0,26.00,PC,1,8,0.0,https://images.todoorstep.com/product/100239914/Ar.jpg?t=1744675200
en,129455,"Kenwood Healthy Fryer, 1500W, 3.8L , Black",Home & Gardening///Home///Kitchen Items,Kenwood,Kenwood Healthy Fryer  1500W  3.8L   Black,,579.0,579.00,PCS,1,3,0.0,https://images.todoorstep.com/product/100245791/Ar.jpg?t=1755131347
en,129980,"Moulinex, Mini Chopper Moulinette Essential 300W",Home & Gardening///Home///Kitchen Items,Moulinex,Moulinex Mini Chopper Moulinette Essential 300W,,89.0,89,PCS,1,3,0.0,https://images.todoorstep.com/product/100250726/Ar.jpg?t=1755128574
en,130315,Do Dough I Love ABC with Tools,Supermarket///Retail///Household Products,,Do Dough I Love ABC with Tools is a fun and educational playset that lets kids create letters and shapes. Encourages creativity  learning  and hands-on play.,,65.0,65.00,PC,1,8,0.0,https://images.todoorstep.com/product/100258502/Ar.jpg?t=1744675200
en,130609,Tania Drinking Water 40x200ml,Supermarket///Retail///Beverages,Tania,Pack of pure drinking water bottles.,,17.75,17.75,ML,200,5,0.0,https://images.todoorstep.com/product/100272803/Ar.jpg?t=1744675200
en,130899,Deemah Curvy Plain Cake 12x32g,Supermarket///Retail///Packaged Products,Deemah,Deemah Curvy Plain Cake 12x32g combines rich flavor with a soft  fluffy texture. Perfect for tea time  gatherings  or enjoying a simple treat anytime.,,12.95,12.95,G,32,8,0.0,https://images.todoorstep.com/product/100255021/Ar.jpg?t=1744675200
en,131229,"Stabilo Dry Pen Set 5+1

",Supermarket///Retail///Household Products,,The Stabilo Dry Pen Set 5+1 offers smooth  quick-drying ink ideal for writing and drawing. This set includes 5 vibrant colors plus 1 bonus pen  perfect for school  office  or creative projects.  ,,10.0,10.00,PC,1,8,0.0,https://images.todoorstep.com/product/100267435/Ar.jpg?t=1744675200
en,131489,SENCOR Sencor 1.0L Food Chopper 500W White,Home & Gardening///Home///Kitchen Items,SENCOR,Sencor 1.0L Food Chopper Glass Bowl 500W White. Compact & Ergonomic Design  4 Coated Titanium Blade  1 Speed,,89.0,89,PCS,1,3,0.0,https://images.todoorstep.com/product/100254129/Ar.jpg?t=1755131021
en,131490,SENCOR Sencor 0.7L Citrus Juicer Plastic 40W White/Green.,Home & Gardening///Home///Kitchen Items,SENCOR,SCJ-1051GR--Sencor 0.7L Citrus Juicer 40W White/Green. Plastic Body  2 Cones Small/Large  Auto-Start-up  Dual Direction,,49.0,49,PCS,1,3,0.0,https://images.todoorstep.com/product/100254131/Ar.jpg?t=1755131448
en,131548,Do Dough My Cake Workshop with Tools,Supermarket///Retail///Household Products,,Do Dough My Cake Workshop with Tools lets kids create fun cake shapes and designs with safe modeling dough. A creative playset that encourages imagination and hands-on skills.,,74.0,74.00,PC,1,8,0.0,https://images.todoorstep.com/product/100258508/Ar.jpg?t=1744675200
en,131551,Do Dough 2 Cups 2oz with 1 Mold,Supermarket///Retail///Household Products,,Do Dough 2 Cups 2oz with 1 Mold is a fun and creative play set for kids. Safe and easy to shape  it encourages imagination and hands-on learning through play.,,10.0,10.00,PC,1,8,0.0,https://images.todoorstep.com/product/100258514/Ar.jpg?t=1744675200
en,131784,"Nivea NIVEA SUN Protect & Moisture Sun Lotion, UVA & UVB Protection, SPF 50+, 200ml",Health & Beauty///Beauty///Personal Grooming,Nivea,• Water resistant formula provides intensive moisturization with SPF 50 • Immediate protection from sun exposure and long term UV-induced skin damage • Helps reduce risk of sun allergies • Developed with Anti-Stains formula to reduce intensity of sunscreen stains after wash • Skin compatibility dermatologically approved,,118.75,118.75,ML,200,8,0.0,https://images.todoorstep.com/product/100265891/Ar.jpg?t=1752046195
en,132080,Do Dough Clay Set Assorted with Tools,Supermarket///Retail///Household Products,,Do Dough Clay Set Assorted with Tools allows kids to create fun and colorful shapes. Safe  non-toxic  and perfect for imaginative play at home or in classrooms.,,85.0,85.00,PC,1,8,0.0,https://images.todoorstep.com/product/100258484/Ar.jpg?t=1744675200
en,132099,Do Dough Perfect Ice Lolly Maker,Supermarket///Retail///Household Products,,Do Dough Perfect Ice Lolly Maker,,79.0,79.00,PC,1,8,0.0,https://images.todoorstep.com/product/100258510/Ar.jpg?t=1744675200
en,132166,"Gillette Venus swirl womens razor, 2 blades",Health & Beauty///Beauty///Personal Grooming,Gillette,Gillette Venus swirl womens razor  2 blades,,97.25,97.25,PCS,2,8,0.0,https://images.todoorstep.com/product/102700155/Ar.jpg?t=1752066259
en,132621,Deemah Brownie Cake Filled with Chocolate Cream 12x37g,Supermarket///Retail///Packaged Products,Deemah,Deemah Brownie Cake Filled with Chocolate Cream 12x37g is soft  rich  and indulgent. Perfect for snacks  desserts  or sharing with family and friends.,,12.95,12.95,G,37,6,0.0,https://images.todoorstep.com/product/100255024/Ar.jpg?t=1744675200
en,132657,DO DOUGH PRESS 2CUP + TOLLS,Supermarket///Retail///Household Products,,DO DOUGH PRESS 2CUP + TOLLS,,49.0,49.00,PCS,1,8,0.0,https://images.todoorstep.com/product/100258500/Ar.jpg?t=1744675200
en,132685,Himalaya Lemon Face Wash 2x150ml,Health & Beauty///Beauty///Personal Grooming,Himalaya,Herbal lemon face wash twin pack.,,45.0,45.00,ML,150,8,0.0,https://images.todoorstep.com/product/100269989/Ar.jpg?t=1744675200
en,132835,Tefal Rice Cooker 1.8L 10 Cups 600W,Home & Gardening///Home///Kitchen Items,Tefal,Tefal Rice Cooker 1.8 L  10 cups  600 W  easy to use and cooks perfect rice quickly and efficiently.,,219.0,219,PCS,1,8,0.0,https://images.todoorstep.com/product/100250741/Ar.jpg?t=1755128954
en,132928,"Tefal Kettle Element, 1.7L, 2400W, Plastic, White",Home & Gardening///Home///Kitchen Items,Tefal,KO200127--Tefal Kettle Element  1.7L  2400W  Plastic  White,,95.0,95,PCS,1,3,0.0,https://images.todoorstep.com/product/100250750/Ar.jpg?t=1755129928
en,133184,Deemah Curvey Plain Cake 32g,Supermarket///Retail///Packaged Products,Deemah,Enjoy Deemah Curvey Plain Cake  soft and delicious  perfect for snacking  lunchboxes  or enjoying with tea and coffee.,,1.75,1.75,G,32,8,0.0,https://images.todoorstep.com/product/100255020/Ar.jpg?t=1744675200
en,133187,New Travel ABS BR653 3-Piece Luggage Set,Supermarket///Retail///Household Products,New Travel,New Travel ABS BR653 3-Piece Luggage Set offers durable and lightweight suitcases  perfect for business trips  vacations  and family travel. Smooth-rolling wheels and secure locks ensure easy handling.,,420.0,420.00,PC,1,8,0.0,https://images.todoorstep.com/product/100268193/Ar.jpg?t=1744675200
en,133227,DO DOUUGH SET + TOOLS,Supermarket///Retail///Household Products,,DO DOUUGH SET + TOOLS,,10.0,10.00,PCS,1,8,0.0,https://images.todoorstep.com/product/100258512/Ar.jpg?t=1744675200
en,133495,Huggies Pants Extra Care Size( 3 Medium)  Jumbo Pack 58pcs  ,Supermarket///Retail///Care And Hygiene,Huggies,HUGGIES PANTS EXTRA CARE SIZE 3 JUMBO PACK 58PCS,,80.0,80.00,PCS,58,4,0.0,https://images.todoorstep.com/product/100268212/Ar.jpg?t=1744675200
en,133827,Al Jabal Aljabal Halawa Shaar with Chocolate 500g,Supermarket///Retail///Packaged Products,Al Jabal,Traditional halawa with chocolate flavor.,,29.25,29.25,G,500,8,0.0,https://images.todoorstep.com/product/100256993/Ar.jpg?t=1744675200
en,133859,"SENCOR Sencor Electric Jug Kettle, 2.5L, 2200W, White",Home & Gardening///Home///Kitchen Items,SENCOR,SWK-2510WH--Sencor 2.5L Electric Jug Kettle Plastic 2200W White. Double-Sided Water Level  Concealed Element  Cordless,,69.0,69,PCS,1,3,0.0,https://images.todoorstep.com/product/100254055/Ar.jpg?t=1755129242
en,134695,"Kenwood Blender, 2L Jar,500W,  2 Speeds + Pulse, MultiMill, White",Home & Gardening///Home///Kitchen Items,Kenwood,OWBLP15.150WH--Kenwood Blender  500W  2L Jar  2 Speeds  Pulse  MultiMill  Ice Crush Function  White,,109.0,109,PCS,1,3,0.0,https://images.todoorstep.com/product/107850064/Ar.jpg?t=1755130101
en,134697,"Kenwood Meat Grinder, 2100W, Kebbe Maker, Sausage Maker, White",Home & Gardening///Home///Kitchen Items,Kenwood,OWMGP40.000WH--Kenwood Meat Grinder  2100W  White  3 Screens-Large  Medium  Coarse  4 Attachments Kebbe Maker  Sausage,,339.0,339,PCS,1,3,0.0,https://images.todoorstep.com/product/107850081/Ar.jpg?t=1755130247
en,134855,Tefal Tempo Flame G6 Frypan 20cm,Supermarket///Retail///Household Products,Tefal,Practical small frying pan  perfect for quick meals and light dishes.,,99.0,99.00,PCS,1,8,0.0,https://images.todoorstep.com/product/107300206/Ar.jpg?t=1744675200
en,134859,Tefal Tempo Flame G6 Frypan 30cm,Supermarket///Retail///Household Products,Tefal,High-quality non-stick frying pan  ideal for healthy and even cooking.,,149.0,149.00,PCS,1,8,0.0,https://images.todoorstep.com/product/107550037/Ar.jpg?t=1744675200
en,134867,Double A Premium Copy Paper 500 Sheets,Supermarket///Retail///Household Products,,Double A Premium Copy Paper 500 Sheets,,20.0,20.00,PC,1,8,0.0,https://images.todoorstep.com/product/126650050/Ar.jpg?t=1744675200
en,135227,Badia Green Sugar 113g,Fresh & Local///Nuts & Spices///Spices,Badia,Green-colored sugar that adds a fun and attractive touch to desserts and baked goods.,,30.0,30.00,G,113,8,0.0,https://images.todoorstep.com/product/121950387/Ar.jpg?t=1744675200
en,135307,Oh My Oats Ohmyoats crdm dates grnl 200g,Supermarket///Retail///Breakfast & Snacks,Oh My Oats, Ohmyoats Creamy Dates Granola blends wholesome oats with the natural sweetness of dates  creating a creamy and nutritious snack. Packed with fiber and essential nutrients  it’s perfect for a healthy breakfast or anytime energy boost. Comes in a convenient 200g pack.,,27.5,27.50,G,200,8,0.0,https://images.todoorstep.com/product/121250073/Ar.jpg?t=1744675200
en,135580,Pitenis Greek Aubergine 200g,Supermarket///Retail///Packaged Products,Pitenis,Greek-style aubergine spread. Smooth texture with a savory taste.,,15.75,15.75,G,200,8,0.0,https://images.todoorstep.com/product/110150034/Ar.jpg?t=1744675200
en,135999,Niama Gluten-Free Penne Chickpea Flour 250g,Supermarket///Retail///Packaged Products,Niama,Penne pasta made with chickpea flour  gluten-free.,,9.47,9.47,G,250,8,0.0,https://images.todoorstep.com/product/110650063/Ar.jpg?t=1744675200
en,136000,Niama Gluten-Free Penne Pasta 400g,Supermarket///Retail///Packaged Products,Niama,Gluten-free penne pasta.,,13.47,13.47,G,400,8,0.0,https://images.todoorstep.com/product/110650080/Ar.jpg?t=1744675200
en,136001,Niama Gluten-Free Fusilli Chickpea Flour 250g,Supermarket///Retail///Packaged Products,Niama,Gluten-free fusilli made with chickpea flour.,,9.47,9.47,G,250,8,0.0,https://images.todoorstep.com/product/110650098/Ar.jpg?t=1744675200
en,136002,Niama Gluten-Free Fusilli Pasta 400g,Supermarket///Retail///Packaged Products,Niama,Gluten-free fusilli pasta.,,13.47,13.47,G,400,8,0.0,https://images.todoorstep.com/product/110650101/Ar.jpg?t=1744675200
en,136003,Niama Gluten-Free Tagliatelle Pasta 250g,Supermarket///Retail///Packaged Products,Niama,Gluten-free tagliatelle pasta.,,9.47,9.47,G,250,8,0.0,https://images.todoorstep.com/product/110650160/Ar.jpg?t=1744675200
en,136006,Niama Gluten-Free Chilpitak Pasta 400g,Supermarket///Retail///Packaged Products,Niama,Gluten-free chilpitak pasta.,,13.47,13.47,G,400,8,0.0,https://images.todoorstep.com/product/110750187/Ar.jpg?t=1744675200
en,136008,Niama Gluten-Free Orzo Pasta 400g,Supermarket///Retail///Packaged Products,Niama,Gluten-free orzo pasta.,,13.47,13.47,G,400,8,0.0,https://images.todoorstep.com/product/110800244/Ar.jpg?t=1744675200
en,136035,Meera Parboiled Rice 10kg,Supermarket///Retail///Packaged Products,Meera,Long grain parboiled rice  10kg pack.,,72.0,72.00,KG,10,2,0.0,https://images.todoorstep.com/product/119100244/Ar.jpg?t=1744675200
en,136083,Jif Glass Cleaner Trigger 500ml,Supermarket///Retail///Cleaning Products,Jif,Clear shine with Jif Glass Cleaner spray.,,12.25,12.25,ML,500,8,0.0,https://images.todoorstep.com/product/119350059/Ar.jpg?t=1757857857
en,136212,Himalaya Gentle Shampoo Twin Pack 2x400ml,Supermarket///Retail///Care And Hygiene,Himalaya,Gentle shampoo twin pack for soft hair.,,31.75,31.75,ML,400,8,0.0,https://images.todoorstep.com/product/106700048/Ar.jpg?t=1744675200
en,136268,Cerelac Wheat & Dates Pack 2×1kg,Supermarket///Retail///Breakfast & Snacks,Cerelac,Nutritious wheat and dates cereal pack. A healthy choice for growing children and families.,,147.75,147.75,كجم,2,8,0.0,https://images.todoorstep.com/product/120350128/Ar.jpg?t=1752665242
en,136401,Vichy Deodorant Sensitive Skin Beauty 50ml,Health & Beauty///Beauty///Personal Grooming,Vichy,Vichy Deodorant Sensitive Skin Beauty offers gentle protection against odor while caring for sensitive skin. Keeps you fresh and comfortable. Convenient 50ml roll-on.,,77.75,77.75,ML,50,8,0.0,https://images.todoorstep.com/product/114950160/Ar.jpg?t=1744675200
en,136624,Fogg EDP Many Flowers 100ml,Health & Beauty///Beauty///Fragrance,Fogg,Eau de parfum with floral fragrance.,,49.25,49.25,ML,100,8,0.0,https://images.todoorstep.com/product/121500036/Ar.jpg?t=1746079657
en,137646,Mie Sedaap Instant Korean Spicy Chicken Noodles 5x87g,Supermarket///Retail///Packaged Products,Mie Sedaap,Instant noodles Korean spicy chicken flavor.,,10.0,10.00,G,87,8,0.0,https://images.todoorstep.com/product/169300439/Ar.jpg?t=1744675200
en,137647,Mie Sedaap Fried Noodles 5x90g,Supermarket///Retail///Packaged Products,Mie Sedaap,Instant fried noodles  5 packs.,,10.25,10.25,G,90,8,0.0,https://images.todoorstep.com/product/169300447/Ar.jpg?t=1744675200
en,137664,Drools Dog Food Real Chicken 7kg,Sports & Hobbies///Sports///Pets,Drools,Dog food made with real chicken protein.,,134.75,134.75,KG,7,2,0.0,https://images.todoorstep.com/product/168900395/Ar.jpg?t=1744675200
en,137675,Capilano Original Honey Twist & Squeeze 400g,Fresh & Local///Fruits from farms///Honey,Capilano,Natural honey in a twist & squeeze bottle. Easy to use  sweet  and perfect for daily meals.,,42.75,42.75,G,400,8,0.0,https://images.todoorstep.com/product/168550233/Ar.jpg?t=1744675200
en,137719,Drynites DryNites Pyjama Pants Boys 4–7 Years 16pcs,Supermarket///Retail///Care And Hygiene,Drynites,Night pants for boys aged 4–7. Soft  absorbent  and reliable for bedtime.,,60.0,60.00,PCS,16,4,0.0,https://images.todoorstep.com/product/167550055/Ar.jpg?t=1744675200
en,137721,Drynites DryNites Pyjama Pants Girls 8–15 Years 13pcs,Supermarket///Retail///Care And Hygiene,Drynites,Night pants for girls aged 8–15. Ensure dryness and confidence throughout the night.,,60.0,60.00,PCS,13,4,0.0,https://images.todoorstep.com/product/167550071/Ar.jpg?t=1744675200
en,137754,Ulker Biskrem Caramel Touch 12x36g,Supermarket///Retail///Breakfast & Snacks,Ulker,Cookies with caramel cream filling.,,9.5,9.5,G,36,8,0.0,https://images.todoorstep.com/product/167250079/Ar.jpg?t=1744675200
en,137775,Souroti Sparkling Water 6×250ml,Supermarket///Retail///Beverages,Souroti,Pure sparkling water with a crisp taste. A healthy alternative to sugary drinks.,,30.25,30.25,ML,250,6,0.0,https://images.todoorstep.com/product/166750354/Ar.jpg?t=1744675200
en,137938,Pigeon Flexible Nipple M 1pc,Supermarket///Retail///Care And Hygiene,Pigeon,Flexible baby feeding nipple size M.,,4.98,4.98,PCS,1,8,0.0,https://images.todoorstep.com/product/165300255/Ar.jpg?t=1752665282
en,137950,Samyang Quattro Cheese Buldak Ramen 5×145g,Supermarket///Retail///Packaged Products,Samyang,Spicy ramen infused with four cheeses for a bold flavor. A unique combination of heat and creamy richness.,,41.0,41.00,G,145,8,0.0,https://images.todoorstep.com/product/165300440/Ar.jpg?t=1748248641
en,137997,Al Shifa Premium Saudi Sidr Honey 475g,Fresh & Local///Fruits from farms///Honey,Al Shifa,Saudi Sidr honey from Al Shifa offers a royal taste from the heart of the south. Al Shifa presents a rare and unique variety of Saudi honey  produced by Saudi hands in the southern region of the Kingdom  specifically in Al Baha. It is distinguished by its golden-amber color and aromatic fragrance  and is considered one of the most famous types of Saudi honey. Local beekeepers produce it using natural methods that preserve its valuable nutritional properties. It features a thick consistency and a distinct sweet flavor and is traditionally used in preparing popular local dishes in the Kingdom,,333.0,333.00,G,475,8,0.0,https://images.todoorstep.com/product/164600441/Ar.jpg?t=1744675200
en,138277,Luna UHT Full Cream Milk 18x200ml,Supermarket///Retail///Packaged Products,Luna,Long-life full cream milk.,,26.0,26.00,ML,200,6,0.0,https://images.todoorstep.com/product/162100426/Ar.jpg?t=1744675200
en,138285,Luna UHT Strawberry Milk 18x200ml,Supermarket///Retail///Packaged Products,Luna,Long-life strawberry flavored milk.,,25.5,25.50,ML,200,6,0.0,https://images.todoorstep.com/product/162200128/Ar.jpg?t=1744675200
en,138425,Al Khair Saudi Coffee Cardamom 10×30g,Supermarket///Retail///Beverages,Al Khair,Convenient sachets of Saudi coffee with cardamom. Easy to prepare and full of authentic flavor.,,29.95,29.95,G,30,8,0.0,https://images.todoorstep.com/product/161300071/Ar.jpg?t=1744675200
en,138426,Al Khair Saudi Coffee Cardamom 12×5g,Supermarket///Retail///Beverages,Al Khair,Traditional Saudi coffee flavored with cardamom. A rich and aromatic drink perfect for gatherings.,,20.5,20.50,G,5,8,0.0,https://images.todoorstep.com/product/161300080/Ar.jpg?t=1744675200
en,138440,Mulinoi Bianco Mulino Bianco Baiocchi Cookies with Hazelnut & Cocoa Cream 200g,Supermarket///Retail///Breakfast & Snacks,Mulinoi Bianco,Sandwich cookies filled with hazelnut and cocoa cream. A delightful combination of crunch and smooth filling.,,22.75,22.75,G,200,8,0.0,https://images.todoorstep.com/product/161350141/Ar.jpg?t=1744675200
en,138625,Xana Peach 250ml,Supermarket///Retail///Beverages,Xana,Refreshing peach juice with a naturally sweet taste. Best enjoyed chilled at any time of the day.,,10.25,10.25,ML,250,8,0.0,https://images.todoorstep.com/product/160300141/Ar.jpg?t=1744675200
en,138835,Ritz Crackers Original 12×39.6g,Supermarket///Retail///Breakfast & Snacks,Ritz,Original crackers with light salty taste. Crispy and perfect for any occasion.  ,,17.0,17.00,G,39.6,8,0.0,https://images.todoorstep.com/product/157700398/Ar.jpg?t=1756879815
en,138840,Star Soda Drink 6×300ml,Supermarket///Retail///Beverages,Star,Star Soda Soft Drink 6×300ml  refreshing and perfect for sharing.,,11.25,11.25,ML,300,6,0.0,https://images.todoorstep.com/product/157750117/Ar.jpg?t=1744675200
en,138845,Yong Chin Sulphur Soap 100g,Supermarket///Retail///Care And Hygiene,Yong Chin,Sulphur soap for deep cleansing. Helps purify and refresh the skin.  ,,12.25,12.25,G,100,8,0.0,https://images.todoorstep.com/product/157650773/Ar.jpg?t=1744675200
en,138886,Sprite Zero Can 6x320ml,Supermarket///Retail///Beverages,Sprite,Sparkling lemon-lime soft drink  zero sugar.,,15.5,15.50,ML,320,6,0.0,https://images.todoorstep.com/product/157200094/Ar.jpg?t=1744675200
en,138916,Oreo Milk & Chocolate Cookies 12×36.8g,Supermarket///Retail///Breakfast & Snacks,Oreo,Oreo Milk & Chocolate  rich and delicious mix of milk and cocoa.,,16.0,16.00,G,36.8,8,0.0,https://images.todoorstep.com/product/156950184/Ar.jpg?t=1756879836
en,138917,Oreo Gold Cookies 12×36.8g,Supermarket///Retail///Breakfast & Snacks,Oreo,Oreo Gold Cookies  unique flavor  perfect for snacks and desserts.,,16.0,16.00,G,36.8,8,0.0,https://images.todoorstep.com/product/157000050/Ar.jpg?t=1756879808
en,138970,Lotus XL Biscuits 16x25g,Supermarket///Retail///Breakfast & Snacks,Lotus,XL Lotus caramelized biscuits multipack.,,20.95,20.95,G,25,8,0.0,https://images.todoorstep.com/product/156600601/Ar.jpg?t=1744675200
en,139029,Colgate Natural Toothpaste Black Seed 75ml,Health & Beauty///Beauty///Personal Grooming,Colgate,Natural toothpaste with black seed extract.,,31.75,31.75,ML,75,8,0.0,https://images.todoorstep.com/product/156500116/Ar.jpg?t=1744675200
en,139135,Thessalos Greek Spread Cheese 200g,Supermarket///Retail///Cheese & Cold Cuts,Thessalos,Creamy Greek spreadable cheese.,,20.0,20.00,G,200,8,0.0,https://images.todoorstep.com/product/155500093/Ar.jpg?t=1744675200
en,139188,Original Mixed Fruit Drink 250ml (21 Pack),Supermarket///Retail///Beverages,Original,Mixed fruit drink combining multiple flavors in one refreshing pack.,,35.75,35.75,ML,250,4,0.0,https://images.todoorstep.com/product/155200277/Ar.jpg?t=1744675200
en,139269,Bunna Drip Coffee Forte 10×10g,Supermarket///Retail///Beverages,Bunna,Drip coffee Forte with intense flavor. Strong and aromatic for an energy boost.  ,,32.0,32.00,G,10,8,0.0,https://images.todoorstep.com/product/154950105/Ar.jpg?t=1744675200
en,139273,Bunna Drip Coffee Lusso 10×10g,Supermarket///Retail///Beverages,Bunna,Drip coffee Lusso with bold taste. Balanced and refined for coffee lovers.  ,,32.0,32.00,G,10,8,0.0,https://images.todoorstep.com/product/155000081/Ar.jpg?t=1744675200
en,139274,Bunna Drip Coffee Cielo 10×10g,Supermarket///Retail///Beverages,Bunna,Drip coffee Cielo with rich aroma. Smooth flavor for a perfect coffee experience.  ,,32.0,32.00,G,10,8,0.0,https://images.todoorstep.com/product/155000099/Ar.jpg?t=1744675200
en,139576,Ival Water 6×1.5L,Supermarket///Retail///Beverages,Ival,Natural bottled water with crisp taste. Essential for freshness and hydration every day.  ,,5.47,5.47,لتر,1.5,4,0.0,https://images.todoorstep.com/product/152500098/Ar.jpg?t=1744675200
en,139579,Oska Water 6×1.5L,Supermarket///Retail///Beverages,Oska,Pure bottled water with refreshing taste. Clean and natural for daily hydration.  ,,8.25,8.25,لتر,1.5,4,0.0,https://images.todoorstep.com/product/152500135/Ar.jpg?t=1744675200
en,139582,Herrs Herr’s Jalapeno Crunchy Cheese Stix 255g,Supermarket///Retail///Breakfast & Snacks,Herrs,Crunchy cheese stix with jalapeno flavor.,,20.95,20.95,G,255,8,0.0,https://images.todoorstep.com/product/152500418/Ar.jpg?t=1744675200
en,139584,Herrs Herr’s Crunchy Cheese Stix 227g,Supermarket///Retail///Breakfast & Snacks,Herrs,Crunchy cheese stix snack.,,20.95,20.95,G,227,8,0.0,https://images.todoorstep.com/product/152500434/Ar.jpg?t=1744675200
en,139661,Xl XL Potato Chips Chili 12x21g,Supermarket///Retail///Breakfast & Snacks,Xl,XL Fresh Potato Chips Chili 12x21g are crispy potato chips with a spicy chili flavor  perfect for snack lovers seeking a flavorful kick anytime.,,15.75,15.75,G,21,8,0.0,https://images.todoorstep.com/product/151900284/Ar.jpg?t=1744675200
en,139666,"Celsius Sparkling Energy Drink Peach & Mango 12,Pack, 355ml Each",Supermarket///Retail///Beverages,Celsius,CELSIUS is a premium energy drink designed to help people live fit  exceed goals  and elevate their lives. Made with proven ingredients  it is vegan  gluten-free  and Kosher. CELSIUS' proprietary MetaPlus blend includes mango & peach  vitamin C  vitamin B  and chromium. It is available in 12 oz. slim cans and 12-packs for convenience.,,121.0,121.00,ML,355,6,0.0,https://images.todoorstep.com/product/151900348/Ar.jpg?t=1744675200
en,139882,Al Batal Cheese Corn Curls 20×15G,Supermarket///Retail///Breakfast & Snacks,Al Batal,Al Batal Cheese Corn Curls 20×15g  crunchy corn curls with a savory cheese flavor.,,11.95,11.95,G,15,8,0.0,https://images.todoorstep.com/product/150450189/Ar.jpg?t=1744675200
en,139885,Al Batal Cheese Balls 20×15G,Supermarket///Retail///Breakfast & Snacks,Al Batal,Al Batal Cheese Balls 20×15g  fun cheesy snack for cheese lovers.,,11.95,11.95,G,15,8,0.0,https://images.todoorstep.com/product/150500086/Ar.jpg?t=1744675200
en,139894,Al Batal Chips Ridges Cheese 155G,Supermarket///Retail///Breakfast & Snacks,Al Batal,Al Batal Ridges Cheese Chips 155g  crispy and delicious  ideal for a quick snack.,,6.25,6.25,G,155,8,0.0,https://images.todoorstep.com/product/150250056/Ar.jpg?t=1744675200
en,139961,Vileda Mop Box Spino Ultra 1PCS,Supermarket///Retail///Cleaning Products,Vileda,High-quality floor mop designed for easy removal of dirt and dust while keeping surfaces shiny and clean.,,155.75,155.75,PCS,1,8,0.0,https://images.todoorstep.com/product/149500097/Ar.jpg?t=1744675200
en,140023,Baja Instant Coffee Mixes 3in1 24X20g,Supermarket///Retail///Beverages,Baja,Baja Instant Coffee Mixes 3in1 24X20g combines coffee  creamer  and sugar in convenient single-serve sachets. Perfect for a quick  smooth  and flavorful coffee anytime.,,48.0,48.00,G,20,8,0.0,https://images.todoorstep.com/product/148550181/Ar.jpg?t=1744675200
en,140024,Baja Instant Coffee Mixes 2in1 24X13g,Supermarket///Retail///Beverages,Baja,Baja Instant Coffee Mixes 2in1 24X13g combines coffee and creamer in convenient single-serve sachets. Perfect for a quick  smooth  and creamy coffee anytime.,,35.25,35.25,G,13,8,0.0,https://images.todoorstep.com/product/148550199/Ar.jpg?t=1744675200
en,140025,Baja Instant Cappuccino Sachets 8X23g,Supermarket///Retail///Beverages,Baja,Baja Instant Cappuccino Sachets 8X23g provide a rich and creamy cappuccino experience in convenient single-serve sachets. Perfect for a quick and delicious coffee anytime.,,35.0,35.00,G,23,8,0.0,https://images.todoorstep.com/product/148550201/Ar.jpg?t=1744675200
en,140037,Baja Instant Coffee Latte Sachets 8X23g,Supermarket///Retail///Beverages,Baja,Baja Instant Coffee Latte Sachets 8X23g offer a rich and smooth Latte coffee experience in convenient single-serve sachets. Perfect for a quick and delicious coffee anytime.,,33.5,33.50,G,23,8,0.0,https://images.todoorstep.com/product/148600184/Ar.jpg?t=1744675200
en,140038,Baja Instant Coffee Mocha Sachets 8X23g,Supermarket///Retail///Beverages,Baja,Baja Instant Coffee Mocha Sachets 8X23g offer a rich and smooth mocha coffee experience in convenient single-serve sachets. Perfect for a quick and delicious coffee anytime.,,33.5,33.50,G,23,8,0.0,https://images.todoorstep.com/product/148600192/Ar.jpg?t=1744675200
en,140076,Thessalos Chilli Cheese 300g,Supermarket///Retail///Cheese & Cold Cuts,Thessalos,Premium cheese with chili taste.,,43.25,43.25,G,300,8,0.0,https://images.todoorstep.com/product/148050469/Ar.jpg?t=1744675200
en,140147,Loreal Pars Glycolic Bright Tissue Mask,Health & Beauty///Beauty///Personal Grooming,Loreal,Glycolic Bright Tissue Mask  infused with serum to nourish the skin and give an instant glow.,,15.25,15.25,PCS,1,8,0.0,https://images.todoorstep.com/product/148050400/Ar.jpg?t=1744675200
en,140170,Orient Gardens Salad Seasoning 50G,Fresh & Local///Nuts & Spices///Spices,Orient Gardens,Ready-to-use salad seasoning that enhances the flavor of all types of salads.,,18.5,18.50,G,50,8,0.0,https://images.todoorstep.com/product/147850181/Ar.jpg?t=1744675200
en,140219,Nuby Silicone Squeeze Feeder with Spoons 2pcs,Supermarket///Retail///Care And Hygiene,Nuby,Nuby Silicone Squeeze Feeder with Spoons 2pcs,,41.0,41.00,PC,1,8,0.0,https://images.todoorstep.com/product/147500051/Ar.jpg?t=1753103152
en,140221,Nuby 180ml Bottle with Slow Flow Nipple,Supermarket///Retail///Care And Hygiene,Nuby,Nuby 180ml Bottle with Slow Flow Nipple,,31.25,31.25,PC,1,8,0.0,https://images.todoorstep.com/product/147500093/Ar.jpg?t=1752665493
en,140222,Nuby Twin Handle Trainer Cup 240ml,Supermarket///Retail///Care And Hygiene,Nuby,Nuby Twin Handle Trainer Cup 240ml,,43.0,43.00,PC,1,8,0.0,https://images.todoorstep.com/product/147500106/Ar.jpg?t=1752665251
en,140226,Nuby Silicone Replacement Nipples Medium Flow 2pcs,Supermarket///Retail///Care And Hygiene,Nuby,Nuby Silicone Replacement Nipples Medium Flow 2pcs,,16.48,16.48,PC,1,8,0.0,https://images.todoorstep.com/product/147500149/Ar.jpg?t=1752665479
en,140229,Nuby Overmold Heat Sensitive Spoon Set 4 Pieces,Supermarket///Retail///Care And Hygiene,Nuby,Nuby Overmold Heat Sensitive Spoon Set 4 Pieces,,32.5,32.50,PC,1,8,0.0,https://images.todoorstep.com/product/147500211/Ar.jpg?t=1752665443
en,140230,Nuby Baby Care Kit Scissors With Plastic Handles And Nail Clippers 3 Pieces,Supermarket///Retail///Care And Hygiene,Nuby,Nuby Baby Care Kit includes scissors with safe plastic handles and nail clippers  3 pieces set designed for gentle and safe baby grooming. Perfect for keeping your baby’s nails neat and trimmed with ease.,,29.75,29.75,PC,1,8,0.0,https://images.todoorstep.com/product/147500229/Ar.jpg?t=1752665454
en,140232,Nuby Ortho Pacifier With Handle Soother 2 Pieces,Supermarket///Retail///Care And Hygiene,Nuby,Nuby Ortho Pacifier with handle soother 2 pieces is designed to comfort your baby while supporting natural oral development. Made with safe  durable materials  it provides soothing relief and easy handling.,,30.0,30.00,PC,1,8,0.0,https://images.todoorstep.com/product/147500245/Ar.jpg?t=1753103178
en,140238,Nuby Baby Bottle With Slow Flow Anti-Colic Nipple 270ml,Supermarket///Retail///Care And Hygiene,Nuby,Nuby Baby Bottle with Slow Flow Anti-Colic Nipple 270ml is designed to reduce colic and provide a natural feeding experience. Perfect for newborns and young babies  ensuring comfort and easy feeding every time.,,16.88,16.88,PC,1,8,0.0,https://images.todoorstep.com/product/147500341/Ar.jpg?t=1753103181
en,140242,Nuby Powder Formula Dispenser With 4 Compartments,Supermarket///Retail///Care And Hygiene,Nuby,Nuby Powder Formula Dispenser with 4 compartments is perfect for storing and carrying pre-measured formula powder. Ideal for travel and on-the-go feeding  ensuring convenience and hygiene for your baby.,,22.5,22.50,PC,1,8,0.0,https://images.todoorstep.com/product/147500392/Ar.jpg?t=1753103187
en,140243,Nuby Basic Bottle/Nipple Brush With Easy Grip Handle,Supermarket///Retail///Care And Hygiene,Nuby,Nuby Basic Bottle/Nipple Brush features an easy-grip handle for comfortable cleaning of bottles and nipples. Designed for convenient and thorough cleaning  perfect for daily baby care.,,22.25,22.25,PC,1,8,0.0,https://images.todoorstep.com/product/147500405/Ar.jpg?t=1753103193
en,140245,Nuby Long Handle Overmolded Kids Spoon 1pc,Supermarket///Retail///Care And Hygiene,Nuby,Nuby Long Handle Weaning Spoon features a durable polyethylene (PE) overmolded handle for a comfortable grip. Designed for safe and easy feeding  it’s ideal for young children learning to eat independently.,,22.5,22.50,PC,1,8,0.0,https://images.todoorstep.com/product/147500421/Ar.jpg?t=1753103061
en,140300,Gran Cucina Chilli Bomb Sauce 130g,Supermarket///Retail///Packaged Products,Gran Cucina,Chilli Bomb hot sauce with bold flavor. Adds fiery spice to any dish.  ,,33.75,33.75,G,130,8,0.0,https://images.todoorstep.com/product/146800203/Ar.jpg?t=1744675200
en,140426,Jif Toilet Cleaner Anti-Bacterial Lime Power 500ml,Supermarket///Retail///Cleaning Products,Jif,Antibacterial toilet cleaner with lime freshness.,,4.95,4.95,ML,500,8,0.0,https://images.todoorstep.com/product/146000054/Ar.jpg?t=1757857804
en,140479,Fine Baby Diapers Size 2 Small Jumbo Pack 58pcs,Supermarket///Retail///Care And Hygiene,Fine Baby,Baby diapers  size 2 small  jumbo pack.,,46.0,46.00,PCS,1,4,0.0,https://images.todoorstep.com/product/145600111/Ar.jpg?t=1744675200
en,140500,J Casanova J. Casanova Paris Nourishing Sheen Spray with Vitamin E 200ml,Health & Beauty///Beauty///Hair Care,J Casanova,Nourishing hair sheen spray enriched with Vitamin E.,,15.25,15.25,ML,200,8,0.0,https://images.todoorstep.com/product/145450256/Ar.jpg?t=1744675200
en,140528,Lusine Date Cake 6×28g,Supermarket///Retail///Packaged Products,Lusine,Lusine Date Cake 6×28g  cake filled with natural dates  ideal as a healthy snack.,,7.0,7.00,G,28,8,0.0,https://images.todoorstep.com/product/145100328/Ar.jpg?t=1744675200
en,140536,Lusine Cardamom Cake 6×28g,Supermarket///Retail///Packaged Products,Lusine,Lusine Cardamom Cake 6×28g  aromatic cardamom-flavored cake  perfect for a light snack.,,7.0,7.00,G,28,8,0.0,https://images.todoorstep.com/product/145150131/Ar.jpg?t=1744675200
en,140538,Lusine Saffron Cake 6×28g,Supermarket///Retail///Packaged Products,Lusine,Lusine Saffron Cake 6×28g  small cake with rich saffron flavor  a traditional sweet treat.,,7.0,7.00,G,28,8,0.0,https://images.todoorstep.com/product/145150157/Ar.jpg?t=1744675200
en,140629,Nickelodeon Paw Patrol Toothbrush with Cover & Base,Health & Beauty///Beauty///Personal Grooming,Nickelodeon,Paw Patrol toothbrush with protective cover & base.,,17.25,17.25,PCS,1,8,0.0,https://images.todoorstep.com/product/144750071/Ar.jpg?t=1744675200
en,140634,Nickelodeon Hello Kitty Toothbrush with Cover & Base,Health & Beauty///Beauty///Personal Grooming,Nickelodeon,Hello Kitty kids toothbrush with cover & base.,,17.25,17.25,PCS,1,8,0.0,https://images.todoorstep.com/product/144750126/Ar.jpg?t=1744675200
en,140792,Samyang Buldak Habanero Lime Bundle 5×135g,Supermarket///Retail///Packaged Products,Samyang,Instant Buldak noodles with habanero lime flavor. Spicy and tangy for those who love heat.  ,,41.0,41.00,G,135,8,0.0,https://images.todoorstep.com/product/144300150/Ar.jpg?t=1744675200
en,140990,Green's Instant Yeast Tin 6x100g,Fresh & Local///Nuts & Spices///Spices,Green,Green's Instant Yeast Tin 6×100g  convenient storage for repeated baking use.,,48.25,48.25,G,100,8,0.0,https://images.todoorstep.com/product/142200323/Ar.jpg?t=1744675200
en,141215,Crystal Farms American Cheese Slices 226g,Supermarket///Retail///Cheese & Cold Cuts,Crystal Farms,Crystal Farms American Cheese Slices 226g are American cheese slices  convenient for sandwiches.,,38.5,38.50,G,226,8,0.0,https://images.todoorstep.com/product/141500287/Ar.jpg?t=1744675200
en,141301,Lusine Chocolate Brownie 4×50g,Supermarket///Retail///Packaged Products,Lusine,Lusine Chocolate Brownie 4×50g is chocolate brownie  a delicious treat for snacks and desserts.,,11.25,11.25,G,50,8,0.0,https://images.todoorstep.com/product/140850111/Ar.jpg?t=1744675200
en,141309,Baidar Tomato Paste 8×135g,Supermarket///Retail///Packaged Products,Baidar,Baidar Tomato Paste 8×135g is concentrated tomato paste  ready to use in cooking and sauces.,,14.0,14.00,G,135,8,0.0,https://images.todoorstep.com/product/140700244/Ar.jpg?t=1744675200
en,141311,Godiva Dark Chocolate with Sea Salt 12×32g,Supermarket///Retail///Breakfast & Snacks,Godiva,Godiva Dark Chocolate with Sea Salt 12×32g is premium dark chocolate with a touch of sea salt  ideal for desserts.,,77.0,77.00,G,32,8,0.0,https://images.todoorstep.com/product/140750057/Ar.jpg?t=1744675200
en,141684,Al Suman Saffron Arabic Coffee 10x30g,Supermarket///Retail///Beverages,Al Suman,Authentic Arabic coffee with saffron.,,88.25,88.25,G,30,8,0.0,https://images.todoorstep.com/product/139250151/Ar.jpg?t=1744675200
en,141691,Al Suman Cardamom Arabic Coffee 10x30g,Supermarket///Retail///Beverages,Al Suman,Traditional Arabic coffee with cardamom.,,78.75,78.75,G,30,8,0.0,https://images.todoorstep.com/product/139200082/Ar.jpg?t=1744675200
en,142007,Al Khair Emoji Karak Cardamom Without Sugar 12×15g,Supermarket///Retail///Beverages,Al Khair,Sugar-free mix with aromatic cardamom  smooth and fragrant flavor.,,27.5,27.50,G,15,8,0.0,https://images.todoorstep.com/product/137400451/Ar.jpg?t=1744675200
en,142009,Al Khair Emoji Karak Tea with Ginger Without Sugar 12×15g,Supermarket///Retail///Beverages,Al Khair,Sugar-free blend with ginger  warm and spicy taste.,,26.5,26.50,G,15,8,0.0,https://images.todoorstep.com/product/137400494/Ar.jpg?t=1744675200
en,142272,B Cola Can 30×250ml,Supermarket///Retail///Beverages,B Cola,B Cola Can 30×250ml is a refreshing soft drink  perfect for family and gatherings.,,34.95,34.95,ML,250,4,0.0,https://images.todoorstep.com/product/137400072/Ar.jpg?t=1744675200
en,142362,Move On Freeze Spray 200ml,Health & Beauty///Beauty///Pharmaceuticals,Move On,Move On Freeze Spray 200ml – Fast-acting cooling spray for muscle relief and soothing comfort.,,61.5,61.50,ML,200,8,0.0,https://images.todoorstep.com/product/137200097/Ar.jpg?t=1744675200
en,142512,Bigen Beard Color Natural Brown 80g,Health & Beauty///Beauty///Personal Grooming,Bigen,Bigen Beard Color Natural Brown 80g – Beard dye with a natural brown tone for even coverage.,,77.75,77.75,G,80,8,0.0,https://images.todoorstep.com/product/136900454/Ar.jpg?t=1744675200
en,142513,Bigen Beard Color Black Brown 80g,Health & Beauty///Beauty///Personal Grooming,Bigen,Bigen Beard Color Black Brown 80g – Beard dye in black brown shade for a bold style.,,77.75,77.75,G,80,8,0.0,https://images.todoorstep.com/product/136900462/Ar.jpg?t=1744675200
en,142514,Bigen Beard Color Dark Brown 80g,Health & Beauty///Beauty///Personal Grooming,Bigen,Bigen Beard Color Dark Brown 80g – Beard dye in dark brown for a natural and lasting look.,,77.75,77.75,G,80,8,0.0,https://images.todoorstep.com/product/136900471/Ar.jpg?t=1744675200
en,142610,Safio UHT Milk Plain 18×185ml,Supermarket///Retail///Packaged Products,Safio,Safio UHT Milk Plain 18×185ml – Long-life plain milk in convenient small packs.,,26.95,26.95,ML,185,6,0.0,https://images.todoorstep.com/product/136400581/Ar.jpg?t=1744675200
en,142668,Safio UHT Milk Strawberry 18×185ml,Supermarket///Retail///Packaged Products,Safio,Safio UHT Milk Strawberry 18×185ml – Long-life strawberry flavored milk in convenient mini packs.,,26.95,26.95,ML,185,6,0.0,https://images.todoorstep.com/product/136502501/Ar.jpg?t=1744675200
en,142669,Safio uht milkbanan 18x185ml,Supermarket///Retail///Packaged Products,Safio, Safio UHT Milkbanan is a delicious and nutritious blend of milk and banana flavor  packed in convenient 185ml cartons. This pack contains 18 cartons  perfect for on-the-go consumption or school lunches. Ultra-high temperature (UHT) processing ensures a long shelf life without refrigeration.,,36.0,36.00,ML,185,6,0.0,https://images.todoorstep.com/product/136502510/Ar.jpg?t=1744675200
en,142724,Fantazee Cheese Curls 12x25g,Supermarket///Retail///Breakfast & Snacks,Fantazee,Multipack of cheesy crunchy curls.,,18.0,18.00,G,25,8,0.0,https://images.todoorstep.com/product/136400257/Ar.jpg?t=1744675200
en,142772,Ondoliva Extra Virgin Olive Oil Spray 200ml,Fresh & Local///Fruits from farms///Ghee,Ondoliva,Convenient spray bottle of extra virgin olive oil.,,24.95,24.95,ML,200,8,0.0,https://images.todoorstep.com/product/135750212/Ar.jpg?t=1744675200
en,142856,Bugles Original 12x15g,Supermarket///Retail///Breakfast & Snacks,Bugles,Bugles Original 12×15g is a crunchy snack with original salted flavor  delicious and satisfying.,,12.95,12.95,G,15,8,0.0,https://images.todoorstep.com/product/135050072/Ar.jpg?t=1744675200
en,142860,Bugles Sweet Chili 12x15g,Supermarket///Retail///Breakfast & Snacks,Bugles,Bugles Sweet Chili 12×15g is a crunchy snack with sweet chili flavor  tasty and flavorful.,,12.95,12.95,G,15,8,0.0,https://images.todoorstep.com/product/135050144/Ar.jpg?t=1744675200
en,142872,Bugles Nacho Cheese 12x15g,Supermarket///Retail///Breakfast & Snacks,Bugles,Bugles Nacho Cheese 12×15g is a crunchy snack with nacho cheese flavor  flavorful and crispy.,,12.95,12.95,G,15,8,0.0,https://images.todoorstep.com/product/135100076/Ar.jpg?t=1744675200
en,142882,Bugles Ketchup 12x15g,Supermarket///Retail///Breakfast & Snacks,Bugles,Bugles Ketchup 12×15g is a crunchy snack with ketchup flavor  delicious and tasty.,,12.95,12.95,G,15,8,0.0,https://images.todoorstep.com/product/134950061/Ar.jpg?t=1744675200
en,142913,Bugles Smokin BBQ 12x15g,Supermarket///Retail///Breakfast & Snacks,Bugles,Bugles Smokin BBQ 12×15g is a crunchy snack with smoky BBQ flavor  tasty and satisfying.,,12.95,12.95,G,15,8,0.0,https://images.todoorstep.com/product/134950052/Ar.jpg?t=1744675200
en,142980,"Klasse Classic Malt Drink Pack 6 x 330ml

",Supermarket///Retail///Beverages,Klasse,Enjoy the refreshing taste of Klasse Strawberry Malt Drink in a convenient pack of 6 bottles  each 330ml. Perfect for sharing with friends or relaxing at home.,,27.5,27.50,L,1.95,6,0.0,https://images.todoorstep.com/product/134400165/Ar.jpg?t=1744675200
en,142984,"Klasse Strawberry Malt Drink Pack 6 x 330ml

",Supermarket///Retail///Beverages,Klasse,Enjoy the refreshing taste of Klasse Strawberry Malt Drink in a convenient pack of 6 bottles  each 330ml. Perfect for sharing with friends or relaxing at home with a fruity twist.,,27.5,27.50,L,1.95,6,0.0,https://images.todoorstep.com/product/134400211/Ar.jpg?t=1751462588
en,143211,Oral B Oral-B D505 pro 3000 rechargeable electric toothbrush,Health & Beauty///Beauty///Personal Grooming,Oral B,Oral-B D505 pro 3000 rechargeable electric toothbrush. Maintain a brighter smile with Oral-B Pro Clean 3 3000 electric toothbrush. Featuring a round head and gum pressure sensor technology  the rechargeable toothbrush powered by Braun provides a clinically proven superior clean vs a regular manual toothbrush. Its round head was designed with dentists to clean tooth by tooth for cleaner teeth and healthier gum. The toothbrush is also equipped with Gum Pressure Control technology that reduces brushing speed and alerts you to be gentler if you brush too hard. For optimal brushing and cleaning  the electric toothbrush has a built-in timer to help you keep brushing for at least 2 minutes  as recommended by dentists. Its small size makes it ideal for your trips and travels. Includes 3 cleaning modes: Daily Clean  Sensitive  and Whitening. Show off your whiter smile every day  sponsored by the world’s #1 dentist recommended brand  Oral-B. For best results  use with Oral-B & Crest Toothpaste  Floss and Mouthwash. See also the Kids electric toothbrush  water flosser  manual toothbrush  whitestrips  and replacement brush head ranges.,,304.25,304.25,PC,1,8,0.0,https://images.todoorstep.com/product/132450038/Ar.jpg?t=1752066371
en,143927,Heineken Beer Classic 6×330ml,Supermarket///Retail///Beverages,Heineken,Heineken Beer Classic 6×330ml is classic Heineken beer  refreshing and perfect to enjoy.,,59.75,59.75,ML,330,6,0.0,https://images.todoorstep.com/product/119600214/Ar.jpg?t=1744675200
en,143932,Ival Water Drop 24×200ml,Supermarket///Retail///Beverages,Ival,Ival Water Drop 24×200ml – Mini bottled water  easy to carry on the go.,,11.75,11.75,ML,200,5,0.0,https://images.todoorstep.com/product/119300140/Ar.jpg?t=1744675200
en,143933,Ival Water 48×200ml,Supermarket///Retail///Beverages,Ival,Ival Water 48×200ml – Light and portable water bottles for daily use.,,23.5,23.50,ML,200,5,0.0,https://images.todoorstep.com/product/119300166/Ar.jpg?t=1744675200
en,143934,Ival Water 40×330ml,Supermarket///Retail///Beverages,Ival,Ival Water 40×330ml – Refreshing bottled water with balanced minerals.,,23.5,23.50,ML,330,5,0.0,https://images.todoorstep.com/product/119300271/Ar.jpg?t=1744675200
en,143936,Oska Water 40×330ml,Supermarket///Retail///Beverages,Oska,Oska Water 40×330ml – Crisp natural water in convenient mid-size bottles.,,10.95,10.95,ML,330,5,0.0,https://images.todoorstep.com/product/119300297/Ar.jpg?t=1744675200
en,143937,Oska Water 48×200ml,Supermarket///Retail///Beverages,Oska,Oska Water 48×200ml – Fresh drinking water in compact bottles for everyday hydration.,,10.95,10.95,ML,200,5,0.0,https://images.todoorstep.com/product/119400061/Ar.jpg?t=1744675200
en,143938,Oska Water 24×600ml,Supermarket///Retail///Beverages,Oska,Oska Water 24×600ml – Pure bottled water in a handy pack size.,,18.25,18.25,ML,600,5,0.0,https://images.todoorstep.com/product/119400079/Ar.jpg?t=1744675200
en,143951,Al Batal Popcorn Butter 10X23G,Supermarket///Retail///Breakfast & Snacks,Al Batal,Al Batal Popcorn Butter 10×23g is buttery popcorn.,,7.95,7.95,G,23,8,0.0,https://images.todoorstep.com/product/119000323/Ar.jpg?t=1744675200
en,144180,Borgat Gummy Ringlets 24×12g,Supermarket///Retail///Breakfast & Snacks,Borgat,Borgat Gummy Ringlets 24×12g – Fruity gummy sweets shaped like colorful rings.,,16.25,16.25,G,12,8,0.0,https://images.todoorstep.com/product/115500321/Ar.jpg?t=1744675200
en,144182,Borgat Gummy Mixed Cars 24×12g,Supermarket///Retail///Breakfast & Snacks,Borgat,Borgat Gummy Mixed Cars 24×12g – Fun-shaped gummy candies in assorted fruity flavors.,,16.25,16.25,G,12,8,0.0,https://images.todoorstep.com/product/115500347/Ar.jpg?t=1744675200
en,144394,Aloha Chicken Stock Cubes 24x20g,Supermarket///Retail///Packaged Products,Aloha,Chicken stock cubes for rich flavor.,,16.25,16.25,G,20,8,0.0,https://images.todoorstep.com/product/111650057/Ar.jpg?t=1744675200
en,144411,Samyang Buldak 2× Spicy 5×140g,Supermarket///Retail///Packaged Products,Samyang,Samyang Buldak 2× Spicy 5×140g – Extra hot noodles delivering fiery Korean flavor for spice lovers.,,40.0,40.00,G,140,8,0.0,https://images.todoorstep.com/product/110400363/Ar.jpg?t=1748248636
en,144483,Suntop Mango Grape Juice 18x125Ml,Supermarket///Retail///Beverages,Suntop,SUNTOP MNG GRP 18X125ML,,13.65,13.65,ML,125,6,0.0,https://images.todoorstep.com/product/108250052/Ar.jpg?t=1744675200
en,144486,Suntop No Sugar Mango Grape Juice 18x180Ml,Supermarket///Retail///Beverages,Suntop,SUNTOP NO ADDED SUGAR MANGO & GRAPE 18X180ML,,19.95,19.95,ML,180,6,0.0,https://images.todoorstep.com/product/108250095/Ar.jpg?t=1744675200
en,144550,Saudia UHT Strawberry Milk 18x200Ml,Supermarket///Retail///Packaged Products,Saudia,SAUDIA UHT STRAW MILK 18X200M 18X200ML,,34.75,34.75,ML,200,6,0.0,https://images.todoorstep.com/product/106400125/Ar.jpg?t=1744675200
en,144603,Fanta Orange Soft Drink 2.2L (Pack of 6),Supermarket///Retail///Beverages,Fanta,Bright and zesty orange soda for ultimate refreshment.,,45.0,45.00,L,2.2,2,0.0,https://images.todoorstep.com/product/105350066/Ar.jpg?t=1744675200
en,144605,Coca Cola Coca-Cola Zero Can 12X150Ml,Supermarket///Retail///Beverages,Coca Cola,Coca-Cola Zero Can 12×150ml is a sugar-free cola drink  12 cans × 150ml  refreshing and delicious.,,20.95,20.95,ML,150,6,0.0,https://images.todoorstep.com/product/105400019/Ar.jpg?t=1744675200
en,144999,Mashems Collectibles 53370,Supermarket///Retail///Household Products,,Mashems Collectibles 53370,,20.0,20.00,PC,1,8,0.0,https://images.todoorstep.com/product/143650684/Ar.jpg?t=1744675200
en,145050,ROYAL FORD Royalford Stoneware Mug 11oz,Supermarket///Retail///Household Products,ROYAL FORD,Royalford 11oz Stoneware Mug – durable and stylish mug  perfect for enjoying hot beverages like coffee or tea. Suitable for everyday use at home or office.,,5.0,5.00,PC,1,8,0.0,https://images.todoorstep.com/product/140550282/Ar.jpg?t=1744675200
en,145095,"Moulinex Blendeo Blender, enhance your blending 450W, 1.5L",Home & Gardening///Home///Kitchen Items,Moulinex,LM2B2127-Moulinex Blendeo Blender: Enhance your blending 450W  1.5L,,95.0,95,PCS,1,3,0.0,https://images.todoorstep.com/product/139600211/Ar.jpg?t=1755131207
en,145165,ROYAL FORD Royalford 6-Piece Stainless Steel Table Fork Set,Supermarket///Retail///Household Products,ROYAL FORD,Royalford 6-Piece Stainless Steel Table Fork Set – durable and elegant forks  perfect for everyday dining or special occasions. Easy to clean and long-lasting.,,15.0,15.00,PC,1,8,0.0,https://images.todoorstep.com/product/142650068/Ar.jpg?t=1744675200
en,145176,ROYAL FORD Royalford Thermos Flask 1L – Insulated,Supermarket///Retail///Household Products,ROYAL FORD,Royalford 1L Thermos Flask – keeps beverages hot or cold for hours. Durable and perfect for home  office  or outdoor use.,,52.0,52,PC,1,8,0.0,https://images.todoorstep.com/product/142650228/Ar.jpg?t=1744675200
en,145198,Class Assorted Collection Pencil Set – 18 Pencils + 2 Erasers + 2 Sharpeners,Supermarket///Retail///Household Products,,Assorted Collection Pencil Set – includes 18 colored pencils with 2 erasers and 2 sharpeners. Perfect for school  art projects  or creative activities at home.,,10.0,10.00,PC,1,8,0.0,https://images.todoorstep.com/product/158900113/Ar.jpg?t=1744675200
en,145259,Durra Instant Noodles Chicken Curry Flavor 5x75g,Supermarket///Retail///Packaged Products,Durra,Instant noodles with rich chicken curry flavor.,,3.32,3.32,G,75,8,0.0,https://images.todoorstep.com/product/175450548/Ar.jpg?t=1744675200
en,145286,Prestige Classic Frypan 30cm – Non-Stick,Supermarket///Retail///Household Products,Prestige,Prestige Classic Frypan 30cm – durable non-stick pan perfect for frying  sautéing  and everyday cooking. Easy to clean and designed for healthy meals with less oil.,,102.0,102.00,PC,1,8,0.0,https://images.todoorstep.com/product/135551635/Ar.jpg?t=1744675200
en,145308,Qamra Large Deep BBQ Basket 43x33cm,Sports & Hobbies///Sports///Camping,Qamra,Deep grill basket for cooking vegetables and meat.,,31.0,31.00,PCS,1,4,0.0,https://images.todoorstep.com/product/134400552/Ar.jpg?t=1744675200
en,145376,Cutetitos Rainbowitos Candy,Supermarket///Retail///Household Products,,Cutetitos Rainbowitos Candy,,62.0,62.00,PC,1,8,0.0,https://images.todoorstep.com/product/143650852/Ar.jpg?t=1744675200
en,145388,Aukey Nylon Cable C to C 0.9M Black,Supermarket///Retail///Care And Hygiene,Aukey,Aukey Nylon Cable C to C 0.9M Black,,30.0,30.00,PC,1,3,0.0,https://images.todoorstep.com/product/150300210/Ar.jpg?t=1744675200
en,145426,ROYAL FORD Royalford 11L Aluminum Arabic Pressure Cooker,Supermarket///Retail///Household Products,ROYAL FORD,Royalford 11L Aluminum Arabic Pressure Cooker – durable and efficient  perfect for preparing large meals and traditional Arabic dishes quickly and safely. Ideal for family cooking and daily use.,,169.0,169.00,PC,1,8,0.0,https://images.todoorstep.com/product/157800073/Ar.jpg?t=1744675200
en,145466,ROYAL FORD Royalford 1L Thermos – Golden,Supermarket///Retail///Household Products,ROYAL FORD,Royalford 1L Thermos – Golden,,65.0,65.00,PC,1,8,0.0,https://images.todoorstep.com/product/142650279/Ar.jpg?t=1744675200
en,145500,"Deli Whiteboard Marker Set, Chisel Tip 2-5mm",Supermarket///Retail///Household Products,Deli,Deli Whiteboard Marker Set  Chisel Tip 2-5mm is a set of whiteboard markers with a 2–5mm chisel tip  providing precise writing and highlighting.,,10.5,10.50,PCS,1,8,0.0,https://images.todoorstep.com/product/153600373/Ar.jpg?t=1744675200
en,145579,Starbucks Latte Caramel Mix 5x23g,Supermarket///Retail///Beverages,Starbucks,STRABUCKS LATE CARAMEL MIX (5X23G),,32.5,32.50,G,23,8,0.0,https://images.todoorstep.com/product/158600170/Ar.jpg?t=1744675200
en,145580,Starbucks Cappuccino Mix 5x14g,Supermarket///Retail///Beverages,Starbucks,STARBUCKS CAPPUCCINO MIX(5X14G),,32.5,32.50,G,14,8,0.0,https://images.todoorstep.com/product/158600188/Ar.jpg?t=1748260531
en,145607,ROYAL FORD Royalford 5-Piece Cutting Set – Knives & Accessories,Supermarket///Retail///Household Products,ROYAL FORD,Royalford 5-Piece Cutting Set – Knives & Accessories,,40.0,40.00,PC,1,8,0.0,https://images.todoorstep.com/product/142300471/Ar.jpg?t=1744675200
en,145610,Alsharqia Instant Bbq Al Sharqia Charcoal Hexagonal Sawdust 5Kg,Sports & Hobbies///Sports///Camping,Alsharqia Instant Bbq,High-quality hexagonal sawdust charcoal  long-lasting burn  perfect for grilling and barbecues,,33.5,33.50,KG,5,4,0.0,https://images.todoorstep.com/product/159750111/Ar.jpg?t=1744675200
en,145637,Prestige 9-Piece Value Pack Cookware Set ,Supermarket///Retail///Household Products,Prestige,Prestige 9-Piece Value Pack – durable and versatile cookware set for everyday cooking. Includes all essential pots and pans for preparing a variety of meals with ease.,,250.0,250.00,PC,1,8,0.0,https://images.todoorstep.com/product/165250104/Ar.jpg?t=1744675200
en,145717,Fine Baby Jumbo Box Diapers Size 4 – 96pcs,Supermarket///Retail///Care And Hygiene,Fine Baby,Comfortable and absorbent baby diapers.,,69.95,69.95,PCS,96,4,0.0,https://images.todoorstep.com/product/174801238/Ar.jpg?t=1744675200
en,145783,Eveline White Prestige 4D Whitening Facial Wash Gel 200ml,Health & Beauty///Beauty///Personal Grooming,Eveline,Whitening face wash gel for a brighter skin tone.,,40.57,40.57,ML,200,8,0.0,https://images.todoorstep.com/product/161600146/Ar.jpg?t=1744675200
en,145840,Prestige 9-Piece Value Pack Cookware Set,Supermarket///Retail///Household Products,Prestige,Prestige 9-Piece Value Pack – durable and versatile cookware set ideal for everyday cooking. Perfect for preparing a variety of meals with ease and convenience.,,311.0,311.00,PC,1,8,0.0,https://images.todoorstep.com/product/136950030/Ar.jpg?t=1744675200
en,145841,Amada Milk Chocolate Coated Biscuit with Milk Cream 12x37.5g,Supermarket///Retail///Breakfast & Snacks,Amada,Crunchy biscuit coated with milk chocolate and filled with cream.,,22.5,22.50,G,37.5,8,0.0,https://images.todoorstep.com/product/175900490/Ar.jpg?t=1744675200
en,145865,Eveline White Prestige 4D Whitening & Regenerating Night Cream 50ml,Health & Beauty///Beauty///Personal Grooming,Eveline,Night cream for whitening and skin regeneration.,,87.0,87.00,ML,50,8,0.0,https://images.todoorstep.com/product/161600154/Ar.jpg?t=1744675200
en,145868,"Orinex Coconut Charcoal, made from 100% coconut 500g",Sports & Hobbies///Sports///Camping,Orinex,Orinex Coconut Charcoal  made from 100% coconut 500g is natural coconut charcoal  perfect for grilling and barbecue.,,12.5,12.50,G,500,4,0.0,https://images.todoorstep.com/product/150550163/Ar.jpg?t=1744675200
en,145963,Prestige Classic Wok 20cm with Glass Lid,Supermarket///Retail///Household Products,Prestige,Prestige Classic Wok 20cm with Glass Lid,,90.0,90.00,PC,1,8,0.0,https://images.todoorstep.com/product/135551782/Ar.jpg?t=1744675200
en,145964,Ulker Choco Sandwich Dark Vanilla Bites 12x32g,Supermarket///Retail///Breakfast & Snacks,Ulker,Crunchy chocolate biscuits with dark vanilla cream.,,12.25,12.25,G,32,8,0.0,https://images.todoorstep.com/product/167900220/Ar.jpg?t=1744675200
en,145973,Colgate Kids Toothbrush Batman 2–5 Years,Health & Beauty///Beauty///Personal Grooming,Colgate,Soft toothbrush for kids aged 2–5 with Batman design.,,15.25,15.25,PCS,1,8,0.0,https://images.todoorstep.com/product/170300735/Ar.jpg?t=1744675200
en,145994,Delcasa 3-in-1 Drum Grater,Supermarket///Retail///Household Products,Delcasa,Delcasa 3-in-1 Drum Grater is a versatile drum grater that allows easy shredding  slicing  and grating.,,43.0,43.00,PCS,1,8,0.0,https://images.todoorstep.com/product/162800131/Ar.jpg?t=1744675200
en,146003,Aukey Wall Charger White Type-C,Supermarket///Retail///Care And Hygiene,Aukey,Aukey Wall Charger White Type-C,,50.0,50.00,PC,1,3,0.0,https://images.todoorstep.com/product/161401331/Ar.jpg?t=1744675200
en,146083,Starbucks White Mocha Mix 5x24g,Supermarket///Retail///Beverages,Starbucks,STARBUCKS WHITE MOCHA MIX (5X24G),,32.5,32.50,G,24,8,0.0,https://images.todoorstep.com/product/158600196/Ar.jpg?t=1744675200
en,146099,Ulker Choco Sandwich Bites 12x32g,Supermarket///Retail///Breakfast & Snacks,Ulker,Crunchy biscuits filled with creamy chocolate.,,12.25,12.25,G,32,8,0.0,https://images.todoorstep.com/product/167900174/Ar.jpg?t=1744675200
en,146105,"Philips Blender,2x1 , 1.9L , 450W, White",Home & Gardening///Home///Kitchen Items,Philips,Philips Blender 2x1   1.9L   450W  White,,135.0,135,PCS,1,3,0.0,https://images.todoorstep.com/product/155050070/Ar.jpg?t=1755131051
en,146216,Deli Glitter Glue 12ml × 3 Assorted Colors,Supermarket///Retail///Household Products,Deli,Deli Glitter Glue 12ml × 3 Assorted Colors is glitter glue in three assorted colors  12ml each  perfect for crafts and creative projects.,,5.5,5.50,PCS,1,8,0.0,https://images.todoorstep.com/product/153600171/Ar.jpg?t=1744675200
en,146297,ROYAL FORD Royalford Sauce Pan Durable Non-Stick,Supermarket///Retail///Household Products,ROYAL FORD,Royalford Sauce Pan Durable Non-Stick,,59.0,59.00,PC,1,8,0.0,https://images.todoorstep.com/product/142650148/Ar.jpg?t=1744675200
en,146334,"Tefal Easy Fry Essential Air Fryer, 3.5L, 1430W, Black.",Home & Gardening///Home///Kitchen Items,Tefal,EY130828--Tefal Easy Fry Essential Air Fryer with High-Precision Settings  3.5L  1430W,,185.0,185,PCS,1,3,0.0,https://images.todoorstep.com/product/143150153/Ar.jpg?t=1755129924
en,146339,Fine Baby Jumbo Box Diapers Size 3 – 104pcs,Supermarket///Retail///Care And Hygiene,Fine Baby,Super absorbent diapers for comfort and dryness.,,69.95,69.95,PCS,104,4,0.0,https://images.todoorstep.com/product/174801246/Ar.jpg?t=1744675200
en,146429,"Moulinex Blendeo Blender, 2 Grinder and Chopper, 450W, 1.5L, White",Home & Gardening///Home///Kitchen Items,Moulinex,LM2B3127--Moulinex Blendeo Blender  2 Grinder and Chopper  450W  1.5L  White,,105.0,105,PCS,1,3,0.0,https://images.todoorstep.com/product/142800054/Ar.jpg?t=1755129909
en,146537,Prestige Frypan Set 22cm + 28cm with Cooking Tool,Supermarket///Retail///Household Products,Prestige,Prestige Frypan Set 22cm + 28cm with Cooking Tool,,123.0,123.00,PC,1,8,0.0,https://images.todoorstep.com/product/136950072/Ar.jpg?t=1744675200
en,146577,"Kenwood Food processor, 750W, 2L, 8 attachment, White",Home & Gardening///Home///Kitchen Items,Kenwood,Kenwood Food processor  750W  2L  8 attachment  White,,399.0,399.00,PCS,1,3,0.0,https://images.todoorstep.com/product/171800141/Ar.jpg?t=1755130987
en,146589,Delcasa 30cm Carbon Wok Pan,Supermarket///Retail///Household Products,Delcasa,Delcasa 30cm Carbon Wok Pan is a 30cm carbon wok pan that distributes heat evenly for easy and efficient cooking.,,38.0,38.00,PCS,1,8,0.0,https://images.todoorstep.com/product/142650332/Ar.jpg?t=1744675200
en,146661,Goui iPhone Cable 1.5m,Supermarket///Retail///Care And Hygiene,Goui,Durable iPhone charging cable  1.5m length for easy use.,,58.0,58.00,PCS,1,3,0.0,https://images.todoorstep.com/product/130800145/Ar.jpg?t=1744675200
en,146706,Qamra Long Grill Brush,Sports & Hobbies///Sports///Camping,Qamra,Long-handled brush for cleaning grills easily.,,13.0,13.00,PCS,1,4,0.0,https://images.todoorstep.com/product/134400528/Ar.jpg?t=1744675200
en,146757,Deli Highlighter Chisel Tip 1–5mm,Supermarket///Retail///Household Products,Deli,Deli Highlighter Chisel Tip 1–5mm is a highlighter with a 1–5mm chisel tip for easy and accurate text highlighting.,,10.5,10.50,PCS,1,8,0.0,https://images.todoorstep.com/product/153600322/Ar.jpg?t=1744675200
en,146802,ORGANIC SHOP Organic Shop Coconut Water Softening Body Shower Gel 280ml,Supermarket///Retail///Care And Hygiene,ORGANIC SHOP,Organic Shop Coconut Water Softening Body Shower Gel 280ml is a natural shower gel with coconut water  gently cleansing and moisturizing the skin  leaving it refreshed.,,12.48,12.48,ML,280,8,0.0,https://images.todoorstep.com/product/174501059/Ar.jpg?t=1744675200
en,146819,Starbucks Latte Mix 5x14g,Supermarket///Retail///Beverages,Starbucks,STARBUCKS LATTE MIX (5X14G),,32.5,32.50,G,14,8,0.0,https://images.todoorstep.com/product/158600209/Ar.jpg?t=1748260921
en,146880,Deli Highlighter Chisel Tip 1–5mm,Supermarket///Retail///Household Products,Deli,Deli Highlighter Chisel Tip 1–5mm is a highlighter with a 1–5mm chisel tip for precise and easy text highlighting.,,10.75,10.75,PCS,1,8,0.0,https://images.todoorstep.com/product/153600314/Ar.jpg?t=1744675200
en,146895,Salim Barbecue Lighting Cubes Pack Of 12,Sports & Hobbies///Sports///Camping,,Salim Barbecue Lighting Cubes Pack Of 12,,6.5,6.50,PC,1,4,0.0,https://images.todoorstep.com/product/148050231/Ar.jpg?t=1744675200
en,147075,Kenwood STP40 Steam Iron Ceramic Soleplate 250ml 2000W White/Purple,Home & Gardening///Home///Cleaning Products,Kenwood,Kenwood STP40 Steam Iron Ceramic Soleplate 250ml 2000W White/Purple,,79.0,79,PCS,1,3,0.0,https://images.todoorstep.com/product/107850136/Ar.jpg?t=1755131358
en,147104,Delcasa 9-Piece Non-Stick Cookware Set,Supermarket///Retail///Household Products,Delcasa,Delcasa 9-Piece Non-Stick Cookware Set easy cooking with even heat and quick cleanup.,,165.0,165.00,PCS,9,8,0.0,https://images.todoorstep.com/product/142650324/Ar.jpg?t=1744675200
en,147177,ROYAL FORD Royalford 750ml Water Bottle ,Supermarket///Retail///Household Products,ROYAL FORD,Royalford 750ml Water Bottle – durable  leak-proof  and perfect for staying hydrated on the go. Ideal for work  gym  outdoor activities  or travel.,,15.0,15.00,PC,1,8,0.0,https://images.todoorstep.com/product/142300501/Ar.jpg?t=1744675200
en,147239,Eveline Facemed Purifying Face Wash Gel with Charcoal 150ml,Health & Beauty///Beauty///Personal Grooming,Eveline,Deep cleansing gel with activated charcoal for clear skin.,,36.37,36.37,ML,150,8,0.0,https://images.todoorstep.com/product/161600331/Ar.jpg?t=1744675200
en,147259,Gandour Cream Cookies – Cocoa 12×38g,Supermarket///Retail///Breakfast & Snacks,Gandour,Gandour Cream Cookies Cocoa – delicious  creamy cookies perfect for snacks anytime. Ideal for lunchboxes  tea time  or on-the-go treats.,,9.95,9.95,g,38,8,0.0,https://images.todoorstep.com/product/158250114/Ar.jpg?t=1744675200
en,147364,Alsharqia Instant Bbq Al Sharqia Charcoal Sawdust Easy to Flammable with Wick 2kg,Sports & Hobbies///Sports///Camping,Alsharqia Instant Bbq,Charcoal sawdust with wick  easy to ignite for quick grilling.,,40.0,40.00,KG,2,4,0.0,https://images.todoorstep.com/product/177550606/Ar.jpg?t=1744675200
en,147426,Alsharqia Instant Bbq Alsharqia Charcoal Round L 40Pcs,Sports & Hobbies///Sports///Camping,Alsharqia Instant Bbq,Round-shaped charcoal pieces  large size for long burning  ideal for outdoor cooking and grilling.,,17.0,17.00,PCS,40,4,0.0,https://images.todoorstep.com/product/164600150/Ar.jpg?t=1744675200
en,147441,ROYAL FORD Royalford 9L Aluminum Arabic Pressure Cooker,Supermarket///Retail///Household Products,ROYAL FORD,Royalford 9L Aluminum Arabic Pressure Cooker – durable and efficient  perfect for preparing traditional Arabic meals quickly and safely. Ideal for families and daily cooking.,,145.0,145.00,PC,1,8,0.0,https://images.todoorstep.com/product/157800057/Ar.jpg?t=1744675200
en,147530,Lock&Lock Food Container 1L – Durable Storage Box,Supermarket///Retail///Household Products,,Lock&Lock Food Container 1.0L – durable  airtight  and perfect for storing meals  snacks  or leftovers. Ideal for home  office  or outdoor use.,,23.0,23.00,PC,1,8,0.0,https://images.todoorstep.com/product/133650066/Ar.jpg?t=1744675200
en,147542,Gandour Cream Cookies – Peanut Butter 12×38g,Supermarket///Retail///Breakfast & Snacks,Gandour,Gandour Cream Cookies Peanut Butter – delicious  creamy  and perfect for snacks anytime. Ideal for lunchboxes  tea time  or on-the-go treats.,,9.95,9.95,g,38,8,0.0,https://images.todoorstep.com/product/158250122/Ar.jpg?t=1744675200
en,147552,Delcasa Water Dispenser with Tap,Supermarket///Retail///Household Products,Delcasa,Delcasa Water Dispenser with Tap convenient water dispenser for home or office use.,,29.0,29.00,PCS,1,8,0.0,https://images.todoorstep.com/product/147700343/Ar.jpg?t=1744675200
en,147628,Aukey Cable USB-A to Lightning 0.9M,Supermarket///Retail///Care And Hygiene,Aukey,Aukey Cable USB-A to Lightning 0.9M,,59.0,59.00,PC,1,3,0.0,https://images.todoorstep.com/product/125450048/Ar.jpg?t=1744675200
en,147629,ROYAL FORD Royalford Lunch Box – Portable and Durable,Supermarket///Retail///Household Products,ROYAL FORD,Royalford Lunch Box – compact  durable  and ideal for carrying meals to work  school  or outdoor trips. Keeps food fresh and organized on the go.,,15.0,15.00,PC,1,8,0.0,https://images.todoorstep.com/product/142650172/Ar.jpg?t=1744675200
en,147656,Tefal Bagless Vacuum Cleaner 550W,Home & Gardening///Home///Cleaning Products,Tefal,Tefal Bagless Vacuum Cleaner 550W provides easy and effective cleaning on all surfaces.,,295.0,295,PCS,1,8,0.0,https://images.todoorstep.com/product/139550605/Ar.jpg?t=1755131040
en,147895,ORGANIC SHOP Organic Shop Papaya Body Scrub 250ml,Supermarket///Retail///Care And Hygiene,ORGANIC SHOP,Organic Shop Papaya Body Scrub 250ml exfoliates and softens the skin with papaya extracts.,,14.48,14.48,ML,250,8,0.0,https://images.todoorstep.com/product/174500945/Ar.jpg?t=1744675200
en,147978,ROYAL FORD Royalford 6-Piece Stainless Steel Table Spoons,Supermarket///Retail///Household Products,ROYAL FORD,Royalford 6-piece stainless steel table spoons – durable  stylish  and perfect for everyday dining. Ideal for serving meals  soups  or desserts with ease and elegance.,,15.0,15.00,PC,1,8,0.0,https://images.todoorstep.com/product/142650050/Ar.jpg?t=1744675200
en,148044,"New Travel H842 Suitcase – 24"" Assorted Colors",Supermarket///Retail///Household Products,New Travel,"New Travel H842 Suitcase – 24"" Assorted Colors",,99.95,99.95,PC,1,8,0.0,https://images.todoorstep.com/product/122850249/Ar.jpg?t=1744675200
en,148176,Eveline White Prestige 4D Whitening Day Cream 50ml,Health & Beauty///Beauty///Personal Grooming,Eveline,Day cream that brightens skin tone and reduces dark spots.,,87.0,87.00,ML,50,8,0.0,https://images.todoorstep.com/product/161600171/Ar.jpg?t=1744675200
en,148224,Eveline Facemed+ Hyaluronic Face Wash Gel 150ml,Health & Beauty///Beauty///Personal Grooming,Eveline,Cleansing gel enriched with hyaluronic acid for smooth hydration.,,39.0,39.00,ML,150,8,0.0,https://images.todoorstep.com/product/161600197/Ar.jpg?t=1744675200
en,148238,Heineken Beer Cans 6×250ml,Supermarket///Retail///Beverages,Heineken,Heineken Beer Cans 6×250ml is a pack of 6 Heineken beer cans  each 250ml  offering a refreshing drink suitable for social occasions.,,50.0,50.00,ML,250,6,0.0,https://images.todoorstep.com/product/171700221/Ar.jpg?t=1744675200
en,148399,Bister Round Tray 34cm,Supermarket///Retail///Household Products,Bister,Bister Round Tray 34cm,,71.5,71.50,PC,1,8,0.0,https://images.todoorstep.com/product/118700096/Ar.jpg?t=1744675200
en,148434,Bright Home 3-Layer Steamer Pot,Supermarket///Retail///Household Products,,Bright Home 3-Layer Steamer Pot,,97.0,97.00,PC,1,8,0.0,https://images.todoorstep.com/product/118650130/Ar.jpg?t=1744675200
en,148500,ROYAL FORD Royalford 2-Piece Thermos Set – Tea & Coffee White,Supermarket///Retail///Household Products,ROYAL FORD,Royalford 2-piece thermos set in White  perfect for keeping tea and coffee hot or cold for hours. Ideal for home  office  or outdoor use.,,101.0,101.00,PC,2,8,0.0,https://images.todoorstep.com/product/142650261/Ar.jpg?t=1744675200
en,148554,Prestige Classic Saucepan 20cm 2.8L,Supermarket///Retail///Household Products,Prestige,High-quality Prestige classic 20cm saucepan with 2.8L capacity  perfect for cooking sauces  soups  and stews. Durable  easy to clean  and ideal for everyday use.,,140.0,140.00,PC,1,8,0.0,https://images.todoorstep.com/product/135551660/Ar.jpg?t=1744675200
en,148601,ROYAL FORD Royalford 2-Piece Thermos Set – Tea & Coffee Brown,Supermarket///Retail///Household Products,ROYAL FORD,Royalford 2-piece thermos set in brown  perfect for keeping tea and coffee hot or cold for hours. Ideal for home  office  or outdoor use.,,101.0,101.00,PC,2,8,0.0,https://images.todoorstep.com/product/142650252/Ar.jpg?t=1744675200
en,148638,Qamra BBQ Box with Wooden Handle,Sports & Hobbies///Sports///Camping,Qamra,Portable BBQ box with sturdy wooden handle.,,25.0,25.00,PCS,1,4,0.0,https://images.todoorstep.com/product/134400544/Ar.jpg?t=1744675200
en,148713,Qamra Deluxe Folding Chair,Sports & Hobbies///Sports///Camping,Qamra,Comfortable folding chair for camping and picnics.,,200.0,200.00,PCS,1,4,0.0,https://images.todoorstep.com/product/149400248/Ar.jpg?t=1744675200
en,148729,Deli Stapler 25 Sheets 6 Black,Supermarket///Retail///Household Products,Deli,Deli Stapler 25 Sheets 6 Black is a versatile office stapler from Deli  capable of stapling up to 25 sheets  featuring an elegant black design with 6 color options for everyday office use.,,15.0,15.00,PCS,1,8,0.0,https://images.todoorstep.com/product/153600242/Ar.jpg?t=1744675200
en,148904,Bister Fry Pan 30cm,Supermarket///Retail///Household Products,Bister,Durable Bister 30cm fry pan  perfect for everyday cooking. Non-stick surface ensures easy cooking and cleaning  ideal for frying  sautéing  and more.,,55.0,55.00,PC,1,8,0.0,https://images.todoorstep.com/product/118700061/Ar.jpg?t=1744675200
en,148926,Eveline Bio Hyaluron 3xRetinol Ultra-Moisturizing Cream 50ml,Health & Beauty///Beauty///Personal Grooming,Eveline,Anti-aging cream with hyaluronic acid and retinol for smoother skin.,,39.17,39.17,ML,50,8,0.0,https://images.todoorstep.com/product/161600091/Ar.jpg?t=1744675200
en,149042,"Philips 3000 Series Blender, 450 W, 1.9L, White",Home & Gardening///Home///Kitchen Items,Philips,HR2041/10--Philips 3000 Series Blender  450W  ProBlend System  1.9L Maximum Capacity  White,,95.0,95,PCS,1,3,0.0,https://images.todoorstep.com/product/108500189/Ar.jpg?t=1755130570
en,149150,PRINCE Princess Citrus Juicer 1L – Black,Home & Gardening///Home///Kitchen Items,PRINCE,Electric citrus juicer with 1L capacity  easy to use and clean.,,39.0,39,PCS,1,2,0.0,https://images.todoorstep.com/product/155001462/Ar.jpg?t=1755130021
en,149159,"Kenwood Steam Iron, 1100W, 0.13L , White/Blue",Home & Gardening///Home///Cleaning Products,Kenwood,STP01.000WB--Kenwood Steam Iron  1100W  0.13L Water Tank Capacity  Ceramic Plate  15g/min Steam Ratio  Auto-Temp Technol,,49.0,49,PCS,1,3,0.0,https://images.todoorstep.com/product/107850128/Ar.jpg?t=1755130045
en,149249,Durra Instant Noodles Vegetables Flavor 5x75g,Supermarket///Retail///Packaged Products,Durra,Instant noodles with rich vegetable flavor.,,3.32,3.32,G,75,8,0.0,https://images.todoorstep.com/product/175450599/Ar.jpg?t=1744675200
en,149323,Deli Mounting Tape 1mm × 25.4mm × 5m,Supermarket///Retail///Household Products,Deli,Deli Mounting Tape 1mm × 25.4mm × 5m is a versatile mounting tape from Deli  measuring 1mm × 25.4mm and 5 meters long  suitable for fixing items  crafts  and DIY activities.,,12.0,12.00,PCS,1,8,0.0,https://images.todoorstep.com/product/153600189/Ar.jpg?t=1744675200
en,149464,Tefal Express Steam Iron 2600W PurpleGrey,Home & Gardening///Home///Cleaning Products,Tefal,Tefal Express Steam Iron 2600W PurpleGrey is a high-power steam iron with 2600W  offering fast and effective ironing  featuring an innovative steam design in grey and purple to protect clothes and remove wrinkles easily.,,159.0,159,PCS,1,8,0.0,https://images.todoorstep.com/product/155050521/Ar.jpg?t=1755130707
en,149482,Nongshim Shin Ramyun Gourmet Spicy Noodles with Cheese 5x136g,Supermarket///Retail///Packaged Products,Nongshim,Spicy Korean noodles combined with rich cheese flavor.,,22.95,22.95,G,136,8,0.0,https://images.todoorstep.com/product/171700175/Ar.jpg?t=1744675200
en,149521,Shifa Aloe Vera Exfoliating & Whitening Face Wash 150ml,Health & Beauty///Beauty///Personal Grooming,Shifa,Exfoliating face wash with aloe vera for bright clear skin.,,22.5,22.50,ML,150,8,0.0,https://images.todoorstep.com/product/175050704/Ar.jpg?t=1744675200
en,149660,Shifa Rose Exfoliating & Whitening Face Wash 150ml,Health & Beauty///Beauty///Personal Grooming,Shifa,Exfoliating face wash with rose extract for bright skin.,,22.5,22.50,ML,150,8,0.0,https://images.todoorstep.com/product/175050683/Ar.jpg?t=1744675200
en,149735,ROYAL FORD Royalford 1.6L Golden Thermos ,Supermarket///Retail///Household Products,ROYAL FORD,Royalford 1.6L Golden Thermos ,,80.0,80.00,PC,1,8,0.0,https://images.todoorstep.com/product/142650287/Ar.jpg?t=1751462638
en,149747,ROYAL FORD Royalford Bamboo Cutting Board,Supermarket///Retail///Household Products,ROYAL FORD,Durable Royalford bamboo cutting board  perfect for chopping vegetables  fruits  and meats. Eco-friendly  sturdy  and easy to clean for everyday kitchen use.,,20.0,20.00,PC,1,8,0.0,https://images.todoorstep.com/product/142300480/Ar.jpg?t=1744675200
en,149797,Mashems Collectibles 51731,Supermarket///Retail///Household Products,,Mashems Collectibles 51731,,20.0,20.00,PC,1,8,0.0,https://images.todoorstep.com/product/143650191/Ar.jpg?t=1744675200
en,149832,Gandour Cream Biscuit Halawa 12x38g,Supermarket///Retail///Breakfast & Snacks,Gandour,Delicious Gandour cream biscuits with halawa flavor  packed in a convenient 12x38g pack. Perfect for snacks  tea time  or sharing with family and friends.,,9.95,9.95,g,38,8,0.0,https://images.todoorstep.com/product/158250131/Ar.jpg?t=1744675200
en,149863,Bister Dessert Spoon – Piece,Supermarket///Retail///Household Products,Bister,Dessert Spoon – Piece,,17.0,17.00,PC,1,8,0.0,https://images.todoorstep.com/product/118700176/Ar.jpg?t=1744675200
en,149894,PRINCE Princess Kettle 236016 Stainless Steel 1.7L 2150W,Home & Gardening///Home///Kitchen Items,PRINCE,Princess Kettle 236016 Stainless Steel 1.7L 2150W,,45.0,45,PCS,1,3,0.0,https://images.todoorstep.com/product/155101105/Ar.jpg?t=1755131314
en,149897,Shifa Lemon Facial Cleanser 225ml,Health & Beauty///Beauty///Personal Grooming,Shifa,Facial cleanser enriched with lemon extract for freshness.,,9.25,9.25,ML,225,8,0.0,https://images.todoorstep.com/product/175050641/Ar.jpg?t=1744675200
en,149925,Class Color Pencil Round Tube,Supermarket///Retail///Household Products,Class,Keep your colors organized with the Class Color Pencil Round Tube. This sturdy tube contain vibrant colored pencils  perfect for artists and students on the go.  ,,29.0,29.00,PC,1,8,0.0,https://images.todoorstep.com/product/135600126/Ar.jpg?t=1744675200
en,149957,Deli Colored Pencils 18 Colors,Supermarket///Retail///Household Products,Deli,Deli Colored Pencils 18 Colors is a set of 18 assorted colored pencils from Deli  perfect for drawing and coloring for children and artists.,,10.0,10.00,PCS,1,8,0.0,https://images.todoorstep.com/product/153600103/Ar.jpg?t=1744675200
en,150020,"Kenwood Chopper, 400W, 0.5L + Additional Bowl, 2 Speeds, White",Home & Gardening///Home///Kitchen Items,Kenwood,Kenwood Chopper  400W  0.5L + Additional Bowl  2 Speeds  Stainless Steel Quad Blades  Ice Crush Function ,,129.0,129,PCS,1,3,0.0,https://images.todoorstep.com/product/155051275/Ar.jpg?t=1755130590
en,150158,Lock&Lock Water Bottle 1.2L,Supermarket///Retail///Household Products,,Lock&Lock Water Bottle 1.2L,,8.0,8.00,L,1.2,8,0.0,https://images.todoorstep.com/product/133650031/Ar.jpg?t=1755683351
en,150164,3-Wheel Kids Scooter,Supermarket///Retail///Household Products,,3-Wheel Kids Scooter,,104.0,104.00,PC,1,8,0.0,https://images.todoorstep.com/product/174950372/Ar.jpg?t=1744675200
en,150297,"SIIP Siip Roasted Corn Snack, 20 Packs x 5g, Crispy & Flavorful",Supermarket///Retail///Breakfast & Snacks,SIIP,Roasted corn flavor: makes them a popular snack. Crunchy texture: adds a fun snacking experience. Convenient package: 20 small pieces make them perfect for on-the-go or sharing.,,10.0,10.00,G,5,8,0.0,https://images.todoorstep.com/product/173550465/Ar.jpg?t=1744675200
en,150356,Qamra BBQ Tool Set with Bag  4 Pieces,Sports & Hobbies///Sports///Camping,Qamra,Handy BBQ tool set with carry bag for grilling anywhere.,,45.0,45.00,PCS,1,4,0.0,https://images.todoorstep.com/product/134500300/Ar.jpg?t=1744675200
en,150367,Beesline Whitening Men Roll On Deo Zero Alu Fragrance Free 1+1 Free 2 × 50ml,Health & Beauty///Beauty///Personal Grooming,Beesline,Whitening roll-on deodorant for men  zero aluminum  fragrance free  twin pack.,,60.5,60.50,ML,50,8,0.0,https://images.todoorstep.com/product/177050505/Ar.jpg?t=1744675200
en,150380,ROYAL FORD Royalford 6-Piece Stainless Steel Table Knife Set,Supermarket///Retail///Household Products,ROYAL FORD,Durable Royalford 6-piece stainless steel table knife set  perfect for everyday dining. Sleek design and sharp blades ensure smooth and safe cutting.,,19.0,19.00,PC,1,8,0.0,https://images.todoorstep.com/product/142650076/Ar.jpg?t=1744675200
en,150455,Bister Dinner Spoon – Pieces,Supermarket///Retail///Household Products,Bister,Durable Bister dinner spoon  perfect for everyday dining and table settings. Comfortable to use and easy to clean.,,19.0,19.00,PC,1,8,0.0,https://images.todoorstep.com/product/118700168/Ar.jpg?t=1744675200
en,150470,Apple Type C Charging Cable,Supermarket///Retail///Care And Hygiene,Apple,Type C Charging Cable,,79.0,79,PCS,1,3,0.0,https://images.todoorstep.com/product/161401219/Ar.jpg?t=1744675200
en,150556,Qamra Fire Lighter Liquid 1L ,Sports & Hobbies///Sports///Camping,Qamra,High-quality fire lighter liquid for easy ignition.,,22.0,22.00,PCS,1,4,0.0,https://images.todoorstep.com/product/159650275/Ar.jpg?t=1744675200
en,150605,ROYAL FORD Royalford Plastic Water Jug with 4 Plastic Cups,Supermarket///Retail///Household Products,ROYAL FORD,Durable Royalford Plastic water jug with 4 matching plastic cups  perfect for serving drinks at home  picnics  or outdoor gatherings. Lightweight and easy to clean.,,22.5,22.50,PC,1,8,0.0,https://images.todoorstep.com/product/142300447/Ar.jpg?t=1744675200
en,150640,Deli Magnetic Button 20mm Assorted,Supermarket///Retail///Household Products,Deli,Deli Magnetic Button 20mm Assorted is a set of 20mm magnetic buttons in assorted colors  perfect for decoration and craft activities.,,6.0,6.00,PCS,1,8,0.0,https://images.todoorstep.com/product/153600306/Ar.jpg?t=1744675200
en,150648,"Philips Easyspeed Steam Iron, 2000W, Red",Home & Gardening///Home///Cleaning Products,Philips,Philips Easyspeed Steam Iron  2000W  Red,,95.0,95,PCS,1,3,0.0,https://images.todoorstep.com/product/155051742/Ar.jpg?t=1755131454
en,150689,Nongshim Instant Noodles Chapagetti 5x140g,Supermarket///Retail///Packaged Products,Nongshim,Korean instant black bean sauce noodles.,,16.98,16.98,G,140,8,0.0,https://images.todoorstep.com/product/171700204/Ar.jpg?t=1744675200
en,150710,Balsameer Fennel Instant Tea Drink No Added Sugar 200g,Supermarket///Retail///Breakfast & Snacks,Balsameer,Balsameer Fennel Instant Tea Drink No Added Sugar 200g is an instant fennel tea from Balsameer  with no added sugar  providing a soothing and natural beverage for health and relaxation.,,40.25,40.25,G,200,8,0.0,https://images.todoorstep.com/product/168950122/Ar.jpg?t=1752759956
en,150723,Balsameer Chamomile Instant Tea Drink No Added Sugar 200g,Supermarket///Retail///Breakfast & Snacks,Balsameer,Balsameer Chamomile Instant Tea Drink No Added Sugar 200g is an instant chamomile tea from Balsameer with no added sugar  offering a soothing and natural beverage for relaxation and well-being.,,40.25,40.25,G,200,8,0.0,https://images.todoorstep.com/product/168950106/Ar.jpg?t=1752759954
en,150815,"SENCOR Sencor Hand Blender, 500W, 2 Speeds+Turbo, White",Home & Gardening///Home///Kitchen Items,SENCOR,Sencor Hand Blender  500W  2 Speeds+Turbo  White,,89.0,89,PCS,1,3,0.0,https://images.todoorstep.com/product/155052331/Ar.jpg?t=1755129423
en,150838,Delcasa Granite Cookware Set 8 Piece,Supermarket///Retail///Household Products,Delcasa,Delcasa Granite Cookware Set 8 Piece offers durable  non-stick pots and pans with a stylish granite finish. Perfect for versatile cooking and easy cleaning  this set includes essential cookware for every kitchen.,,220.0,220.00,PCS,8,8,0.0,https://images.todoorstep.com/product/142650341/Ar.jpg?t=1744675200
en,150861,Aukey Car Phone Mount Black,Supermarket///Retail///Care And Hygiene,Aukey,Aukey Car Phone Mount Black,,59.0,59.00,PC,1,3,0.0,https://images.todoorstep.com/product/164250196/Ar.jpg?t=1744675200
en,150886,"Kenwood Hand Blender Plastic, 600W, white",Home & Gardening///Home///Kitchen Items,Kenwood,Kenwood Hand Blender Plastic  600W  white,,95.0,95,PC,1,3,0.0,https://images.todoorstep.com/product/171800109/Ar.jpg?t=1755130836
en,150910,ROYAL FORD Royalford Thermos 1000ml,Supermarket///Retail///Household Products,ROYAL FORD,Premium Royalford thermos with 1000ml capacity  designed to keep drinks hot or cold for hours. Ideal for home  office  travel  or outdoor activities.,,46.05,46.05,ml,1000,8,0.0,https://images.todoorstep.com/product/147700301/Ar.jpg?t=1744675200
en,150911,Qamra Flat Stainless Steel Skewers  6 Pieces,Sports & Hobbies///Sports///Camping,Qamra,Flat stainless steel skewers for even grilling.,,17.0,17.00,PCS,1,4,0.0,https://images.todoorstep.com/product/134500131/Ar.jpg?t=1744675200
en,151056,Nongshim Shin Ramyun Kimchi 5x120g,Supermarket///Retail///Packaged Products,Nongshim,Korean instant noodles with spicy kimchi flavor.,,22.95,22.95,G,120,8,0.0,https://images.todoorstep.com/product/171700191/Ar.jpg?t=1744675200
en,151137,"SENCOR Sencor, Blender , 1.5L Single Jar, 500W, White",Home & Gardening///Home///Kitchen Items,SENCOR,Sencor 1.5L Single Jar 500W Blender,,79.0,79,PCS,1,3,0.0,https://images.todoorstep.com/product/143450105/Ar.jpg?t=1755130126
en,151152,Prestige Frypan Set 3-PCs,Supermarket///Retail///Household Products,Prestige,High-quality Prestige triple pack frypan set  perfect for everyday cooking needs. Non-stick surface for easy cleaning and even heat distribution for better cooking results.,,150.0,150.00,PC,1,8,0.0,https://images.todoorstep.com/product/165250112/Ar.jpg?t=1744675200
en,151174,ROYAL FORD Royalford Cutting Board,Supermarket///Retail///Household Products,ROYAL FORD,Durable Royalford cutting board designed for everyday kitchen use  perfect for chopping vegetables  fruits  and meats. Easy to clean and built to last.,,15.0,15.00,PC,1,8,0.0,https://images.todoorstep.com/product/142300463/Ar.jpg?t=1744675200
en,151190,Tefal Kettle Touch 17L 1800W Black,Home & Gardening///Home///Kitchen Items,Tefal,Tefal Kettle Touch 1.7L 1800W Black is a high-performance electric kettle with 1.7-liter capacity and 1800W power  quickly and safely boils water.,,169.0,169,PCS,1,8,0.0,https://images.todoorstep.com/product/139250063/Ar.jpg?t=1755131057
en,151265,Deli Colored Pencils 24 Colors Assorted,Supermarket///Retail///Household Products,Deli,Deli Colored Pencils 24 Colors Assorted is a set of 24 assorted colored pencils  perfect for drawing and coloring for children and artists.,,15.0,15.00,PCS,1,8,0.0,https://images.todoorstep.com/product/153600111/Ar.jpg?t=1744675200
en,151542,Kelloggs Kellogg’s Instant Noodles Hot & Spicy Flavor 5 × 75g,Supermarket///Retail///Packaged Products,Kelloggs,Hot & spicy instant noodles  quick to prepare with rich taste.,,7.75,7.75,G,75,8,0.0,https://images.todoorstep.com/product/184550831/Ar.jpg?t=1744675201
en,151624,Rafa Water 40 × 330ml,Supermarket///Retail///Beverages,Rafa,Pure bottled water in 330ml size  convenient for on-the-go refreshment.,,13.95,13.95,G,330,5,0.0,https://images.todoorstep.com/product/180800434/Ar.jpg?t=1744675200
en,151625,Rafa Water 40 × 250ml,Supermarket///Retail///Beverages,Rafa,Pure bottled water in 250ml size  ideal for everyday hydration.,,13.95,13.95,G,250,5,0.0,https://images.todoorstep.com/product/180800426/Ar.jpg?t=1744675200
en,151720,"SENCOR Sencor Air Fryer, Manual, 4.5L, 1350W, Black",Home & Gardening///Home///Kitchen Items,SENCOR,Sencor Air Fryer  Manual  4.5L  1350W  Black,,179.0,179,PC,1,3,0.0,https://images.todoorstep.com/product/171800168/Ar.jpg?t=1755130830
en,151721,Prime Chopper 400W 06L White,Home & Gardening///Home///Kitchen Items,Prime,Prime Chopper 400W 0.6L in white  for quick chopping and mincing of food.,,59.0,59,PCS,1,3,0.0,https://images.todoorstep.com/product/177300447/Ar.jpg?t=1755130926
en,151722,Prime Blender 4 speeds  pulse with 1 Mill power 400W 15 L White,Home & Gardening///Home///Kitchen Items,Prime,Prime Blender 4-speed 400W 1.5L with pulse function and 1 mill in white  for easy blending of ingredients.,,45.0,45,PCS,1,3,0.0,https://images.todoorstep.com/product/177300480/Ar.jpg?t=1755129734
en,151723,Prime Blender 2 speeds 550W 15 L black and stainless steel,Home & Gardening///Home///Kitchen Items,Prime,Prime Blender 2-speed 550W 1.5L in black and stainless steel  for smoothies and juice preparation.,,75.0,75,PCS,1,3,0.0,https://images.todoorstep.com/product/177300498/Ar.jpg?t=1755130617
en,151724,Prime 46L Electric Oven 2000W,Home & Gardening///Home///Kitchen Items,Prime,Prime 46L Electric Oven 2000W  suitable for baking and cooking a variety of foods.,,165.0,165,PCS,1,3,0.0,https://images.todoorstep.com/product/177300519/Ar.jpg?t=1755129030
en,151725,Prime Stainless Steel Kettle,Home & Gardening///Home///Kitchen Items,Prime,Prime Stainless Steel Kettle  for fast and reliable water boiling.,,45.0,45,PCS,1,3,0.0,https://images.todoorstep.com/product/177300527/Ar.jpg?t=1755131149
en,151726,Prime Barrel Vacuum Cleaner 21L,Home & Gardening///Home///Cleaning Products,Prime,Prime Barrel Vacuum Cleaner 21L  designed for efficient home cleaning.,,359.0,359.00,PCS,1,3,0.0,https://images.todoorstep.com/product/177300535/Ar.jpg?t=1755130246
en,151727,Prime Microwave Manual 20L 1100W 6 Power Levels White,Home & Gardening///Home///Kitchen Items,Prime,Prime Manual Microwave 20L 1100W with 6 power levels in white  ideal for varied cooking and reheating.,,189.0,189,PCS,1,3,0.0,https://images.todoorstep.com/product/177300543/Ar.jpg?t=1755130510
en,151728,Prime Glass Kettle 1.7L White,Home & Gardening///Home///Kitchen Items,Prime,Prime Glass Kettle 1.7L in white  for quick and safe boiling of water.,,99.0,99.00,PCS,1,3,0.0,https://images.todoorstep.com/product/177300551/Ar.jpg?t=1755130296
en,151730,Prime Digital Microwave 20L,Home & Gardening///Home///Kitchen Items,Prime,Prime Digital Microwave 20L  for fast and convenient heating and cooking of food.,,175.0,175,PCS,1,3,0.0,https://images.todoorstep.com/product/177300586/Ar.jpg?t=1755128345
en,151731,Prime Electric Dry Iron White,Home & Gardening///Home///Cleaning Products,Prime,Prime Electric Dry Iron in white  for effective and smooth ironing of clothes.,,69.0,69,PCS,1,3,0.0,https://images.todoorstep.com/product/177300594/Ar.jpg?t=1755129897
en,151732,Prime 1.8L Rice Cooker White,Home & Gardening///Home///Kitchen Items,Prime,Prime 1.8L Rice Cooker in white  designed for easy and quick rice cooking.,,55.0,55,PCS,1,3,0.0,https://images.todoorstep.com/product/177300607/Ar.jpg?t=1755129727
en,151734,Prime Blender 2 speeds  pulse with 2 Mills power 400W 15 L White,Home & Gardening///Home///Kitchen Items,Prime,Prime Blender with 2 speeds and pulse function  includes 2 mills  400W power  1.5L capacity  white  suitable for making smoothies  shakes  and various blends.,,69.0,69,PCS,1,3,0.0,https://images.todoorstep.com/product/177300623/Ar.jpg?t=1755129013
en,151735,Prime Juice Extractor 400 W With 2 Speed 500Ml Stainless Steel,Home & Gardening///Home///Kitchen Items,Prime,Prime Juice Extractor 400W with 2 speeds  500ml capacity  stainless steel body  for easy extraction of fresh juices.,,95.0,95,PCS,1,3,0.0,https://images.todoorstep.com/product/182400400/Ar.jpg?t=1755129537
en,151736,Prime Vertical steamer with ironing board Water tank 280Liter 2000W,Home & Gardening///Home///Cleaning Products,Prime,Prime Vertical Steamer with ironing board  280ml water tank  2000W  designed for efficient steaming and ironing.,,129.0,129,PCS,1,3,0.0,https://images.todoorstep.com/product/182400418/Ar.jpg?t=1755128727
en,151738,Prime Chopper 500W 12L Glass Bowl 2 Speed Control White,Home & Gardening///Home///Kitchen Items,Prime,Prime Food Chopper 500W with 1.2L glass bowl and 2-speed control in white  perfect for quick chopping and grinding of ingredients.,,69.0,69,PCS,1,3,0.0,https://images.todoorstep.com/product/182400442/Ar.jpg?t=1755128374
en,151739,Prime Barel Vaccum Cleaner 25L Capacity 2000W,Home & Gardening///Home///Cleaning Products,Prime,Prime Barrel Vacuum Cleaner with 25L capacity and 2000W power  ideal for efficiently cleaning large areas.,,195.0,195,PCS,1,3,0.0,https://images.todoorstep.com/product/182400451/Ar.jpg?t=1755129704
en,151741,Prime Double Hot Plate Power 2250 W 2 die cast heating elements stainless steel,Home & Gardening///Home///Kitchen Items,Prime,Prime Double Hot Plate with 2250W power  two die-cast heating elements  and stainless steel body  ideal for fast and efficient cooking.,,95.0,95,PCS,1,3,0.0,https://images.todoorstep.com/product/182400477/Ar.jpg?t=1755131323
en,151743,Prime Sandwhich maker 1000W ,Home & Gardening///Home///Kitchen Items,Prime,Prime Sandwich Maker with 1000W power  designed to quickly prepare hot sandwiches.,,79.0,79,PCS,1,3,0.0,https://images.todoorstep.com/product/182400522/Ar.jpg?t=1755131035
en,151746,Prime Citrus Juicer 25W 500ml motor reverse option 1 cone White Yellow,Home & Gardening///Home///Kitchen Items,Prime,Prime Citrus Juicer with 25W power and 500ml capacity  featuring a reverse motor option and single cone in white and yellow  ideal for fresh juice extraction.,,45.0,45,PCS,1,3,0.0,https://images.todoorstep.com/product/182400493/Ar.jpg?t=1755128426
en,151747,Prime Compact Food Processor 21L800W White,Home & Gardening///Home///Kitchen Items,Prime,Prime Compact Food Processor 2.1L  800W in white  for chopping  mixing  and blending ingredients efficiently.,,119.0,119,PCS,1,3,0.0,https://images.todoorstep.com/product/182400506/Ar.jpg?t=1755131104
en,151748,Prime Hand Stick vacuum Cleaner 2 in 1 08L 600W White Grey,Home & Gardening///Home///Cleaning Products,Prime,Prime Hand Stick Vacuum Cleaner 2-in-1 with 0.8L capacity and 600W power in white and grey  suitable for cleaning floors and surfaces effectively.,,95.0,95,PCS,1,3,0.0,https://images.todoorstep.com/product/182400557/Ar.jpg?t=1755129437
en,151749,Prime Multifunction Hand Blender 3 in 1 functions 400W 500ml WhiteGrey,Home & Gardening///Home///Kitchen Items,Prime,Prime Multifunction Hand Blender 3-in-1 with 400W power and 500ml capacity in white and grey  perfect for making smoothies  sauces  and soups.,,45.0,45,PCS,1,3,0.0,https://images.todoorstep.com/product/182400426/Ar.jpg?t=1755129310
en,151750,Prime Single Hot Plate Power 1500 W die cast heating element stainless steel,Home & Gardening///Home///Kitchen Items,Prime,Prime Single Hot Plate with 1500W power  die-cast heating element  and stainless steel body  ideal for fast and even heating.,,59.0,59,PCS,1,3,0.0,https://images.todoorstep.com/product/182400565/Ar.jpg?t=1755128348
en,151751,Prime Coffee grinder Capacity 60 Grams 200W Brown,Home & Gardening///Home///Kitchen Items,Prime,Prime Coffee Grinder with 60g capacity and 200W power in brown  designed for quick and efficient coffee grinding.,,49.0,49,PCS,1,3,0.0,https://images.todoorstep.com/product/182400549/Ar.jpg?t=1755129341
en,151752,Philips Airfryer 3.2L Black,Home & Gardening///Home///Kitchen Items,Philips,Philips Airfryer  3.2L capacity  black color; provides healthy frying with hot air technology for tasty meals without oil.,,175.0,175,PC,1,3,0.0,https://images.todoorstep.com/product/184951310/Ar.jpg?t=1755683485
en,151753,Philips Airfryer 6.2L Black,Home & Gardening///Home///Kitchen Items,Philips,Philips Airfryer  6.2L capacity  black; large size with digital controls for fast  healthy cooking with even heat distribution.,,289.0,289,PCS,1,3,0.0,https://images.todoorstep.com/product/184951230/Ar.jpg?t=1755683487
en,151758,"Sanita Gipsy Wet Wipes, 40 pcs, Gentle & Refreshing",Supermarket///Retail///Care And Hygiene,Sanita,Sanita Gipsy Wet Wipes offer a gentle and effective way to clean your hands and skin anytime  anywhere. Made with soft  hypoallergenic material  these wipes are perfect for everyday use. Ideal for on-the-go freshness  they provide a refreshing and soothing feel without irritation. Conveniently packed with 40 wipes  they are perfect for families  travel  and outdoor activities.,,6.0,6.00,PCS,1,8,0.0,https://images.todoorstep.com/product/184350750/Ar.jpg?t=1755683495
en,151760,"Pampers Rash Protection Taped Diapers, Size 1, 2<br/>5 kg, Mega Pack, 86 Count ",Supermarket///Retail///Care And Hygiene,Pampers,<br/> Pampers Rash Protection Taped Diapers  Size 1  2<br/>5 kg  Mega Pack  86 Count  WITH +50% ALOE VERA LOTION TO PROTECT AGAINST RASHES: New & improved Pampers Baby Dry Upgraded to Rash Protection Taped Diapers with +50% Aloe Vera Lotion form a moisture barrier  keeping baby’s skin soothed and shielded against diaper rash. <br/> 3X FORTIFIED LAYERS FOR LEAKAGE PROTECTION: Designed with 3x fortified layers  New and improved Pampers Rash Protection Taped Diapers provide advanced leakage protection by locking in moisture  ensuring your baby stays comfortable and dry. <br/> COMFORTABLY SECURE TAPED FIT: New and improved Pampers  now upgraded from Pampers Baby Dry to Rash Protection Taped Diapers snug around your baby’s waist  ensuring maximum protection for your baby’s little movements and preventing any leakage. <br/> ENHANCED PROTECTION WITH LONGER CORE AND DOUBLE LEAK GUARDS: With a longer core and double leak guards  these taped diapers absorb maximum leakage for long<br/>lasting dryness and protection for your bundle of joy. <br/> NEW BACK SHEET DESIGNS: The diaper’s back sheet with new designs not only inspires joy but also acts as an additional layer to help keep wetness away. <br/> ENGINEERED WITH NEW AND IMPROVED DIAPER TECHNOLOGY: With enhanced materials and designs  Pampers Rash Protection Taped Diapers feature new and improved technology to help provide the perfect fit and the best protection against leakage and rash.,,80.0,80.00,Pc,86,8,0.0,https://images.todoorstep.com/product/184801160/Ar.jpg?t=1752062996
en,151763,"Pampers Rash Protection Taped Diapers, Size 2, 3<br/>8 kg, Mega Pack, 84 Count  ",Supermarket///Retail///Care And Hygiene,Pampers,<br/> Pampers Rash Protection Taped Diapers  Size 2  3<br/>8 kg  Mega Pack  84 Count   WITH +50% ALOE VERA LOTION TO PROTECT AGAINST RASHES: New & improved Pampers Baby Dry Upgraded to Rash Protection Taped Diapers with +50% Aloe Vera Lotion form a moisture barrier  keeping baby’s skin soothed and shielded against diaper rash. <br/> 3X FORTIFIED LAYERS FOR LEAKAGE PROTECTION: Designed with 3x fortified layers  New and improved Pampers Rash Protection Taped Diapers provide advanced leakage protection by locking in moisture  ensuring your baby stays comfortable and dry. <br/> COMFORTABLY SECURE TAPED FIT: New and improved Pampers  now upgraded from Pampers Baby Dry to Rash Protection Taped Diapers snug around your baby’s waist  ensuring maximum protection for your baby’s little movements and preventing any leakage. <br/> ENHANCED PROTECTION WITH LONGER CORE AND DOUBLE LEAK GUARDS: With a longer core and double leak guards  these taped diapers absorb maximum leakage for long<br/>lasting dryness and protection for your bundle of joy.. <br/> NEW BACK SHEET DESIGNS: The diaper’s back sheet with new designs not only inspires joy but also acts as an additional layer to help keep wetness away. <br/> ENGINEERED WITH NEW AND IMPROVED DIAPER TECHNOLOGY: With enhanced materials and designs  Pampers Rash Protection Taped Diapers feature new and improved technology to help provide the perfect fit and the best protection against leakage and rash.,,80.0,80.00,Pc,84,8,0.0,https://images.todoorstep.com/product/184801240/Ar.jpg?t=1752063137
en,151766,"Pampers Rash Protection Taped Diapers, Size 3, 6<br/>10 kg, Mega Pack, 68 Count  ",Supermarket///Retail///Care And Hygiene,Pampers,<br/> Pampers Rash Protection Taped Diapers  Size 3  6<br/>10 kg  Mega Pack  68 Count   WITH +50% ALOE VERA LOTION TO PROTECT AGAINST RASHES: New & improved Pampers Baby Dry Upgraded to Rash Protection Taped Diapers with +50% Aloe Vera Lotion form a moisture barrier  keeping baby’s skin soothed and shielded against diaper rash. <br/> 3X FORTIFIED LAYERS FOR LEAKAGE PROTECTION: Designed with 3x fortified layers  New and improved Pampers Rash Protection Taped Diapers provide advanced leakage protection by locking in moisture  ensuring your baby stays comfortable and dry. <br/> COMFORTABLY SECURE TAPED FIT: New and improved Pampers  now upgraded from Pampers Baby Dry to Rash Protection Taped Diapers snug around your baby’s waist  ensuring maximum protection for your baby’s little movements and preventing any leakage. <br/> ENHANCED PROTECTION WITH LONGER CORE AND DOUBLE LEAK GUARDS: With a longer core and double leak guards  these taped diapers absorb maximum leakage for long<br/>lasting dryness and protection for your bundle of joy. <br/> NEW BACK SHEET DESIGNS: The diaper’s back sheet with new designs not only inspires joy but also acts as an additional layer to help keep wetness away. <br/> ENGINEERED WITH NEW AND IMPROVED DIAPER TECHNOLOGY: With enhanced materials and designs  Pampers Rash Protection Taped Diapers feature new and improved technology to help provide the perfect fit and the best protection against leakage and rash.,,80.0,80.00,Pc,68,8,0.0,https://images.todoorstep.com/product/184801231/Ar.jpg?t=1752063068
en,151770,"Pampers Rash Protection Taped Diapers, Size 4, 9<br/>14 kg, Mega Pack, 60 Count  ",Supermarket///Retail///Care And Hygiene,Pampers,<br/> Pampers Rash Protection Taped Diapers  Size 4  9<br/>14 kg  Mega Pack  60 Count   WITH +50% ALOE VERA LOTION TO PROTECT AGAINST RASHES: New & improved Pampers Baby Dry Upgraded to Rash Protection Taped Diapers with +50% Aloe Vera Lotion form a moisture barrier  keeping baby’s skin soothed and shielded against diaper rash. <br/> 3X FORTIFIED LAYERS FOR LEAKAGE PROTECTION: Designed with 3x fortified layers  New and improved Pampers Rash Protection Taped Diapers provide advanced leakage protection by locking in moisture  ensuring your baby stays comfortable and dry. <br/> COMFORTABLY SECURE TAPED FIT: New and improved Pampers  now upgraded from Pampers Baby Dry to Rash Protection Taped Diapers snug around your baby’s waist  ensuring maximum protection for your baby’s little movements and preventing any leakage. <br/> ENHANCED PROTECTION WITH LONGER CORE AND DOUBLE LEAK GUARDS: With a longer core and double leak guards  these taped diapers absorb maximum leakage for long<br/>lasting dryness and protection for your bundle of joy. <br/> NEW BACK SHEET DESIGNS: The diaper’s back sheet with new designs not only inspires joy but also acts as an additional layer to help keep wetness away. <br/> ENGINEERED WITH NEW AND IMPROVED DIAPER TECHNOLOGY: With enhanced materials and designs  Pampers Rash Protection Taped Diapers feature new and improved technology to help provide the perfect fit and the best protection against leakage and rash.,,80.0,80.00,Pc,60,8,0.0,https://images.todoorstep.com/product/184801258/Ar.jpg?t=1752063080
en,151771,"Pampers Rash Protection Taped Diapers, Size 4, 9<br/>14 kg, Giant Pack, 74 Count  ",Supermarket///Retail///Care And Hygiene,Pampers,<br/> Pampers Rash Protection Taped Diapers  Size 4  9<br/>14 kg  Giant Pack  74 Count   WITH +50% ALOE VERA LOTION TO PROTECT AGAINST RASHES: New & improved Pampers Baby Dry Upgraded to Rash Protection Taped Diapers with +50% Aloe Vera Lotion form a moisture barrier  keeping baby’s skin soothed and shielded against diaper rash. <br/> 3X FORTIFIED LAYERS FOR LEAKAGE PROTECTION: Designed with 3x fortified layers  New and improved Pampers Rash Protection Taped Diapers provide advanced leakage protection by locking in moisture  ensuring your baby stays comfortable and dry. <br/> COMFORTABLY SECURE TAPED FIT: New and improved Pampers  now upgraded from Pampers Baby Dry to Rash Protection Taped Diapers snug around your baby’s waist  ensuring maximum protection for your baby’s little movements and preventing any leakage. <br/> ENHANCED PROTECTION WITH LONGER CORE AND DOUBLE LEAK GUARDS: With a longer core and double leak guards  these taped diapers absorb maximum leakage for long<br/>lasting dryness and protection for your bundle of joy. <br/> NEW BACK SHEET DESIGNS: The diaper’s back sheet with new designs not only inspires joy but also acts as an additional layer to help keep wetness away. <br/> ENGINEERED WITH NEW AND IMPROVED DIAPER TECHNOLOGY: With enhanced materials and designs  Pampers Rash Protection Taped Diapers feature new and improved technology to help provide the perfect fit and the best protection against leakage and rash.,,74.95,74.95,Pc,74,4,0.0,https://images.todoorstep.com/product/184801274/Ar.jpg?t=1752063203
en,151773,"Pampers Rash Protection Taped Diapers, Size 4+, 10<br/>15 kg, Giant Pack, 70 Count  ",Supermarket///Retail///Care And Hygiene,Pampers,<br/> Pampers Rash Protection Taped Diapers  Size 4+  10<br/>15 kg  Giant Pack  70 Count  WITH +50% ALOE VERA LOTION TO PROTECT AGAINST RASHES: New & improved Pampers Baby Dry Upgraded to Rash Protection Taped Diapers with +50% Aloe Vera Lotion form a moisture barrier  keeping baby’s skin soothed and shielded against diaper rash. <br/> 3X FORTIFIED LAYERS FOR LEAKAGE PROTECTION: Designed with 3x fortified layers  New and improved Pampers Rash Protection Taped Diapers provide advanced leakage protection by locking in moisture  ensuring your baby stays comfortable and dry. <br/> COMFORTABLY SECURE TAPED FIT: New and improved Pampers  now upgraded from Pampers Baby Dry to Rash Protection Taped Diapers snug around your baby’s waist  ensuring maximum protection for your baby’s little movements and preventing any leakage. <br/> ENHANCED PROTECTION WITH LONGER CORE AND DOUBLE LEAK GUARDS: With a longer core and double leak guards  these taped diapers absorb maximum leakage for long<br/>lasting dryness and protection for your bundle of joy. <br/> NEW BACK SHEET DESIGNS: The diaper’s back sheet with new designs not only inspires joy but also acts as an additional layer to help keep wetness away. <br/> ENGINEERED WITH NEW AND IMPROVED DIAPER TECHNOLOGY: With enhanced materials and designs  Pampers Rash Protection Taped Diapers feature new and improved technology to help provide the perfect fit and the best protection against leakage and rash.,,74.95,74.95,Pc,70,4,0.0,https://images.todoorstep.com/product/184801266/Ar.jpg?t=1752063091
en,151779,"Pampers Rash Protection Taped Diapers, Size 6, 13+ kg, Mega Pack, 36 Count  ",Supermarket///Retail///Care And Hygiene,Pampers,<br/> Pampers Rash Protection Taped Diapers  Size 6  13+ kg  Mega Pack  36 Count   WITH +50% ALOE VERA LOTION TO PROTECT AGAINST RASHES: New & improved Pampers Baby Dry Upgraded to Rash Protection Taped Diapers with +50% Aloe Vera Lotion form a moisture barrier  keeping baby’s skin soothed and shielded against diaper rash. <br/> 3X FORTIFIED LAYERS FOR LEAKAGE PROTECTION: Designed with 3x fortified layers  New and improved Pampers Rash Protection Taped Diapers provide advanced leakage protection by locking in moisture  ensuring your baby stays comfortable and dry. <br/> ENHANCED PROTECTION WITH LONGER CORE AND DOUBLE LEAK GUARDS: With a longer core and double leak guards  these taped diapers absorb maximum leakage for long<br/>lasting dryness and protection for your bundle of joy. <br/> NEW BACK SHEET DESIGNS: The diaper’s back sheet with new designs not only inspires joy but also acts as an additional layer to help keep wetness away.. <br/> ENGINEERED WITH NEW AND IMPROVED DIAPER TECHNOLOGY: With enhanced materials and designs  Pampers Rash Protection Taped Diapers feature new and improved technology to help provide the perfect fit and the best protection against leakage and rash.,,80.0,80.00,Pc,36,8,0.0,https://images.todoorstep.com/product/184801098/Ar.jpg?t=1752062975
en,151780,"Pampers Rash Protection Taped Diapers, Size 6, 13+ kg, Giant Pack, 46 Count  ",Supermarket///Retail///Care And Hygiene,Pampers,<br/> Pampers Rash Protection Taped Diapers  Size 6  13+ kg  Giant Pack  46 Count   WITH +50% ALOE VERA LOTION TO PROTECT AGAINST RASHES: New & improved Pampers Baby Dry Upgraded to Rash Protection Taped Diapers with +50% Aloe Vera Lotion form a moisture barrier  keeping baby’s skin soothed and shielded against diaper rash. <br/> 3X FORTIFIED LAYERS FOR LEAKAGE PROTECTION: Designed with 3x fortified layers  New and improved Pampers Rash Protection Taped Diapers provide advanced leakage protection by locking in moisture  ensuring your baby stays comfortable and dry. <br/> ENHANCED PROTECTION WITH LONGER CORE AND DOUBLE LEAK GUARDS: With a longer core and double leak guards  these taped diapers absorb maximum leakage for long<br/>lasting dryness and protection for your bundle of joy. <br/> NEW BACK SHEET DESIGNS: The diaper’s back sheet with new designs not only inspires joy but also acts as an additional layer to help keep wetness away.. <br/> ENGINEERED WITH NEW AND IMPROVED DIAPER TECHNOLOGY: With enhanced materials and designs  Pampers Rash Protection Taped Diapers feature new and improved technology to help provide the perfect fit and the best protection against leakage and rash.,,74.95,74.95,Pc,46,4,0.0,https://images.todoorstep.com/product/184801127/Ar.jpg?t=1752063004
en,151785,"Pampers Ultimate Comfort Taped Diapers, Size 1, 2<br/>5 kg, Mega Pack, 86 Count  ",Supermarket///Retail///Care And Hygiene,Pampers,<br/> Pampers Ultimate Comfort Taped Diapers  Size 1  2<br/>5 kg  Mega Pack  86 Count   LUXURIOUS LOTION WITH ALOE VERA AND VITAMIN E: New & Improved  Pampers Premium Care Upgraded to Ultimate Comfort Taped Diapers form a moisture barrier  keeping baby’s skin well<br/>soothed. <br/> Aloe Vera soothes  while Vitamin E shields against irritants. <br/> x1000 LEAK LOCKS TECHNOLOGY FOR LEAKAGE PROTECTION: New & Improved  Pampers Premium Care Upgraded to Ultimate Comfort features x1000 leak locks technology  ensuring everything remains securely contained  letting your baby move freely. <br/> DOUBLE LEAK GUARDS FOR ADDITIONAL PROTECTION: These new and improved baby nappies are designed with double leak guards and can stretch from all sides to adapt to your baby’s movements  providing additional protection against leakage. <br/> NEW BACK SHEET DESIGNS: The back sheet of the new and improved Pampers Ultimate Comfort taped diaper features charming new designs that not only inspire joy but also work as an additional layer to help keep wetness away. <br/> ENGINEERED WITH NEW AND IMPROVED DIAPER TECHNOLOGY: With enhanced materials and designs  Pampers ultimate Comfort Taped Diapers feature new and improved technology to help provide the best protection against leakages. <br/> GLOBALLY RECOGNIZED FOR SKIN SAFETY: Pampers diapers are recognized globally for skin health and safety compliance. <br/> Accredited by the Skin Health Alliance (SHA)  our products are proven to be safe when in contact with your baby’s delicate skin.,,107.0,107.00,Pc,86,4,0.0,https://images.todoorstep.com/product/184950472/Ar.jpg?t=1752063627
en,151788,"Pampers Ultimate Comfort Taped Diapers, Size 3, 6<br/>10 kg, Mega Pack, 62 Count  ",Supermarket///Retail///Care And Hygiene,Pampers,<br/> Pampers Ultimate Comfort Taped Diapers  Size 3  6<br/>10 kg  Mega Pack  62 Count   LUXURIOUS LOTION WITH ALOE VERA AND VITAMIN E: New & Improved  Pampers Premium Care Upgraded to Ultimate Comfort Taped Diapers form a moisture barrier  keeping baby’s skin well<br/>soothed. <br/> Aloe Vera soothes  while Vitamin E shields against irritants. <br/> x1000 LEAK LOCKS TECHNOLOGY FOR LEAKAGE PROTECTION: New & Improved  Pampers Premium Care Upgraded to Ultimate Comfort features x1000 leak locks technology  ensuring everything remains securely contained  letting your baby move freely. <br/> DOUBLE LEAK GUARDS FOR ADDITIONAL PROTECTION: These new and improved baby nappies are designed with double leak guards and can stretch from all sides to adapt to your baby’s movements  providing additional protection against leakage. <br/> NEW BACK SHEET DESIGNS: The back sheet of the new and improved taped diaper features charming new designs that not only inspire joy but also work as an additional layer to help keep wetness away. <br/> ENGINEERED WITH NEW AND IMPROVED DIAPER TECHNOLOGY: With enhanced materials and designs  Pampers Ultimate Comfort Taped Diapers feature new and improved technology to help provide the best protection against leakages. <br/> GLOBALLY RECOGNIZED FOR SKIN SAFETY: Pampers diapers are recognized globally for skin health and safety compliance. <br/> Accredited by the Skin Health Alliance (SHA)  our products are proven to be safe when in contact with your baby’s delicate skin.,,107.0,107.00,Pc,62,4,0.0,https://images.todoorstep.com/product/184950430/Ar.jpg?t=1752063585
en,151794,"Pampers Ultimate Comfort Taped Diapers, Size 6, 13 +kg, Mega Pack, 36 Count  ",Supermarket///Retail///Care And Hygiene,Pampers,<br/> Pampers Ultimate Comfort Taped Diapers  Size 6  13 +kg  Mega Pack  36 Count   LUXURIOUS LOTION WITH ALOE VERA AND VITAMIN E: New & Improved  Pampers Premium Care Upgraded to Ultimate Comfort Taped Diapers form a moisture barrier  keeping baby’s skin well<br/>soothed. <br/> Aloe Vera soothes  while Vitamin E shields against irritants. <br/> x1000 LEAK LOCKS TECHNOLOGY FOR LEAKAGE PROTECTION: New & Improved  Pampers Premium Care Upgraded to Ultimate Comfort features x1000 leak locks technology  ensuring everything remains securely contained  letting your baby move freely. <br/> DOUBLE LEAK GUARDS FOR ADDITIONAL PROTECTION: These new and improved baby nappies are designed with double leak guards and can stretch from all sides to adapt to your baby’s movements  providing additional protection against leakage. <br/> NEW BACK SHEET DESIGNS: The back sheet of the new and improved Pampers Ultimate Comfort taped diaper features charming new designs that not only inspire joy but also work as an additional layer to help keep wetness away. <br/> ENGINEERED WITH NEW AND IMPROVED DIAPER TECHNOLOGY: With enhanced materials and designs  Pampers Ultimate Comfort Taped Diapers feature new and improved technology to help provide the best protection against leakages. <br/> GLOBALLY RECOGNIZED FOR SKIN SAFETY: Pampers diapers are recognized globally for skin health and safety compliance. <br/> Accredited by the Skin Health Alliance (SHA)  our products are proven to be safe when in contact with your baby’s delicate skin.,,107.0,107.00,Pc,36,4,0.0,https://images.todoorstep.com/product/184950413/Ar.jpg?t=1752063562
en,151795,"Pampers Ultimate Comfort Taped Diapers, Size 7, 15 +kg, Giant Saving Box, 52 Count  ",Supermarket///Retail///Care And Hygiene,Pampers,<br/> Pampers Ultimate Comfort Taped Diapers  Size 7  15 +kg  Giant Saving Box  52 Count   LUXURIOUS LOTION WITH ALOE VERA AND VITAMIN E: New & Improved  Pampers Premium Care Upgraded to Ultimate Comfort Taped Diapers form a moisture barrier  keeping baby’s skin well<br/>soothed. <br/> Aloe Vera soothes  while Vitamin E shields against irritants. <br/> x1000 LEAK LOCKS TECHNOLOGY FOR LEAKAGE PROTECTION: New & Improved  Pampers Premium Care Upgraded to Ultimate Comfort features x1000 leak locks technology  ensuring everything remains securely contained  letting your baby move freely. <br/> DOUBLE LEAK GUARDS FOR ADDITIONAL PROTECTION: These new and improved baby nappies are designed with double leak guards and can stretch from all sides to adapt to your baby’s movements  providing additional protection against leakage. <br/> NEW BACK SHEET DESIGNS: The back sheet of the new and improved Pampers Ultimate Comfort taped diaper features charming new designs that not only inspire joy but also work as an additional layer to help keep wetness away. <br/> ENGINEERED WITH NEW AND IMPROVED DIAPER TECHNOLOGY: With enhanced materials and designs  Pampers Ultimate Comfort Taped Diapers feature new and improved technology to help provide the best protection against leakages. <br/> GLOBALLY RECOGNIZED FOR SKIN SAFETY: Pampers diapers are recognized globally for skin health and safety compliance. <br/> Accredited by the Skin Health Alliance (SHA)  our products are proven to be safe when in contact with your baby’s delicate skin.,,114.95,114.95,Pc,52,4,0.0,https://images.todoorstep.com/product/184950456/Ar.jpg?t=1752063602
en,151797,"Pampers Ultimate Comfort Pants Diapers, Size 3, 6<br/>11 kg, Super Saving Pack, 56 Count ",Supermarket///Retail///Care And Hygiene,Pampers,<br/> Pampers Ultimate Comfort Pants Diapers  Size 3  6<br/>11 kg  Super Saving Pack  56 Count   LUXURIOUS LOTION WITH ALOE VERA AND VITAMIN E: New & Improved  Pampers Premium Care Upgraded to Ultimate Comfort Pants Diapers form a moisture barrier  keeping baby’s skin well<br/>soothed. <br/> Aloe Vera soothes  while Vitamin E shields against irritants. <br/> COTTONY SOFT FIT FOR UP TO 100% LEAKAGE PROTECTION: Pampers Ultimate Comfort Pants Diapers with a cottony soft fit feels gentle against your baby’s skin. <br/> The stretchy belt cues adapt to your baby’s movements for up to 100% leakage protection. <br/> DOUBLE LEAK GUARDS AND SOFTER BELT: With double leak guards and a softer belt  these pants diapers gently wrap around baby’s delicate belly  minimizing discomfort and providing ultimate<br/>soft cushioning for your baby’s delicate skin.. <br/> NEW BACK SHEET DESIGNS: The diaper’s back sheet with charming new designs not only inspires joy but also acts as an additional layer to help keep wetness away. <br/> ENGINEERED WITH NEW AND IMPROVED DIAPER TECHNOLOGY: With enhanced materials and designs  Pampers Ultimate Comfort Pants Diapers feature new and improved technology to help provide the perfect cottony fit and the best leakage protection. <br/> GLOBALLY RECOGNIZED FOR SKIN SAFETY: Pampers diapers are recognized globally for skin health and safety compliance. <br/> Accredited by the Skin Health Alliance (SHA)  our products are proven to be safe when in contact with your baby’s delicate skin.,,107.0,107.00,Pc,56,4,0.0,https://images.todoorstep.com/product/184851124/Ar.jpg?t=1752063468
en,151798,"Pampers Ultimate Comfort Pants Diapers, Size 4, 9<br/>14 kg, Giant Box, 90 Count ",Supermarket///Retail///Care And Hygiene,Pampers,<br/> Pampers Ultimate Comfort Pants Diapers  Size 4  9<br/>14 kg  Giant Box  90 Count  LUXURIOUS LOTION WITH ALOE VERA AND VITAMIN E: New & Improved  Pampers Premium Care Upgraded to Ultimate Comfort Pants Diapers form a moisture barrier  keeping baby’s skin well<br/>soothed. <br/> Aloe Vera soothes  while Vitamin E shields against irritants. <br/> COTTONY SOFT FIT FOR UP TO 100% LEAKAGE PROTECTION: Pampers Ultimate Comfort Pants Diapers with a cottony soft fit feels gentle against your baby’s skin. <br/> The stretchy belt cues adapt to your baby’s movements for up to 100% leakage protection.. <br/> DOUBLE LEAK GUARDS AND SOFTER BELT: With double leak guards and a softer belt  these pants diapers gently wrap around baby’s delicate belly  minimizing discomfort and providing ultimate<br/>soft cushioning for your baby’s delicate skin. <br/> NEW BACK SHEET DESIGNS: The diaper’s back sheet with charming new designs not only inspires joy but also acts as an additional layer to help keep wetness away. <br/> ENGINEERED WITH NEW AND IMPROVED DIAPER TECHNOLOGY: With enhanced materials and designs  Pampers Ultimate Comfort Pants Diapers feature new and improved technology to help provide the perfect cottony fit and the best leakage protection. <br/> GLOBALLY RECOGNIZED FOR SKIN SAFETY: Pampers diapers are recognized globally for skin health and safety compliance. <br/> Accredited by the Skin Health Alliance (SHA)  our products are proven to be safe when in contact with your baby’s delicate skin.,,114.95,114.95,Pc,90,4,0.0,https://images.todoorstep.com/product/184851108/Ar.jpg?t=1752063424
en,151800,"Pampers Ultimate Comfort Pants Diapers, Size 5, 12<br/>18 kg, Giant Box, 76 Count ",Supermarket///Retail///Care And Hygiene,Pampers,<br/> Pampers Ultimate Comfort Pants Diapers  Size 5  12<br/>18 kg  Giant Box  76 Count  LUXURIOUS LOTION WITH ALOE VERA AND VITAMIN E: New & Improved  Pampers Premium Care Upgraded to Ultimate Comfort Pants Diapers form a moisture barrier  keeping baby’s skin well<br/>soothed. <br/> Aloe Vera soothes  while Vitamin E shields against irritants. <br/> COTTONY SOFT FIT FOR UP TO 100% LEAKAGE PROTECTION: Pampers Ultimate Comfort Pants Diapers with a cottony soft fit feels gentle against your baby’s skin. <br/> The stretchy belt cues adapt to your baby’s movements for up to 100% leakage protection. <br/> DOUBLE LEAK GUARDS AND SOFTER BELT: With double leak guards and a softer belt  these pants diapers gently wrap around baby’s delicate belly  minimizing discomfort and providing ultimate<br/>soft cushioning for your baby’s delicate skin. <br/> NEW BACK SHEET DESIGNS: The diaper’s back sheet with charming new designs not only inspires joy but also acts as an additional layer to help keep wetness away. <br/> ENGINEERED WITH NEW AND IMPROVED DIAPER TECHNOLOGY: With enhanced materials and designs  Pampers Ultimate Comfort Pants Diapers feature new and improved technology to help provide the perfect cottony fit and the best leakage protection. <br/> GLOBALLY RECOGNIZED FOR SKIN SAFETY: Pampers diapers are recognized globally for skin health and safety compliance. <br/> Accredited by the Skin Health Alliance (SHA)  our products are proven to be safe when in contact with your baby’s delicate skin.,,114.95,114.95,Pc,76,4,0.0,https://images.todoorstep.com/product/184851141/Ar.jpg?t=1752063501
en,151802,"Pampers Ultimate Comfort Pants Diapers, Size 6, 16+ kg, Giant Box, 54 Count ",Supermarket///Retail///Care And Hygiene,Pampers,<br/> Pampers Ultimate Comfort Pants Diapers  Size 6  16+ kg  Giant Box  54 Count  LUXURIOUS LOTION WITH ALOE VERA AND VITAMIN E: New & Improved  Pampers Premium Care Upgraded to Ultimate Comfort Pants Diapers form a moisture barrier  keeping baby’s skin well<br/>soothed. <br/> Aloe Vera soothes  while Vitamin E shields against irritants. <br/> COTTONY SOFT FIT FOR UP TO 100% LEAKAGE PROTECTION: Pampers Ultimate Comfort Pants Diapers with a cottony soft fit feels gentle against your baby’s skin. <br/> The stretchy belt cues adapt to your baby’s movements for up to 100% leakage protection. <br/> DOUBLE LEAK GUARDS AND SOFTER BELT: With double leak guards and a softer belt  these pants diapers gently wrap around baby’s delicate belly  minimizing discomfort and providing ultimate<br/>soft cushioning for your baby’s delicate skin. <br/> NEW BACK SHEET DESIGNS: The diaper’s back sheet with charming new designs not only inspires joybut also acts as an additional layer to help keep wetness away ENGINEERED WITH NEW AND IMPROVED DIAPER TECHNOLOGY: With enhanced materials and designs  Pampers Ultimate Comfort Pants Diapers feature new and improved technology to help provide the perfect cottony fit and the best leakage protection. <br/> GLOBALLY RECOGNIZED FOR SKIN SAFETY: Pampers diapers are recognized globally for skin health and safety compliance. <br/> Accredited by the Skin Health Alliance (SHA)  our products are proven to be safe when in contact with your baby’s delicate skin.,,114.95,114.95,Pc,54,4,0.0,https://images.todoorstep.com/product/184851159/Ar.jpg?t=1752063514
en,151803,"Pampers Ultimate Comfort Pants Diapers, Size 6, 16+ kg, Super Saving Pack, 34 Count ",Supermarket///Retail///Care And Hygiene,Pampers,<br/> Pampers Ultimate Comfort Pants Diapers  Size 6  16+ kg  Super Saving Pack  34 Count  LUXURIOUS LOTION WITH ALOE VERA AND VITAMIN E FOR FRESH AND CALM SKIN: The Ultimate Comfort Pants Diapers with Aloe Vera and Vitamin E Lotion create a protective moisture barrier to keep your little one’s skin well<br/>soothed. <br/> Aloe Vera Lotion helps soothe to reduce irritation and heal rashes  while Vitamin E shields against irritants  leaving your baby’s skin feeling nourished and healthy. <br/> COTTONY SOFT FIT FOR UP TO 100% LEAKAGE PROTECTION: Pampers Ultimate Comfort Pants Diapers feature a cottony soft fit that feels gentle against your baby’s skin. <br/> And the stretchy belt cues perfectly adapt to your baby’s movements  providing comfort and up to 100% leakage protection for your little bundle of joy. <br/> DOUBLE LEAK GUARDS AND SOFTER BELT: With double leak guards and a softer belt  these pants diapers gently wrap around your baby’s delicate belly  minimizing discomfort and providing ultra<br/>soft cushioning for your baby’s delicate skin while ensuring all liquids stay contained within the diaper. <br/> NEW BACK SHEET DESIGNS: The diaper’s back sheet with charming new designs not only inspires joy but also acts as an additional layer to help keep wetness away. <br/> ENGINEERED WITH NEW AND IMPROVED DIAPER TECHNOLOGY: With enhanced materials and designs  Pampers Ultimate Comfort Pants Diapers feature new and improved technology to help provide the perfect cottony fit and the best leakage protection for your baby. <br/> GLOBALLY RECOGNIZED FOR SKIN SAFETY: Pampers diapers are recognized globally for skin health and safety compliance. <br/> Accredited by the Skin Health Alliance (SHA)  our products are proven to be safe when in contact with your baby’s delicate skin.,,107.0,107.00,Pc,34,4,0.0,https://images.todoorstep.com/product/184851116/Ar.jpg?t=1752063438
en,151804,"Pampers Ultimate Comfort Pants Diapers, Size 7, 17+ kg, Giant Box, 48 Count ",Supermarket///Retail///Care And Hygiene,Pampers,<br/> Pampers Ultimate Comfort Pants Diapers  Size 7  17+ kg  Giant Box  48 Count   LUXURIOUS LOTION WITH ALOE VERA AND VITAMIN E: New & Improved  Pampers Premium Care Upgraded to Ultimate Comfort Pants Diapers form a moisture barrier  keeping baby’s skin well<br/>soothed. <br/> Aloe Vera soothes  while Vitamin E shields against irritants. <br/> COTTONY SOFT FIT FOR UP TO 100% LEAKAGE PROTECTION: Pampers Ultimate Comfort Pants Diapers with a cottony soft fit feels gentle against your baby’s skin. <br/> The stretchy belt cues adapt to your baby’s movements for up to 100% leakage protection. <br/> DOUBLE LEAK GUARDS AND SOFTER BELT: With double leak guards and a softer belt  these pants diapers gently wrap around baby’s delicate belly  minimizing discomfort and providing ultimate<br/>soft cushioning for your baby’s delicate skin. <br/> NEW BACK SHEET DESIGNS: The diaper’s back sheet with charming new designs not only inspires joy but also acts as an additional layer to help keep wetness away. <br/> ENGINEERED WITH NEW AND IMPROVED DIAPER TECHNOLOGY: With enhanced materials and designs  Pampers Ultimate Comfort Pants Diapers feature new and improved technology to help provide the perfect cottony fit and the best leakage protection. <br/> GLOBALLY RECOGNIZED FOR SKIN SAFETY: Pampers diapers are recognized globally for skin health and safety compliance. <br/> Accredited by the Skin Health Alliance (SHA)  our products are proven to be safe when in contact with your baby’s delicate skin.,,114.95,114.95,Pc,48,4,0.0,https://images.todoorstep.com/product/184851087/Ar.jpg?t=1752063391
en,151805,"Pampers Ultimate Comfort Pants Diapers, Size 7, 17+ kg, Super Saving Pack, 32 Count ",Supermarket///Retail///Care And Hygiene,Pampers,<br/> Pampers Ultimate Comfort Pants Diapers  Size 7  17+ kg  Super Saving Pack  32 Count  LUXURIOUS LOTION WITH ALOE VERA AND VITAMIN E: New & Improved  Pampers Premium Care Upgraded to Ultimate Comfort Pants Diapers form a moisture barrier  keeping baby’s skin well<br/>soothed. <br/> Aloe Vera soothes  while Vitamin E shields against irritants. <br/> COTTONY SOFT FIT FOR UP TO 100% LEAKAGE PROTECTION: Pampers Ultimate Comfort Pants Diapers with a cottony soft fit feels gentle against your baby’s skin. <br/> The stretchy belt cues adapt to your baby’s movements for up to 100% leakage protection. <br/> DOUBLE LEAK GUARDS AND SOFTER BELT: With double leak guards and a softer belt  these pants diapers gently wrap around baby’s delicate belly  minimizing discomfort and providing ultimate<br/>soft cushioning for your baby’s delicate skin. <br/> NEW BACK SHEET DESIGNS: The diaper’s back sheet with charming new designs not only inspires joy but also acts as an additional layer to help keep wetness away. <br/> ENGINEERED WITH NEW AND IMPROVED DIAPER TECHNOLOGY: With enhanced materials and designs  Pampers Ultimate Comfort Pants Diapers feature new and improved technology to help provide the perfect cottony fit and the best leakage protection. <br/> GLOBALLY RECOGNIZED FOR SKIN SAFETY: Pampers diapers are recognized globally for skin health and safety compliance. <br/> Accredited by the Skin Health Alliance (SHA)  our products are proven to be safe when in contact with your baby’s delicate skin.,,107.0,107.00,Pc,32,4,0.0,https://images.todoorstep.com/product/184851095/Ar.jpg?t=1752063411
en,151806,"Pampers Rash Protection Pants Diapers, Size 3, 6<br/>11 kg, Mega Pack, 60 Count  ",Supermarket///Retail///Care And Hygiene,Pampers,<br/> Pampers Rash Protection Pants Diapers  Size 3  6<br/>11 kg  Mega Pack  60 Count  360° LEAK<br/>FREE FIT FOR UP TO 100% LEAKAGE PROTECTION: Pampers Rash Protection Pants Diapers are designed with 360<br/>degree technology that allows them to stretch from all sides adapting to baby’s movements for up to 100% leakage protection. <br/> WITH +50% ALOE VERA LOTION TO PROTECT AGAINST RASHES: Pampers Rash Protection Pants with 50% Aloe Vera Lotion form a moisture barrier to soothe and protect your baby’s skin against diaper rash. <br/> Aloe vera’s calming properties help reduce irritation. <br/> SOFTER BELT: Pampers Rash Protection Pants Diapers fully prioritize your baby’s comfort. <br/> Featuring softer belts  they gently wrap around your baby’s delicate belly  minimizing discomfort while giving your baby breathing room for little adventures. <br/> NEW BACK SHEET DESIGNS: The back sheet with new designs not only inspires joy but also acts as an additional layer to help keep wetness away. <br/> ENGINEERED WITH NEW AND IMPROVED DIAPER TECHNOLOGY: With enhanced materials and designs  Pampers Rash Protection Pants Diapers feature new and improved technology to help provide the perfect fit and the best protection against leakage and rash.,,80.0,80.00,Pc,60,4,0.0,https://images.todoorstep.com/product/184801522/Ar.jpg?t=1752063292
en,151808,"Pampers Rash Protection Pants Diapers, Size 4, 9<br/>14 kg, Mega Pack, 52 Count  ",Supermarket///Retail///Care And Hygiene,Pampers,<br/> Pampers Rash Protection Pants Diapers  Size 4  9<br/>14 kg  Mega Pack  52 Count   360° LEAK<br/>FREE FIT FOR UP TO 100% LEAKAGE PROTECTION: Pampers Rash Protection Pants Diapers are designed with 360<br/>degree technology that allows them to stretch from all sides adapting to baby’s movements for up to 100% leakage protection. <br/> WITH +50% ALOE VERA LOTION TO PROTECT AGAINST RASHES: Pampers Rash Protection Pants with 50% Aloe Vera Lotion form a moisture barrier to soothe and protect your baby’s skin against diaper rash. <br/> Aloe vera’s calming properties help reduce irritation. <br/> SOFTER BELT: Pampers Rash Protection Pants Diapers fully prioritize your baby’s comfort. <br/> Featuring softer belts  they gently wrap around your baby’s delicate belly  minimizing discomfort while giving your baby breathing room for little adventures. <br/> NEW BACK SHEET DESIGNS: The back sheet with new designs not only inspires joy but also acts as an additional layer to help keep wetness away. <br/> ENGINEERED WITH NEW AND IMPROVED DIAPER TECHNOLOGY: With enhanced materials and designs  Pampers Rash Protection Pants Diapers feature new and improved technology to help provide the perfect fit and the best protection against leakage and rash.,,80.0,80.00,Pc,52,4,0.0,https://images.todoorstep.com/product/184801581/Ar.jpg?t=1752063362
en,151843,Orinex Charcoal Lighter Fluid 473ml,Sports & Hobbies///Sports///Camping,Orinex,Orinex Charcoal Lighter Fluid 473ml  easy-to-use liquid for quick and safe charcoal ignition.,,14.0,14,ML,473,4,0.0,https://images.todoorstep.com/product/150550201/Ar.jpg?t=1744675200
en,151844,Keep Cold KeepCold Insulated Water Jug 1.5L  Light Blue,Sports & Hobbies///Sports///Camping,Keep Cold,Insulated water jug to keep drinks cold for hours.,,24.0,24.00,PCS,1,4,0.0,https://images.todoorstep.com/product/181000501/Ar.jpg?t=1744675200
en,151845,Keep Cold KeepCold Insulated Water Jug 1.5L  Red,Sports & Hobbies///Sports///Camping,Keep Cold,Insulated water jug to keep drinks cold for hours.,,24.0,24.00,PCS,1,4,0.0,https://images.todoorstep.com/product/181000607/Ar.jpg?t=1744675200
en,151847,Cosmoplast Regina Arm Chair White,Sports & Hobbies///Sports///Camping,Cosmoplast,Cosmoplast Regina armchair  white  durable and comfortable  suitable for indoor and outdoor use with a modern stylish look.,,49.0,49.00,PCS,1,4,0.0,https://images.todoorstep.com/product/181000527/Ar.jpg?t=1744675200
en,151849,Cosmoplast Regina Arm Chair Dark Brown,Sports & Hobbies///Sports///Camping,Cosmoplast,Cosmoplast Regina armchair  dark brown  robust and comfortable with a classic design and high-quality finish.,,49.0,49.00,PCS,1,4,0.0,https://images.todoorstep.com/product/181000711/Ar.jpg?t=1744675200
en,151850,Cosmoplast Low Table Blue,Sports & Hobbies///Sports///Camping,Cosmoplast,Cosmoplast low table  blue  practical and lightweight  perfect for casual settings with a durable finish.,,54.0,54.00,PCS,1,4,0.0,https://images.todoorstep.com/product/181000623/Ar.jpg?t=1744675200
en,151851,Keep Cold KeepCold Cooler 1/2 Gallon  Blue,Sports & Hobbies///Sports///Camping,Keep Cold,Durable cooler to keep drinks chilled during outings.,,19.95,19.95,PCS,1,4,0.0,https://images.todoorstep.com/product/181000586/Ar.jpg?t=1744675200
en,151853,Cosmoplast Regal Chair Beige,Sports & Hobbies///Sports///Camping,Cosmoplast,Cosmoplast Regal chair  beige  comfortable and stylish  designed for indoor and outdoor durability with premium materials.,,45.0,45.00,PCS,1,4,0.0,https://images.todoorstep.com/product/181000455/Ar.jpg?t=1744675200
en,151854,Cosmoplast Regal Chair Dark Brown,Sports & Hobbies///Sports///Camping,Cosmoplast,Cosmoplast Regal chair  dark brown  combining classic look and sturdy build with a smooth finish.,,45.0,45.00,PCS,1,4,0.0,https://images.todoorstep.com/product/181000535/Ar.jpg?t=1744675200
en,151855,Cosmoplast Regal Chair White,Sports & Hobbies///Sports///Camping,Cosmoplast,Cosmoplast Regal chair  white  lightweight and elegant  made for indoor/outdoor use with lasting quality.,,45.0,45.00,PCS,1,4,0.0,https://images.todoorstep.com/product/181000682/Ar.jpg?t=1744675200
en,151856,Cosmoplast Mug 1L,Sports & Hobbies///Sports///Camping,Cosmoplast,Cosmoplast plastic mug  1L capacity  lightweight and practical  made from safe materials with easy cleaning.,,3.0,3.00,PCS,1,4,0.0,https://images.todoorstep.com/product/181001010/Ar.jpg?t=1744675200
en,151858,Helal Rattan Wood Table,Sports & Hobbies///Sports///Camping,,The Helal Rattan Wood Table blends handwoven craftsmanship with modern boho charm  perfect for adding a rustic touch to living rooms  balconies  or gardens. Made from all-weather rattan  it’s lightweight yet sturdy for indoor/outdoor versatility.,,65.0,65.00,PC,1,4,0.0,https://images.todoorstep.com/product/182400637/Ar.jpg?t=1744675200
en,151859,Helal Venus Table With Metal Legs,Sports & Hobbies///Sports///Camping,,Bring a touch of modern elegance to your space with the Helal Venus Table. Crafted with a smooth  durable surface and supported by sturdy metal legs  this table offers both style and stability. Perfect for living rooms  dining areas  or offices  it blends seamlessly with various décor styles.,,145.0,145.00,PC,1,4,0.0,https://images.todoorstep.com/product/182400768/Ar.jpg?t=1744675200
en,151861,Helal Bambo Chair ,Sports & Hobbies///Sports///Camping,,Add natural warmth and style to your seating area with Helal Chair. Made from high-quality bamboo  this chair offers a comfortable sitting experience while bringing a rustic  organic charm to your home or outdoor space. The rich brown finish enhances its timeless appeal  making it perfect for patios  living rooms  or cafés.,,70.0,70.00,PC,1,4,0.0,https://images.todoorstep.com/product/182400995/Ar.jpg?t=1744675200
en,151862,Helal Rattan Mira Chair With Metal Legs ,Sports & Hobbies///Sports///Camping,,Bring a blend of natural charm and modern strength to your space with the Helal Mira Rattan Chair. Featuring a handwoven rattan seat and sturdy metal legs  this chair combines comfort  durability  and style. Perfect for dining rooms  patios  or cozy reading corners  it adds warmth and character to any setting.,,79.0,79.00,PC,1,4,0.0,https://images.todoorstep.com/product/182401058/Ar.jpg?t=1744675200
en,151863,Helal Rattan Mira Chair,Sports & Hobbies///Sports///Camping,,Elevate your seating space with the Helal Rattan Mira Chair  a perfect fusion of natural beauty and everyday comfort. Crafted from high-quality rattan  this chair offers a lightweight yet durable design that brings warmth and style to any room. Ideal for dining areas  patios  or cozy corners  it blends seamlessly with both modern and rustic décor.,,75.0,75.00,PC,1,4,0.0,https://images.todoorstep.com/product/182400987/Ar.jpg?t=1755683503
en,151864,Helal Safary Chair,Sports & Hobbies///Sports///Camping,,Sturdy and comfortable Helal Safary chair  perfect for indoor and outdoor use. Durable design suitable for home  office  or recreational spaces.,,65.0,65.00,PC,1,4,0.0,https://images.todoorstep.com/product/182400881/Ar.jpg?t=1744675200
en,151865,Helal Valeta Table ,Sports & Hobbies///Sports///Camping,,The Helal Valita Table combines timeless elegance with practical functionality. Designed with a smooth  spacious surface and sturdy construction  it’s perfect for dining  working  or entertaining guests. Its versatile style complements both modern and classic interiors  making it a beautiful centerpiece for any room.,,145.0,145.00,PC,1,4,0.0,https://images.todoorstep.com/product/182401074/Ar.jpg?t=1755683503
en,151873,Keep Cold KeepCold Cooler 1/2 Gallon  Red,Sports & Hobbies///Sports///Camping,Keep Cold,Compact cooler for picnics and sports activities.,,19.95,19.95,PCS,1,4,0.0,https://images.todoorstep.com/product/181000658/Ar.jpg?t=1755683468
en,151876,7 Up Regular Can Multi Pack 6x320Ml        ,Supermarket///Retail///Beverages,7 Up,7UP CAN 6X320ML,,15.0,15.00,ML,320,6,0.0,https://images.todoorstep.com/product/187450596/Ar.jpg?t=1744675200
en,151891,JONS Jons Protein Puffs Nacho Cheese 60g,Supermarket///Retail///Breakfast & Snacks,JONS,Cheesy protein puffs with nacho flavor  full of taste and protein.,,14.25,14.25,G,60,8,0.0,https://images.todoorstep.com/product/184600747/Ar.jpg?t=1744675200
en,151893,JONS Jons Protein Puffs Yogurt & Cucumber 60g,Supermarket///Retail///Breakfast & Snacks,JONS,High-protein puffs with refreshing yogurt & cucumber flavor.,,14.25,14.25,G,60,8,0.0,https://images.todoorstep.com/product/184600704/Ar.jpg?t=1744675200
en,151897,Pepsi Zero Can Multi Pack 24x360Ml          ,Supermarket///Retail///Beverages,Pepsi,CAN PEPSI ZERO 24X360ML,,72.75,72.75,ML,360,4,0.0,https://images.todoorstep.com/product/180100551/Ar.jpg?t=1744675200
en,151899,Sunblast Organic Peach & Apple Juice 10x200ml,Supermarket///Retail///Beverages,Sunblast,Organic juice blend of peach and apple.,,30.75,30.75,ML,200,6,0.0,https://images.todoorstep.com/product/182300783/Ar.jpg?t=1744675200
en,151904,Mentos Roll Rainbow 40x37.8g,Supermarket///Retail///Breakfast & Snacks,Mentos,Rainbow assorted Mentos rolls multipack.,,137.0,137.00,G,37.8,8,0.0,https://images.todoorstep.com/product/183650401/Ar.jpg?t=1744675200
en,151998,Nestle Nestlé Crispy Chocolate Wafer – 30×18g,Supermarket///Retail///Breakfast & Snacks,Nestle,Delicious Nestlé Crispy Wafers  30-pack of 18g each. Light  crunchy  and perfect as a sweet snack anytime.,,31.75,31.75,g,18,8,0.0,https://images.todoorstep.com/product/178000702/Ar.jpg?t=1744675200
en,152075,"Celsius Cola Carbonated Soft Drink, 12 Pack x 355ml",Supermarket///Retail///Beverages,Celsius,Enjoy the classic  refreshing taste of Celsius Cola in this convenient 12-pack of 355ml cans. Perfect for sharing with family and friends or keeping stocked for any occasion. Each can delivers a crisp  fizzy cola flavor that’s ideal for quenching your thirst anytime. Easy to store and serve chilled for the best experience.,,121.0,121.00,ML,355,6,0.0,https://images.todoorstep.com/product/151900399/Ar.jpg?t=1744675200
en,152114,MR CHIPS Mr Chips Potato Chips Slat Flavor Pack 12×21g,Supermarket///Retail///Breakfast & Snacks,MR CHIPS,Mini potato chips from Mr Chips with classic Salt flavor. Convenient 12-pack of 21g each  perfect for snacking anytime.,,17.5,17.50,g,21,8,0.0,https://images.todoorstep.com/product/178600927/Ar.jpg?t=1744675200
en,152116,MR CHIPS Mr Chips Potato Chips French Cheese Flavor Pack 12×21g,Supermarket///Retail///Breakfast & Snacks,MR CHIPS,Mini potato chips from Mr Chips with classic French Cheese flavor. Convenient 12-pack of 21g each  perfect for snacking anytime.,,17.5,17.50,g,21,8,0.0,https://images.todoorstep.com/product/178600943/Ar.jpg?t=1744675200
en,152118,MR CHIPS Mr Chips Potato Chips Ketchup Flavor Pack 12×21g,Supermarket///Retail///Breakfast & Snacks,MR CHIPS,Mini potato chips from Mr Chips with classic ketchup flavor. Convenient 12-pack of 21g each  perfect for snacking anytime.,,17.5,17.50,g,21,8,0.0,https://images.todoorstep.com/product/178600960/Ar.jpg?t=1744675200
en,152132,CARLESBERG Carlsberg Beer 6x330ml,Supermarket///Retail///Beverages,CARLESBERG,Carlsberg Beer 6x330ml  refreshing beer with a distinctive flavor and high quality.,,42.5,42.50,ML,330,6,0.0,https://images.todoorstep.com/product/179500451/Ar.jpg?t=1744675200
en,152136,FIELD DAY Field Day Frosty Flakes 24X17G,Supermarket///Retail///Breakfast & Snacks,FIELD DAY,Field Day Frosty Flakes 24x17g – Crunchy sugar-coated corn flakes.,,15.25,15.25,G,17,4,0.0,https://images.todoorstep.com/product/179551848/Ar.jpg?t=1744675200
en,152164,Rafa Water 20X250Ml,Supermarket///Retail///Beverages,Rafa,Rafa Water 20x250ml – Pack of pure drinking water bottles.,,10.25,10.25,ML,250,5,0.0,https://images.todoorstep.com/product/180800418/Ar.jpg?t=1744675200
en,152228,Dettol Floor Cleaner Lavender (3+ 1.8)L,Supermarket///Retail///Cleaning Products,Dettol,DETTOL FLOOR MULTIPURPOSE CLEANER LAVENDER 3L+1.8L (25%OFF),,82.0,82.00,ML,4.8,4,0.0,https://images.todoorstep.com/product/178350649/Ar.jpg?t=1744675200
en,152233,Dettol Floor Cleaner Lemon (3+ 1.8)L,Supermarket///Retail///Cleaning Products,Dettol,DETTOL FLOOR MULTIPURPOSE CLEANER LEMON 3L+1.8L (25%OFF),,82.0,82.00,ML,4.8,4,0.0,https://images.todoorstep.com/product/178350657/Ar.jpg?t=1744675200
en,152236,Dettol Floor Cleaner Pine (3+ 1.8)L,Supermarket///Retail///Cleaning Products,Dettol,DETTOL FLOOR MULTIPURPOSE CLEANER PINE 3L+1.8L (25%OFF),,82.0,82.00,ML,4.8,4,0.0,https://images.todoorstep.com/product/178350665/Ar.jpg?t=1744675200
en,152260,Shifa Mint Face & Body Scrub 500ml,Health & Beauty///Beauty///Personal Grooming,Shifa,Exfoliating scrub with mint for refreshed and smooth skin.,,18.5,18.50,ML,500,8,0.0,https://images.todoorstep.com/product/177500828/Ar.jpg?t=1744675200
en,152284,Baseus Pudding Fast Charging Cable,Supermarket///Retail///Care And Hygiene,Baseus,Pudding Fast Charging Cable,,34.0,34.00,PCS,1,3,0.0,https://images.todoorstep.com/product/179900657/Ar.jpg?t=1744675200
en,152287,Apple USB Type-C Charging Cable,Supermarket///Retail///Care And Hygiene,Apple,Durable Type-C cable for fast charging and data transfer.,,89.0,89.00,PCS,1,3,0.0,https://images.todoorstep.com/product/181300546/Ar.jpg?t=1744675200
en,152294,Goui Kigo 20 Power Bank 20000Mah Black,Supermarket///Retail///Care And Hygiene,Goui,Kigo 20 Power Bank 20000mAh Black – Large-capacity black power bank for multiple device charges.,,79.0,79,PCS,1,3,0.0,https://images.todoorstep.com/product/160950241/Ar.jpg?t=1744675200
en,152295,Goui Kigo 10 Power Bank 10000Mah Black,Supermarket///Retail///Care And Hygiene,Goui,Kigo 10 Power Bank 10000mAh Black – Compact black power bank with fast charging.,,49.0,49,PCS,1,3,0.0,https://images.todoorstep.com/product/160950232/Ar.jpg?t=1744675200
en,152296,Aukey Pro Power Bank 22.5W,Supermarket///Retail///Care And Hygiene,Aukey,Aukey Pro Power Bank 22.5W,,155.0,155.00,PC,1,3,0.0,https://images.todoorstep.com/product/164250250/Ar.jpg?t=1744675200
en,152297,Aukey Power Bank 20W Black,Supermarket///Retail///Care And Hygiene,Aukey,Aukey Power Bank 20W Black,,78.0,78.00,PC,1,3,0.0,https://images.todoorstep.com/product/167350125/Ar.jpg?t=1744675200
en,152298,Aukey Cable 1.8M Black,Supermarket///Retail///Care And Hygiene,Aukey,Aukey Cable 1.8M Black,,78.0,78.00,PC,1,3,0.0,https://images.todoorstep.com/product/167350176/Ar.jpg?t=1744675200
en,152299,Aukey Power Bank 20W PD 10000mAh White,Supermarket///Retail///Care And Hygiene,Aukey,Aukey 10000mAh power bank with 22.5W PD fast charging. Compact and portable design in black  compatible with smartphones  tablets  and other USB devices. Reliable  durable  and ideal for travel or daily use.,,129.0,129.00,PC,1,3,0.0,https://images.todoorstep.com/product/150300156/Ar.jpg?t=1744675200
en,152301,Aukey USB-A To Lightning Cable,Supermarket///Retail///Care And Hygiene,Aukey,Durable USB-A to Lightning cable for fast charging and data transfer. Compatible with iPhones  iPads  and other Apple devices. Flexible  tangle-free design ensures long-lasting use for everyday charging needs.,,59.0,59.00,PC,1,3,0.0,https://images.todoorstep.com/product/160800453/Ar.jpg?t=1744675200
en,152328,ASCENDA Ascenda Complementary Vanilla Milk 800g,Supermarket///Retail///Dairy,ASCENDA,Ascenda milk powder enriched with essential nutrients  supporting healthy growth and providing balanced nutrition.,,109.0,109.00,G,800,8,0.0,https://images.todoorstep.com/product/187251491/Ar.jpg?t=1753103011
en,152330,Babyjoy Wet Wipes Sensitive Skin 8x48pcs     ,Supermarket///Retail///Care And Hygiene,Babyjoy,BABYJOY WET WIPES SENSITIVE SKIN SAVING BOX 8X48 PCS,,68.5,68.50,PCS,48,8,0.0,https://images.todoorstep.com/product/168450136/Ar.jpg?t=1744675200
en,152350,Similac Stage 2 Infant Formula Promo Pack 2x800g,Supermarket///Retail///Dairy,Similac,Nutritional formula for babies  stage 2  in promo twin pack.,,212.0,212.00,G,800,8,0.0,https://images.todoorstep.com/product/180400393/Ar.jpg?t=1753103081
en,152353,WELEDA Weleda calendula baby bath 200ml,Supermarket///Retail///Care And Hygiene,WELEDA,"""Mild moisturising and calming lotion for delicate skin  Keep baby’s skin velvety-soft and support its natural functions with organic calendula extract. Weleda baby care – made with 50 years of know-how.""",,63.5,63.50,ML,200,8,0.0,https://images.todoorstep.com/product/187000659/Ar.jpg?t=1744675200
en,152354,WELEDA Weleda calendula baby body lotion 200ml,Supermarket///Retail///Care And Hygiene,WELEDA,Mild moisturising and calming lotion for delicate skin  Keep baby’s skin velvety-soft and support its natural functions with organic calendula extract. Weleda baby care – made with 50 years of know-how.,,63.5,63.50,ML,200,8,0.0,https://images.todoorstep.com/product/187000683/Ar.jpg?t=1744675200
en,152367,BELVOIR Belvoir Lime & Yuzu Mojito 750ml,Supermarket///Retail///Beverages,BELVOIR,Refreshing non-alcoholic lime & yuzu mojito.,,38.75,38.75,ML,750,8,0.0,https://images.todoorstep.com/product/189450688/Ar.jpg?t=1744675200
en,152368,BELVOIR Belvoir Peach Bellini 750ml,Supermarket///Retail///Beverages,BELVOIR,Non-alcoholic peach Bellini drink.,,38.75,38.75,ML,750,8,0.0,https://images.todoorstep.com/product/189450653/Ar.jpg?t=1744675200
en,152369,BELVOIR Belvoir Freshly Squeezed Lemonade 250ml,Supermarket///Retail///Beverages,BELVOIR,Freshly squeezed lemonade from Belvoir.,,20.5,20.50,ML,250,8,0.0,https://images.todoorstep.com/product/189450661/Ar.jpg?t=1744675200
en,152371,BELVOIR Belvoir Passionfruit Martini 750ml,Supermarket///Retail///Beverages,BELVOIR,Non-alcoholic passionfruit martini drink.,,38.75,38.75,ML,750,8,0.0,https://images.todoorstep.com/product/189450573/Ar.jpg?t=1744675200
en,152372,BELVOIR Belvoir Lime & Yuzu Mojito 250ml,Supermarket///Retail///Beverages,BELVOIR,Refreshing non-alcoholic mojito with lime & yuzu.,,13.25,13.25,ML,250,8,0.0,https://images.todoorstep.com/product/189450590/Ar.jpg?t=1744675200
en,152374,BELVOIR Belvoir Farm Lemonade 750ml,Supermarket///Retail///Beverages,BELVOIR,Classic sparkling lemonade from Belvoir.,,38.75,38.75,ML,750,8,0.0,https://images.todoorstep.com/product/189450611/Ar.jpg?t=1744675200
en,152382,Warheads Sour Green Apple 355Ml,Supermarket///Retail///Beverages,Warheads,Warheads Sour Green Apple 355ml – Sour green apple-flavored carbonated drink.,,14.25,14.25,ML,355,8,0.0,https://images.todoorstep.com/product/184350477/Ar.jpg?t=1744675200
en,152387,Warheads Sour Lemon 355Ml,Supermarket///Retail///Beverages,Warheads,Warheads Sour Lemon 355ml – Sour lemon-flavored carbonated drink.,,14.25,14.25,ML,355,8,0.0,https://images.todoorstep.com/product/184350442/Ar.jpg?t=1744675200
en,152535,Sooth Specialty Whole Coffee Beans Classic Blend 250g,Supermarket///Retail///Beverages,Sooth,Specialty coffee beans classic blend.,,70.0,70.00,G,250,8,0.0,https://images.todoorstep.com/product/186550595/Ar.jpg?t=1744675200
en,152536,Sooth Specialty Whole Coffee Beans Funky Blend 250g,Supermarket///Retail///Beverages,Sooth,Specialty coffee beans funky blend.,,70.0,70.00,G,250,8,0.0,https://images.todoorstep.com/product/186550579/Ar.jpg?t=1744675200
en,152538,Sooth Specialty Drip Coffee Bags Funky Blend 10x12g,Supermarket///Retail///Beverages,Sooth,Drip coffee bags with funky blend.,,55.0,55.00,G,12,8,0.0,https://images.todoorstep.com/product/186600581/Ar.jpg?t=1744675200
en,152539,Sooth Specialty Cold Brew Funky Blend 250ml,Supermarket///Retail///Beverages,Sooth,Cold brew coffee funky blend.,,10.95,10.95,ML,250,8,0.0,https://images.todoorstep.com/product/186550691/Ar.jpg?t=1744675200
en,152540,Sooth Specialty Cold Brew Classic Blend 250ml,Supermarket///Retail///Beverages,Sooth,Cold brew coffee classic blend.,,10.95,10.95,ML,250,8,0.0,https://images.todoorstep.com/product/186550624/Ar.jpg?t=1744675200
en,152544,Kafy Specialty Drip Coffee Kafy Blend 10x12g,Supermarket///Retail///Beverages,Kafy,Drip coffee bags Kafy blend.,,19.95,19.95,G,120,8,0.0,https://images.todoorstep.com/product/186550712/Ar.jpg?t=1744675200
en,152545,Kafy Specialty Drip Coffee Classic Blend 10x12g,Supermarket///Retail///Beverages,Kafy,Drip coffee bags classic blend.,,19.95,19.95,G,120,8,0.0,https://images.todoorstep.com/product/186550721/Ar.jpg?t=1744675200
en,152551,Coffesso Colombia Tinto Drip Coffee 5x10g,Supermarket///Retail///Beverages,Coffesso,Colombian origin drip coffee bags.,,21.0,21.00,G,10,8,0.0,https://images.todoorstep.com/product/185950554/Ar.jpg?t=1744675200
en,152552,Coffesso Ethiopia Origin Drip Coffee 5x10g,Supermarket///Retail///Beverages,Coffesso,Ethiopian origin drip coffee bags.,,21.0,21.00,G,10,8,0.0,https://images.todoorstep.com/product/185950546/Ar.jpg?t=1744675200
en,152553,Coffesso Brazil Alto Drip Coffee 5x10g,Supermarket///Retail///Beverages,Coffesso,Brazilian origin drip coffee bags.,,21.0,21.00,G,10,8,0.0,https://images.todoorstep.com/product/185950562/Ar.jpg?t=1744675200
en,152554,Coffesso Caramel Cream Drip Coffee 5x10g,Supermarket///Retail///Beverages,Coffesso,Caramel cream flavored drip coffee bags.,,21.0,21.00,G,10,8,0.0,https://images.todoorstep.com/product/185950538/Ar.jpg?t=1744675200
en,152577,"Dove DOVE MEN+CARE  Refreshing Cleansing Bar,   Extra Fresh,  3in1, for Body, Face & Shaving, with ¼ Moisturizing Cream, 100g",Health & Beauty///Beauty///Personal Grooming,Dove,DOVE MEN+CARE  Refreshing Cleansing Bar    Extra Fresh   3in1  for Body  Face & Shaving  with ¼ Moisturizing Cream  100g,,8.25,8.25,g,100,8,0.0,https://images.todoorstep.com/product/186401637/Ar.jpg?t=1757857344
en,152579,"Dove DOVE MEN+CARE  Cleansing Bar,  Clean Comfort,  3in1, for Body, Face & Shaving, with ¼ Moisturizing Cream, 100g",Health & Beauty///Beauty///Personal Grooming,Dove,DOVE MEN+CARE  Cleansing Bar   Clean Comfort   3in1  for Body  Face & Shaving  with ¼ Moisturizing Cream  100g,,8.25,8.25,g,100,8,0.0,https://images.todoorstep.com/product/186401653/Ar.jpg?t=1757857469
en,152580,"Dove Men+Care   Antiperspirant Deodorant Stick, 72H protection,  Sandalwood & Amber,   0% Aluminium, 74g",Health & Beauty///Beauty///Personal Grooming,Dove,<br/> ALL DAY PROTECTION POWERED BY NATURE: Try Dove Men+Care Antiperspirant Deodorant Stick to get all-day confidence with protection and comfortable skin. <br/> 72-HOUR SWEAT AND ODOR PROTECTION: Formulated with antiperspirant protection  this stick not only neutralizes odor with its woody fragrance but also helps control sweat for all-round care. <br/> CALMING SANDALWOOD AND AMBER FRAGRANCE: The antiperspirant deodorant for men features long-lasting  calming scents of sandalwood and amber to keep underarms fresh with a subtle fragrance. <br/> WITH MOISTURIZERS FOR EXCLUSIVE CARE  COMFORT: Crafted with ¼ moisturizing cream  this dermatologically proven mens deodorant is built to care for skin and provide comfortable underarms all day. <br/> FREE OF ALUMINIUM  PARABENS AND BAKING SODA: This deodorant perfume for men comes with a gentle formula  made to be skin-friendly with 0% aluminium  parabens and baking soda. <br/> DISCOVER OUR RANGE: Dove Men+Care Naturals Deodorants and Body Wash range is available in multiple variants and scents. Discover our entire range from body spray for men to sticks and roll-ons.,,31.75,31.75,g,74,8,0.0,https://images.todoorstep.com/product/186401670/Ar.jpg?t=1757857334
en,152584,"Dove DOVE MEN+CARE  Body Wash,  Relax, Eucalyptus and Cedar Oil, Contains Vitamin & Mineral Complex, 532ml",Health & Beauty///Beauty///Personal Grooming,Dove,DOVE MEN+CARE  Body Wash   Relax  Eucalyptus and Cedar Oil  Contains Vitamin & Mineral Complex  532ml,,47.0,47.00,ml,532,8,0.0,https://images.todoorstep.com/product/188807008/Ar.jpg?t=1757857350
en,152585,"Dove DOVE MEN+CARE  Cleansing Bar, Relax, 4in1, for Hair, Body, Face & Shaving, with Eucalyptus and Cedar Oil, 141g",Health & Beauty///Beauty///Personal Grooming,Dove,DOVE MEN+CARE  Cleansing Bar  Relax  4in1  for Hair  Body  Face & Shaving  with Eucalyptus and Cedar Oil  141g,,18.5,18.50,g,141,8,0.0,https://images.todoorstep.com/product/188850575/Ar.jpg?t=1757857330
en,152615,Skittles Wild Berry 152g,Supermarket///Retail///Breakfast & Snacks,Skittles,Wild berry mix Skittles candy pack.,,9.95,9.95,G,152,8,0.0,https://images.todoorstep.com/product/185100921/Ar.jpg?t=1752759959
en,152637,Acqua Panna Natural Mineral Water 500ml (Pack of 24),Supermarket///Retail///Beverages,Acqua Panna,Premium natural mineral water from Tuscany.,,164.0,164.00,ML,500,8,0.0,https://images.todoorstep.com/product/184700406/Ar.jpg?t=1755683496
en,152643,Acqua Panna Natural Mineral Water 6x1.5L,Supermarket///Retail///Beverages,Acqua Panna,Still natural water with a smooth taste  ideal for dining.,,89.0,89.00,L,1.5,4,0.0,https://images.todoorstep.com/product/184700431/Ar.jpg?t=1753611333
en,152644,Acqua Panna Natural Mineral Water 6x500ml,Supermarket///Retail///Beverages,Acqua Panna,Premium natural mineral water in portable bottles.,,48.0,48.00,ML,500,6,0.0,https://images.todoorstep.com/product/184700414/Ar.jpg?t=1754472696
en,152647,Baby Magic Baby Powder Original 250ml,Supermarket///Retail///Care And Hygiene,Baby Magic,Classic baby powder for soft  fresh skin.,,10.95,10.95,ML,250,8,0.0,https://images.todoorstep.com/product/189650719/Ar.jpg?t=1744675200
en,152648,Baby Magic Baby Oil Super Smoothness 450ml,Supermarket///Retail///Care And Hygiene,Baby Magic,Nourishing oil that hydrates skin  leaving it silky smooth.,,34.75,34.75,ML,450,8,0.0,https://images.todoorstep.com/product/189650760/Ar.jpg?t=1744675200
en,152651,Baby Magic Silky Touch Shampoo 450ml,Supermarket///Retail///Care And Hygiene,Baby Magic,Shampoo that softens and smooths hair with a silky touch.,,16.25,16.25,ML,450,8,0.0,https://images.todoorstep.com/product/189650735/Ar.jpg?t=1744675200
en,152654,Baby Magic Bath Spring Flower 450ml,Supermarket///Retail///Care And Hygiene,Baby Magic,Moisturizing baby bath wash with spring flower scent.,,27.5,27.50,ML,450,8,0.0,https://images.todoorstep.com/product/189650743/Ar.jpg?t=1744675200
en,152655,Baby Magic Bath Chamomile & Lavender 450ml,Supermarket///Retail///Care And Hygiene,Baby Magic,Calming baby bath with chamomile and lavender.,,28.75,28.75,ML,450,8,0.0,https://images.todoorstep.com/product/189650751/Ar.jpg?t=1754472599
en,152656,Baby Magic Bath Super Smoothness 450ml,Supermarket///Retail///Care And Hygiene,Baby Magic,Gentle baby bath wash for smooth and soft skin.,,23.5,23.50,ML,450,8,0.0,https://images.todoorstep.com/product/189650794/Ar.jpg?t=1744675200
en,152657,Baby Magic Lotion Chamomile & Lavender 450ml,Supermarket///Retail///Care And Hygiene,Baby Magic,Baby lotion for softness and calm skin with chamomile & lavender.,,28.75,28.75,ML,450,8,0.0,https://images.todoorstep.com/product/189650786/Ar.jpg?t=1744675200
en,152663,ROYAL FORD RoyalFord Thermos 500ml,Home & Gardening///Home///Kitchen Items,ROYAL FORD,RoyalFord 500ml vacuum thermos keeps beverages hot or cold for hours. Made with durable materials  leak-proof lid  and sleek design  perfect for home  office  travel  or outdoor activities.,,40.0,40,PC,1,8,0.0,https://images.todoorstep.com/product/142300527/Ar.jpg?t=1744675200
en,152668,ROYAL FORD RoyalFord Thermos 1.6 Liter,Home & Gardening///Home///Kitchen Items,ROYAL FORD,RoyalFord 1.6 liter vacuum thermos keeps beverages hot or cold for hours. Made with durable materials  leak-proof lid  and sleek design  perfect for home  office  travel  or outdoor activities.,,80.0,80.00,PC,1,8,0.0,https://images.todoorstep.com/product/142650236/Ar.jpg?t=1744675200
en,152669,ROYAL FORD RoyalFord Marble Termos Tea & Coffee Set Of 2-Piece,Home & Gardening///Home///Kitchen Items,ROYAL FORD,RoyalFord 2-piece marble tea & coffee set. Stylish and durable  perfect for serving hot beverages in style. Made from high-quality materials with an elegant marble finish  ideal for home  office  or gifting.,,101.0,101.00,PC,1,8,0.0,https://images.todoorstep.com/product/142650244/Ar.jpg?t=1744675200
en,152671,ROYAL FORD RoyalFord Ironing Board Turkey Design,Supermarket///Retail///Cleaning Products,ROYAL FORD,RoyalFord ironing board with Turkey-themed design. Sturdy metal frame  adjustable height  heat-resistant cover  and foldable for easy storage. Ideal for comfortable and efficient ironing at home.,,144.0,144.00,PC,1,8,0.0,https://images.todoorstep.com/product/147700263/Ar.jpg?t=1744675200
en,152672,ROYAL FORD RoyalFord Metal Cloth Drying Rack,Supermarket///Retail///Cleaning Products,ROYAL FORD,RoyalFord metal cloth drying rack  durable and sturdy for indoor and outdoor use. Perfect for drying clothes efficiently with strong construction and compact design for easy storage.,,59.95,59.95,PC,1,8,0.0,https://images.todoorstep.com/product/147700271/Ar.jpg?t=1744675200
en,152673,ROYAL FORD RoyalFord Jennah Thermos 1 Liter,Home & Gardening///Home///Kitchen Items,ROYAL FORD,RoyalFord ـJennah 1-liter vacuum thermos keeps beverages hot or cold for hours. Made with durable materials  leak-proof lid  and sleek design  perfect for home  office  travel  or outdoor activities.,,28.0,28.00,PC,1,8,0.0,https://images.todoorstep.com/product/162800115/Ar.jpg?t=1744675200
en,152675,ROYAL FORD RoyalFord Glass Water Bottle 500ml,Home & Gardening///Home///Kitchen Items,ROYAL FORD,RoyalFord 500ml glass water bottle. Made from high-quality  durable glass with a leak-proof cap. Ideal for home  office  gym  or outdoor use. Sleek  eco-friendly design for safe and healthy hydration.,,10.0,10.00,PC,1,8,0.0,https://images.todoorstep.com/product/162800174/Ar.jpg?t=1744675200
en,152681,ROYAL FORD RoyalFord Haya Thermos 1 Liter,Home & Gardening///Home///Kitchen Items,ROYAL FORD,RoyalFord Haya 1-liter vacuum thermos keeps beverages hot or cold for hours. Made with durable materials  leak-proof lid  and sleek design  perfect for home  office  travel  or outdoor activities.,,49.0,49.00,PC,1,8,0.0,https://images.todoorstep.com/product/174650935/Ar.jpg?t=1744675200
en,152682,ROYAL FORD RoyalFord Hala Thermos 1 Liter,Home & Gardening///Home///Kitchen Items,ROYAL FORD,RoyalFord Hala 1-liter vacuum thermos keeps beverages hot or cold for hours. Made with durable materials  leak-proof lid  and sleek design  perfect for home  office  travel  or outdoor activities.,,49.0,49.00,PC,1,8,0.0,https://images.todoorstep.com/product/174650994/Ar.jpg?t=1744675200
en,152683,ROYAL FORD RoyalFord Hani Thermos 1 Liter,Home & Gardening///Home///Kitchen Items,ROYAL FORD,RoyalFord Hani 1-liter vacuum thermos keeps beverages hot or cold for hours. Made with durable materials  leak-proof lid  and sleek design  perfect for home  office  travel  or outdoor activities.,,49.0,49.00,PC,1,8,0.0,https://images.todoorstep.com/product/174651022/Ar.jpg?t=1744675200
en,152684,ROYAL FORD RoyalFord Hadi Thermos 1 Liter,Home & Gardening///Home///Kitchen Items,ROYAL FORD,RoyalFord Hadi 1-liter vacuum thermos keeps beverages hot or cold for hours. Made with durable materials  leak-proof lid  and sleek design  perfect for home  office  travel  or outdoor activities.,,49.0,49.00,PC,1,8,0.0,https://images.todoorstep.com/product/174651065/Ar.jpg?t=1744675200
en,152685,"ROYAL FORD RoyalFord Ironing Board 34 × 110 cm

",Supermarket///Retail///Cleaning Products,ROYAL FORD,RoyalFord ironing board  34 × 110 cm  designed for stability and convenience. Sturdy metal frame with adjustable height  heat-resistant cover  and foldable design for easy storage. Ideal for efficient and comfortable ironing at home.,,109.0,109.00,PC,1,8,0.0,https://images.todoorstep.com/product/184000389/Ar.jpg?t=1744675200
en,152686,ROYAL FORD RoyalFord Inner Lid for Aluminum Pressure Cooker – 5L & 3L,Home & Gardening///Home///Kitchen Items,ROYAL FORD,RoyalFord inner lid compatible with 5L and 3L aluminum pressure cookers. Made from high-quality aluminum for durability and safe cooking. Ensures proper sealing and pressure retention for efficient cooking performance.,,165.0,165.00,PC,1,8,0.0,https://images.todoorstep.com/product/184300373/Ar.jpg?t=1744675200
en,152687,ROYAL FORD RoyalFord Non-Stick Cookware Set Of 10-Piece ,Home & Gardening///Home///Kitchen Items,ROYAL FORD,RoyalFord 10-piece non-stick cookware set featuring durable pots and pans for effortless cooking and easy cleaning. Made from high-quality materials with non-stick coating for healthy  low-oil cooking. Ergonomic handles ensure safe and comfortable handling—ideal for everyday kitchen use.,,249.0,249.00,PC,1,8,0.0,https://images.todoorstep.com/product/186601196/Ar.jpg?t=1744675200
en,152688,ROYAL FORD RoyalFord 7-Piece Forged Cookware Set,Home & Gardening///Home///Kitchen Items,ROYAL FORD,RoyalFord 7-piece forged cookware set includes durable pots and pans with a premium non-stick coating for effortless cooking and cleaning. Designed with forged aluminum for even heat distribution and long-lasting performance. Ergonomic handles ensure safe and comfortable use—perfect for all kitchen needs.,,149.0,149.00,PC,1,8,0.0,https://images.todoorstep.com/product/186601233/Ar.jpg?t=1744675200
en,152689,ROYAL FORD RoyalFord 2-Piece Non-Stick Aluminum Frypan Set 22cm & 26cm,Home & Gardening///Home///Kitchen Items,ROYAL FORD,RoyalFord 2-piece non-stick aluminum frypan set includes 22cm and 26cm pans. Made from durable aluminum with a high-quality non-stick coating for easy cooking and cleaning. Ergonomic handles ensure a comfortable grip—ideal for everyday cooking.,,39.99,39.99,PC,1,8,0.0,https://images.todoorstep.com/product/186601225/Ar.jpg?t=1744675200
en,152690,ROYAL FORD RoyalFord 2-Piece Non-Stick Aluminum Frypan Set 20cm & 24cm,Home & Gardening///Home///Kitchen Items,ROYAL FORD,RoyalFord 2-piece non-stick aluminum frypan set includes 20cm and 24cm pans. Made from durable aluminum with a high-quality non-stick coating for easy cooking and cleaning. Ergonomic handles ensure a comfortable grip—ideal for everyday cooking.,,36.79,36.79,PC,1,8,0.0,https://images.todoorstep.com/product/186601209/Ar.jpg?t=1744675200
en,152691,Delcasa 9-Piece Cookware Set Black,Home & Gardening///Home///Kitchen Items,Delcasa,Non-stick 9-piece cookware set including pots and pans with heat-resistant handles  ideal for everyday cooking.,,220.0,220.00,PCS,1,8,0.0,https://images.todoorstep.com/product/142650308/Ar.jpg?t=1744675200
en,152692,Delcasa Aluminum Cloth Dryer 18M,Supermarket///Retail///Cleaning Products,Delcasa,Durable aluminum clothes drying rack with 18 meters of drying space  suitable for indoor and outdoor use.,,64.0,64,PCS,1,8,0.0,https://images.todoorstep.com/product/147700298/Ar.jpg?t=1744675200
en,152694,Delcasa Stainless Steel Swivel Peeler 21X2.8 cm,Home & Gardening///Home///Kitchen Items,Delcasa,Delcasa Rotary Peeler 21×2.8 cm  efficiently peels vegetables and fruits.,,7.25,7.25,PCS,1,8,0.0,https://images.todoorstep.com/product/174650433/Ar.jpg?t=1744675200
en,152697,Delcasa Stainless Steel Garlic Press 19.8X6.5 cm,Home & Gardening///Home///Kitchen Items,Delcasa,Delcasa Garlic Press 19.8×6.5 cm  allows fast and easy crushing of garlic  with wide openings for complete extraction of minced garlic.,,18.0,18.00,PCS,1,8,0.0,https://images.todoorstep.com/product/174650396/Ar.jpg?t=1744675200
en,152698,Delcasa Stainless Steel Slotted Turner 33.5X8.8 cm,Home & Gardening///Home///Kitchen Items,Delcasa,Delcasa Slotted Spoon 33.5×8.8 cm  designed for draining foods like legumes or cooked vegetables  with a practical and sturdy design.,,12.0,12.00,PCS,1,8,0.0,https://images.todoorstep.com/product/174650425/Ar.jpg?t=1744675200
en,152699,"Delcasa 9"" Nylon Food Tong",Home & Gardening///Home///Kitchen Items,Delcasa,Delcasa 9-Inch Nylon Food Tongs  practical and comfortable for daily use  heat-resistant and provides excellent control.,,10.0,10.00,PCS,1,8,0.0,https://images.todoorstep.com/product/174650370/Ar.jpg?t=1744675200
en,152700,"Delcasa 12"" Nylon Food Tong",Home & Gardening///Home///Kitchen Items,Delcasa,Delcasa 12-Inch Nylon Food Tongs  perfect for flipping and lifting hot food safely while cooking on pans or grills.,,11.0,11.00,PCS,1,8,0.0,https://images.todoorstep.com/product/174650388/Ar.jpg?t=1744675200
en,152701,Delcasa 10 cm Stainless Steel Strainer,Home & Gardening///Home///Kitchen Items,Delcasa,Delcasa Small Strainer 10 cm  ideal for draining liquids from cooked foods like pasta or vegetables with ease.,,15.0,15.00,PCS,1,8,0.0,https://images.todoorstep.com/product/174650417/Ar.jpg?t=1744675200
en,152702,"Delcasa 9"" Kitchen Scissors",Home & Gardening///Home///Kitchen Items,Delcasa,Delcasa 9-Inch Kitchen Scissors  suitable for daily prep tasks such as cutting vegetables  meats  and herbs.,,14.75,14.75,PCS,1,8,0.0,https://images.todoorstep.com/product/174650564/Ar.jpg?t=1744675200
en,152703,Delcasa 3 Stage Knife Sharpener,Home & Gardening///Home///Kitchen Items,Delcasa,Delcasa 3-Stage Knife Sharpener  keeps knives sharp at all times  ensuring excellent performance for slicing and prepping food.,,19.0,19.00,PCS,1,8,0.0,https://images.todoorstep.com/product/174650548/Ar.jpg?t=1744675200
en,152704,Delcasa 6 pcs Stainless Steel Table Forks,Home & Gardening///Home///Kitchen Items,Delcasa,Delcasa 6-Piece Table Fork Set  high-quality and durable  perfect for daily dining with an elegant and comfortable design for easy use.,,13.0,13.00,PCS,6,8,0.0,https://images.todoorstep.com/product/174650556/Ar.jpg?t=1744675200
en,152705,Delcasa 3 in 1 Kitchen Scissors,Home & Gardening///Home///Kitchen Items,Delcasa,Delcasa 3-in-1 Kitchen Scissors  versatile and designed for easily and safely cutting vegetables  fruits  and meat during meal preparation.,,11.5,11.50,PCS,1,8,0.0,https://images.todoorstep.com/product/174650572/Ar.jpg?t=1744675200
en,152706,Delcasa Ice Cube Tray,Home & Gardening///Home///Kitchen Items,Delcasa,Delcasa ice cube tray  practical for making ice and cold drinks,,6.5,6.50,PCS,1,8,0.0,https://images.todoorstep.com/product/174650581/Ar.jpg?t=1744675200
en,152707,Delcasa Stainless Steel Knife Sharpener,Home & Gardening///Home///Kitchen Items,Delcasa,Delcasa stainless steel knife sharpener to maintain knife sharpness and longevity,,14.0,14.00,PCS,1,8,0.0,https://images.todoorstep.com/product/174650530/Ar.jpg?t=1744675200
en,152708,Delcasa Stainless Steel Tea Strainer 23.5X7 cm,Home & Gardening///Home///Kitchen Items,Delcasa,Delcasa stainless steel tea strainer 23.5×7 cm  ideal for tea and herbs,,12.0,12.00,PCS,1,8,0.0,https://images.todoorstep.com/product/174650610/Ar.jpg?t=1744675200
en,152709,Delcasa Nylon Skimmer,Home & Gardening///Home///Kitchen Items,Delcasa,Delcasa Nylon Skimmer,,7.0,7.00,PCS,1,8,0.0,https://images.todoorstep.com/product/174650708/Ar.jpg?t=1744675200
en,152710,Delcasa 3 pcs Paring Knife Set,Home & Gardening///Home///Kitchen Items,Delcasa,Delcasa set of 3 paring knives  perfect for precise cutting and preparation,,6.25,6.25,PCS,3,8,0.0,https://images.todoorstep.com/product/174650741/Ar.jpg?t=1744675200
en,152711,Delcasa Kitchen Scissors,Home & Gardening///Home///Kitchen Items,Delcasa,Delcasa strong kitchen scissors  easy to use for all types of food,,14.75,14.75,PCS,1,8,0.0,https://images.todoorstep.com/product/174650767/Ar.jpg?t=1744675200
en,152712,Delcasa Stainless Steel Fish Peeler 20.5X3.5 cm,Home & Gardening///Home///Kitchen Items,Delcasa,Delcasa stainless steel fish peeler 20.5×3.5 cm for easy fish cleaning and peeling,,7.5,7.50,PCS,1,8,0.0,https://images.todoorstep.com/product/174650724/Ar.jpg?t=1744675200
en,152713,Delcasa Stainless Steel Table Spoons 6 pcs ,Home & Gardening///Home///Kitchen Items,Delcasa,Delcasa set of 6 stainless steel table spoons  durable and high-quality for everyday use,,13.0,13.00,PCS,1,8,0.0,https://images.todoorstep.com/product/174650732/Ar.jpg?t=1744675200
en,152714,Delcasa Silicon Spatula and Brush Set,Home & Gardening///Home///Kitchen Items,Delcasa,Delcasa heat-resistant silicone spatula and brush set for baking and cooking,,13.0,13.00,PCS,1,8,0.0,https://images.todoorstep.com/product/174650716/Ar.jpg?t=1744675200
en,152715,Delcasa Kitchen Scissor,Home & Gardening///Home///Kitchen Items,Delcasa,Delcasa versatile kitchen scissors for cutting vegetables and meat,,13.0,13.00,PCS,1,8,0.0,https://images.todoorstep.com/product/174650759/Ar.jpg?t=1744675200
en,152717,Delcasa Nylon Slotted Turner,Home & Gardening///Home///Kitchen Items,Delcasa,Delcasa slotted nylon spoon for easy stirring and flipping of food,,7.0,7.00,PCS,1,8,0.0,https://images.todoorstep.com/product/174650791/Ar.jpg?t=1744675200
en,152718,Delcasa Nylon Ladle,Home & Gardening///Home///Kitchen Items,Delcasa,Delcasa sturdy nylon ladle  practical for daily kitchen use,,7.0,7.00,PCS,1,8,0.0,https://images.todoorstep.com/product/174650839/Ar.jpg?t=1744675200
en,152719,Delcasa Nylon Serving Spoon,Home & Gardening///Home///Kitchen Items,Delcasa,Delkasa Nylon Serving Spoon  suitable for non-stick cookware  heat-resistant and easy to use  ideal for serving food safely and beautifully.,,7.0,7.00,PCS,1,8,0.0,https://images.todoorstep.com/product/174650821/Ar.jpg?t=1744675200
en,152720,Delcasa Stainless Steel Grater 26.5X6CM,Home & Gardening///Home///Kitchen Items,Delcasa,Delkasa Ginger Grater 26.5×6 cm  perfect for finely grating ginger  garlic  and vegetables quickly  with an ergonomic  easy-to-clean design.,,8.75,8.75,PCS,1,8,0.0,https://images.todoorstep.com/product/174650783/Ar.jpg?t=1744675200
en,152721,Delcasa 6 PCS Stainless Steel Table Knife,Home & Gardening///Home///Kitchen Items,Delcasa,Delkasa Set of 6 Table Knives  practical and durable for everyday use  with sharp  comfortable edges suitable for all types of food.,,18.0,18.00,PCS,6,8,0.0,https://images.todoorstep.com/product/174650804/Ar.jpg?t=1744675200
en,152722,Delcasa 15CM Stainless Steel Strainer PCS,Home & Gardening///Home///Kitchen Items,Delcasa,Delkasa Strainer 15 cm  ideal for straining liquids and solids  designed to fit various pots and simplify daily kitchen tasks.,,22.5,22.50,PCS,1,8,0.0,https://images.todoorstep.com/product/174650812/Ar.jpg?t=1744675200
en,152723,Delcasa 4-Sided Box Cheese Grater Stainless Steel,Home & Gardening///Home///Kitchen Items,Delcasa,Delkasa 4-Sided Cheese Grater  efficient for grating cheese and vegetables in different styles  with a safe  ergonomic design and smooth  easy-to-clean edges.,,16.75,16.75,PCS,1,8,0.0,https://images.todoorstep.com/product/174650863/Ar.jpg?t=1744675200
en,152724,Delcasa Multi Opener 21.5X5.5CM,Home & Gardening///Home///Kitchen Items,Delcasa,Delkasa Multi-Purpose Can Opener 21.5×5.5 cm  practical and reliable for opening all types of cans easily and safely  built for long-lasting use.,,19.0,19.00,PCS,1,8,0.0,https://images.todoorstep.com/product/174650880/Ar.jpg?t=1744675200
en,152725,Delcasa Stainless Steel Triangle Peeler 18.5X5.8CM,Home & Gardening///Home///Kitchen Items,Delcasa,Delkasa Peeler 18.5×5.8 cm  for quick and easy peeling of fruits and vegetables  with a comfortable anti-slip design for safe use.,,8.75,8.75,PCS,1,8,0.0,https://images.todoorstep.com/product/174650919/Ar.jpg?t=1744675200
en,152728,Delcasa 6 PCS Stainless Steel Tea Spoon,Home & Gardening///Home///Kitchen Items,Delcasa,Delkasa Set of 6 Teaspoons  designed for daily use  durable and easy to clean  suitable for all types of drinks and foods.,,10.0,10.00,PCS,6,8,0.0,https://images.todoorstep.com/product/174650855/Ar.jpg?t=1744675200
en,152729,Delcasa 3-in-1 Kitchen Scissor ,Home & Gardening///Home///Kitchen Items,Delcasa,Delkasa 3-in-1 Kitchen Scissors  practical and multi-purpose for cutting  slicing  and opening cans  featuring an ergonomic handle for everyday kitchen tasks.,,9.5,9.50,PCS,1,8,0.0,https://images.todoorstep.com/product/174650871/Ar.jpg?t=1744675200
en,152730,Delcasa 9 4-Slide Stainless Steel Tower Grater,Home & Gardening///Home///Kitchen Items,Delcasa,Delkasa Rotary Grater 4-Sided  9 inches  perfect for grating vegetables  fruits  and cheese  with a practical design for easy use and cleaning.,,16.75,16.75,PCS,1,8,0.0,https://images.todoorstep.com/product/174650943/Ar.jpg?t=1744675200
en,152731,Delcasa Nylon Turner,Home & Gardening///Home///Kitchen Items,Delcasa,Delkasa Nylon Spoon  versatile for cooking and serving  heat-resistant and easy to clean  ideal for stirring and serving food without scratching cookware.,,7.0,7.00,PCS,1,8,0.0,https://images.todoorstep.com/product/174650978/Ar.jpg?t=1744675200
en,152732,Delcasa Nylon Brush 21X4CM,Home & Gardening///Home///Kitchen Items,Delcasa,Delkasa Nylon Brush  21×4 cm  perfect for basting or various kitchen tasks,,7.25,7.25,PCS,1,8,0.0,https://images.todoorstep.com/product/174650927/Ar.jpg?t=1744675200
en,152734,Delcasa Hand Blender 5X Faster,Home & Gardening///Home///Kitchen Items,Delcasa,Delkasa Hand Blender  5 times faster  for quick and efficient mixing,,10.0,10.00,PCS,1,8,0.0,https://images.todoorstep.com/product/174650960/Ar.jpg?t=1744675200
en,152735,Delcasa Stainless Steel Rice Spoon 25X7.8CM,Home & Gardening///Home///Kitchen Items,Delcasa,Delkasa Rice Spoon  25×7.8 cm  for serving rice without sticking,,10.5,10.50,PCS,1,8,0.0,https://images.todoorstep.com/product/174650986/Ar.jpg?t=1744675200
en,152737,Delcasa Stainless Steel Zucchini Corer 25.5X2.8CM,Home & Gardening///Home///Kitchen Items,Delcasa,Delkasa Zucchini Scooper  25.5×2.8 cm  for quick zucchini preparation,,7.0,7.00,PCS,1,8,0.0,https://images.todoorstep.com/product/174651057/Ar.jpg?t=1744675200
en,152738,Delcasa Stainless Steel Skimmer 35.5X11.3CM,Home & Gardening///Home///Kitchen Items,Delcasa,Delkasa Peeler  35.5×11.3 cm  for easy peeling of vegetables and fruits,,14.75,14.75,PCS,1,8,0.0,https://images.todoorstep.com/product/174651073/Ar.jpg?t=1744675200
en,152739,Delcasa Stainless Steel Mocca Spoon 6 PCS,Home & Gardening///Home///Kitchen Items,Delcasa,Delkasa Set of 6 Mocha Spoons  durable and practical for everyday use,,8.0,8.00,PCS,6,8,0.0,https://images.todoorstep.com/product/174651006/Ar.jpg?t=1744675200
en,152740,Delcasa 18CM Stainless Steel Strainer ,Home & Gardening///Home///Kitchen Items,Delcasa,Delkasa Strainer  18 cm  efficient for draining liquids,,25.25,25.25,PCS,1,8,0.0,https://images.todoorstep.com/product/174651049/Ar.jpg?t=1744675200
en,152742,Delcasa Stainless Steel Pizza Cutter 21.5X7.5CM,Home & Gardening///Home///Kitchen Items,Delcasa,Delkasa Pizza Cutter  21.5×7.5 cm  for precise and easy pizza slicing,,8.75,8.75,PCS,1,8,0.0,https://images.todoorstep.com/product/174651081/Ar.jpg?t=1744675200
en,152743,Delcasa Stainless Steel Soup Ladle 30X8.8CM,Home & Gardening///Home///Kitchen Items,Delcasa,Delkasa Soup Ladle  30×8.8 cm  ideal for serving soups easily,,14.75,14.75,PCS,1,8,0.0,https://images.todoorstep.com/product/174651090/Ar.jpg?t=1744675200
en,152744,Bister Kitchen Wear Plastic Thermos 1L,Home & Gardening///Home///Kitchen Items,Bister,Bister 1-liter Thermos designed to keep beverages hot or cold for hours. Features durable construction  secure leak-proof lid  and sleek design—perfect for home  office  travel  or outdoor activities.,,25.0,25.00,PC,1,8,0.0,https://images.todoorstep.com/product/176700377/Ar.jpg?t=1744675200
en,152745,Bister BISTER 3PCS REC.PLASTIC RESIN DEEP TRAY ASSORTED PCS,Home & Gardening///Home///Kitchen Items,Bister,BISTER 3PCS REC.PLASTIC RESIN DEEP TRAY ASSORTED PCS,,40.0,40.00,PC,1,8,0.0,https://images.todoorstep.com/product/182401445/Ar.jpg?t=1744675200
en,152748,"Tefal Steam Iron, 1 L Water Tank, 1200W, Non-Stick Soleplate, Blue",Home & Gardening///Home///Cleaning Products,Tefal,TFFV1941M0--Tefal Steam Iron  1 L Water Tank  1200Watts  Non-Stick Soleplate  220-240V  Blue,,79.0,79,PCS,1,8,0.0,https://images.todoorstep.com/product/139550613/Ar.jpg?t=1755128678
en,152749,"Tefal Pro Style Garment Steamer, 1800W, 2 Steam Settings, Black",Home & Gardening///Home///Cleaning Products,Tefal,Tefal Pro Style Garment Steamer  1800Watts  2 Steam Settings  Black,,209.0,209,PCS,1,8,0.0,https://images.todoorstep.com/product/139550630/Ar.jpg?t=1755131068
en,152750,"Tefal Handstick Vacuum Cleaner ,Ultra-Lightweight, 5.3 L,140 W, ‎Grey \ Purple",Home & Gardening///Home///Cleaning Products,Tefal,Tefal Handstick Vacuum Cleaner  Ultra-Lightweight  Long-Lasting Battery  5.3 L 140 W   ‎Grey & Purple,,649.0,649,PCS,1,8,0.0,https://images.todoorstep.com/product/184951213/Ar.jpg?t=1755130792
en,152751,"Tefal Classical Plus, Dry Iron, 1200 W for Fast Heat-Up, Easy-Gliding Soleplate",Home & Gardening///Home///Cleaning Products,Tefal,Classical Plus  Dry Iron  1200 W for Fast Heat-Up  Easy-Gliding Soleplate,,59.0,59,PCS,1,8,0.0,https://images.todoorstep.com/product/184951272/Ar.jpg?t=1755130691
en,152756,Prestige Stainless Steel  Cooking Pots 12-Piece Set,Home & Gardening///Home///Kitchen Items,Prestige,High-quality Prestige 12-piece stainless steel cooking pot set  designed for even heat distribution and long-lasting durability. Suitable for all stovetops  easy to clean  and perfect for everyday cooking.,,420.0,420.00,PC,1,8,0.0,https://images.todoorstep.com/product/184201658/Ar.jpg?t=1744675200
en,152757,Prestige Stainless Steel Cooking Pots 9-Piece Set,Home & Gardening///Home///Kitchen Items,Prestige,High-quality Prestige 9-piece stainless steel cooking pot set  designed for even heat distribution and long-lasting durability. Suitable for all stovetops  easy to clean  and perfect for everyday cooking.,,350.0,350.00,PC,1,8,0.0,https://images.todoorstep.com/product/184201666/Ar.jpg?t=1744675200
en,152758,"Mistercook Cookware Set with Stainless Steel Lids 28cm, 4 Pcs",Home & Gardening///Home///Kitchen Items,Mistercook,Mistercook Cookware Set with Stainless Steel Lids 28cm  4 Pieces  perfect for everyday cooking and safe  convenient food serving,,134.0,134.00,PCS,4,8,0.0,https://images.todoorstep.com/product/164600256/Ar.jpg?t=1744675200
en,152761,LocknLock Lock & Lock Rectangular Tall Food Container 1.5L ,Home & Gardening///Home///Kitchen Items,LocknLock,Lock & Lock Rectangular Tall Food Container 1.5L  durable and convenient for everyday use,,17.0,17.00,L,1.5,8,0.0,https://images.todoorstep.com/product/143050128/Ar.jpg?t=1744675200
en,152762,LocknLock Lock & Lock Rectangular Tall Food Container – 1.8 L,Home & Gardening///Home///Kitchen Items,LocknLock,Lock & Lock 1.8 L Rectangular Tall Food Container is durable  airtight  and perfect for keeping food fresh and neatly stored.,,18.0,18.00,PCS,1,8,0.0,https://images.todoorstep.com/product/143050144/Ar.jpg?t=1744675200
en,152763,LocknLock Lock & Lock Rectangular Tall Food Container – 2.4 L,Home & Gardening///Home///Kitchen Items,LocknLock,Lock & Lock 2.4 L Rectangular Tall Food Container sturdy  airtight  and ideal for fresh and organized food storage.,,23.0,23.00,PCS,1,8,0.0,https://images.todoorstep.com/product/143050152/Ar.jpg?t=1744675200
en,152765,LocknLock Lock & Lock Square Tall Food Container – 4.0 L,Home & Gardening///Home///Kitchen Items,LocknLock,Lock & Lock 4.0 L Square Tall Food Container  sturdy  airtight  and perfect for storing food fresh and neatly.,,28.0,28.00,PCS,1,8,0.0,https://images.todoorstep.com/product/143050208/Ar.jpg?t=1744675200
en,152766,LocknLock Lock & Lock Round Tall Food Container – 1.4 L,Home & Gardening///Home///Kitchen Items,LocknLock,Lock & Lock 1.4 L Round Tall Food Container durable  airtight  and ideal for keeping food fresh and organized.,,14.5,14.50,PCS,1,8,0.0,https://images.todoorstep.com/product/143050216/Ar.jpg?t=1744675200
en,152767,LocknLock Lock & Lock Rectangular Tall Container with Handle & Tray – 10 L,Home & Gardening///Home///Kitchen Items,LocknLock,Lock & Lock 10 L Tall Container with Handle & Tray sturdy  airtight  and convenient for carrying and organizing food.,,91.0,91.00,PCS,1,8,0.0,https://images.todoorstep.com/product/143050232/Ar.jpg?t=1744675200
en,152768,LocknLock Lock & Lock Rectangular Tall Container with Handle & Tray – 12 L,Home & Gardening///Home///Kitchen Items,LocknLock,Lock & Lock 12 L Tall Container with Handle & Tray  durable  airtight  and easy to carry.,,97.0,97.00,PCS,1,8,0.0,https://images.todoorstep.com/product/143050241/Ar.jpg?t=1744675200
en,152770,LocknLock Lock & Lock Slender Flip-Top Container – 3.4 L,Home & Gardening///Home///Kitchen Items,LocknLock,Lock & Lock Slender Flip-Top Container (3.4 L) is a sleek  space-saving storage solution with a convenient flip-top lid for easy access. Made from durable  BPA-free materials  perfect for keeping dry foods fresh and organized.,,44.0,44.00,PCS,1,8,0.0,https://images.todoorstep.com/product/143050275/Ar.jpg?t=1744675200
en,152771,LocknLock Lock & Lock Rectangular Tall Food Container with Tray – 2.0 L,Home & Gardening///Home///Kitchen Items,LocknLock,The Lock & Lock Rectangular Tall Food Container with Tray (2.0 L) is designed for versatile and convenient food storage. Made from durable  BPA-free materials  it features a tall rectangular shape with an included tray to separate different foods or keep ingredients organized. The airtight and leak-proof lid ensures your food stays fresh and secure  making it ideal for meal prepping  leftovers  or snacks. Easy to clean and stackable  perfect for kitchen organization and on-the-go use.,,24.0,24.00,PCS,1,8,0.0,https://images.todoorstep.com/product/143050291/Ar.jpg?t=1744675200
en,152772,LocknLock Lock & Lock Rectangular Tall Food Container 1.6L Tray ,Home & Gardening///Home///Kitchen Items,LocknLock,Lock & Lock Rectangular Tall Food Container 1.6L with Tray  practical for organized food storage,,32.0,32.00,L,1.6,8,0.0,https://images.todoorstep.com/product/143050304/Ar.jpg?t=1744675200
en,152778,LocknLock Lock & Lock SoundLock Square PP Container 260ML White Cap ,Home & Gardening///Home///Kitchen Items,LocknLock,Lock & Lock SoundLock Square PP Container 260ML with White Cap  airtight and perfect for keeping food fresh,,10.0,10.00,ml,260,8,0.0,https://images.todoorstep.com/product/143050611/Ar.jpg?t=1744675200
en,152785,Cosmoplast Step-On Waste Bin 20L,Supermarket///Retail///Cleaning Products,Cosmoplast,Cosmoplast Step-On Waste Bin 20L  perfect for smaller spaces,,40.0,40.00,PCS,1,8,0.0,https://images.todoorstep.com/product/181051130/Ar.jpg?t=1744675200
en,152786,Cosmoplast Funnel Small,Supermarket///Retail///Cleaning Products,Cosmoplast,Cosmoplast Small Funnel  suitable for pouring liquids and dry materials easily,,1.5,1.50,PCS,1,8,0.0,https://images.todoorstep.com/product/181051156/Ar.jpg?t=1744675200
en,152787,Cosmoplast Step-On Waste Bin 80L,Supermarket///Retail///Cleaning Products,Cosmoplast,Cosmoplast Step-On Waste Bin 80L  durable and practical design for homes or offices,,125.0,125.00,PCS,1,8,0.0,https://images.todoorstep.com/product/181051105/Ar.jpg?t=1744675200
en,152788,Cosmoplast Step-On Waste Bin 50L,Supermarket///Retail///Cleaning Products,Cosmoplast,Cosmoplast Step-On Waste Bin 50L  easy to use and clean,,80.0,80.00,PCS,1,8,0.0,https://images.todoorstep.com/product/181051121/Ar.jpg?t=1744675200
en,152789,Cosmoplast Fruit Tray Small,Supermarket///Retail///Household Products,Cosmoplast,Cosmoplast Fruit Tray Small  practical and stylish for serving and organizing fruits,,5.5,5.50,PCS,1,8,0.0,https://images.todoorstep.com/product/181051210/Ar.jpg?t=1744675200
en,152793,Cosmoplast Funnel Large,Supermarket///Retail///Cleaning Products,Cosmoplast,Cosmoplast Large Funnel  suitable for pouring liquids and dry materials with ease and precision,,4.0,4.00,PCS,1,8,0.0,https://images.todoorstep.com/product/181051279/Ar.jpg?t=1744675200
en,152794,Cosmoplast Multi-Purpose Storage Cabinet 3 Shelves,Supermarket///Retail///Household Products,Cosmoplast,Cosmoplast Multi-Purpose Storage Cabinet 3 Shelves  strong and practical design for storing household essentials,,185.0,185.00,PCS,1,8,0.0,https://images.todoorstep.com/product/181051308/Ar.jpg?t=1744675200
en,152795,Cosmoplast Multi-Purpose Storage Cabinet 4 Shelves,Supermarket///Retail///Household Products,Cosmoplast,Cosmoplast Multi-Purpose Storage Cabinet 4 Shelves  perfect for organizing tools and various household items,,230.0,230.00,PCS,1,8,0.0,https://images.todoorstep.com/product/181051261/Ar.jpg?t=1744675200
en,152798,Cosmoplast Storage Box 132L,Supermarket///Retail///Household Products,Cosmoplast,Cosmoplast Storage Box 132L  durable and versatile for storing household or office items,,130.0,130.00,PCS,1,8,0.0,https://images.todoorstep.com/product/181051391/Ar.jpg?t=1744675200
en,152801,Generic 2-Wheel Scooter,Sports & Hobbies///Toys,Generic,Generic 2-Wheel Scooter,,70.0,70.00,PCS,1,8,0.0,https://images.todoorstep.com/product/122650095/Ar.jpg?t=1744675200
en,152804,Tooly Play Friction Power Motorcycle TLPL-89934A,Sports & Hobbies///Toys,Tooly,Friction-powered toy motorcycle for kids.,,10.0,10.00,PCS,1,8,0.0,https://images.todoorstep.com/product/181001167/Ar.jpg?t=1744675200
en,152807,Tooly Play Friction Toy Car TLPL1199A,Sports & Hobbies///Toys,Tooly,Friction-powered toy car for fun play.,,10.0,10.00,PCS,1,8,0.0,https://images.todoorstep.com/product/181001239/Ar.jpg?t=1744675200
en,152812,Lamah Playing Cards,Sports & Hobbies///Toys,Lamah,Lamah Playing Cards,,19.0,19.00,PCS,1,8,0.0,https://images.todoorstep.com/product/186801307/Ar.jpg?t=1744675200
en,152813,Class 12 Pencil Set 3 Pacs ,Home & Gardening///Home///Office Equipment,Class,Compact and reliable  the Class 12 Classic Pencil Set 3 Pcs offers smooth writing and drawing experience. Perfect for school  office  or home use.  ,,17.0,17.00,PC,1,8,0.0,https://images.todoorstep.com/product/135600151/Ar.jpg?t=1755683315
en,152814,Zebra Sarasa Clip Gel Pens 0.7mm 5+1 Pack,Home & Gardening///Home///Office Equipment,Zebra,Gel pens for bold writing with smooth flow.,,18.0,18.00,PCS,1,8,0.0,https://images.todoorstep.com/product/178652031/Ar.jpg?t=1744675200
en,152815,Zebra Sarasa Clip Gel Pens 0.5mm 5+1 Pack,Home & Gardening///Home///Office Equipment,Zebra,Set of smooth gel pens with vibrant ink.,,18.0,18.00,PCS,1,8,0.0,https://images.todoorstep.com/product/178652049/Ar.jpg?t=1744675200
en,152824,"Track Fabric Trolley 24"" Lg003",Fashion & Jewelry///Man///Accessories,Track,"Track Fabric Trolley 24"" Model LG003 – Medium fabric trolley designed for everyday travel.",,134.95,134.95,PCS,1,8,0.0,https://images.todoorstep.com/product/179000384/Ar.jpg?t=1744675200
en,152832,New Travel Suitcase 32 inches ,Fashion & Jewelry///Man///Accessories,New Travel,New Travel Suitcase 32 inches ,,165.0,165.00,PC,1,8,0.0,https://images.todoorstep.com/product/179000481/Ar.jpg?t=1744675200
en,152853,Deli Roller Pen Needle Tip 0.5mm Assorted 8 Colors,Home & Gardening///Home///Office Equipment,Deli,Deli Roller Pen Needle Tip 0.5mm Assorted 8 Colors for versatile writing,,11.5,11.50,PCS,1,8,0.0,https://images.todoorstep.com/product/179300512/Ar.jpg?t=1744675200
en,152854,"Bic Cristal Ballpoint Pens, Red Ink, 10 Pack",Home & Gardening///Home///Office Equipment,Bic,Bic Cristal Ballpoint Pens – Red Ink  10 Pack,,6.0,6.00,PC,1,8,0.0,https://images.todoorstep.com/product/179300555/Ar.jpg?t=1744675200
en,152855,Deli DELI STAPLER 15 SHEETS 10 ASST,Home & Gardening///Home///Office Equipment,Deli,DELI STAPLER 15 SHEETS 10 ASST,,8.5,8.50,PCS,1,8,0.0,https://images.todoorstep.com/product/179300580/Ar.jpg?t=1755683508
en,152859,Deli Gel Pen Needle Tip 0.5mm Assorted,Home & Gardening///Home///Office Equipment,Deli,Deli Gel Pen Needle Tip 0.5mm Assorted Colors for precise writing,,12.5,12.50,PCS,1,8,0.0,https://images.todoorstep.com/product/179300694/Ar.jpg?t=1744675200
en,152860,"Bic Cristal Ballpoint Pens, Green Ink, 10 Pack",Home & Gardening///Home///Office Equipment,Bic,Bic Cristal Ballpoint Pens – Green Ink  10 Pack,,6.0,6.00,PC,1,8,0.0,https://images.todoorstep.com/product/179300643/Ar.jpg?t=1744675200
en,152869,American Tourister AMT Skytrarc Hard Spinner Luggage Set Navy (55/68/79cm),Fashion & Jewelry///Man///Accessories,American Tourister,Durable hard spinner luggage set with TSA lock and 3-year warranty.,,999.0,999.00,PC,1,8,0.0,https://images.todoorstep.com/product/180050506/Ar.jpg?t=1756021229
en,152890,Balmy Baby Bath Sponge,Supermarket///Retail///Care And Hygiene,Balmy,Soft bath sponge designed for babies.,,22.5,22.50,PCS,1,8,0.0,https://images.todoorstep.com/product/177600466/Ar.jpg?t=1744675200
en,152891,Balmy Natural Loofah Circular Bath Sponge,Supermarket///Retail///Care And Hygiene,Balmy,Circular loofah sponge for gentle exfoliation.,,22.5,22.50,PCS,1,8,0.0,https://images.todoorstep.com/product/178250373/Ar.jpg?t=1744675200
en,152900,"Oral B Oral-B vitality 300 D103 rechargeable electric toothbrush, black",Health & Beauty///Beauty///Personal Grooming,Oral B,Oral-B vitality 300 D103 rechargeable electric toothbrush  black. Oral-B D103 Vitality 300 Electric Toothbrush is perfectly designed to clean and protect your teeth. It helps to remove 100% more plaque vs. a regular manual toothbrush and protects gums. Designed with 3 differernt cleaning modes  the Vitality 300 comes with a daily clean  sensitive & sensitive plus mode to provide you with an amazingly gentle brushing experience. The handle also comes with a cross-action round brush head designed with perfectly angled brushes to surround each tooth for superior cleaning. It also comes with a 2 minute timer which pauses every 30 seconds indicating when it's time to switch quadrants  allowing you to effectively clean all 4 mouth quadrants. Oral-B  the #1 dentist recommended toothbrush brand in the world. For best results  use with Oral-B & Crest Toothpaste  Floss and Mouthwash. See also the Kids electric toothbrush  water flosser  manual toothbrush  whitestrips  and replacement brush head ranges.,,209.0,209.00,PC,1,8,0.0,https://images.todoorstep.com/product/181700769/Ar.jpg?t=1752066539
en,152901,"Oral B Oral-B vitality 300 D103 rechargeable electric toothbrush, lilac",Health & Beauty///Beauty///Personal Grooming,Oral B,Oral-B vitality 300 D103 rechargeable electric toothbrush  lilac. Oral-B D103 Vitality 300 Electric Toothbrush is perfectly designed to clean and protect your teeth. It helps to remove 100% more plaque vs. a regular manual toothbrush and protects gums. Designed with 3 differernt cleaning modes  the Vitality 300 comes with a daily clean  sensitive & sensitive plus mode to provide you with an amazingly gentle brushing experience. The handle also comes with a pro-expert sensitive round brush head designed with perfectly angled brushes to surround each tooth for superior cleaning. It also comes with a 2 minute timer which pauses every 30 seconds indicating when it's time to switch quadrants  allowing you to effectively clean all 4 mouth quadrants. Oral-B  the #1 dentist recommended toothbrush brand in the world. For best results  use with Oral-B & Crest Toothpaste  Floss and Mouthwash. See also the Kids electric toothbrush  water flosser  manual toothbrush  whitestrips  and replacement brush head ranges.,,209.0,209.00,PC,1,8,0.0,https://images.todoorstep.com/product/181700742/Ar.jpg?t=1752066519
en,152902,Oral B Oral-B io series 3 rechargeable electric toothbrush,Health & Beauty///Beauty///Personal Grooming,Oral B,Oral-B io series 3 rechargeable electric toothbrush. The Oral-B iO Series 3 Electric Toothbrush features Oral-B’s best technology  combining a dentist-inspired round brush head with micro-vibrating bristles for a professional purifying clean feel at home. This rechargeable toothbrush is clinically proven to remove 100% more plaque along the gumline* *vs. regular manual toothbrushes. The Built-in 2-Minute Timer breaks the two minutes up into four 30-second intervals to brush each quadrant of your mouth – to help you get a complete clean on all your teeth. We watch the time  so you don’t have to! Plus  the Pressure Sensor indicates optimal cleaning pressure and warns of too much pressure. The display panel lets you select brushing modes  alerts you when battery is low  and signals when it's time to replace your brush head. Oral-B—the #1 brand used by dentists worldwide.* *Based on surveys of a representative worldwide sample of dentists carried out for P&G regularly. Do not use on children under age 3. Replace brush head every 3 months or sooner if brush head becomes worn. For best results  use with Oral-B & Crest Toothpaste  Floss and Mouthwash. See also the Kids electric toothbrush  water flosser  manual toothbrush  whitestrips  and replacement brush head ranges.,,478.5,478.50,PC,1,8,0.0,https://images.todoorstep.com/product/181700751/Ar.jpg?t=1752066534
en,152905,Petal Fresh Pure Body Butter Coconut 237ml,Supermarket///Retail///Care And Hygiene,Petal Fresh,Moisturizing body butter with coconut extract.,,46.0,46.00,ML,237,8,0.0,https://images.todoorstep.com/product/184001779/Ar.jpg?t=1744675200
en,152907,Petal Fresh Pure Body Butter Mandarin & Mango 237ml,Supermarket///Retail///Care And Hygiene,Petal Fresh,Nourishing body butter with mandarin and mango.,,46.0,46.00,ML,237,8,0.0,https://images.todoorstep.com/product/184001744/Ar.jpg?t=1744675200
en,152908,Petal Fresh Pure Shower Gel Tea Tree 475ml,Supermarket///Retail///Care And Hygiene,Petal Fresh,Purifying shower gel with tea tree extract.,,57.25,57.25,ML,475,8,0.0,https://images.todoorstep.com/product/184001710/Ar.jpg?t=1744675200
en,152909,Petal Fresh Pure Body Scrub Argan & Shea 473ml,Supermarket///Retail///Care And Hygiene,Petal Fresh,Exfoliating body scrub with argan oil and shea butter.,,50.25,50.25,ML,473,8,0.0,https://images.todoorstep.com/product/184001761/Ar.jpg?t=1744675200
en,152910,Petal Fresh Pure Shower Gel Rosemary & Mint 475ml,Supermarket///Retail///Care And Hygiene,Petal Fresh,Cooling shower gel with rosemary and mint.,,57.25,57.25,ML,475,8,0.0,https://images.todoorstep.com/product/184001728/Ar.jpg?t=1744675200
en,152911,Petal Fresh Pure Shower Gel Aloe & Citrus 475ml,Supermarket///Retail///Care And Hygiene,Petal Fresh,Refreshing shower gel with aloe and citrus.,,57.25,57.25,ML,475,8,0.0,https://images.todoorstep.com/product/184001752/Ar.jpg?t=1744675200
en,152912,Petal Fresh Pure Shower Gel Lavender 475ml,Supermarket///Retail///Care And Hygiene,Petal Fresh,Relaxing lavender shower gel.,,57.25,57.25,ML,475,8,0.0,https://images.todoorstep.com/product/184001787/Ar.jpg?t=1744675200
en,152913,Petal Fresh Pure Body Butter Honey & Coconut 237ml,Supermarket///Retail///Care And Hygiene,Petal Fresh,Hydrating body butter with honey and coconut.,,46.0,46.00,ML,237,8,0.0,https://images.todoorstep.com/product/184001795/Ar.jpg?t=1744675200
en,152914,Petal Fresh Pure Body Butter Hibiscus & Papaya 237ml,Supermarket///Retail///Care And Hygiene,Petal Fresh,Moisturizing body butter with hibiscus and papaya.,,46.0,46.00,ML,237,8,0.0,https://images.todoorstep.com/product/184001808/Ar.jpg?t=1744675200
en,152915,Petal Fresh Pure Shower Gel Seaweed & Argan Oil 475ml,Supermarket///Retail///Care And Hygiene,Petal Fresh,Nourishing shower gel with seaweed and argan oil.,,57.25,57.25,ML,475,8,0.0,https://images.todoorstep.com/product/184001816/Ar.jpg?t=1744675200
en,152916,Louis Widmer Antiperspirant Cream Unscented 40Ml,Health & Beauty///Beauty///Personal Grooming,Louis Widmer,Louis Widmer Antiperspirant Cream Unscented 40ml – Fragrance-free cream antiperspirant for sensitive skin.,,86.0,86.00,ML,40,8,0.0,https://images.todoorstep.com/product/184200823/Ar.jpg?t=1744675200
en,152917,Louis Widmer Deo Antiperspirant Cream For All Skin Types - 40Ml,Health & Beauty///Beauty///Personal Grooming,Louis Widmer,Louis Widmer Deo Antiperspirant Cream for All Skin Types 40ml – Cream antiperspirant suitable for all skin types.,,86.0,86.00,ML,40,8,0.0,https://images.todoorstep.com/product/184200815/Ar.jpg?t=1744675200
en,152919,Louis Widmer - Roll-On Deodorant (Unscented) 50Ml,Health & Beauty///Beauty///Personal Grooming,Louis Widmer,Louis Widmer Roll-On Deodorant (Unscented) 50ml – Roll-on deodorant suitable for sensitive skin  fragrance-free.,,86.0,86.00,ML,50,8,0.0,https://images.todoorstep.com/product/184200807/Ar.jpg?t=1744675200
en,152941,Cosmo Shower Gel Mocktails Tropical Blend 300ml,Supermarket///Retail///Care And Hygiene,Cosmo,Tropical-scented moisturizing shower gel.,,25.5,25.50,ML,300,8,0.0,https://images.todoorstep.com/product/186650609/Ar.jpg?t=1744675200
en,152942,Cosmo Berry Fruitburst Face & Body Scrub 500ml,Supermarket///Retail///Care And Hygiene,Cosmo,Exfoliating scrub with berry extracts.,,28.75,28.75,ML,500,8,0.0,https://images.todoorstep.com/product/186650570/Ar.jpg?t=1744675200
en,152943,Cosmo Mixed Fruit Fruitburst Face & Body Scrub 500ml,Supermarket///Retail///Care And Hygiene,Cosmo,Exfoliating scrub with mixed fruits.,,23.5,23.50,ML,500,8,0.0,https://images.todoorstep.com/product/186650596/Ar.jpg?t=1744675200
en,152944,Cosmo Pink Lemon & Mandarin Fruitburst Face & Body Scrub 500ml,Supermarket///Retail///Care And Hygiene,Cosmo,Exfoliating scrub with pink lemon and mandarin.,,23.5,23.50,ML,500,8,0.0,https://images.todoorstep.com/product/186650588/Ar.jpg?t=1744675200
en,152945,Cosmo Apricot & Peach Fruitburst Face & Body Scrub 500ml,Supermarket///Retail///Care And Hygiene,Cosmo,Exfoliating scrub with apricot and peach.,,23.5,23.50,ML,500,8,0.0,https://images.todoorstep.com/product/186650633/Ar.jpg?t=1744675200
en,152946,Cosmo Whitening Deodorant Roll-On Pink Blossom 50ml,Health & Beauty///Beauty///Personal Grooming,Cosmo,Whitening roll-on deodorant with floral scent.,,33.75,33.75,ML,50,8,0.0,https://images.todoorstep.com/product/186650617/Ar.jpg?t=1744675200
en,152947,Cosmo Whitening Deodorant Roll-On Active Sport 50ml,Health & Beauty///Beauty///Personal Grooming,Cosmo,Whitening roll-on deodorant with sporty scent.,,33.75,33.75,ML,50,8,0.0,https://images.todoorstep.com/product/186650625/Ar.jpg?t=1744675200
en,152948,Cosmo Whitening Deodorant Roll-On Pure Elegance 50ml,Health & Beauty///Beauty///Personal Grooming,Cosmo,Whitening roll-on deodorant with elegant fragrance.,,33.75,33.75,ML,50,8,0.0,https://images.todoorstep.com/product/186650641/Ar.jpg?t=1744675200
en,152949,Cosmo Shower Gel Mocktails Citrus Blend 300ml,Supermarket///Retail///Care And Hygiene,Cosmo,Citrus-scented moisturizing shower gel.,,25.5,25.50,ML,300,8,0.0,https://images.todoorstep.com/product/186650676/Ar.jpg?t=1744675200
en,152950,Cosmo Shower Gel Mocktails Berry Blend 300ml,Supermarket///Retail///Care And Hygiene,Cosmo,Berry-scented moisturizing shower gel.,,24.5,24.50,ML,300,8,0.0,https://images.todoorstep.com/product/186650668/Ar.jpg?t=1744675200
en,152951,Cosmo Shower Gel Mocktails Floral Blend 300ml,Supermarket///Retail///Care And Hygiene,Cosmo,Floral-scented moisturizing shower gel.,,24.5,24.50,ML,300,8,0.0,https://images.todoorstep.com/product/186650692/Ar.jpg?t=1744675200
en,152952,Cosmo Whitening Deodorant Roll-On Fresh Breeze 50ml,Health & Beauty///Beauty///Personal Grooming,Cosmo,Whitening roll-on deodorant with fresh scent.,,33.75,33.75,ML,50,8,0.0,https://images.todoorstep.com/product/186650650/Ar.jpg?t=1744675200
en,152953,"Cosmo Mint, Melon & Kiwi Fruitburst Face & Body Scrub 500ml",Supermarket///Retail///Care And Hygiene,Cosmo,Refreshing scrub with mint  melon  and kiwi.,,23.5,23.50,ML,500,8,0.0,https://images.todoorstep.com/product/186650684/Ar.jpg?t=1744675200
en,152954,Imperial Leather Hand Wash Moisturising Antibacterial Cotton Flower And Vanilla Orchid 500Ml,Supermarket///Retail///Care And Hygiene,Imperial Leather,Imperial Leather Hand Wash Moisturising Antibacterial Cotton Flower and Vanilla Orchid 500ml – Antibacterial hand wash with cotton flower and vanilla orchid scent.,,21.5,21.50,ML,500,8,0.0,https://images.todoorstep.com/product/186650756/Ar.jpg?t=1744675200
en,152955,Imperial Leather Hand Wash Moisturising Antibacterial Oud And Frankincencse 500Ml,Supermarket///Retail///Care And Hygiene,Imperial Leather,Imperial Leather Hand Wash Moisturising Antibacterial Oud and Frankincense 500ml – Antibacterial hand wash with rich oud and frankincense aroma.,,21.5,21.50,ML,500,8,0.0,https://images.todoorstep.com/product/186650730/Ar.jpg?t=1744675200
en,152957,Imperial Leather Body Wash Moisturisng Cotton Flower And Vanilla Orchid 500Ml,Supermarket///Retail///Care And Hygiene,Imperial Leather,Imperial Leather Body Wash Moisturising Cotton Flower and Vanilla Orchid 500ml – Hydrating body wash with cotton flower and vanilla orchid scent.,,40.0,40.00,ML,500,8,0.0,https://images.todoorstep.com/product/186650764/Ar.jpg?t=1744675200
en,152958,Imperial Leather Body Wash Pamperng Mallow And Rose Milk 500Ml,Supermarket///Retail///Care And Hygiene,Imperial Leather,Imperial Leather Body Wash Pampering Mallow and Rose Milk 500ml – Luxurious body wash with mallow extract and creamy rose milk.,,40.0,40.00,ML,500,8,0.0,https://images.todoorstep.com/product/186650705/Ar.jpg?t=1744675200
en,152959,Imperial Leather Body Wash Refrshing Mandarid And Neroli 500Ml,Supermarket///Retail///Care And Hygiene,Imperial Leather,Imperial Leather Body Wash Refreshing Mandarin and Neroli 500ml – Uplifting body wash with zesty mandarin and delicate neroli aroma.,,40.0,40.00,ML,500,8,0.0,https://images.todoorstep.com/product/186650721/Ar.jpg?t=1744675200
en,152960,Imperial Leather Body Wash Energisng Bergamot And Sea Salt 500Ml,Supermarket///Retail///Care And Hygiene,Imperial Leather,Imperial Leather Body Wash Energising Bergamot and Sea Salt 500ml – Refreshing body wash with invigorating bergamot and sea salt scent.,,40.0,40.00,ML,500,8,0.0,https://images.todoorstep.com/product/186650748/Ar.jpg?t=1744675200
en,152961,Rozzet Hand Wash Rose 3L + 500ml,Supermarket///Retail///Care And Hygiene,Rozzet,Hand wash with rose scent  provides effective cleaning with a pleasant floral fragrance.,,28.75,28.75,ML,3500,8,0.0,https://images.todoorstep.com/product/187053558/Ar.jpg?t=1744675200
en,152962,Rozzet Hand Wash Lemon 3L + 500ml,Supermarket///Retail///Care And Hygiene,Rozzet,Hand wash with lemon scent  removes dirt and gives instant freshness.,,28.75,28.75,ML,3500,8,0.0,https://images.todoorstep.com/product/187053566/Ar.jpg?t=1744675200
en,152979,"Herbal Essences Sulfate-Free Color Protect Shampoo, Pure Grapeseed, 400 ml ",Health & Beauty///Beauty///Hair Care,Herbal Essences, <br/> Herbal Essences Sulfate-Free Color Protect Shampoo  Pure Grapeseed  400 ml <br/> PROTECT COLOR VIBRANCY FOR 12 WEEKS: Designed to preserve your dyed hair color  this color-protect shampoo provides up to 12 weeks of vibrant color*.  *Based on 24 washes  vs non-conditioning shampoo. <br/> DEEP NOURISHMENT FOR YOUR HAIR: Enriched with naturally derived ingredients  it deeply cleanses and nourishes your hair  leaving it healthy and soft. <br/> FREE OF SULFATES  PARABENS AND COLORANTS: No sulfates  parabens or colorants. Only real  pure ingredients for your hair. <br/> MADE WITH CERTIFIED PURE ANTIOXIDANT-RICH GRAPESEED: The shampoo is enriched with pure grapeseed extract  certified as real by the leading plant experts at the Royal Botanic Gardens  Kew. <br/> THE SEEDS OF 86 GRAPES IN EVERY BOTTLE: Every bottle of our pure grapeseed shampoo contains the seeds of 86 grapes  delivering a rich  natural treatment to maintain vibrant  long-lasting color. <br/> PERFECT MATCH: Discover nature’s secret color keepers. Use Herbal Essences Color Protect Pure Grapeseed Shampoo and Conditioner together to provide superior care for your color-treated hair.,,20.5,20.50,Ml,400,8,0.0,https://images.todoorstep.com/product/191700877/Ar.jpg?t=1754489694
en,152980,"Herbal Essences Sulfate-Free Color Protect Conditioner, Pure Grapeseed, 400 ml ",Health & Beauty///Beauty///Hair Care,Herbal Essences, <br/> Herbal Essences Sulfate-Free Color Protect Conditioner  Pure Grapeseed  400 ml <br/> PROTECT COLOR VIBRANCY FOR 12 WEEKS: Designed to preserve your dyed hair color  this color-protect conditioner provides up to 12 weeks of vibrant color*.  *Based on 24 washes  vs non-conditioning shampoo. <br/> DEEP NOURISHMENT FOR YOUR HAIR: Enriched with naturally derived ingredients  it deeply nourishes and softens your hair  leaving it healthy and smooth. <br/> FREE OF SULFATES  PARABENS AND COLORANTS: No sulfates  parabens or colorants. Only real  pure ingredients for your hair. <br/> MADE WITH CERTIFIED PURE ANTIOXIDANT-RICH GRAPESEED: The conditioner is enriched with pure grapeseed extract  certified as real by the leading plant experts at the Royal Botanic Gardens  Kew. <br/> THE SEEDS OF 86 GRAPES IN EVERY BOTTLE: Every bottle of our pure grapeseed conditioner contains the seeds of 86 grapes  delivering a rich  natural treatment to maintain vibrant  long-lasting color.,,20.5,20.50,Ml,400,8,0.0,https://images.todoorstep.com/product/191700869/Ar.jpg?t=1754489694
en,152995,Oxi Powder Detergent 2.5kg Lavender High Suds Duplex,Supermarket///Retail///Cleaning Products,Oxi,Duplex pack lavender high suds detergent.,,31.0,31.00,KG,2.5,8,0.0,https://images.todoorstep.com/product/186250832/Ar.jpg?t=1744812488
en,153003,Oxi Powder Detergent 2.5kg Oriental High Suds Duplex,Supermarket///Retail///Cleaning Products,Oxi,Duplex pack oriental high suds detergent.,,31.0,31.00,KG,2.5,8,0.0,https://images.todoorstep.com/product/186250912/Ar.jpg?t=1744812488
en,153006,Clorox Platinum Regular 1.89L,Supermarket///Retail///Cleaning Products,Clorox,Platinum bleach regular 1.89L.,,15.25,15.25,ML,1.89,8,0.0,https://images.todoorstep.com/product/186350585/Ar.jpg?t=1744812488
en,153007,Clorox Platinum Lemon 1.89L,Supermarket///Retail///Cleaning Products,Clorox,Platinum lemon bleach 1.89L.,,15.25,15.25,ML,1.89,8,0.0,https://images.todoorstep.com/product/186350593/Ar.jpg?t=1744812488
en,153013,"Pampers Rash Protection Taped, Size 6, 13+ kg, Super Saving box, 138 Count ",Supermarket///Retail///Care And Hygiene,Pampers,<br/> Pampers Rash Protection Taped  Size 6  13+ kg  Super Saving box  138 Count  WITH +50% ALOE VERA LOTION TO PROTECT AGAINST RASHES: New & improved Pampers Baby Dry Upgraded to Rash Protection Taped Diapers with +50% Aloe Vera Lotion creates a protective moisture barrier to keep your little one’s skin well<br/>soothed and protected against diaper rash. <br/> Aloe Vera’s soothing properties help reduce irritation for beautifully soft  smooth and healthy skin. <br/> 3X FORTIFIED LAYERS FOR LEAKAGE PROTECTION: Designed with 3x fortified layers  New and improved Pampers Rash Protection Taped Diapers provide advanced leakage protection for your baby. <br/> These layers help lock in moisture  ensuring your little one stays comfortable and dry. <br/> COMFORTABLY SECURE TAPED FIT: New and improved Pampers  now upgraded from Pampers Baby Dry to Rash Protection Taped Diapers are constructed to ensure maximum protection for your baby’s little movements. <br/> They comfortably snug around your baby’s waist  preventing any leakage. <br/> ENHANCED PROTECTION WITH LONGER CORE AND DOUBLE LEAK GUARDS: With a longer core and double leak guards  these taped diapers absorb maximum leakage for long<br/>lasting dryness and protection for your bundle of joy. <br/> NEW BACK SHEET DESIGNS: The diaper’s back sheet with new designs not only inspires joy but also acts as an additional layer to help keep wetness away. <br/> ENGINEERED WITH NEW AND IMPROVED DIAPER TECHNOLOGY: With enhanced materials and designs  Pampers Rash Protection Taped Diapers feature new and improved technology to help provide the perfect fit and the best protection against leakage and diaper rash for your baby.,,192.0,192.00,Pc,138,8,0.0,https://images.todoorstep.com/product/192855459/Ar.jpg?t=1752063636
en,153014,"Pampers Rash Protection Taped, Size 3, 6<br/>10 kg, Super Saving box, 228 Count ",Supermarket///Retail///Care And Hygiene,Pampers,<br/> Pampers Rash Protection Taped  Size 3  6<br/>10 kg  Super Saving box  228 Count  WITH +50% ALOE VERA LOTION TO PROTECT AGAINST RASHES: New & improved Pampers Baby Dry Upgraded to Rash Protection Taped Diapers with +50% Aloe Vera Lotion creates a protective moisture barrier to keep your little one’s skin well<br/>soothed and protected against diaper rash. <br/> Aloe Vera’s soothing properties help reduce irritation for beautifully soft  smooth and healthy skin. <br/> 3X FORTIFIED LAYERS FOR LEAKAGE PROTECTION: Designed with 3x fortified layers  New and improved Pampers Rash Protection Taped Diapers provide advanced leakage protection for your baby. <br/> These layers help lock in moisture  ensuring your little one stays comfortable and dry. <br/> COMFORTABLY SECURE TAPED FIT: New and improved Pampers  now upgraded from Pampers Baby Dry to Rash Protection Taped Diapers are constructed to ensure maximum protection for your baby’s little movements. <br/> They comfortably snug around your baby’s waist  preventing any leakage. <br/> ENHANCED PROTECTION WITH LONGER CORE AND DOUBLE LEAK GUARDS: With a longer core and double leak guards  these taped diapers absorb maximum leakage for long<br/>lasting dryness and protection for your bundle of joy. <br/> NEW BACK SHEET DESIGNS: The diaper’s back sheet with new designs not only inspires joy but also acts as an additional layer to help keep wetness away. <br/> ENGINEERED WITH NEW AND IMPROVED DIAPER TECHNOLOGY: With enhanced materials and designs  Pampers Rash Protection Taped Diapers feature new and improved technology to help provide the perfect fit and the best protection against leakage and diaper rash for your baby.,,192.0,192.00,Pc,228,8,0.0,https://images.todoorstep.com/product/192855416/Ar.jpg?t=1752063666
en,153015,"Pampers Rash Protection Taped,  Size 4, 9<br/>14 kg, Super Saving box, 198 Count ",Supermarket///Retail///Care And Hygiene,Pampers,<br/> Pampers Rash Protection Taped   Size 4  9<br/>14 kg  Super Saving box  198 Count  WITH +50% ALOE VERA LOTION TO PROTECT AGAINST RASHES: New & improved Pampers Baby Dry Upgraded to Rash Protection Taped Diapers with +50% Aloe Vera Lotion creates a protective moisture barrier to keep your little one’s skin well<br/>soothed and protected against diaper rash. <br/> Aloe Vera’s soothing properties help reduce irritation for beautifully soft  smooth and healthy skin. <br/> 3X FORTIFIED LAYERS FOR LEAKAGE PROTECTION: Designed with 3x fortified layers  New and improved Pampers Rash Protection Taped Diapers provide advanced leakage protection for your baby. <br/> These layers help lock in moisture  ensuring your little one stays comfortable and dry. <br/> COMFORTABLY SECURE TAPED FIT: New and improved Pampers  now upgraded from Pampers Baby Dry to Rash Protection Taped Diapers are constructed to ensure maximum protection for your baby’s little movements. <br/> They comfortably snug around your baby’s waist  preventing any leakage. <br/> ENHANCED PROTECTION WITH LONGER CORE AND DOUBLE LEAK GUARDS: With a longer core and double leak guards  these taped diapers absorb maximum leakage for long<br/>lasting dryness and protection for your bundle of joy. <br/> NEW BACK SHEET DESIGNS: The diaper’s back sheet with new designs not only inspires joy but also acts as an additional layer to help keep wetness away. <br/> ENGINEERED WITH NEW AND IMPROVED DIAPER TECHNOLOGY: With enhanced materials and designs  Pampers Rash Protection Taped Diapers feature new and improved technology to help provide the perfect fit and the best protection against leakage and diaper rash for your baby.,,192.0,192.00,Pc,198,8,0.0,https://images.todoorstep.com/product/192855408/Ar.jpg?t=1752063645
en,153016,"Pampers Rash Protection Taped, Size 5, 11<br/>16 kg, Super Saving box, 174 Count ",Supermarket///Retail///Care And Hygiene,Pampers,<br/> Pampers Rash Protection Taped  Size 5  11<br/>16 kg  Super Saving box  174 Count  WITH +50% ALOE VERA LOTION TO PROTECT AGAINST RASHES: New & improved Pampers Baby Dry Upgraded to Rash Protection Taped Diapers with +50% Aloe Vera Lotion creates a protective moisture barrier to keep your little one’s skin well<br/>soothed and protected against diaper rash. <br/> Aloe Vera’s soothing properties help reduce irritation for beautifully soft  smooth and healthy skin. <br/> 3X FORTIFIED LAYERS FOR LEAKAGE PROTECTION: Designed with 3x fortified layers  New and improved Pampers Rash Protection Taped Diapers provide advanced leakage protection for your baby. <br/> These layers help lock in moisture  ensuring your little one stays comfortable and dry. <br/> COMFORTABLY SECURE TAPED FIT: New and improved Pampers  now upgraded from Pampers Baby Dry to Rash Protection Taped Diapers are constructed to ensure maximum protection for your baby’s little movements. <br/> They comfortably snug around your baby’s waist  preventing any leakage. <br/> ENHANCED PROTECTION WITH LONGER CORE AND DOUBLE LEAK GUARDS: With a longer core and double leak guards  these taped diapers absorb maximum leakage for long<br/>lasting dryness and protection for your bundle of joy. <br/> NEW BACK SHEET DESIGNS: The diaper’s back sheet with new designs not only inspires joy but also acts as an additional layer to help keep wetness away. <br/> ENGINEERED WITH NEW AND IMPROVED DIAPER TECHNOLOGY: With enhanced materials and designs  Pampers Rash Protection Taped Diapers feature new and improved technology to help provide the perfect fit and the best protection against leakage and diaper rash for your baby.,,192.0,192.00,Pc,174,8,0.0,https://images.todoorstep.com/product/192855424/Ar.jpg?t=1752063663
en,153020,"Pampers Rash Protection Pants, Size 7, 17+ kg, Super Saving Box, 114 Count",Supermarket///Retail///Care And Hygiene,Pampers,<br/> Pampers Rash Protection Pants  Size 7  17+ kg  Super Saving Box  114 Count  360° LEAK<br/>FREE FIT FOR UP TO 100% LEAKAGE PROTECTION: Pampers Rash Protection Pants Diapers are designed with 360<br/>degree technology that allows them to stretch from all sides to adapt to your baby’s movements  providing up to 100% leakage protection for active babies who like to roll  scoot  climb and run. <br/> Plus  the double leak guards ensure an added layer of protection. <br/> WITH +50% ALOE VERA LOTION TO PROTECT AGAINST RASHES: Pampers Rash Protection Pants with Aloe Vera Lotion create a moisture barrier to soothe and protect your baby’s skin against diaper rash. <br/> Aloe vera’s calming properties help reduce irritation for soft and healthy skin. <br/> SOFTER BELT: Pampers Rash Protection Pants Diapers fully prioritize your baby’s comfort. <br/> Featuring softer belts  our diapers gently wrap around your baby’s delicate belly  minimizing discomfort while giving your baby breathing room during their little adventures. <br/> NEW BACK SHEET DESIGNS: The back sheet with new designs not only inspires joy but also acts as an additional layer to help keep wetness away. <br/> ENGINEERED WITH NEW AND IMPROVED DIAPER TECHNOLOGY: With enhanced materials and designs  Pampers Rash Protection Pants Diapers feature new and improved technology to help provide the perfect fit and the best protection against leakage and diaper rash for your baby.,,200.0,200.00,Pc,114,8,0.0,https://images.todoorstep.com/product/192855432/Ar.jpg?t=1752062804
en,153047,Treva Garlic Mayonnaise 300ml,Supermarket///Retail///Packaged Products,Treva,Creamy garlic flavored mayonnaise.,,8.95,8.95,ML,300,8,0.0,https://images.todoorstep.com/product/188751243/Ar.jpg?t=1745766164
en,153051,Power Horse Power Original Horse Energy Drink 4x250ml,Supermarket///Retail///Beverages,Power Horse,Power Original Horse Energy Drink 4x250ml Energy drink designed to boost energy and enhance alertness,,36.75,36.75,ml,1000,8,0.0,https://images.todoorstep.com/product/189250969/Ar.jpg?t=1744812488
en,153055,WELLO Wello Oat Cacao & Hazelnut 200g,Supermarket///Retail///Breakfast & Snacks,WELLO,Oats with cacao and hazelnut  rich and nutritious for chocolate lovers.,,23.5,23.50,G,200,8,0.0,https://images.todoorstep.com/product/192402257/Ar.jpg?t=1756723597
en,153056,WELLO Wello Oat Apple & Cinnamon 200g,Supermarket///Retail///Breakfast & Snacks,WELLO,Oats with apple and cinnamon  a warm and delicious blend to start your day.,,23.5,23.50,G,200,8,0.0,https://images.todoorstep.com/product/192402265/Ar.jpg?t=1756723631
en,153057,WELLO Wello Oat Banana & Peanut Butter 200g,Supermarket///Retail///Breakfast & Snacks,WELLO,Oats with banana and peanut butter  a healthy and filling energy snack.,,23.5,23.50,G,200,8,0.0,https://images.todoorstep.com/product/192402249/Ar.jpg?t=1756723605
en,153060,"AL AMAL Al Amal Peanuts Ice Cream Bar, 75ml",Supermarket///Retail///Packaged Products,AL AMAL,Enjoy the nutty  satisfying taste of Al Amal Peanuts Ice Cream Bar  75ml – a creamy ice cream center coated with crunchy peanuts for the perfect mix of texture and flavor. Ideal for a quick snack on the go or a refreshing summer treat  this ice cream bar delivers indulgence in every bite.,,1.5,1.50,ML,75,8,0.0,https://images.todoorstep.com/product/178401477/Ar.jpg?t=1755683261
en,153065,"AL AMAL Al Amal Choco Bar Swirls Sticks Ice Cream, 100ml",Supermarket///Retail///Packaged Products,AL AMAL,Indulge in the rich  creamy taste of Al Amal Choco Bar Swirls Sticks Ice Cream  100ml – a delightful frozen treat made with smooth chocolate and swirls of luscious flavor. Perfectly sized for a quick snack  this stick ice cream combines the sweetness of chocolate with a creamy texture that melts in your mouth. Ideal for enjoying at home  on the go  or as a sweet finish to any meal.,,1.5,1.50,ML,100,8,0.0,https://images.todoorstep.com/product/178401590/Ar.jpg?t=1755683495
en,153066,"AL AMAL Al Amal Mango Sticks Ice Cream, 55ml",Supermarket///Retail///Packaged Products,AL AMAL,Enjoy the tropical sweetness of Al Amal Mango Sticks Ice Cream  55ml – a refreshing frozen dessert made with juicy mango flavor for a burst of fruity goodness in every bite. Perfect for cooling down on hot days  this stick ice cream is ideal for quick snacks or a light summer treat.,,1.5,1.50,ML,55,8,0.0,https://images.todoorstep.com/product/178401611/Ar.jpg?t=1755683507
en,153070,"AL AMAL Al Amal Calippo Raspberry Ice Cream, 120ml",Supermarket///Retail///Packaged Products,AL AMAL,Beat the heat with Al Amal Calippo Raspberry Ice Cream  120ml – a refreshing frozen dessert bursting with sweet and tangy raspberry flavor. This delicious ice cream in a convenient tube is perfect for on-the-go enjoyment at the beach  park  or home. Made with high-quality ingredients for a smooth  icy texture and rich fruity taste  Al Amal Calippo is the ultimate summer treat for kids and adults alike.,,2.0,2.00,ML,120,8,0.0,https://images.todoorstep.com/product/193403163/Ar.jpg?t=1755683431
en,153072,Chanson D'Eau Lemon Eau de toilette For Women - 100ml,Health & Beauty///Beauty///Fragrance,,Embark on a fascinating journey with Chanson d’Eau. Discover Les Eaux du Monde: Lemon  a refreshing fragrance inspired by the sun-drenched Sicilian landscapes. This vibrant blend of juicy Lemons  complemented by Orange Blossom  Green Tea  and spicy Ginge notes  makes every day feel like summer.  The collection of four unforgettable Les Eaux du Monde fragrances is a celebration of pure ingredients and an invitation to travel the globe through scents. Encased in a simple yet striking cylindrical glass bottle that exudes elegance  each scent has its own colour inspired by a single exquisite note: Jasmine  Rose Lemon  and Vanilla.  Take inspiration from idyllic places and discover a new world of fragrances for women with Chanson d’Eau Les Eaux du Monde.,,65.5,65.50,ml,100,8,0.0,https://images.todoorstep.com/product/184450460/Ar.jpg?t=1746604386
en,153073,Chanson D'Eau Rose Eau de Toilett For Women 100ml,Health & Beauty///Beauty///Fragrance,,Embark on a fascinating journey with Chanson d’Eau. Discover Les Eaux du Monde: Rose  a charming rose floral fragrance inspired by the iconic roses of Grasse. Designed to indulge your senses with an addictive blend of ripe Grapefruit  Lychee  aromatic Rose  and creamy Musk notes  it’s a scent that exudes femininity and elegance.  The collection of four unforgettable Les Eaux du Monde fragrances is a celebration of pure ingredients and an invitation to travel the globe through scents. Encased in a simple yet striking cylindrical glass bottle that exudes elegance  each scent has its own colour inspired by a single exquisite note: Jasmine  Rose  Lemon  and Vanilla.  Take inspiration from idyllic places and discover a new world of fragrances for women with Chanson d’Eau Les Eaux du Monde.,,65.5,65.50,ml,100,8,0.0,https://images.todoorstep.com/product/184450494/Ar.jpg?t=1746604391
en,153074,Bazooka Chewz Sour 120g,Supermarket///Retail///Breakfast & Snacks,Bazooka,Sour chewy candy with a refreshing and tangy flavor for bold taste lovers.,,12.25,12.25,G,120,8,0.0,https://images.todoorstep.com/product/189600691/Ar.jpg?t=1746604396
en,153194,Panda Creamy Taste 500 gm,Supermarket///Retail///Cheese & Cold Cuts,Panda,Panda Creamy Taste 500 gm,,12.75,12.75,G,500,8,0.0,https://images.todoorstep.com/product/187700823/Ar.jpg?t=1757250717
