language,product_code,product_name,category,brand,description,short_description,product_price,display_price,unit,weight,quantity,tax,image
en,2570-38,Vimto Drink Blue Raspberry 250 ML,Supermarket///Retail///Beverages,,,Vimto Drink Blue Raspberry,2.25,2.25,piece,,82,0.34,https://go.farm.com.sa/public/uploads/items/2570/thumbnail_1747159000.webp
en,2560-38,Vimto Drink Strawberry 250 ML,Supermarket///Retail///Beverages,,,Vimto Drink Strawberry,2.25,2.25,piece,,299,0.34,https://go.farm.com.sa/public/uploads/items/2560/thumbnail_1747159000.webp
en,2549-444,Victoria Juice Lemon 280 ML,Supermarket///Retail///Beverages,,,Victoria Juice Lemon,8.95,8.95,piece,,6,1.34,https://go.farm.com.sa/public/uploads/items/2549/thumbnail_1747159000.webp
en,2525-37,Al Rabie Juice Orange 1 L,Supermarket///Retail///Beverages,,,Al Rabie Juice Orange,5.95,5.95,piece,,54,0.89,https://go.farm.com.sa/public/uploads/items/2525/thumbnail_1747159000.webp
en,114-48,Rani Drink Floats Mango Can No Sugar 240 ML,Supermarket///Retail///Beverages,,,Rani Drink Floats Mango Can No Sugar,2.1,2.1,piece,,36,0.32,https://go.farm.com.sa/public/uploads/items/114/thumbnail_1747159000.webp
en,114-1174,Rani Drink Floats Mango Can No Sugar 240 ML × 24,Supermarket///Retail///Beverages,,,Rani Drink Floats Mango Can No Sugar,46.75,46.75,piece,,1000,7.01,https://go.farm.com.sa/public/uploads/items/114/thumbnail_1747159000.webp
en,123-51,Sun Cola Drink Tetrapack Non Carbonated 125 ML,Supermarket///Retail///Beverages,,,Sun Cola Drink Tetrapack Non Carbonated,1.0,1,piece,,516,0.15,https://go.farm.com.sa/public/uploads/items/123/thumbnail_1747159000.webp
en,123-1179,Sun Cola Drink Tetrapack Non Carbonated 125 ML × 24,Supermarket///Retail///Beverages,,,Sun Cola Drink Tetrapack Non Carbonated,34.5,34.5,piece,,21,5.18,https://go.farm.com.sa/public/uploads/items/123/thumbnail_1747159000.webp
en,157-61,Rani Drink Carrot & Orange 1.5 L,Supermarket///Retail///Beverages,,,Rani Drink Carrot & Orange,7.5,7.5,piece,,40,1.13,https://go.farm.com.sa/public/uploads/items/157/thumbnail_1747159000.webp
en,157-67,Rani Drink Carrot & Orange 1.5 L × 6,Supermarket///Retail///Beverages,,,Rani Drink Carrot & Orange,41.0,41,piece,,6,6.15,https://go.farm.com.sa/public/uploads/items/157/thumbnail_1747159000.webp
en,162-61,Rani Drink Cocktail 1.5 L,Supermarket///Retail///Beverages,,,Rani Drink Cocktail,7.5,7.5,piece,,8,1.13,https://go.farm.com.sa/public/uploads/items/162/thumbnail_1747159000.webp
en,170-51,Suntop Drink Orange 125 ML,Supermarket///Retail///Beverages,,,Suntop Drink Orange,1.0,1,piece,,2148,0.15,https://go.farm.com.sa/public/uploads/items/170/thumbnail_1747159000.webp
en,170-1179,Suntop Drink Orange 125 ML × 24,Supermarket///Retail///Beverages,,,Suntop Drink Orange,20.5,20.5,piece,,89,3.08,https://go.farm.com.sa/public/uploads/items/170/thumbnail_1747159000.webp
en,170-445,Suntop Drink Orange 125 ML × 18,Supermarket///Retail///Beverages,,,Suntop Drink Orange,16.95,16.95,piece,,119,2.54,https://go.farm.com.sa/public/uploads/items/170/thumbnail_1747159000.webp
en,198-61,Rani Juice Guava 1.5 L,Supermarket///Retail///Beverages,,,Rani Juice Guava,7.5,7.5,piece,,32,1.13,https://go.farm.com.sa/public/uploads/items/198/thumbnail_1747159000.webp
en,198-67,Rani Juice Guava 1.5 L × 6,Supermarket///Retail///Beverages,,,Rani Juice Guava,41.0,41,piece,,5,6.15,https://go.farm.com.sa/public/uploads/items/198/thumbnail_1747159000.webp
en,201-37,Danya Juice Red Grape 1 L,Supermarket///Retail///Beverages,,,Danya Juice Red Grape,12.95,12.95,piece,,1231,1.94,https://go.farm.com.sa/public/uploads/items/201/thumbnail_1747159000.webp
en,201-1171,Danya Juice Red Grape 1 L × 12,Supermarket///Retail///Beverages,,,Danya Juice Red Grape,120.0,120,piece,,102,18.0,https://go.farm.com.sa/public/uploads/items/201/thumbnail_1747159000.webp
en,18306-2934,Thai Coco Pure Coconut Water 520 ML,Supermarket///Retail///Beverages,,,Thai Coco Pure Coconut Water,7.95,7.95,piece,,28,1.19,https://go.farm.com.sa/public/uploads/items/18306/thumbnail_1747159442.webp
en,18077-30,Capri Sun Juice Strawberry 200 ML,Supermarket///Retail///Beverages,,,Capri Sun Juice Strawberry,1.95,1.95,piece,,335,0.29,https://go.farm.com.sa/public/uploads/items/18077/thumbnail_1747159442.webp
en,17613-58,Vimto Drink Blueberry 250 ML × 6,Supermarket///Retail///Beverages,,,Vimto Drink Blueberry,12.95,12.95,piece,,8,1.94,https://go.farm.com.sa/public/uploads/items/17613/thumbnail_1747159105.webp
en,17606-212,Le Clebracion White Grape 750 ML,Supermarket///Retail///Beverages,,,Le Clebracion White Grape,39.95,39.95,piece,,19,5.99,https://go.farm.com.sa/public/uploads/items/17606/thumbnail_1747159105.webp
en,17597-445,Suntop Berry Mix Juice 125 ML × 18,Supermarket///Retail///Beverages,,,Suntop Berry Mix Juice,16.95,16.95,piece,,50,2.54,https://go.farm.com.sa/public/uploads/items/17597/thumbnail_1747159105.webp
en,17596-445,SUN COLA DRINK MINI 125 ML × 18,Supermarket///Retail///Beverages,,,SUN COLA DRINK MINI,16.95,16.95,piece,,28,2.54,https://go.farm.com.sa/public/uploads/items/17596/thumbnail_1747159105.webp
en,17683-1185,KDD Nectar Guava 180 ML × 6,Supermarket///Retail///Beverages,,,KDD Nectar Guava,9.5,9.5,piece,,5,1.43,https://go.farm.com.sa/public/uploads/items/17683/thumbnail_1747159105.webp
en,17681-1185,KDD Juice Orange 180 ML × 6,Supermarket///Retail///Beverages,,,KDD Juice Orange,7.95,7.95,piece,,22,1.19,https://go.farm.com.sa/public/uploads/items/17681/thumbnail_1747159105.webp
en,17668-65,Capri Sun Nectar Strawberry 200 ML × 10,Supermarket///Retail///Beverages,,,Capri Sun Nectar Strawberry,17.95,17.95,piece,,33,2.69,https://go.farm.com.sa/public/uploads/items/17668/thumbnail_1747159105.webp
en,17667-1185,KDD Drink Cheery 180 ML × 6,Supermarket///Retail///Beverages,,,KDD Drink Cheery,9.5,9.5,piece,,16,1.43,https://go.farm.com.sa/public/uploads/items/17667/thumbnail_1747159105.webp
en,17666-1185,KDD Juice Pineapple 180 ML × 6,Supermarket///Retail///Beverages,,,KDD Juice Pineapple,10.95,10.95,piece,,154,1.64,https://go.farm.com.sa/public/uploads/items/17666/thumbnail_1747159105.webp
en,16894-2688,Vimto Drink Fruits 250 ML × 9,Supermarket///Retail///Beverages,,,Vimto Drink Fruits,19.95,19.95,piece,,13,2.99,https://go.farm.com.sa/public/uploads/items/16894/thumbnail_1747159105.webp
en,14787-63,Original Juice No Added Sugar 1.4 L,Supermarket///Retail///Beverages,,,Original Juice No Added Sugar,10.5,10.5,piece,,15,1.58,https://go.farm.com.sa/public/uploads/items/14787/thumbnail_1747159000.webp
en,15454-996,Nada Drink Berries 1.3 L,Supermarket///Retail///Beverages,,,Nada Drink Berries,7.5,7.5,piece,,11,1.13,https://go.farm.com.sa/public/uploads/items/15454/thumbnail_1747159563.webp
en,2628-45,Nada Juice Apple No Added Sugar 300 ML,Supermarket///Retail///Beverages,,,Nada Juice Apple No Added Sugar,3.0,3,piece,,68,0.45,https://go.farm.com.sa/public/uploads/items/2628/thumbnail_1747159000.webp
en,2629-45,Nada Nectar Strawberry Rich In Vitamin C 300 ML,Supermarket///Retail///Beverages,,,Nada Nectar Strawberry Rich In Vitamin C,3.0,3,piece,,43,0.45,https://go.farm.com.sa/public/uploads/items/2629/thumbnail_1747159000.webp
en,2638-30,Nada Juice Mix Fruits 200 ML,Supermarket///Retail///Beverages,,,Nada Juice Mix Fruits,2.1,2.1,piece,,61,0.32,https://go.farm.com.sa/public/uploads/items/2638/thumbnail_1747159000.webp
en,2627-45,Nada Nectar Mix Fruits 300 ML,Supermarket///Retail///Beverages,,,Nada Nectar Mix Fruits,3.0,3,piece,,21,0.45,https://go.farm.com.sa/public/uploads/items/2627/thumbnail_1747159000.webp
en,2625-45,Nada Juice Orange Rich In Vitamin C No Sugar Added 300 ML,Supermarket///Retail///Beverages,,,Nada Juice Orange Rich In Vitamin C No Sugar Added,3.0,3,piece,,56,0.45,https://go.farm.com.sa/public/uploads/items/2625/thumbnail_1747159000.webp
en,2739-30,Al Marai Juice Mix Berries Without Adding Sugar 200 ML,Supermarket///Retail///Beverages,,,Al Marai Juice Mix Berries Without Adding Sugar,2.0,2,piece,,88,0.3,https://go.farm.com.sa/public/uploads/items/2739/thumbnail_1747159000.webp
en,2622-45,Nada Drink kiwi & Lime 300 ML,Supermarket///Retail///Beverages,,,Nada Drink kiwi & Lime,3.0,3,piece,,15,0.45,https://go.farm.com.sa/public/uploads/items/2622/thumbnail_1747159000.webp
en,2741-45,Al Marai Juice Mixed Fruit Mango Without Adding Sugar 300 ML,Supermarket///Retail///Beverages,,,Al Marai Juice Mixed Fruit Mango Without Adding Sugar,3.0,3,piece,,58,0.45,https://go.farm.com.sa/public/uploads/items/2741/thumbnail_1747159000.webp
en,2620-37,Caesar Juice Qamar El Din 1 L,Supermarket///Retail///Beverages,,,Caesar Juice Qamar El Din,9.0,9,piece,,14,1.35,https://go.farm.com.sa/public/uploads/items/2620/thumbnail_1747159000.webp
en,2745-45,Al Marai Juice Mixed Fruit Lemon Without Adding Sugar With Pulp 300 ML,Supermarket///Retail///Beverages,,,Al Marai Juice Mixed Fruit Lemon Without Adding Sugar With Pulp,3.0,3,piece,,143,0.45,https://go.farm.com.sa/public/uploads/items/2745/thumbnail_1747159000.webp
en,2746-45,Al Marai Juice Mango & Grape Without Adding Sugar 300 ML,Supermarket///Retail///Beverages,,,Al Marai Juice Mango & Grape Without Adding Sugar,3.0,3,piece,,30,0.45,https://go.farm.com.sa/public/uploads/items/2746/thumbnail_1747159000.webp
en,2759-38,Al Marai Juice Pineapple Sugar Free 250 ML,Supermarket///Retail///Beverages,,,Al Marai Juice Pineapple Sugar Free,6.0,6,piece,,196,0.9,https://go.farm.com.sa/public/uploads/items/2759/thumbnail_1747159000.webp
en,2619-37,Caesar Juice Apple 1 L,Supermarket///Retail///Beverages,,,Caesar Juice Apple,9.0,9,piece,,12,1.35,https://go.farm.com.sa/public/uploads/items/2619/thumbnail_1747159000.webp
en,2615-38,Caesar Fresh Juice Orange 250 ML,Supermarket///Retail///Beverages,,,Caesar Fresh Juice Orange,3.0,3,piece,,29,0.45,https://go.farm.com.sa/public/uploads/items/2615/thumbnail_1747159000.webp
en,2772-45,Nadec Nectar berry Sugar Free 300 ML,Supermarket///Retail///Beverages,,,Nadec Nectar berry Sugar Free,3.0,3,piece,,12,0.45,https://go.farm.com.sa/public/uploads/items/2772/thumbnail_1747159000.webp
en,2782-45,Nadec Nectar Orange & Carrot With Mixed Fruit Sugar Free 300 ML,Supermarket///Retail///Beverages,,,Nadec Nectar Orange & Carrot With Mixed Fruit Sugar Free,3.0,3,piece,,22,0.45,https://go.farm.com.sa/public/uploads/items/2782/thumbnail_1747159000.webp
en,2592-30,Al Rabie Juice Grape Without Adding Sugar 200 ML,Supermarket///Retail///Beverages,,,Al Rabie Juice Grape Without Adding Sugar,1.75,1.75,piece,,550,0.26,https://go.farm.com.sa/public/uploads/items/2592/thumbnail_1747159000.webp
en,2591-30,Alrabie Juice Pineapple 200 ML,Supermarket///Retail///Beverages,,,Alrabie Juice Pineapple,1.75,1.75,piece,,426,0.26,https://go.farm.com.sa/public/uploads/items/2591/thumbnail_1747159000.webp
en,2790-38,Al Marai Juice Andalusian Orange 250 ML,Supermarket///Retail///Beverages,,,Al Marai Juice Andalusian Orange,6.0,6,piece,,82,0.9,https://go.farm.com.sa/public/uploads/items/2790/thumbnail_1747159000.webp
en,2795-38,Caesar Nectar Orange Carrot And Grapes 250 ML,Supermarket///Retail///Beverages,,,Caesar Nectar Orange Carrot And Grapes,3.0,3,piece,,78,0.45,https://go.farm.com.sa/public/uploads/items/2795/thumbnail_1747159000.webp
en,2796-38,Caesar Nectar Fruit Cocktail 250 ML,Supermarket///Retail///Beverages,,,Caesar Nectar Fruit Cocktail,3.0,3,piece,,26,0.45,https://go.farm.com.sa/public/uploads/items/2796/thumbnail_1747159000.webp
en,2798-30,Granti Juice Apple and Cherry 200 ML,Supermarket///Retail///Beverages,,,Granti Juice Apple and Cherry,3.0,3,piece,,242,0.45,https://go.farm.com.sa/public/uploads/items/2798/thumbnail_1747159000.webp
en,2636-30,Nada Juice Orange Rich In Vitamin C 200 ML,Supermarket///Retail///Beverages,,,Nada Juice Orange Rich In Vitamin C,2.1,2.1,piece,,51,0.32,https://go.farm.com.sa/public/uploads/items/2636/thumbnail_1747159000.webp
en,2840-27,Halwani Brothers Concentrated Sugar Cane Syrup 450 G,Supermarket///Retail///Beverages,,,Halwani Brothers Concentrated Sugar Cane Syrup,13.5,13.5,piece,,4,2.03,https://go.farm.com.sa/public/uploads/items/2840/thumbnail_1747159000.webp
en,14786-63,Original Juice Orange and Carrot Cocktail 1.4 L,Supermarket///Retail///Beverages,,,Original Juice Orange and Carrot Cocktail,10.5,10.5,piece,,27,1.58,https://go.farm.com.sa/public/uploads/items/14786/thumbnail_1747159000.webp
en,14535-50,Nada Juice Beetroot With Raspberry Without Adding Sugar 320 ML,Supermarket///Retail///Beverages,,,Nada Juice Beetroot With Raspberry Without Adding Sugar,4.0,4,piece,,11,0.6,https://go.farm.com.sa/public/uploads/items/14535/thumbnail_1747159000.webp
en,14103-1895,Cloudem Drink Apple Cocktail Rose  750 ML,Supermarket///Retail///Beverages,,,Cloudem Drink Apple Cocktail Rose ,39.95,39.95,piece,,8,5.99,https://go.farm.com.sa/public/uploads/items/14103/thumbnail_1747159563.webp
en,14078-1918,TONO FRUIT CORDIAL ZERO 710 ML,Supermarket///Retail///Beverages,,,TONO FRUIT CORDIAL ZERO,18.95,18.95,piece,,11,2.84,https://go.farm.com.sa/public/uploads/items/14078/thumbnail_1747159563.webp
en,14020-996,Nada Drink Lemon With Mint 1.3 L,Supermarket///Retail///Beverages,,,Nada Drink Lemon With Mint,7.5,7.5,piece,,15,1.13,https://go.farm.com.sa/public/uploads/items/14020/thumbnail_1747159563.webp
en,14019-996,Nada Concentrated Juice Apple  1.3 L,Supermarket///Retail///Beverages,,,Nada Concentrated Juice Apple ,7.5,7.5,piece,,7,1.13,https://go.farm.com.sa/public/uploads/items/14019/thumbnail_1747159563.webp
en,13628-1175,Rani Drink Orange 240 ML × 6,Supermarket///Retail///Beverages,,,Rani Drink Orange,12.0,12,piece,,21,1.8,https://go.farm.com.sa/public/uploads/items/13628/thumbnail_1747159105.webp
en,14014-45,Almarai Juice Orange With Pulp No Added Sugar 300 ML,Supermarket///Retail///Beverages,,,Almarai Juice Orange With Pulp No Added Sugar,3.0,3,piece,,49,0.45,https://go.farm.com.sa/public/uploads/items/14014/thumbnail_1747159563.webp
en,13629-48,Rani Drink Pineapple Floats 240 ML,Supermarket///Retail///Beverages,,,Rani Drink Pineapple Floats,2.1,2.1,piece,,98,0.32,https://go.farm.com.sa/public/uploads/items/13629/thumbnail_1747159105.webp
en,13629-1175,Rani Drink Pineapple Floats 240 ML × 6,Supermarket///Retail///Beverages,,,Rani Drink Pineapple Floats,12.0,12,piece,,16,1.8,https://go.farm.com.sa/public/uploads/items/13629/thumbnail_1747159105.webp
en,13662-445,Sun Cola Drink 125 ML × 18,Supermarket///Retail///Beverages,,,Sun Cola Drink,16.95,16.95,piece,,28,2.54,https://go.farm.com.sa/public/uploads/items/13662/thumbnail_1747159105.webp
en,13661-38,Sun Cola Drink Non-Carbonated 250 ML,Supermarket///Retail///Beverages,,,Sun Cola Drink Non-Carbonated,2.0,2,piece,,97,0.3,https://go.farm.com.sa/public/uploads/items/13661/thumbnail_1747159105.webp
en,14000-1781,Chios Gardens Juice Natural Fruits 1 L,Supermarket///Retail///Beverages,,,Chios Gardens Juice Natural Fruits,8.95,8.95,piece,,59,1.34,https://go.farm.com.sa/public/uploads/items/14000/thumbnail_1747159563.webp
en,2815-37,Alpro Coconut Drink Original 1 L,Supermarket///Retail///Beverages,,,Alpro Coconut Drink Original,16.95,16.95,piece,,29,2.54,https://go.farm.com.sa/public/uploads/items/2815/thumbnail_1747159000.webp
en,13649-1175,Rani Drink Three Jewels 240 ML × 6,Supermarket///Retail///Beverages,,,Rani Drink Three Jewels,11.95,11.95,piece,,20,1.79,https://go.farm.com.sa/public/uploads/items/13649/thumbnail_1747159105.webp
en,13645-37,Caesar Juice Mango and Mixed Fruits 1 L,Supermarket///Retail///Beverages,,,Caesar Juice Mango and Mixed Fruits,9.0,9,piece,,9,1.35,https://go.farm.com.sa/public/uploads/items/13645/thumbnail_1747159105.webp
en,13646-37,Caesar Juice Guava and Mixed Fruits 1 L,Supermarket///Retail///Beverages,,,Caesar Juice Guava and Mixed Fruits,9.0,9,piece,,11,1.35,https://go.farm.com.sa/public/uploads/items/13646/thumbnail_1747159105.webp
en,13647-1175,Rani Juice Mango 240 ML × 6,Supermarket///Retail///Beverages,,,Rani Juice Mango,12.0,12,piece,,6,1.8,https://go.farm.com.sa/public/uploads/items/13647/thumbnail_1747159105.webp
en,13993-1874,Original Juice Mango  125 ML × 18,Supermarket///Retail///Beverages,,,Original Juice Mango,17.95,17.95,piece,,15,2.69,https://go.farm.com.sa/public/uploads/items/13993/thumbnail_1747159563.webp
en,13984-1875,Suntop Nectar Mixed Fruits Without Adding Sugar 180 ML × 18,Supermarket///Retail///Beverages,,,Suntop Nectar Mixed Fruits Without Adding Sugar,26.95,26.95,piece,,10,4.04,https://go.farm.com.sa/public/uploads/items/13984/thumbnail_1747159563.webp
en,14010-1878,Original Juice Grapes  1.4 L,Supermarket///Retail///Beverages,,,Original Juice Grapes,10.5,10.5,piece,,10,1.58,https://go.farm.com.sa/public/uploads/items/14010/thumbnail_1747159563.webp
en,13667-35,Sun Cola Drink Zero Without Gas and Without Calories 330 ML,Supermarket///Retail///Beverages,,,Sun Cola Drink Zero Without Gas and Without Calories,3.25,3.25,piece,,63,0.49,https://go.farm.com.sa/public/uploads/items/13667/thumbnail_1747159105.webp
en,13652-49,Rani Drink Pineapple Granules 180 ML,Supermarket///Retail///Beverages,,,Rani Drink Pineapple Granules,1.95,1.95,piece,,36,0.29,https://go.farm.com.sa/public/uploads/items/13652/thumbnail_1747159105.webp
en,13974-1869,KDD Nectar Guava  1 L,Supermarket///Retail///Beverages,,,KDD Nectar Guava ,7.95,7.95,piece,,17,1.19,https://go.farm.com.sa/public/uploads/items/13974/thumbnail_1747159563.webp
en,97-38,Pepsi Soft Drink Glass Bottle 250 ML,Supermarket///Retail///Beverages,,,Pepsi Soft Drink Glass Bottle,2.5,2.5,piece,,679,0.38,https://go.farm.com.sa/public/uploads/items/97/thumbnail_1747159000.webp
en,98-1905,Pepsi Soft Drink Can 360 ML,Supermarket///Retail///Beverages,,,Pepsi Soft Drink Can,2.75,2.75,piece,,1945,0.41,https://go.farm.com.sa/public/uploads/items/98/thumbnail_1747159000.webp
en,13642-58,Pepsi Soft Drink Glass Bottle 250 ML × 6,Supermarket///Retail///Beverages,,,Pepsi Soft Drink Glass Bottle,11.95,11.95,piece,,49,1.79,https://go.farm.com.sa/public/uploads/items/13642/thumbnail_1747159105.webp
en,13604-58,Pepsi Soft Drink Diet Glass Bottle 250 ML × 6,Supermarket///Retail///Beverages,,,Pepsi Soft Drink Diet Glass Bottle,11.95,11.95,piece,,113,1.79,https://go.farm.com.sa/public/uploads/items/13604/thumbnail_1747159105.webp
en,87-44,Pepsi Soft Drink Bottle 500 ML,Supermarket///Retail///Beverages,,,Pepsi Soft Drink Bottle,3.0,3,piece,,203,0.45,https://go.farm.com.sa/public/uploads/items/87/thumbnail_1747159000.webp
en,17947-1167,Pepsi Soft Drink 2.25 L × 6,Supermarket///Retail///Beverages,,,Pepsi Soft Drink,53.95,53.95,piece,,18,8.09,https://go.farm.com.sa/public/uploads/items/17947/thumbnail_1747159442.webp
en,17643-79,Pepsi Soft Drink 500 ML × 24,Supermarket///Retail///Beverages,,,Pepsi Soft Drink,71.5,71.5,piece,,8,10.73,https://go.farm.com.sa/public/uploads/items/17643/thumbnail_1747159105.webp
en,17652-1165,Pepsi Soft Drink Diet Glass Bottle 250 ML × 24,Supermarket///Retail///Beverages,,,Pepsi Soft Drink Diet Glass Bottle,58.95,58.95,piece,,28,8.84,https://go.farm.com.sa/public/uploads/items/17652/thumbnail_1747159105.webp
en,17646-1165,Pepsi Soft Drink Glass Bottle 250 ML × 24,Supermarket///Retail///Beverages,,,Pepsi Soft Drink Glass Bottle,59.95,59.95,piece,,12,8.99,https://go.farm.com.sa/public/uploads/items/17646/thumbnail_1747159105.webp
en,13766-440,Pepsi Soft Drink 360 ML,Supermarket///Retail///Beverages,,,Pepsi Soft Drink,3.0,3,piece,,810,0.45,https://go.farm.com.sa/public/uploads/items/13766/thumbnail_1747159105.webp
en,13926-58,Pepsi Soft Drink Diet Glass Bottle 250 ML × 6,Supermarket///Retail///Beverages,,,Pepsi Soft Drink Diet Glass Bottle,11.95,11.95,piece,,113,1.79,https://go.farm.com.sa/public/uploads/items/13926/thumbnail_1747159563.webp
en,2476-37,Pepsi Diet Soft Drink Bottle 1 L,Supermarket///Retail///Beverages,,,Pepsi Diet Soft Drink Bottle,5.0,5,piece,,113,0.75,https://go.farm.com.sa/public/uploads/items/2476/thumbnail_1747159000.webp
en,110-47,Pepsi Soft Drink Can 325 ML,Supermarket///Retail///Beverages,,,Pepsi Soft Drink Can,2.5,2.5,piece,,639,0.38,https://go.farm.com.sa/public/uploads/items/110/thumbnail_1747159000.webp
en,99-1905,Pepsi Diet Soft Drink Can 360 ML,Supermarket///Retail///Beverages,,,Pepsi Diet Soft Drink Can,2.75,2.75,piece,,1116,0.41,https://go.farm.com.sa/public/uploads/items/99/thumbnail_1747159000.webp
en,99-1172,Pepsi Diet Soft Drink Can 355 ML × 24,Supermarket///Retail///Beverages,,,Pepsi Diet Soft Drink Can,63.95,63.95,piece,,46,9.59,https://go.farm.com.sa/public/uploads/items/99/thumbnail_1747159000.webp
en,99-1163,Pepsi Diet Soft Drink Can 355 ML × 6,Supermarket///Retail///Beverages,,,Pepsi Diet Soft Drink Can,16.25,16.25,piece,,997,2.44,https://go.farm.com.sa/public/uploads/items/99/thumbnail_1747159000.webp
en,98-1905,Pepsi Soft Drink Can 360 ML,Supermarket///Retail///Beverages,,,Pepsi Soft Drink Can,2.75,2.75,piece,,1945,0.41,https://go.farm.com.sa/public/uploads/items/98/thumbnail_1747159000.webp
en,97-38,Pepsi Soft Drink Glass Bottle 250 ML,Supermarket///Retail///Beverages,,,Pepsi Soft Drink Glass Bottle,2.5,2.5,piece,,679,0.38,https://go.farm.com.sa/public/uploads/items/97/thumbnail_1747159000.webp
en,77-42,Pepsi Soft Drink Can 150 ML,Supermarket///Retail///Beverages,,,Pepsi Soft Drink Can,2.0,2,piece,,6,0.3,https://go.farm.com.sa/public/uploads/items/77/thumbnail_1747159000.webp
en,73-40,Pepsi Soft Drink Bottle 2.25 L,Supermarket///Retail///Beverages,,,Pepsi Soft Drink Bottle,9.0,9,piece,,108,1.35,https://go.farm.com.sa/public/uploads/items/73/thumbnail_1747159000.webp
en,80-37,Pepsi Soft Drink 1 L,Supermarket///Retail///Beverages,,,Pepsi Soft Drink,5.0,5,piece,,8485,0.75,https://go.farm.com.sa/public/uploads/items/80/thumbnail_1747159000.webp
en,80-1171,Pepsi Soft Drink 1 L × 12,Supermarket///Retail///Beverages,,,Pepsi Soft Drink,59.95,59.95,piece,,998,8.99,https://go.farm.com.sa/public/uploads/items/80/thumbnail_1747159000.webp
en,93-38,Pepsi Soft Drink Glass Bottle 250 ML,Supermarket///Retail///Beverages,,,Pepsi Soft Drink Glass Bottle,2.5,2.5,piece,,294,0.38,https://go.farm.com.sa/public/uploads/items/93/thumbnail_1747159000.webp
en,13623-58,7UP Soft Drink Glass Bottle 250 ML × 6,Supermarket///Retail///Beverages,,,7UP Soft Drink Glass Bottle,11.95,11.95,piece,,84,1.79,https://go.farm.com.sa/public/uploads/items/13623/thumbnail_1747159105.webp
en,13612-1163,7UP Soft Drink Free 355 ML × 6,Supermarket///Retail///Beverages,,,7UP Soft Drink Free,16.25,16.25,piece,,149,2.44,https://go.farm.com.sa/public/uploads/items/13612/thumbnail_1747159105.webp
en,100-43,7 Up Soft Drink Lemon Can 355 ML,Supermarket///Retail///Beverages,,,7 Up Soft Drink Lemon Can,2.75,2.75,piece,,1065,0.41,https://go.farm.com.sa/public/uploads/items/100/thumbnail_1747159000.webp
en,100-81,7 Up Soft Drink Lemon Can 330 ML × 24,Supermarket///Retail///Beverages,,,7 Up Soft Drink Lemon Can,63.95,63.95,piece,,44,9.59,https://go.farm.com.sa/public/uploads/items/100/thumbnail_1747159000.webp
en,101-43,7 Up Soft Drink Can Sugar Free 355 ML,Supermarket///Retail///Beverages,,,7 Up Soft Drink Can Sugar Free,2.75,2.75,piece,,900,0.41,https://go.farm.com.sa/public/uploads/items/101/thumbnail_1747159000.webp
en,15452-1163,7UP Soft Drink Free 355 ML × 6,Supermarket///Retail///Beverages,,,7UP Soft Drink Free,16.25,16.25,piece,,997,2.44,https://go.farm.com.sa/public/uploads/items/15452/thumbnail_1747159563.webp
en,15438-42,7UP Soft Drink Lemon 150 ML,Supermarket///Retail///Beverages,,,7UP Soft Drink Lemon,2.0,2,piece,,1000,0.3,https://go.farm.com.sa/public/uploads/items/15438/thumbnail_1747159563.webp
en,13769-440,7 UP Soft Drink Free 360 ML,Supermarket///Retail///Beverages,,,7 UP Soft Drink Free,3.0,3,piece,,247,0.45,https://go.farm.com.sa/public/uploads/items/13769/thumbnail_1747159105.webp
en,13624-38,7UP Soft Drink Glass Bottle 250 ML,Supermarket///Retail///Beverages,,,7UP Soft Drink Glass Bottle,2.5,2.5,piece,,507,0.38,https://go.farm.com.sa/public/uploads/items/13624/thumbnail_1747159105.webp
en,13610-1163,7UP Soft Drink 355 ML × 6,Supermarket///Retail///Beverages,,,7UP Soft Drink,16.25,16.25,piece,,177,2.44,https://go.farm.com.sa/public/uploads/items/13610/thumbnail_1747159105.webp
en,13929-38,7UP Soft Drink Glass Bottle 250 ML,Supermarket///Retail///Beverages,,,7UP Soft Drink Glass Bottle,2.5,2.5,piece,,1000,0.38,https://go.farm.com.sa/public/uploads/items/13929/thumbnail_1747159563.webp
en,2485-441,7 Up Soft Drink Can 325 ML × 24,Supermarket///Retail///Beverages,,,7 Up Soft Drink Can,56.95,56.95,piece,,42,8.54,https://go.farm.com.sa/public/uploads/items/2485/thumbnail_1747159000.webp
en,2480-1164,7 UP Soft Drink 2.2 L × 6,Supermarket///Retail///Beverages,,,7 UP Soft Drink,45.95,45.95,piece,,567,6.89,https://go.farm.com.sa/public/uploads/items/2480/thumbnail_1747159000.webp
en,109-1165,7 UP Soft Drink Glass Bottle 250 ML × 24,Supermarket///Retail///Beverages,,,7 UP Soft Drink Glass Bottle,59.95,59.95,piece,,21,8.99,https://go.farm.com.sa/public/uploads/items/109/thumbnail_1747159000.webp
en,75-40,7 Up Sparkling Drink Bottle Lemon 2.25 L,Supermarket///Retail///Beverages,,,7 Up Sparkling Drink Bottle Lemon,9.0,9,piece,,61,1.35,https://go.farm.com.sa/public/uploads/items/75/thumbnail_1747159000.webp
en,75-1167,7 Up Sparkling Drink Bottle Lemon 2.25 L × 6,Supermarket///Retail///Beverages,,,7 Up Sparkling Drink Bottle Lemon,53.95,53.95,piece,,10,8.09,https://go.farm.com.sa/public/uploads/items/75/thumbnail_1747159000.webp
en,13768-440,7 UP Soft Drink 360 ML,Supermarket///Retail///Beverages,,,7 UP Soft Drink,3.0,3,piece,,659,0.45,https://go.farm.com.sa/public/uploads/items/13768/thumbnail_1747159105.webp
en,24862-1168,7UP DRINK SUGAR FREE CAN 150 ML × 12,Supermarket///Retail///Beverages,,,7UP DRINK SUGAR FREE CAN,19.95,19.95,piece,,39,2.99,https://go.farm.com.sa/public/uploads/items/24862/thumbnail_1753086358.webp
en,18080-36,Coca Cola Soft Drink Zero 2.2 L,Supermarket///Retail///Beverages,,,Coca Cola Soft Drink Zero,7.5,7.5,piece,,36,1.13,https://go.farm.com.sa/public/uploads/items/18080/thumbnail_1747159442.webp
en,18096-35,Green Cola Soft Drink 330 ML,Supermarket///Retail///Beverages,,,Green Cola Soft Drink,5.0,5,piece,,28,0.75,https://go.farm.com.sa/public/uploads/items/18096/thumbnail_1747159442.webp
en,13778-40,Coca Cola Soft Drink 2.25 L,Supermarket///Retail///Beverages,,,Coca Cola Soft Drink,9.0,9,piece,,222,1.35,https://go.farm.com.sa/public/uploads/items/13778/thumbnail_1747159105.webp
en,13679-1168,Coca Cola Soft Drink Zero 150 ML × 12,Supermarket///Retail///Beverages,,,Coca Cola Soft Drink Zero,24.95,24.95,piece,,153,3.74,https://go.farm.com.sa/public/uploads/items/13679/thumbnail_1747159105.webp
en,13655-1168,Coca Cola Soft Drink Light 150 ML × 12,Supermarket///Retail///Beverages,,,Coca Cola Soft Drink Light,24.95,24.95,piece,,124,3.74,https://go.farm.com.sa/public/uploads/items/13655/thumbnail_1747159105.webp
en,13644-441,Coca Cola Soft Drink 325 ML × 24,Supermarket///Retail///Beverages,,,Coca Cola Soft Drink,52.95,52.95,piece,,76,7.94,https://go.farm.com.sa/public/uploads/items/13644/thumbnail_1747159105.webp
en,13634-1168,Coca Cola Soft Drink 150 ML × 12,Supermarket///Retail///Beverages,,,Coca Cola Soft Drink,24.95,24.95,piece,,73,3.74,https://go.farm.com.sa/public/uploads/items/13634/thumbnail_1747159105.webp
en,13631-1165,Coca Cola Soft Drink 250 ML × 24,Supermarket///Retail///Beverages,,,Coca Cola Soft Drink,58.95,58.95,piece,,35,8.84,https://go.farm.com.sa/public/uploads/items/13631/thumbnail_1747159105.webp
en,2489-35,Green Cola Soft Drink Sour Cherry Can 330 ML,Supermarket///Retail///Beverages,,,Green Cola Soft Drink Sour Cherry Can,5.5,5.5,piece,,421,0.83,https://go.farm.com.sa/public/uploads/items/2489/thumbnail_1747159000.webp
en,62-37,Coca Cola Soft Drink Bottle 1 L,Supermarket///Retail///Beverages,,,Coca Cola Soft Drink Bottle,4.0,4,piece,,35,0.6,https://go.farm.com.sa/public/uploads/items/62/thumbnail_1747159000.webp
en,62-46,Coca Cola Soft Drink Bottle 1 L × 6,Supermarket///Retail///Beverages,,,Coca Cola Soft Drink Bottle,24.0,24,piece,,5,3.6,https://go.farm.com.sa/public/uploads/items/62/thumbnail_1747159000.webp
en,66-38,Coca Cola Soft Drink Glass Bottle 250 ML,Supermarket///Retail///Beverages,,,Coca Cola Soft Drink Glass Bottle,2.5,2.5,piece,,843,0.38,https://go.farm.com.sa/public/uploads/items/66/thumbnail_1747159000.webp
en,66-1165,Coca Cola Soft Drink Glass Bottle 250 ML × 24,Supermarket///Retail///Beverages,,,Coca Cola Soft Drink Glass Bottle,61.95,61.95,piece,,1000,9.29,https://go.farm.com.sa/public/uploads/items/66/thumbnail_1747159000.webp
en,58-36,Coca Cola Soft Drink Bottle 2.2 L,Supermarket///Retail///Beverages,,,Coca Cola Soft Drink Bottle,7.5,7.5,piece,,120,1.13,https://go.farm.com.sa/public/uploads/items/58/thumbnail_1747159000.webp
en,58-1164,Coca Cola Soft Drink Bottle 2.2 L × 6,Supermarket///Retail///Beverages,,,Coca Cola Soft Drink Bottle,53.95,53.95,piece,,20,8.09,https://go.farm.com.sa/public/uploads/items/58/thumbnail_1747159000.webp
en,13681-1870,Coca Cola Soft Drink 250 ML × 6,Supermarket///Retail///Beverages,,,Coca Cola Soft Drink,14.95,14.95,piece,,140,2.24,https://go.farm.com.sa/public/uploads/items/13681/thumbnail_1747159105.webp
en,13625-1163,Coca Cola Soft Drink 355 ML × 6,Supermarket///Retail///Beverages,,,Coca Cola Soft Drink,15.95,15.95,piece,,206,2.39,https://go.farm.com.sa/public/uploads/items/13625/thumbnail_1748174080.webp
en,13653-42,Coca Cola Soft Drink Light 150 ML,Supermarket///Retail///Beverages,,,Coca Cola Soft Drink Light,2.25,2.25,piece,,1499,0.34,https://go.farm.com.sa/public/uploads/items/13653/thumbnail_1747159105.webp
en,13633-43,Coca Cola Soft Drink Zero 355 ML,Supermarket///Retail///Beverages,,,Coca Cola Soft Drink Zero,3.0,3,piece,,2039,0.45,https://go.farm.com.sa/public/uploads/items/13633/thumbnail_1747159105.webp
en,13630-1172,Coca Cola Soft Drink Light 355 ML × 24,Supermarket///Retail///Beverages,,,Coca Cola Soft Drink Light,71.5,71.5,piece,,69,10.73,https://go.farm.com.sa/public/uploads/items/13630/thumbnail_1747159105.webp
en,2495-35,Sun Cola Drink Non-Carbonated Canned 330 ML,Supermarket///Retail///Beverages,,,Sun Cola Drink Non-Carbonated Canned,3.25,3.25,piece,,77,0.49,https://go.farm.com.sa/public/uploads/items/2495/thumbnail_1747159000.webp
en,2479-35,Green Cola Soft Drink 330 ML,Supermarket///Retail///Beverages,,,Green Cola Soft Drink,5.0,5,piece,,28,0.75,https://go.farm.com.sa/public/uploads/items/2479/thumbnail_1747159000.webp
en,95-47,Coca Cola Soft Drink Can 325 ML,Supermarket///Retail///Beverages,,,Coca Cola Soft Drink Can,2.5,2.5,piece,,1834,0.38,https://go.farm.com.sa/public/uploads/items/95/thumbnail_1747159000.webp
en,95-441,Coca Cola Soft Drink Can 325 ML × 24,Supermarket///Retail///Beverages,,,Coca Cola Soft Drink Can,56.95,56.95,piece,,1000,8.54,https://go.farm.com.sa/public/uploads/items/95/thumbnail_1747159000.webp
en,56-34,Coca Cola Soft Drink Bottle 400 ML,Supermarket///Retail///Beverages,,,Coca Cola Soft Drink Bottle,2.5,2.5,piece,,54,0.38,https://go.farm.com.sa/public/uploads/items/56/thumbnail_1747159000.webp
en,57-43,Coca Cola Can 355 ML,Supermarket///Retail///Beverages,,,Coca Cola Can,3.0,3,piece,,1237,0.45,https://go.farm.com.sa/public/uploads/items/57/thumbnail_1747159000.webp
en,57-81,Coca Cola Can 330 ML × 24,Supermarket///Retail///Beverages,,,Coca Cola Can,71.5,71.5,piece,,51,10.73,https://go.farm.com.sa/public/uploads/items/57/thumbnail_1747159000.webp
en,61-43,Coca Cola Light Soft Drink Can 355 ML,Supermarket///Retail///Beverages,,,Coca Cola Light Soft Drink Can,3.0,3,piece,,1669,0.45,https://go.farm.com.sa/public/uploads/items/61/thumbnail_1747159000.webp
en,61-81,Coca Cola Light Soft Drink Can 330 ML × 24,Supermarket///Retail///Beverages,,,Coca Cola Light Soft Drink Can,71.5,71.5,piece,,69,10.73,https://go.farm.com.sa/public/uploads/items/61/thumbnail_1747159000.webp
en,71-35,Coca Cola Soft Drink Zero Calories Can 330 ML,Supermarket///Retail///Beverages,,,Coca Cola Soft Drink Zero Calories Can,3.0,3,piece,,2039,0.45,https://go.farm.com.sa/public/uploads/items/71/thumbnail_1747159000.webp
en,71-81,Coca Cola Soft Drink Zero Calories Can 330 ML × 24,Supermarket///Retail///Beverages,,,Coca Cola Soft Drink Zero Calories Can,71.5,71.5,piece,,84,10.73,https://go.farm.com.sa/public/uploads/items/71/thumbnail_1747159000.webp
en,76-41,Coca Cola 150 G,Supermarket///Retail///Beverages,,,Coca Cola,2.25,2.25,piece,,881,0.34,https://go.farm.com.sa/public/uploads/items/76/thumbnail_1747159000.webp
en,76-1168,Coca Cola 150 ML × 12,Supermarket///Retail///Beverages,,,Coca Cola,24.95,24.95,piece,,1000,3.74,https://go.farm.com.sa/public/uploads/items/76/thumbnail_1747159000.webp
en,31608-440,KINZA CARBONATED DRINK BLACK CURRANT 360 ML,Supermarket///Retail///Beverages,,,KINZA CARBONATED DRINK BLACK CURRANT,2.75,2.75,piece,,100,0.41,https://go.farm.com.sa/public/uploads/items/31608/thumbnail_1750338707.webp
en,13637-1168,Shani Soft Drink Strawberry and Raspberry 150 ML × 12,Supermarket///Retail///Beverages,,,Shani Soft Drink Strawberry and Raspberry,19.95,19.95,piece,,47,2.99,https://go.farm.com.sa/public/uploads/items/13637/thumbnail_1747159105.webp
en,17630-2842,Shani Fruit Soft Drink 30 × 150 ML,Supermarket///Retail///Beverages,,,Shani Fruit Soft Drink,58.75,58.75,piece,,18,8.81,https://go.farm.com.sa/public/uploads/items/17630/thumbnail_1747159105.webp
en,17662-1172,Shani Soft Drink Fruits 355 ML × 24,Supermarket///Retail///Beverages,,,Shani Soft Drink Fruits,63.95,63.95,piece,,10,9.59,https://go.farm.com.sa/public/uploads/items/17662/thumbnail_1747159105.webp
en,2491-38,Shani Soft Drink 250 ML,Supermarket///Retail///Beverages,,,Shani Soft Drink,2.5,2.5,piece,,247,0.38,https://go.farm.com.sa/public/uploads/items/2491/thumbnail_1747159000.webp
en,105-43,Shani Soft Drink Can 355 ML,Supermarket///Retail///Beverages,,,Shani Soft Drink Can,2.75,2.75,piece,,243,0.41,https://go.farm.com.sa/public/uploads/items/105/thumbnail_1747159000.webp
en,79-42,Shani Soft Drink Can 150 ML,Supermarket///Retail///Beverages,,,Shani Soft Drink Can,2.0,2,piece,,566,0.3,https://go.farm.com.sa/public/uploads/items/79/thumbnail_1747159000.webp
en,17671-58,Vimto Soft Drink Fruits Flavored 250 ML × 6,Supermarket///Retail///Beverages,,,Vimto Soft Drink Fruits Flavored,11.95,11.95,piece,,54,1.79,https://go.farm.com.sa/public/uploads/items/17671/thumbnail_1747159105.webp
en,16869-1168,Sprite Soft Drink 150 ML × 12,Supermarket///Retail///Beverages,,,Sprite Soft Drink,24.95,24.95,piece,,102,3.74,https://go.farm.com.sa/public/uploads/items/16869/thumbnail_1747159105.webp
en,16813-2675,Mirinda Soft Drink Citrus 355 ML × 18,Supermarket///Retail///Beverages,,,Mirinda Soft Drink Citrus,47.95,47.95,piece,,113,7.19,https://go.farm.com.sa/public/uploads/items/16813/thumbnail_1747159105.webp
en,16759-38,Aquafina Carbonated Water 250 ML,Supermarket///Retail///Beverages,,,Aquafina Carbonated Water,1.5,1.5,piece,,826,0.23,https://go.farm.com.sa/public/uploads/items/16759/thumbnail_1747159105.webp
en,15419-48,Rita Soft Drink Red 240 ML,Supermarket///Retail///Beverages,,,Rita Soft Drink Red,1.95,1.95,piece,,986,0.29,https://go.farm.com.sa/public/uploads/items/15419/thumbnail_1747159563.webp
en,14191-1917,Rita Soft Drink Blue   240 ML,Supermarket///Retail///Beverages,,,Rita Soft Drink Blue ,1.95,1.95,piece,,481,0.29,https://go.farm.com.sa/public/uploads/items/14191/thumbnail_1747159563.webp
en,14161-52,Reta Red Soft Drink 275 ML,Supermarket///Retail///Beverages,,,Reta Red Soft Drink,3.5,3.5,piece,,66,0.53,https://go.farm.com.sa/public/uploads/items/14161/thumbnail_1747159563.webp
en,14597-52,Rita Soft Drink Blue 275 ML,Supermarket///Retail///Beverages,,,Rita Soft Drink Blue,3.5,3.5,piece,,68,0.53,https://go.farm.com.sa/public/uploads/items/14597/thumbnail_1747159000.webp
en,13675-35,Green Soft Drink Lemon Lime 330 ML,Supermarket///Retail///Beverages,,,Green Soft Drink Lemon Lime,5.0,5,piece,,101,0.75,https://go.farm.com.sa/public/uploads/items/13675/thumbnail_1747159105.webp
en,13670-45,Britvic Soft Drink Bitter Lemon Flavor 300 ML,Supermarket///Retail///Beverages,,,Britvic Soft Drink Bitter Lemon Flavor,4.0,4,piece,,552,0.6,https://go.farm.com.sa/public/uploads/items/13670/thumbnail_1747159105.webp
en,13666-45,Britvic Soft Drink With Ginger Flavor 300 ML,Supermarket///Retail///Beverages,,,Britvic Soft Drink With Ginger Flavor,4.0,4,piece,,617,0.6,https://go.farm.com.sa/public/uploads/items/13666/thumbnail_1747159105.webp
en,13656-45,Britvic Soft Drink Refreshing Soda Water 300 ML,Supermarket///Retail///Beverages,,,Britvic Soft Drink Refreshing Soda Water,3.0,3,piece,,667,0.45,https://go.farm.com.sa/public/uploads/items/13656/thumbnail_1747159105.webp
en,13615-1163,Mirinda Soft Drink Orange 355 ML × 6,Supermarket///Retail///Beverages,,,Mirinda Soft Drink Orange,16.25,16.25,piece,,189,2.44,https://go.farm.com.sa/public/uploads/items/13615/thumbnail_1747159105.webp
en,13602-36,Sprite Soft Drink 2.2 L,Supermarket///Retail///Beverages,,,Sprite Soft Drink,7.5,7.5,piece,,32,1.13,https://go.farm.com.sa/public/uploads/items/13602/thumbnail_1747159105.webp
en,2499-38,Rauch Sparkling Drink Red Grape 250 ML,Supermarket///Retail///Beverages,,,Rauch Sparkling Drink Red Grape,6.95,6.95,piece,,132,1.04,https://go.farm.com.sa/public/uploads/items/2499/thumbnail_1747159000.webp
en,2488-441,Mirinda Soft Drink Can 325 ML × 24,Supermarket///Retail///Beverages,,,Mirinda Soft Drink Can,56.95,56.95,piece,,37,8.54,https://go.farm.com.sa/public/uploads/items/2488/thumbnail_1747159000.webp
en,2487-441,Mountain Dew Soft Drink Can 325 ML × 24,Supermarket///Retail///Beverages,,,Mountain Dew Soft Drink Can,56.95,56.95,piece,,14,8.54,https://go.farm.com.sa/public/uploads/items/2487/thumbnail_1747159000.webp
en,2486-441,Mirinda Oranges Soft Drink Can 325 ML × 24,Supermarket///Retail///Beverages,,,Mirinda Oranges Soft Drink Can,56.95,56.95,piece,,17,8.54,https://go.farm.com.sa/public/uploads/items/2486/thumbnail_1747159000.webp
en,13677-77,Green Soft Drink Lemon Lime 330 ML × 6,Supermarket///Retail///Beverages,,,Green Soft Drink Lemon Lime,29.5,29.5,piece,,16,4.43,https://go.farm.com.sa/public/uploads/items/13677/thumbnail_1747159105.webp
en,88-44,Mountain Dew Soft Drink Bottle 500 ML,Supermarket///Retail///Beverages,,,Mountain Dew Soft Drink Bottle,3.0,3,piece,,288,0.45,https://go.farm.com.sa/public/uploads/items/88/thumbnail_1747159000.webp
en,96-36,Mountain Dew Soft Drink 2.2 L,Supermarket///Retail///Beverages,,,Mountain Dew Soft Drink,7.75,7.75,piece,,912,1.16,https://go.farm.com.sa/public/uploads/items/96/thumbnail_1747159000.webp
en,96-1164,Mountain Dew Soft Drink 2.2 L × 6,Supermarket///Retail///Beverages,,,Mountain Dew Soft Drink,45.95,45.95,piece,,152,6.89,https://go.farm.com.sa/public/uploads/items/96/thumbnail_1747159000.webp
en,102-43,Mirinda Soft Drink Can 355 ML,Supermarket///Retail///Beverages,,,Mirinda Soft Drink Can,2.75,2.75,piece,,2049,0.41,https://go.farm.com.sa/public/uploads/items/102/thumbnail_1747159000.webp
en,155-38,Vimto Soft Drink Fruit Flavored 250 ML,Supermarket///Retail///Beverages,,,Vimto Soft Drink Fruit Flavored,2.25,2.25,piece,,325,0.34,https://go.farm.com.sa/public/uploads/items/155/thumbnail_1747159000.webp
en,155-1187,Vimto Soft Drink Fruit Flavored 250 × 12,Supermarket///Retail///Beverages,,,Vimto Soft Drink Fruit Flavored,23.5,23.5,piece,,27,3.53,https://go.farm.com.sa/public/uploads/items/155/thumbnail_1747159000.webp
en,165-35,Vimto Fruit Flavored Drink 330 ML,Supermarket///Retail///Beverages,,,Vimto Fruit Flavored Drink,3.25,3.25,piece,,109,0.49,https://go.farm.com.sa/public/uploads/items/165/thumbnail_1747159000.webp
en,238-38,Vimto Soft Drink Blue Raspberry Can 250 ML,Supermarket///Retail///Beverages,,,Vimto Soft Drink Blue Raspberry Can,2.25,2.25,piece,,51,0.34,https://go.farm.com.sa/public/uploads/items/238/thumbnail_1747159000.webp
en,63-37,Sprite Soft Drink Bottle 1 L,Supermarket///Retail///Beverages,,,Sprite Soft Drink Bottle,4.0,4,piece,,63,0.6,https://go.farm.com.sa/public/uploads/items/63/thumbnail_1747159000.webp
en,63-46,Sprite Soft Drink Bottle 1 L × 6,Supermarket///Retail///Beverages,,,Sprite Soft Drink Bottle,24.0,24,piece,,10,3.6,https://go.farm.com.sa/public/uploads/items/63/thumbnail_1747159000.webp
en,18775-37,Fanta Soft Drink Citrus 1 L,Supermarket///Retail///Beverages,,,Fanta Soft Drink Citrus,4.0,4,piece,,216,0.6,https://go.farm.com.sa/public/uploads/items/18775/thumbnail_1747159442.webp
en,18737-36,Mirinda Soft Drink Orange 2.2 L,Supermarket///Retail///Beverages,,,Mirinda Soft Drink Orange,7.75,7.75,piece,,10000,1.16,https://go.farm.com.sa/public/uploads/items/18737/thumbnail_1747159442.webp
en,18106-36,Fanta Soft Drink With Strawberry Flavor 2.2 L,Supermarket///Retail///Beverages,,,Fanta Soft Drink With Strawberry Flavor,7.5,7.5,piece,,147,1.13,https://go.farm.com.sa/public/uploads/items/18106/thumbnail_1747159442.webp
en,18104-36,Fanta Soft Drink With Citrus 2.2 L,Supermarket///Retail///Beverages,,,Fanta Soft Drink With Citrus,7.5,7.5,piece,,30,1.13,https://go.farm.com.sa/public/uploads/items/18104/thumbnail_1747159442.webp
en,18102-1178,Fanta Soft Drink Strawberry 320 ML × 24,Supermarket///Retail///Beverages,,,Fanta Soft Drink Strawberry,57.95,57.95,piece,,16,8.69,https://go.farm.com.sa/public/uploads/items/18102/thumbnail_1747159442.webp
en,18099-2909,Fanta Soft Drink Orange 320 ML × 12,Supermarket///Retail///Beverages,,,Fanta Soft Drink Orange,57.95,57.95,piece,,10,8.69,https://go.farm.com.sa/public/uploads/items/18099/thumbnail_1747159442.webp
en,17969-1172,Mirinda Citrus Can 355 ML × 24,Supermarket///Retail///Beverages,,,Mirinda Citrus Can,63.95,63.95,piece,,85,9.59,https://go.farm.com.sa/public/uploads/items/17969/thumbnail_1747159442.webp
en,17642-77,Holsten Malt Beverage Cranberry 330 ML × 6,Supermarket///Retail///Beverages,,,Holsten Malt Beverage Cranberry,31.95,31.95,piece,,25,4.79,https://go.farm.com.sa/public/uploads/items/17642/thumbnail_1747159105.webp
en,17641-1172,Mirinda Soft Drink Green Apple 355 ML × 24,Supermarket///Retail///Beverages,,,Mirinda Soft Drink Green Apple,63.95,63.95,piece,,30,9.59,https://go.farm.com.sa/public/uploads/items/17641/thumbnail_1747159105.webp
en,17637-1171,Mirinda Soft Drink Citrus 1 L × 12,Supermarket///Retail///Beverages,,,Mirinda Soft Drink Citrus,59.95,59.95,piece,,5,8.99,https://go.farm.com.sa/public/uploads/items/17637/thumbnail_1747159105.webp
en,17635-1167,Mirinda Soft Drink Citrus 2.25 L × 6,Supermarket///Retail///Beverages,,,Mirinda Soft Drink Citrus,53.95,53.95,piece,,13,8.09,https://go.farm.com.sa/public/uploads/items/17635/thumbnail_1747159105.webp
en,17669-77,Vimto Soft Drink 330 ML × 6,Supermarket///Retail///Beverages,,,Vimto Soft Drink,18.95,18.95,piece,,19,2.84,https://go.farm.com.sa/public/uploads/items/17669/thumbnail_1747159105.webp
en,17659-1172,Mountain Dew Soft Drink 355 ML × 24,Supermarket///Retail///Beverages,,,Mountain Dew Soft Drink,63.95,63.95,piece,,23,9.59,https://go.farm.com.sa/public/uploads/items/17659/thumbnail_1747159105.webp
en,17656-1172,Mirinda Soft Drink Orange 355 ML × 24,Supermarket///Retail///Beverages,,,Mirinda Soft Drink Orange,63.95,63.95,piece,,47,9.59,https://go.farm.com.sa/public/uploads/items/17656/thumbnail_1747159105.webp
en,17482-212,La Celebracion Soft Drink Red Grape 750 ML,Supermarket///Retail///Beverages,,,La Celebracion Soft Drink Red Grape,39.95,39.95,piece,,20,5.99,https://go.farm.com.sa/public/uploads/items/17482/thumbnail_1747159105.webp
en,17479-212,La Celebracion Soft Drink Peache 750 ML,Supermarket///Retail///Beverages,,,La Celebracion Soft Drink Peache,39.95,39.95,piece,,15,5.99,https://go.farm.com.sa/public/uploads/items/17479/thumbnail_1747159105.webp
en,17081-44,Mirinda Soft Drink Orange 500 ML,Supermarket///Retail///Beverages,,,Mirinda Soft Drink Orange,3.0,3,piece,,22,0.45,https://go.farm.com.sa/public/uploads/items/17081/thumbnail_1747159105.webp
en,15445-58,Mirinda Soft Drink Orange 250 ML × 6,Supermarket///Retail///Beverages,,,Mirinda Soft Drink Orange,11.95,11.95,piece,,45,1.79,https://go.farm.com.sa/public/uploads/items/15445/thumbnail_1747159563.webp
en,15431-1163,Mountain Dew Soft Drink 355 ML × 6,Supermarket///Retail///Beverages,,,Mountain Dew Soft Drink,16.25,16.25,piece,,1000,2.44,https://go.farm.com.sa/public/uploads/items/15431/thumbnail_1747159563.webp
en,15430-1163,Mirinda Soft Drink Citrus 355 ML × 6,Supermarket///Retail///Beverages,,,Mirinda Soft Drink Citrus,16.25,16.25,piece,,999,2.44,https://go.farm.com.sa/public/uploads/items/15430/thumbnail_1747159563.webp
en,15424-38,Klasse Malt Deverage With Strawberry 250 ML,Supermarket///Retail///Beverages,,,Klasse Malt Deverage With Strawberry,2.5,2.5,piece,,12,0.38,https://go.farm.com.sa/public/uploads/items/15424/thumbnail_1747159563.webp
en,14489-38,Mirinda Soft Drink Citrus 250 ML,Supermarket///Retail///Beverages,,,Mirinda Soft Drink Citrus,2.5,2.5,piece,,1000,0.38,https://go.farm.com.sa/public/uploads/items/14489/thumbnail_1747159000.webp
en,14467-48,Rita Soft Drink Raspberry 240 ML,Supermarket///Retail///Beverages,,,Rita Soft Drink Raspberry,1.95,1.95,piece,,20,0.29,https://go.farm.com.sa/public/uploads/items/14467/thumbnail_1747159000.webp
en,14192-1960,Rita Soft Drink 240 ML × 30,Supermarket///Retail///Beverages,,,Rita Soft Drink,70.0,70,piece,,32,10.5,https://go.farm.com.sa/public/uploads/items/14192/thumbnail_1747159563.webp
en,14192-1917,Rita Soft Drink  240 ML,Supermarket///Retail///Beverages,,,Rita Soft Drink,56.95,56.95,piece,,1000,8.54,https://go.farm.com.sa/public/uploads/items/14192/thumbnail_1747159563.webp
en,14107-1954,Perrier Carbonated Water Lemon Flavor 250 ML × 10,Supermarket///Retail///Beverages,,,Perrier Carbonated Water Lemon Flavor,48.5,48.5,piece,,4,7.28,https://go.farm.com.sa/public/uploads/items/14107/thumbnail_1747159563.webp
en,13771-440,Mirinda Soft Drink Citrus 360 ML,Supermarket///Retail///Beverages,,,Mirinda Soft Drink Citrus,3.0,3,piece,,587,0.45,https://go.farm.com.sa/public/uploads/items/13771/thumbnail_1747159105.webp
en,13770-440,Mirinda Soft Drink Orange 360 ML,Supermarket///Retail///Beverages,,,Mirinda Soft Drink Orange,3.0,3,piece,,214,0.45,https://go.farm.com.sa/public/uploads/items/13770/thumbnail_1747159105.webp
en,13626-38,Mirinda Soft Drink Citrus 250 ML,Supermarket///Retail///Beverages,,,Mirinda Soft Drink Citrus,2.5,2.5,piece,,17,0.38,https://go.farm.com.sa/public/uploads/items/13626/thumbnail_1747159105.webp
en,13620-1163,Mountain Dew Soft Drink 355 ML × 6,Supermarket///Retail///Beverages,,,Mountain Dew Soft Drink,16.25,16.25,piece,,95,2.44,https://go.farm.com.sa/public/uploads/items/13620/thumbnail_1747159105.webp
en,13669-1233,Britvic Carbonated Water Ginger 300 ML × 6,Supermarket///Retail///Beverages,,,Britvic Carbonated Water Ginger,22.95,22.95,piece,,102,3.44,https://go.farm.com.sa/public/uploads/items/13669/thumbnail_1747159105.webp
en,13665-52,Freez Soft Drink Mango & Peach 275 ML,Supermarket///Retail///Beverages,,,Freez Soft Drink Mango & Peach,6.95,6.95,piece,,172,1.04,https://go.farm.com.sa/public/uploads/items/13665/thumbnail_1747159105.webp
en,13664-52,Freez Soft Drink Blue Hawai 275 ML,Supermarket///Retail///Beverages,,,Freez Soft Drink Blue Hawai,6.95,6.95,piece,,18,1.04,https://go.farm.com.sa/public/uploads/items/13664/thumbnail_1747159105.webp
en,13663-52,Freez Soft Drink Strawberry 275 ML,Supermarket///Retail///Beverages,,,Freez Soft Drink Strawberry,6.95,6.95,piece,,54,1.04,https://go.farm.com.sa/public/uploads/items/13663/thumbnail_1747159105.webp
en,13660-1233,Britvic Carbonated Water Indian Tonic 300 ML × 6,Supermarket///Retail///Beverages,,,Britvic Carbonated Water Indian Tonic,22.95,22.95,piece,,135,3.44,https://go.farm.com.sa/public/uploads/items/13660/thumbnail_1747159105.webp
en,13676-38,Rita Soft Drink Raspberry With Musk 250 ML,Supermarket///Retail///Beverages,,,Rita Soft Drink Raspberry With Musk,1.95,1.95,piece,,51,0.29,https://go.farm.com.sa/public/uploads/items/13676/thumbnail_1747159105.webp
en,13674-48,Rita Soft Drink Mixed Berries 240 ML,Supermarket///Retail///Beverages,,,Rita Soft Drink Mixed Berries,1.95,1.95,piece,,68,0.29,https://go.farm.com.sa/public/uploads/items/13674/thumbnail_1747159105.webp
en,13659-45,Britvic Soft Drink Indian Tonic Water 300 ML,Supermarket///Retail///Beverages,,,Britvic Soft Drink Indian Tonic Water,4.0,4,piece,,814,0.6,https://go.farm.com.sa/public/uploads/items/13659/thumbnail_1747159105.webp
en,13654-1233,Britvic Carbonated Water 300 ML × 6,Supermarket///Retail///Beverages,,,Britvic Carbonated Water,16.95,16.95,piece,,111,2.54,https://go.farm.com.sa/public/uploads/items/13654/thumbnail_1747159105.webp
en,13651-50,Fanta Soft Drink Strawberry 320 ML,Supermarket///Retail///Beverages,,,Fanta Soft Drink Strawberry,2.5,2.5,piece,,404,0.38,https://go.farm.com.sa/public/uploads/items/13651/thumbnail_1747159105.webp
en,13650-50,Sprite Soft Drink 320 ML,Supermarket///Retail///Beverages,,,Sprite Soft Drink,2.5,2.5,piece,,132,0.38,https://go.farm.com.sa/public/uploads/items/13650/thumbnail_1747159105.webp
en,13648-50,Fanta Soft Drink Citrus 320 ML,Supermarket///Retail///Beverages,,,Fanta Soft Drink Citrus,2.5,2.5,piece,,34,0.38,https://go.farm.com.sa/public/uploads/items/13648/thumbnail_1747159105.webp
en,13643-58,Mirinda Soft Drink Orange 250 ML × 6,Supermarket///Retail///Beverages,,,Mirinda Soft Drink Orange,11.95,11.95,piece,,45,1.79,https://go.farm.com.sa/public/uploads/items/13643/thumbnail_1747159105.webp
en,13636-1169,Mirinda Soft Drink Orange 150 ML × 30,Supermarket///Retail///Beverages,,,Mirinda Soft Drink Orange,58.75,58.75,piece,,35,8.81,https://go.farm.com.sa/public/uploads/items/13636/thumbnail_1747159105.webp
en,13616-1163,Mirinda Soft Drink Strawberry 355 ML × 6,Supermarket///Retail///Beverages,,,Mirinda Soft Drink Strawberry,16.25,16.25,piece,,34,2.44,https://go.farm.com.sa/public/uploads/items/13616/thumbnail_1747159105.webp
en,13613-1163,Mirinda Soft Drink Citrus 355 ML × 6,Supermarket///Retail///Beverages,,,Mirinda Soft Drink Citrus,16.25,16.25,piece,,341,2.44,https://go.farm.com.sa/public/uploads/items/13613/thumbnail_1747159105.webp
en,2544-37,Rauch Sparkling Drink Peach 1 L,Supermarket///Retail///Beverages,,,Rauch Sparkling Drink Peach,22.5,22.5,piece,,34,3.38,https://go.farm.com.sa/public/uploads/items/2544/thumbnail_1747159000.webp
en,2541-38,Rauch Sparkling Peach Drink 250 ML,Supermarket///Retail///Beverages,,,Rauch Sparkling Peach Drink,6.5,6.5,piece,,90,0.98,https://go.farm.com.sa/public/uploads/items/2541/thumbnail_1747159000.webp
en,2484-1172,Mirinda Soft Drink Strawberry 355 ML × 24,Supermarket///Retail///Beverages,,,Mirinda Soft Drink Strawberry,63.95,63.95,piece,,8,9.59,https://go.farm.com.sa/public/uploads/items/2484/thumbnail_1747159000.webp
en,2471-40,Sprite Soft Drink Bottle 2.25 L,Supermarket///Retail///Beverages,,,Sprite Soft Drink Bottle,9.0,9,piece,,61,1.35,https://go.farm.com.sa/public/uploads/items/2471/thumbnail_1747159000.webp
en,2483-440,Mountain Dew Can 360 ML,Supermarket///Retail///Beverages,,,Mountain Dew Can,3.0,3,piece,,356,0.45,https://go.farm.com.sa/public/uploads/items/2483/thumbnail_1747159000.webp
en,2498-38,Rauch Sparkling Drink Apple Nectar 250 ML,Supermarket///Retail///Beverages,,,Rauch Sparkling Drink Apple Nectar,6.5,6.5,piece,,189,0.98,https://go.farm.com.sa/public/uploads/items/2498/thumbnail_1747159000.webp
en,107-37,Mountain Dew Soft Drink Bottle 1 L,Supermarket///Retail///Beverages,,,Mountain Dew Soft Drink Bottle,5.0,5,piece,,30,0.75,https://go.farm.com.sa/public/uploads/items/107/thumbnail_1747159000.webp
en,106-38,Mountain Dew Soft Drink Bottle 250 ML,Supermarket///Retail///Beverages,,,Mountain Dew Soft Drink Bottle,2.5,2.5,piece,,19,0.38,https://go.farm.com.sa/public/uploads/items/106/thumbnail_1747159000.webp
en,104-43,Mountain Dew Soft Drink Can 355 ML,Supermarket///Retail///Beverages,,,Mountain Dew Soft Drink Can,2.75,2.75,piece,,570,0.41,https://go.farm.com.sa/public/uploads/items/104/thumbnail_1747159000.webp
en,103-43,Mirinda Oranges Soft Drink Can 355 ML,Supermarket///Retail///Beverages,,,Mirinda Oranges Soft Drink Can,2.75,2.75,piece,,1141,0.41,https://go.farm.com.sa/public/uploads/items/103/thumbnail_1747159000.webp
en,60-37,Fanta Soft Drink Bottle 1 L,Supermarket///Retail///Beverages,,,Fanta Soft Drink Bottle,4.0,4,piece,,216,0.6,https://go.farm.com.sa/public/uploads/items/60/thumbnail_1747159000.webp
en,82-40,Mirinda Soft Drink Citrus 2.25 L,Supermarket///Retail///Beverages,,,Mirinda Soft Drink Citrus,9.0,9,piece,,81,1.35,https://go.farm.com.sa/public/uploads/items/82/thumbnail_1747159000.webp
en,84-43,Mirinda Apple Soft Drink Can 355 ML,Supermarket///Retail///Beverages,,,Mirinda Apple Soft Drink Can,2.75,2.75,piece,,723,0.41,https://go.farm.com.sa/public/uploads/items/84/thumbnail_1747159000.webp
en,78-42,Mirinda Oranges Soft Drink Can 150 ML,Supermarket///Retail///Beverages,,,Mirinda Oranges Soft Drink Can,2.0,2,piece,,1054,0.3,https://go.farm.com.sa/public/uploads/items/78/thumbnail_1747159000.webp
en,83-37,Mirinda Soft Drink Citrus Bottle 1 L,Supermarket///Retail///Beverages,,,Mirinda Soft Drink Citrus Bottle,5.0,5,piece,,60,0.75,https://go.farm.com.sa/public/uploads/items/83/thumbnail_1747159000.webp
en,70-38,Fanta Soft Drink Glass Bottle 250 ML,Supermarket///Retail///Beverages,,,Fanta Soft Drink Glass Bottle,2.5,2.5,piece,,391,0.38,https://go.farm.com.sa/public/uploads/items/70/thumbnail_1747159000.webp
en,70-1165,Fanta Soft Drink Glass Bottle 250 ML × 24,Supermarket///Retail///Beverages,,,Fanta Soft Drink Glass Bottle,58.95,58.95,piece,,16,8.84,https://go.farm.com.sa/public/uploads/items/70/thumbnail_1747159000.webp
en,94-38,Mirinda Soft Drink Glass Bottle 250 ML,Supermarket///Retail///Beverages,,,Mirinda Soft Drink Glass Bottle,2.5,2.5,piece,,273,0.38,https://go.farm.com.sa/public/uploads/items/94/thumbnail_1747159000.webp
en,86-40,Mountain Dew Soft Drink Bottle 2.25 L,Supermarket///Retail///Beverages,,,Mountain Dew Soft Drink Bottle,9.0,9,piece,,133,1.35,https://go.farm.com.sa/public/uploads/items/86/thumbnail_1747159000.webp
en,68-38,Sprite Soft Drink Glass Bottle 250 ML,Supermarket///Retail///Beverages,,,Sprite Soft Drink Glass Bottle,2.5,2.5,piece,,466,0.38,https://go.farm.com.sa/public/uploads/items/68/thumbnail_1747159000.webp
en,68-1165,Sprite Soft Drink Glass Bottle 250 ML × 24,Supermarket///Retail///Beverages,,,Sprite Soft Drink Glass Bottle,58.95,58.95,piece,,19,8.84,https://go.farm.com.sa/public/uploads/items/68/thumbnail_1747159000.webp
en,14187-1953,Code Red Energy Drink   250 ML,Supermarket///Retail///Beverages,,,Code Red Energy Drink ,5.0,5,piece,,2529,0.75,https://go.farm.com.sa/public/uploads/items/14187/thumbnail_1747159563.webp
en,17086-88,Code Red Energy Drink 250 ML × 30,Supermarket///Retail///Beverages,,,Code Red Energy Drink,135.0,135,piece,,84,20.25,https://go.farm.com.sa/public/uploads/items/17086/thumbnail_1747159105.webp
en,15444-2356,Gatorade Energy Drink Cool Blue Raspberry Flavour 495 ML,Supermarket///Retail///Beverages,,,Gatorade Energy Drink Cool Blue Raspberry Flavour,6.25,6.25,piece,,998,0.94,https://go.farm.com.sa/public/uploads/items/15444/thumbnail_1747159563.webp
en,15442-2356,Gatorade Energy Drink Flavor Lemon Lime 495 ML,Supermarket///Retail///Beverages,,,Gatorade Energy Drink Flavor Lemon Lime,6.25,6.25,piece,,1000,0.94,https://go.farm.com.sa/public/uploads/items/15442/thumbnail_1747159563.webp
en,14189-1959,Gatorade Energy Drink Flavored With Orange  495 ML,Supermarket///Retail///Beverages,,,Gatorade Energy Drink Flavored With Orange ,6.25,6.25,piece,,165,0.94,https://go.farm.com.sa/public/uploads/items/14189/thumbnail_1747159563.webp
en,14188-1959,Gatorade Energy Drink Cool Blue Raspberry Flavour  495 ML,Supermarket///Retail///Beverages,,,Gatorade Energy Drink Cool Blue Raspberry Flavour ,6.25,6.25,piece,,160,0.94,https://go.farm.com.sa/public/uploads/items/14188/thumbnail_1747159563.webp
en,14186-1958,Gatorade Energy Drink Flavor Lemon Lime 495 ML,Supermarket///Retail///Beverages,,,Gatorade Energy Drink Flavor Lemon Lime,6.25,6.25,piece,,152,0.94,https://go.farm.com.sa/public/uploads/items/14186/thumbnail_1747159563.webp
en,17173-452,Starbucks Ice Coffee Cappuccino 220 ML,Supermarket///Retail///Beverages,,,Starbucks Ice Coffee Cappuccino,9.95,9.95,piece,,174,1.49,https://go.farm.com.sa/public/uploads/items/17173/thumbnail_1747159105.webp
en,13975-45,Starbucks Ice Coffee Espresso Milk Triple Shot 300 ML,Supermarket///Retail///Beverages,,,Starbucks Ice Coffee Espresso Milk Triple Shot,13.95,13.95,piece,,121,2.09,https://go.farm.com.sa/public/uploads/items/13975/thumbnail_1747159563.webp
en,13975-1991,Starbucks Ice Coffee Espresso Milk Triple Shot 200 G,Supermarket///Retail///Beverages,,,Starbucks Ice Coffee Espresso Milk Triple Shot,19.95,19.95,piece,,1000,2.99,https://go.farm.com.sa/public/uploads/items/13975/thumbnail_1747159563.webp
en,13973-30,Starbucks Coffee Double Shot Espresso 200 ML,Supermarket///Retail///Beverages,,,Starbucks Coffee Double Shot Espresso,10.95,10.95,piece,,97,1.64,https://go.farm.com.sa/public/uploads/items/13973/thumbnail_1747159563.webp
en,13973-1991,Starbucks Coffee Double Shot Espresso 200 G,Supermarket///Retail///Beverages,,,Starbucks Coffee Double Shot Espresso,15.95,15.95,piece,,1000,2.39,https://go.farm.com.sa/public/uploads/items/13973/thumbnail_1747159563.webp
en,2809-452,Starbucks Iced Coffee Chocolate Mocha 220 ML,Supermarket///Retail///Beverages,,,Starbucks Iced Coffee Chocolate Mocha,9.95,9.95,piece,,299,1.49,https://go.farm.com.sa/public/uploads/items/2809/thumbnail_1747159000.webp
en,2808-452,Starbucks Ice Coffee Latte 220 ML,Supermarket///Retail///Beverages,,,Starbucks Ice Coffee Latte,9.95,9.95,piece,,269,1.49,https://go.farm.com.sa/public/uploads/items/2808/thumbnail_1747159000.webp
en,18636-1334,Cofique Iced Coffee Hazelnut 24 G × 10,Supermarket///Retail///Beverages,,,Cofique Iced Coffee Hazelnut,34.95,34.95,piece,,8,5.24,https://go.farm.com.sa/public/uploads/items/18636/thumbnail_1756297612.webp
en,16773-48,Luna Iced Coffee Mocha 240 ML,Supermarket///Retail///Beverages,,,Luna Iced Coffee Mocha,4.95,4.95,piece,,69,0.74,https://go.farm.com.sa/public/uploads/items/16773/thumbnail_1747159105.webp
en,15320-2332,Cofique Iced Coffee Original 24 G × 10,Supermarket///Retail///Beverages,,,Cofique Iced Coffee Original,39.95,39.95,piece,,14,5.99,https://go.farm.com.sa/public/uploads/items/15320/thumbnail_1756296481.webp
en,14058-1917,Peopo Drink Coffee Mochaccino   240 ML,Supermarket///Retail///Beverages,,,Peopo Drink Coffee Mochaccino ,8.75,8.75,piece,,12,1.31,https://go.farm.com.sa/public/uploads/items/14058/thumbnail_1747159563.webp
en,14057-1917,Peopo Drink Coffee Latte   240 ML,Supermarket///Retail///Beverages,,,Peopo Drink Coffee Latte ,8.75,8.75,piece,,6,1.31,https://go.farm.com.sa/public/uploads/items/14057/thumbnail_1747159563.webp
en,14054-1917,Peopo Drink Coffee Original  240 ML,Supermarket///Retail///Beverages,,,Peopo Drink Coffee Original,6.5,6.5,piece,,11,0.98,https://go.farm.com.sa/public/uploads/items/14054/thumbnail_1747159563.webp
en,14045-1915,Luna Iced Coffee Cappuccino  240 ML,Supermarket///Retail///Beverages,,,Luna Iced Coffee Cappuccino,4.95,4.95,piece,,46,0.74,https://go.farm.com.sa/public/uploads/items/14045/thumbnail_1747159563.webp
en,14055-1917,Peo Po Iced Coffee Cappuccino   240 ML,Supermarket///Retail///Beverages,,,Peo Po Iced Coffee Cappuccino ,6.5,6.5,piece,,41,0.98,https://go.farm.com.sa/public/uploads/items/14055/thumbnail_1747159563.webp
en,7088-405,Luna Ice Coffee Original 240 G,Supermarket///Retail///Beverages,,,Luna Ice Coffee Original,4.95,4.95,piece,,63,0.74,https://go.farm.com.sa/public/uploads/items/7088/thumbnail_1747159000.webp
en,17657-469,Aquafina Water Low In Sodium 200 ML × 48,Supermarket///Retail///Beverages,,,Aquafina Water Low In Sodium,19.95,19.95,piece,,20,2.99,https://go.farm.com.sa/public/uploads/items/17657/thumbnail_1747159105.webp
en,15270-470,FARM WATER 330 ML × 40,Supermarket///Retail///Beverages,,,FARM WATER,15.95,15.95,piece,,21,2.39,https://go.farm.com.sa/public/uploads/items/15270/thumbnail_1747159000.webp
en,13943-470,Alqassim Water 330 ML × 40,Supermarket///Retail///Beverages,,,Alqassim Water,20.95,20.95,piece,,215,3.14,https://go.farm.com.sa/public/uploads/items/13943/thumbnail_1747159563.webp
en,13813-470,Nova Water 330 ML × 40,Supermarket///Retail///Beverages,,,Nova Water,17.95,17.95,piece,,70,2.69,https://go.farm.com.sa/public/uploads/items/13813/thumbnail_1747159563.webp
en,13672-1829,Lipton Iced Tea Fruit Cocktail 315 ML × 6,Supermarket///Retail///Beverages,,,Lipton Iced Tea Fruit Cocktail,16.5,16.5,piece,,84,2.48,https://go.farm.com.sa/public/uploads/items/13672/thumbnail_1747159105.webp
en,13657-1177,Lipton Iced Tea Peach 320 ML × 6,Supermarket///Retail///Beverages,,,Lipton Iced Tea Peach,19.95,19.95,piece,,1070,2.99,https://go.farm.com.sa/public/uploads/items/13657/thumbnail_1747159105.webp
en,18693-469,IVAL DRINKING WATER 200 ML × 48,Supermarket///Retail///Beverages,,,IVAL DRINKING WATER,21.95,21.95,piece,,61,3.29,https://go.farm.com.sa/public/uploads/items/18693/thumbnail_1747159442.webp
en,17658-469,Arwa Water Low Sodium 200 ML × 48,Supermarket///Retail///Beverages,,,Arwa Water Low Sodium,24.25,24.25,piece,,48,3.64,https://go.farm.com.sa/public/uploads/items/17658/thumbnail_1747159105.webp
en,15458-1228,Moya Water 300 ML × 40,Supermarket///Retail///Beverages,,,Moya Water,19.5,19.5,piece,,19,2.93,https://go.farm.com.sa/public/uploads/items/15458/thumbnail_1747159563.webp
en,15416-470,Ava Water 330 ML × 40,Supermarket///Retail///Beverages,,,Ava Water,23.95,23.95,piece,,23,3.59,https://go.farm.com.sa/public/uploads/items/15416/thumbnail_1747159563.webp
en,15065-2018,"Nai Iced Tea Hibiscus Flower A Mixture of Pomegranate, Rose Water, Grapes and Apple  473 ML",Supermarket///Retail///Beverages,,,Nai Iced Tea Hibiscus Flower A Mixture of Pomegranate  Rose Water  Grapes and Apple ,11.95,11.95,piece,,12,1.79,https://go.farm.com.sa/public/uploads/items/15065/thumbnail_1747159000.webp
en,13855-469,Tania Water 200 ML × 48,Supermarket///Retail///Beverages,,,Tania Water,22.5,22.5,piece,,33,3.38,https://go.farm.com.sa/public/uploads/items/13855/thumbnail_1747159563.webp
en,13827-470,Tania Water 330 ML × 40,Supermarket///Retail///Beverages,,,Tania Water,22.5,22.5,piece,,148,3.38,https://go.farm.com.sa/public/uploads/items/13827/thumbnail_1747159563.webp
en,13786-470,Arwa Water Low Sodium 330 ML × 40,Supermarket///Retail///Beverages,,,Arwa Water Low Sodium,10.35,10.35,piece,,191,1.55,https://go.farm.com.sa/public/uploads/items/13786/thumbnail_1747159105.webp
en,13871-470,Arwa Water 330 ML × 40,Supermarket///Retail///Beverages,,,Arwa Water,10.35,10.35,piece,,191,1.55,https://go.farm.com.sa/public/uploads/items/13871/thumbnail_1747159563.webp
en,131-55,Lipton Iced Tea Fruit Cocktail 315 ML,Supermarket///Retail///Beverages,,,Lipton Iced Tea Fruit Cocktail,2.75,2.75,piece,,506,0.41,https://go.farm.com.sa/public/uploads/items/131/thumbnail_1747159000.webp
en,131-1183,Lipton Iced Tea Fruit Cocktail 6 X 315 ML,Supermarket///Retail///Beverages,,,Lipton Iced Tea Fruit Cocktail,16.5,16.5,piece,,999,2.48,https://go.farm.com.sa/public/uploads/items/131/thumbnail_1747159000.webp
en,130-55,Lipton Iced Tea Peach 315 ML,Supermarket///Retail///Beverages,,,Lipton Iced Tea Peach,2.75,2.75,piece,,7687,0.41,https://go.farm.com.sa/public/uploads/items/130/thumbnail_1747159000.webp
en,130-1183,Lipton Iced Tea Peach 6 X 315 ML,Supermarket///Retail///Beverages,,,Lipton Iced Tea Peach,16.5,16.5,piece,,1000,2.48,https://go.farm.com.sa/public/uploads/items/130/thumbnail_1747159000.webp
en,121-50,Lipton Iced Tea Can 320 ML,Supermarket///Retail///Beverages,,,Lipton Iced Tea Can,3.5,3.5,piece,,6424,0.53,https://go.farm.com.sa/public/uploads/items/121/thumbnail_1747159000.webp
en,121-1177,Lipton Iced Tea Can 320 ML × 6,Supermarket///Retail///Beverages,,,Lipton Iced Tea Can,19.95,19.95,piece,,1000,2.99,https://go.farm.com.sa/public/uploads/items/121/thumbnail_1747159000.webp
en,13846-470,Berain Water 330 ML × 40,Supermarket///Retail///Beverages,,,Berain Water,23.5,23.5,piece,,169,3.53,https://go.farm.com.sa/public/uploads/items/13846/thumbnail_1747159563.webp
en,13787-79,Arwa Water Low Sodium 500 ML × 24,Supermarket///Retail///Beverages,,,Arwa Water Low Sodium,16.75,16.75,piece,,54,2.51,https://go.farm.com.sa/public/uploads/items/13787/thumbnail_1747159105.webp
en,2896-1165,Nova Water Mineral Glass 250 ML × 24,Supermarket///Retail///Beverages,,,Nova Water Mineral Glass,48.75,48.75,piece,,24,7.31,https://go.farm.com.sa/public/uploads/items/2896/thumbnail_1747159000.webp
en,410-87,Berain Water 330 ML × 12,Supermarket///Retail///Beverages,,,Berain Water,7.5,7.5,piece,,565,1.13,https://go.farm.com.sa/public/uploads/items/410/thumbnail_1747159000.webp
en,404-84,Nestle Water 0.33 L × 12,Supermarket///Retail///Beverages,,,Nestle Water,6.95,6.95,piece,,438,1.04,https://go.farm.com.sa/public/uploads/items/404/thumbnail_1747159000.webp
en,17609-1226,Ava Water 200 ML × 20,Supermarket///Retail///Beverages,,,Ava Water,10.5,10.5,piece,,77,1.58,https://go.farm.com.sa/public/uploads/items/17609/thumbnail_1747159105.webp
en,393-81,Al Qassim Water 330 ML × 24,Supermarket///Retail///Beverages,,,Al Qassim Water,12.95,12.95,piece,,358,1.94,https://go.farm.com.sa/public/uploads/items/393/thumbnail_1747159000.webp
en,15448-1226,Aquafina Mineral Water Low In Sodium 200 ML × 20,Supermarket///Retail///Beverages,,,Aquafina Mineral Water Low In Sodium,7.95,7.95,piece,,999,1.19,https://go.farm.com.sa/public/uploads/items/15448/thumbnail_1747159563.webp
en,14159-87,Ava Water 330 ML × 12,Supermarket///Retail///Beverages,,,Ava Water,7.5,7.5,piece,,82,1.13,https://go.farm.com.sa/public/uploads/items/14159/thumbnail_1747159563.webp
en,13933-79,Aquafina Water Low In Sodium 500 ML × 24,Supermarket///Retail///Beverages,,,Aquafina Water Low In Sodium,15.5,15.5,piece,,999,2.33,https://go.farm.com.sa/public/uploads/items/13933/thumbnail_1747159563.webp
en,432-81,Perrier Mineral Water 330 ML × 24,Supermarket///Retail///Beverages,,,Perrier Mineral Water,125.0,125,piece,,16,18.75,https://go.farm.com.sa/public/uploads/items/432/thumbnail_1747159000.webp
en,411-1225,Berain Water 600 ML × 28,Supermarket///Retail///Beverages,,,Berain Water,20.5,20.5,piece,,19,3.08,https://go.farm.com.sa/public/uploads/items/411/thumbnail_1747159000.webp
en,421-79,Aquafina Water Low Sodium 500 ML × 24,Supermarket///Retail///Beverages,,,Aquafina Water Low Sodium,15.5,15.5,piece,,10,2.33,https://go.farm.com.sa/public/uploads/items/421/thumbnail_1747159000.webp
en,16918-1928,Berain Mineral Water 330 ML × 24,Supermarket///Retail///Beverages,,,Berain Mineral Water,14.95,14.95,piece,,282,2.24,https://go.farm.com.sa/public/uploads/items/16918/thumbnail_1747159105.webp
en,15276-30,Perrier Mineral Water Flavored With Lemon 200 ML,Supermarket///Retail///Beverages,,,Perrier Mineral Water Flavored With Lemon,5.95,5.95,piece,,480,0.89,https://go.farm.com.sa/public/uploads/items/15276/thumbnail_1747159000.webp
en,14150-468,Ava Water 200 ML × 24,Supermarket///Retail///Beverages,,,Ava Water,12.5,12.5,piece,,64,1.88,https://go.farm.com.sa/public/uploads/items/14150/thumbnail_1747159563.webp
en,14087-1940,Ava Water 200 ML × 48,Supermarket///Retail///Beverages,,,Ava Water,23.95,23.95,piece,,32,3.59,https://go.farm.com.sa/public/uploads/items/14087/thumbnail_1747159563.webp
en,13972-67,Nestlé Water Pure Life 1.5 L × 6,Supermarket///Retail///Beverages,,,Nestlé Water Pure Life,7.5,7.5,piece,,1422,1.13,https://go.farm.com.sa/public/uploads/items/13972/thumbnail_1747159563.webp
en,13971-1220,Nestlé Water Pure Life 0.6 L × 12,Supermarket///Retail///Beverages,,,Nestlé Water Pure Life,10.5,10.5,piece,,235,1.58,https://go.farm.com.sa/public/uploads/items/13971/thumbnail_1747159563.webp
en,13965-1229,Arwa Water Zero Sodium 500 ML × 12,Supermarket///Retail///Beverages,,,Arwa Water Zero Sodium,11.95,11.95,piece,,80,1.79,https://go.farm.com.sa/public/uploads/items/13965/thumbnail_1747159563.webp
en,13928-1865,Nova Water 0.55 L × 6,Supermarket///Retail///Beverages,,,Nova Water,5.75,5.75,piece,,165,0.86,https://go.farm.com.sa/public/uploads/items/13928/thumbnail_1747159563.webp
en,13927-67,Nova Water 1.5 L × 6,Supermarket///Retail///Beverages,,,Nova Water,9.95,9.95,piece,,213,1.49,https://go.farm.com.sa/public/uploads/items/13927/thumbnail_1747159563.webp
en,13883-81,Arwa Water Zero Sodium 330 ML × 24,Supermarket///Retail///Beverages,,,Arwa Water Zero Sodium,10.95,10.95,piece,,37,1.64,https://go.farm.com.sa/public/uploads/items/13883/thumbnail_1747159563.webp
en,13878-35,Perrier Mineral Water 330 ML,Supermarket///Retail///Beverages,,,Perrier Mineral Water,5.95,5.95,piece,,385,0.89,https://go.farm.com.sa/public/uploads/items/13878/thumbnail_1747159563.webp
en,2912-463,Berain Water 12 L,Supermarket///Retail///Beverages,,,Berain Water,9.95,9.95,piece,,255,1.49,https://go.farm.com.sa/public/uploads/items/2912/thumbnail_1747159000.webp
en,2898-463,Nova Water Mineral 12 L,Supermarket///Retail///Beverages,,,Nova Water Mineral,10.5,10.5,piece,,159,1.58,https://go.farm.com.sa/public/uploads/items/2898/thumbnail_1747159000.webp
en,2901-465,Al Qassim Water 5 L,Supermarket///Retail///Beverages,,,Al Qassim Water,3.85,3.85,piece,,112,0.58,https://go.farm.com.sa/public/uploads/items/2901/thumbnail_1747159000.webp
en,412-67,Berain Water 1.5 L × 6,Supermarket///Retail///Beverages,,,Berain Water,9.95,9.95,piece,,219,1.49,https://go.farm.com.sa/public/uploads/items/412/thumbnail_1747159000.webp
en,395-67,Aquafina Water 1.5 L × 6,Supermarket///Retail///Beverages,,,Aquafina Water,6.95,6.95,piece,,39,1.04,https://go.farm.com.sa/public/uploads/items/395/thumbnail_1747159000.webp
en,17655-1219,Berain Water 1.5 L × 12,Supermarket///Retail///Beverages,,,Berain Water,19.95,19.95,piece,,109,2.99,https://go.farm.com.sa/public/uploads/items/17655/thumbnail_1747159105.webp
en,17065-35,Berain Water 330 ML,Supermarket///Retail///Beverages,,,Berain Water,0.75,0.75,piece,,6790,0.11,https://go.farm.com.sa/public/uploads/items/17065/thumbnail_1747159105.webp
en,16955-85,Berain Water 600 ML,Supermarket///Retail///Beverages,,,Berain Water,1.25,1.25,piece,,542,0.19,https://go.farm.com.sa/public/uploads/items/16955/thumbnail_1747159105.webp
en,15441-1229,Aquafina Water 500 ML × 12,Supermarket///Retail///Beverages,,,Aquafina Water,7.95,7.95,piece,,998,1.19,https://go.farm.com.sa/public/uploads/items/15441/thumbnail_1747159563.webp
en,15272-1219,AL QASSIM WATER 1.5 L × 12,Supermarket///Retail///Beverages,,,AL QASSIM WATER,14.95,14.95,piece,,7,2.24,https://go.farm.com.sa/public/uploads/items/15272/thumbnail_1747159000.webp
en,14464-61,Alqassim Water Bottled Drinking 1.5 L,Supermarket///Retail///Beverages,,,Alqassim Water Bottled Drinking,1.75,1.75,piece,,91,0.26,https://go.farm.com.sa/public/uploads/items/14464/thumbnail_1747159000.webp
en,13826-78,Evian Mineral Water 0.33 L,Supermarket///Retail///Beverages,,,Evian Mineral Water,7.5,7.5,piece,,98,1.13,https://go.farm.com.sa/public/uploads/items/13826/thumbnail_1747159563.webp
en,13820-501,Evian Mineral Water 0.5 L,Supermarket///Retail///Beverages,,,Evian Mineral Water,8.5,8.5,piece,,46,1.28,https://go.farm.com.sa/public/uploads/items/13820/thumbnail_1747159563.webp
en,13816-1845,Nova Water 0.55 L,Supermarket///Retail///Beverages,,,Nova Water,1.5,1.5,piece,,992,0.23,https://go.farm.com.sa/public/uploads/items/13816/thumbnail_1747159563.webp
en,13811-61,Nova Water 1.5 L,Supermarket///Retail///Beverages,,,Nova Water,1.95,1.95,piece,,1279,0.29,https://go.farm.com.sa/public/uploads/items/13811/thumbnail_1747159563.webp
en,14110-1895,Nova Water Fizzy 750 ML,Supermarket///Retail///Beverages,,,Nova Water Fizzy,6.95,6.95,piece,,95,1.04,https://go.farm.com.sa/public/uploads/items/14110/thumbnail_1747159563.webp
en,14098-1947,Perrier Mineral Water Captured At Source In France  200 مل × 6,Supermarket///Retail///Beverages,,,Perrier Mineral Water Captured At Source In France,33.95,33.95,piece,,80,5.09,https://go.farm.com.sa/public/uploads/items/14098/thumbnail_1747159563.webp
en,14090-1882,Eval Mineral Water  200 ML,Supermarket///Retail///Beverages,,,Eval Mineral Water,0.6,0.6,piece,,2973,0.09,https://go.farm.com.sa/public/uploads/items/14090/thumbnail_1747159563.webp
en,13884-61,Berain Water 1.5 L,Supermarket///Retail///Beverages,,,Berain Water,1.75,1.75,piece,,1316,0.26,https://go.farm.com.sa/public/uploads/items/13884/thumbnail_1747159563.webp
en,13859-1857,Perrier Mineral Water 330 ML × 4,Supermarket///Retail///Beverages,,,Perrier Mineral Water,19.95,19.95,piece,,96,2.99,https://go.farm.com.sa/public/uploads/items/13859/thumbnail_1747159563.webp
en,2903-61,Sufa Makkah Water 1.5 L,Supermarket///Retail///Beverages,,,Sufa Makkah Water,1.75,1.75,piece,,166,0.26,https://go.farm.com.sa/public/uploads/items/2903/thumbnail_1747159000.webp
en,2902-361,Evian Water 75 ML,Supermarket///Retail///Beverages,,,Evian Water,16.5,16.5,piece,,48,2.48,https://go.farm.com.sa/public/uploads/items/2902/thumbnail_1747159000.webp
en,2899-1844,Nova Water 0.55 L × 24,Supermarket///Retail///Beverages,,,Nova Water,15.5,15.5,piece,,41,2.33,https://go.farm.com.sa/public/uploads/items/2899/thumbnail_1747159000.webp
en,2904-82,Sufa Makkah Water 0.6 L,Supermarket///Retail///Beverages,,,Sufa Makkah Water,1.25,1.25,piece,,721,0.19,https://go.farm.com.sa/public/uploads/items/2904/thumbnail_1747159000.webp
en,440-38,Perrier Sparkling Mineral Water Plain Can 250 ML,Supermarket///Retail///Beverages,,,Perrier Sparkling Mineral Water Plain Can,5.25,5.25,piece,,97,0.79,https://go.farm.com.sa/public/uploads/items/440/thumbnail_1747159000.webp
en,429-86,Sufa Makkah Water Mineral 0.2 L,Supermarket///Retail///Beverages,,,Sufa Makkah Water Mineral,0.75,0.75,piece,,724,0.11,https://go.farm.com.sa/public/uploads/items/429/thumbnail_1747159000.webp
en,427-35,Arwa Water  Zero Sodium 330 ML,Supermarket///Retail///Beverages,,,Arwa Water  Zero Sodium,0.85,0.85,piece,,889,0.13,https://go.farm.com.sa/public/uploads/items/427/thumbnail_1747159000.webp
en,426-44,Arwa Water Zero Sodium 500 ML,Supermarket///Retail///Beverages,,,Arwa Water Zero Sodium,1.1,1.1,piece,,962,0.17,https://go.farm.com.sa/public/uploads/items/426/thumbnail_1747159000.webp
en,424-30,Arwa Water 200 ML,Supermarket///Retail///Beverages,,,Arwa Water,0.6,0.6,piece,,2316,0.09,https://go.farm.com.sa/public/uploads/items/424/thumbnail_1747159000.webp
en,415-30,Tania Water 200 ML,Supermarket///Retail///Beverages,,,Tania Water,0.6,0.6,piece,,1608,0.09,https://go.farm.com.sa/public/uploads/items/415/thumbnail_1747159000.webp
en,417-85,Tania Water 600 ML,Supermarket///Retail///Beverages,,,Tania Water,1.25,1.25,piece,,633,0.19,https://go.farm.com.sa/public/uploads/items/417/thumbnail_1747159000.webp
en,416-35,Tania Water 330 ML,Supermarket///Retail///Beverages,,,Tania Water,0.95,0.95,piece,,5930,0.14,https://go.farm.com.sa/public/uploads/items/416/thumbnail_1747159000.webp
en,419-45,Moya Water 300 ML,Supermarket///Retail///Beverages,,,Moya Water,0.75,0.75,piece,,838,0.11,https://go.farm.com.sa/public/uploads/items/419/thumbnail_1747159000.webp
en,418-61,Tania Water 1.5 L,Supermarket///Retail///Beverages,,,Tania Water,1.75,1.75,piece,,1372,0.26,https://go.farm.com.sa/public/uploads/items/418/thumbnail_1747159000.webp
en,391-78,Nova Mineral water 0.33 L,Supermarket///Retail///Beverages,,,Nova Mineral water,0.95,0.95,piece,,2821,0.14,https://go.farm.com.sa/public/uploads/items/391/thumbnail_1747159000.webp
en,394-78,Volvic Water 0.33 L,Supermarket///Retail///Beverages,,,Volvic Water,7.25,7.25,piece,,226,1.09,https://go.farm.com.sa/public/uploads/items/394/thumbnail_1747159000.webp
en,396-61,Nestle Water 1.5 L,Supermarket///Retail///Beverages,,,Nestle Water,2.0,2,piece,,8532,0.3,https://go.farm.com.sa/public/uploads/items/396/thumbnail_1747159000.webp
en,397-82,Nestle Water 0.6 L,Supermarket///Retail///Beverages,,,Nestle Water,1.5,1.5,piece,,2823,0.23,https://go.farm.com.sa/public/uploads/items/397/thumbnail_1747159000.webp
en,388-61,Arwa Water Mineral 1.5 L,Supermarket///Retail///Beverages,,,Arwa Water Mineral,1.75,1.75,piece,,683,0.26,https://go.farm.com.sa/public/uploads/items/388/thumbnail_1747159000.webp
en,386-35,Arwa Water Mineral 330 ML,Supermarket///Retail///Beverages,,,Arwa Water Mineral,0.75,0.75,piece,,7649,0.11,https://go.farm.com.sa/public/uploads/items/386/thumbnail_1747159000.webp
en,387-44,Arwa Water Mineral 500 ML,Supermarket///Retail///Beverages,,,Arwa Water Mineral,1.1,1.1,piece,,1308,0.17,https://go.farm.com.sa/public/uploads/items/387/thumbnail_1747159000.webp
en,28902-58,COCA COLA DRINK ZERO NRB 250 ML × 6,Supermarket///Retail///Beverages,,,COCA COLA DRINK ZERO NRB,14.95,14.95,piece,,58,2.24,https://go.farm.com.sa/public/uploads/items/28902/thumbnail_1748180471.webp
en,23987-37,RUBICON CRANBERRY FRUIT JUICE 1 L,Supermarket///Retail///Beverages,,,RUBICON CRANBERRY FRUIT JUICE,17.95,17.95,piece,,71,2.69,https://go.farm.com.sa/public/uploads/items/23987/thumbnail_1747159442.webp
en,23988-37,RUBICON SOURSOP FRUIT JUICE 1 L,Supermarket///Retail///Beverages,,,RUBICON SOURSOP FRUIT JUICE,17.95,17.95,piece,,21,2.69,https://go.farm.com.sa/public/uploads/items/23988/thumbnail_1747159442.webp
en,23989-37,Rubicon Guava Fruit Drink 1 L,Supermarket///Retail///Beverages,,,Rubicon Guava Fruit Drink,17.95,17.95,piece,,12,2.69,https://go.farm.com.sa/public/uploads/items/23989/thumbnail_1747159442.webp
en,23990-37,Rubicon Mango Fruit Drink 1 L,Supermarket///Retail///Beverages,,,Rubicon Mango Fruit Drink,17.95,17.95,piece,,20,2.69,https://go.farm.com.sa/public/uploads/items/23990/thumbnail_1747159442.webp
en,23992-37,Rubicon Lychee Fruit Drink 1 L,Supermarket///Retail///Beverages,,,Rubicon Lychee Fruit Drink,17.95,17.95,piece,,25,2.69,https://go.farm.com.sa/public/uploads/items/23992/thumbnail_1747159442.webp
en,23996-37,Rubicon Red Grape Fruit Drink 1 L,Supermarket///Retail///Beverages,,,Rubicon Red Grape Fruit Drink,17.95,17.95,piece,,41,2.69,https://go.farm.com.sa/public/uploads/items/23996/thumbnail_1747159442.webp
en,23995-37,Rubicon Dragon-Fruit Fruit Drink 1 L,Supermarket///Retail///Beverages,,,Rubicon Dragon-Fruit Fruit Drink,17.95,17.95,piece,,11,2.69,https://go.farm.com.sa/public/uploads/items/23995/thumbnail_1747159442.webp
en,29305-445,AL RABIE DRINK ORANGE 125 ML × 18,Supermarket///Retail///Beverages,,,AL RABIE DRINK ORANGE,19.95,19.95,piece,,284,2.99,https://go.farm.com.sa/public/uploads/items/29305/thumbnail_1747159442.webp
en,28659-996,NADEC FRESH JUICE PINEAPPLE WITH MIX FRUIT NAS 1.3 L,Supermarket///Retail///Beverages,,,NADEC FRESH JUICE PINEAPPLE WITH MIX FRUIT NAS,6.95,6.95,piece,,5,1.04,https://go.farm.com.sa/public/uploads/items/28659/thumbnail_1747159442.webp
en,30939-3317,MIRINDA DRINK CITRUS ZERO CAN SHRINK 6*325ML,Supermarket///Retail///Beverages,,,MIRINDA DRINK CITRUS ZERO CAN SHRINK,15.0,15,piece,,19,2.25,https://go.farm.com.sa/public/uploads/items/30939/thumbnail_1747209319.webp
en,13850-35,Holsten Malt Beverage Moheito With Lemon and Mint 330 ML,Supermarket///Retail///Beverages,,,Holsten Malt Beverage Moheito With Lemon and Mint,5.95,5.95,piece,,91,0.89,https://go.farm.com.sa/public/uploads/items/13850/thumbnail_1747159563.webp
en,362-35,Moussy Malt Beverage Lemon & Mint 330 ML,Supermarket///Retail///Beverages,,,Moussy Malt Beverage Lemon & Mint,5.5,5.5,piece,,168,0.83,https://go.farm.com.sa/public/uploads/items/362/thumbnail_1747159000.webp
en,362-77,Moussy Malt Beverage Lemon & Mint 330 ML × 6,Supermarket///Retail///Beverages,,,Moussy Malt Beverage Lemon & Mint,28.95,28.95,piece,,1000,4.34,https://go.farm.com.sa/public/uploads/items/362/thumbnail_1747159000.webp
en,14193-1870,Klasse Malt Beverage Non Al Coholic 250 ML × 6,Supermarket///Retail///Beverages,,,Klasse Malt Beverage Non Al Coholic,13.95,13.95,piece,,15,2.09,https://go.farm.com.sa/public/uploads/items/14193/thumbnail_1747159563.webp
en,14200-1879,Budweiser Malt Deverage Zero Green Apple Flavor Non Alcoholic  330 ML,Supermarket///Retail///Beverages,,,Budweiser Malt Deverage Zero Green Apple Flavor Non Alcoholic ,6.95,6.95,piece,,39,1.04,https://go.farm.com.sa/public/uploads/items/14200/thumbnail_1747159563.webp
en,14200-1873,Budweiser Malt Deverage Zero Green Apple Flavor Non Alcoholic  330 ML × 6,Supermarket///Retail///Beverages,,,Budweiser Malt Deverage Zero Green Apple Flavor Non Alcoholic ,39.95,39.95,piece,,6,5.99,https://go.farm.com.sa/public/uploads/items/14200/thumbnail_1747159563.webp
en,14474-35,Budweiser Malt Beverage Zero Non Alcoholic 330 ML,Supermarket///Retail///Beverages,,,Budweiser Malt Beverage Zero Non Alcoholic,6.95,6.95,piece,,16,1.04,https://go.farm.com.sa/public/uploads/items/14474/thumbnail_1747159000.webp
en,14599-35,Budweiser Malt Deverage Zero Bottle Non Alcoholic 330 ML,Supermarket///Retail///Beverages,,,Budweiser Malt Deverage Zero Bottle Non Alcoholic,7.95,7.95,piece,,15,1.19,https://go.farm.com.sa/public/uploads/items/14599/thumbnail_1747159000.webp
en,16881-77,Holsten Malt Beverage Strawberry 330 ML × 6,Supermarket///Retail///Beverages,,,Holsten Malt Beverage Strawberry,31.95,31.95,piece,,31,4.79,https://go.farm.com.sa/public/uploads/items/16881/thumbnail_1747159105.webp
en,17507-77,Moussy Malt Beverage Apple 330 ML × 6,Supermarket///Retail///Beverages,,,Moussy Malt Beverage Apple,31.95,31.95,piece,,30,4.79,https://go.farm.com.sa/public/uploads/items/17507/thumbnail_1747159105.webp
en,17508-77,Moussy Malt Beverage Pomegranate 330 ML × 6,Supermarket///Retail///Beverages,,,Moussy Malt Beverage Pomegranate,31.95,31.95,piece,,40,4.79,https://go.farm.com.sa/public/uploads/items/17508/thumbnail_1747159105.webp
en,17509-77,Moussy Malt Beverage Strawberry 330 ML × 6,Supermarket///Retail///Beverages,,,Moussy Malt Beverage Strawberry,31.95,31.95,piece,,33,4.79,https://go.farm.com.sa/public/uploads/items/17509/thumbnail_1747159105.webp
en,17510-77,Moussy Malt Beverage Raspberry 330 ML × 6,Supermarket///Retail///Beverages,,,Moussy Malt Beverage Raspberry,31.95,31.95,piece,,13,4.79,https://go.farm.com.sa/public/uploads/items/17510/thumbnail_1747159105.webp
en,17511-77,Moussy Malt Beverage Classic 330 ML × 6,Supermarket///Retail///Beverages,,,Moussy Malt Beverage Classic,31.95,31.95,piece,,188,4.79,https://go.farm.com.sa/public/uploads/items/17511/thumbnail_1747159105.webp
en,17598-77,Moussy Malt Beverage Lemon Mint 330 ML × 6,Supermarket///Retail///Beverages,,,Moussy Malt Beverage Lemon Mint,31.95,31.95,piece,,28,4.79,https://go.farm.com.sa/public/uploads/items/17598/thumbnail_1747159105.webp
en,17638-58,Barbican Malt Beverage Barley 250 ML × 6,Supermarket///Retail///Beverages,,,Barbican Malt Beverage Barley,14.5,14.5,piece,,168,2.18,https://go.farm.com.sa/public/uploads/items/17638/thumbnail_1747159105.webp
en,17639-58,Barbican Malt Beverage Pomegranate 250 ML × 6,Supermarket///Retail///Beverages,,,Barbican Malt Beverage Pomegranate,14.5,14.5,piece,,49,2.18,https://go.farm.com.sa/public/uploads/items/17639/thumbnail_1747159105.webp
en,17640-1961,Moussy Malt Beverage Lemon And Mint 330 ML × 6,Supermarket///Retail///Beverages,,,Moussy Malt Beverage Lemon And Mint,31.95,31.95,piece,,28,4.79,https://go.farm.com.sa/public/uploads/items/17640/thumbnail_1747159105.webp
en,17644-1857,Barbican Malt Beverage Pomegranate 330 ML × 4,Supermarket///Retail///Beverages,,,Barbican Malt Beverage Pomegranate,15.95,15.95,piece,,59,2.39,https://go.farm.com.sa/public/uploads/items/17644/thumbnail_1747159105.webp
en,17645-77,Holsten Malt Beverage Black Grape 330 ML × 6,Supermarket///Retail///Beverages,,,Holsten Malt Beverage Black Grape,31.95,31.95,piece,,24,4.79,https://go.farm.com.sa/public/uploads/items/17645/thumbnail_1747159105.webp
en,17647-58,Barbican Malt Beverage Strawberry 250 ML × 6,Supermarket///Retail///Beverages,,,Barbican Malt Beverage Strawberry,14.5,14.5,piece,,66,2.18,https://go.farm.com.sa/public/uploads/items/17647/thumbnail_1747159105.webp
en,17648-58,Barbican Malt Beverage Apple 250 ML × 6,Supermarket///Retail///Beverages,,,Barbican Malt Beverage Apple,14.5,14.5,piece,,44,2.18,https://go.farm.com.sa/public/uploads/items/17648/thumbnail_1747159105.webp
en,18158-35,Klasse Malt Beverage Apple 330 ML,Supermarket///Retail///Beverages,,,Klasse Malt Beverage Apple,4.5,4.5,piece,,44,0.68,https://go.farm.com.sa/public/uploads/items/18158/thumbnail_1747159442.webp
en,18909-1870,Vimto Drink Blue Raspberry Flavor 250 ML × 6,Supermarket///Retail///Beverages,,,Vimto Drink Blue Raspberry Flavor,12.95,12.95,piece,,13,1.94,https://go.farm.com.sa/public/uploads/items/18909/thumbnail_1747159000.webp
en,18911-63,ORIGINAL DRINK ORANGE&CARROTS 1.4 L,Supermarket///Retail///Beverages,,,ORIGINAL DRINK ORANGE&CARROTS,10.5,10.5,piece,,27,1.58,https://go.farm.com.sa/public/uploads/items/18911/thumbnail_1747159000.webp
en,18917-1165,Mirinda Soft Drink Orange Glass Bottle 250 ML × 24,Supermarket///Retail///Beverages,,,Mirinda Soft Drink Orange Glass Bottle,59.95,59.95,piece,,11,8.99,https://go.farm.com.sa/public/uploads/items/18917/thumbnail_1747159000.webp
en,18918-1172,7UP Soft Drink Free 355 ML × 24,Supermarket///Retail///Beverages,,,7UP Soft Drink Free,63.95,63.95,piece,,36,9.59,https://go.farm.com.sa/public/uploads/items/18918/thumbnail_1747159000.webp
en,18942-37,VICTORIA  LEMON JUICE 1 L,Supermarket///Retail///Beverages,,,VICTORIA  LEMON JUICE,23.95,23.95,piece,,9,3.59,https://go.farm.com.sa/public/uploads/items/18942/thumbnail_1747159000.webp
en,19299-1168,Mirinda Orange Soft Drink 150 ML × 12,Supermarket///Retail///Beverages,,,Mirinda Orange Soft Drink,23.5,23.5,piece,,999,3.53,https://go.farm.com.sa/public/uploads/items/19299/thumbnail_1747159000.webp
en,19476-1177,Sprite Soft Drink 320 ML × 6,Supermarket///Retail///Beverages,,,Sprite Soft Drink,14.95,14.95,piece,,22,2.24,https://go.farm.com.sa/public/uploads/items/19476/thumbnail_1747159000.webp
en,19478-1177,Fanta Soft Drink Citrus 320 ML × 6,Supermarket///Retail///Beverages,,,Fanta Soft Drink Citrus,14.95,14.95,piece,,5,2.24,https://go.farm.com.sa/public/uploads/items/19478/thumbnail_1747159000.webp
en,19479-1177,Fanta Soft Drink Orange 320 ML × 6,Supermarket///Retail///Beverages,,,Fanta Soft Drink Orange,14.95,14.95,piece,,40,2.24,https://go.farm.com.sa/public/uploads/items/19479/thumbnail_1747159000.webp
en,19481-1177,FANTA SOFT DRINK CAN STRAWBERRY 320 ML × 6,Supermarket///Retail///Beverages,,,FANTA SOFT DRINK CAN STRAWBERRY,14.95,14.95,piece,,67,2.24,https://go.farm.com.sa/public/uploads/items/19481/thumbnail_1747159000.webp
en,19558-37,Thai Coco Organic Coconut Water 1 L,Supermarket///Retail///Beverages,,,Thai Coco Organic Coconut Water,9.95,9.95,piece,,799,1.49,https://go.farm.com.sa/public/uploads/items/19558/thumbnail_1747159000.webp
en,19633-36,7UP Soft Drink 2.2 L,Supermarket///Retail///Beverages,,,7UP Soft Drink,7.75,7.75,piece,,3407,1.16,https://go.farm.com.sa/public/uploads/items/19633/thumbnail_1747159000.webp
en,19635-36,Mirinda Soft Drink Orange 2.2 L,Supermarket///Retail///Beverages,,,Mirinda Soft Drink Orange,7.75,7.75,piece,,424,1.16,https://go.farm.com.sa/public/uploads/items/19635/thumbnail_1747159000.webp
en,19664-63,Almarai Juice Apple 1.4 L,Supermarket///Retail///Beverages,,,Almarai Juice Apple,7.5,7.5,piece,,59,1.13,https://go.farm.com.sa/public/uploads/items/19664/thumbnail_1747159000.webp
en,19669-63,Almarai Juice Mixed Berry 1.4 L,Supermarket///Retail///Beverages,,,Almarai Juice Mixed Berry,7.5,7.5,piece,,44,1.13,https://go.farm.com.sa/public/uploads/items/19669/thumbnail_1747159000.webp
en,19734-63,Almarai Juice Mixed Fruit 1.4 L,Supermarket///Retail///Beverages,,,Almarai Juice Mixed Fruit,7.5,7.5,piece,,49,1.13,https://go.farm.com.sa/public/uploads/items/19734/thumbnail_1747159000.webp
en,19736-63,Almarai Juice Mixed Fruit & Lemon 1.4 L,Supermarket///Retail///Beverages,,,Almarai Juice Mixed Fruit & Lemon,7.5,7.5,piece,,30,1.13,https://go.farm.com.sa/public/uploads/items/19736/thumbnail_1747159000.webp
en,19745-3027,Dole Juice Pineapple And Orange 250 ML X 4,Supermarket///Retail///Beverages,,,Dole Juice Pineapple And Orange,12.95,12.95,piece,,10000,1.94,https://go.farm.com.sa/public/uploads/items/19745/thumbnail_1747159000.webp
en,19746-59,Kdd Natural Mango Juice 180 ML × 24,Supermarket///Retail///Beverages,,,Kdd Natural Mango Juice,35.0,35,piece,,29,5.25,https://go.farm.com.sa/public/uploads/items/19746/thumbnail_1747159000.webp
en,19755-1168,Pepsi Soft Drink Diet 150 ML × 12,Supermarket///Retail///Beverages,,,Pepsi Soft Drink Diet,23.5,23.5,piece,,994,3.53,https://go.farm.com.sa/public/uploads/items/19755/thumbnail_1747159000.webp
en,19758-1168,Mirinda Soft Drink Orange 150 ML × 12,Supermarket///Retail///Beverages,,,Mirinda Soft Drink Orange,23.5,23.5,piece,,999,3.53,https://go.farm.com.sa/public/uploads/items/19758/thumbnail_1747159000.webp
en,19760-1168,Pepsi Soft Drink Max Minis 150 ML × 12,Supermarket///Retail///Beverages,,,Pepsi Soft Drink Max Minis,19.95,19.95,piece,,76,2.99,https://go.farm.com.sa/public/uploads/items/19760/thumbnail_1747159000.webp
en,19773-1713,Coca Cola Soft Drink Light 355 ML x 12,Supermarket///Retail///Beverages,,,Coca Cola Soft Drink Light,34.95,34.95,piece,,139,5.24,https://go.farm.com.sa/public/uploads/items/19773/thumbnail_1747159000.webp
en,19775-1713,Coca Cola Soft Drink Zero 355 ML x 12,Supermarket///Retail///Beverages,,,Coca Cola Soft Drink Zero,34.95,34.95,piece,,169,5.24,https://go.farm.com.sa/public/uploads/items/19775/thumbnail_1747159000.webp
en,19981-36,FANTA CITRUS DRINK 2.2 L,Supermarket///Retail///Beverages,,,FANTA CITRUS DRINK,44.95,44.95,piece,,5,6.74,https://go.farm.com.sa/public/uploads/items/19981/thumbnail_1747159257.webp
en,20076-65,CAPRI SUN DRINK STRAWBERRY 200 ML × 10,Supermarket///Retail///Beverages,,,CAPRI SUN DRINK STRAWBERRY,17.95,17.95,piece,,33,2.69,https://go.farm.com.sa/public/uploads/items/20076/thumbnail_1747159257.webp
en,20077-1334,Cofique Iced Coffee With Coconut 24 G × 10,Supermarket///Retail///Beverages,,,Cofique Iced Coffee With Coconut,39.95,39.95,piece,,5,5.99,https://go.farm.com.sa/public/uploads/items/20077/thumbnail_1747159257.webp
en,20078-65,CAPRI SUN DRINK MANGO 200 ML × 10,Supermarket///Retail///Beverages,,,CAPRI SUN DRINK MANGO,17.95,17.95,piece,,26,2.69,https://go.farm.com.sa/public/uploads/items/20078/thumbnail_1747159257.webp
en,20080-1334,Cofique Iced Coffee White Mocha 24 G × 10,Supermarket///Retail///Beverages,,,Cofique Iced Coffee White Mocha,39.95,39.95,piece,,58,5.99,https://go.farm.com.sa/public/uploads/items/20080/thumbnail_1747159257.webp
en,20081-1202,Suntop Nectar With Grapes and Mango Without Adding Sugar 180 ML × 18,Supermarket///Retail///Beverages,,,Suntop Nectar With Grapes and Mango Without Adding Sugar,26.95,26.95,piece,,9,4.04,https://go.farm.com.sa/public/uploads/items/20081/thumbnail_1747159257.webp
en,20082-1202,Suntop Nectar Berry Mix No Added Sugar 180 ML × 18,Supermarket///Retail///Beverages,,,Suntop Nectar Berry Mix No Added Sugar,26.95,26.95,piece,,7,4.04,https://go.farm.com.sa/public/uploads/items/20082/thumbnail_1747159257.webp
en,20085-1202,Suntop Nectar Orange & Peach No Added Sugar 180 ML × 18,Supermarket///Retail///Beverages,,,Suntop Nectar Orange & Peach No Added Sugar,26.95,26.95,piece,,6,4.04,https://go.farm.com.sa/public/uploads/items/20085/thumbnail_1747159257.webp
en,20107-1167,Mountain Dew Soft Drink 2.25 L × 6,Supermarket///Retail///Beverages,,,Mountain Dew Soft Drink,53.95,53.95,piece,,22,8.09,https://go.farm.com.sa/public/uploads/items/20107/thumbnail_1747159257.webp
en,20444-445,Suntop Nectar Red Apple And Grape No Added Sugar 125 ML × 18,Supermarket///Retail///Beverages,,,Suntop Nectar Red Apple And Grape No Added Sugar,12.5,12.5,piece,,10,1.88,https://go.farm.com.sa/public/uploads/items/20444/thumbnail_1747159257.webp
en,20445-445,Suntop Nectar Mango & Grape No Added Sugar 125 ML × 18,Supermarket///Retail///Beverages,,,Suntop Nectar Mango & Grape No Added Sugar,12.5,12.5,piece,,17,1.88,https://go.farm.com.sa/public/uploads/items/20445/thumbnail_1747159257.webp
en,20449-445,Suntop Nectar Strawberry & Guava No Added Sugar 125 ML × 18,Supermarket///Retail///Beverages,,,Suntop Nectar Strawberry & Guava No Added Sugar,12.5,12.5,piece,,24,1.88,https://go.farm.com.sa/public/uploads/items/20449/thumbnail_1747159257.webp
en,20462-79,Mountain Dew Soft Drink Plastic 500 ML × 24,Supermarket///Retail///Beverages,,,Mountain Dew Soft Drink Plastic,71.5,71.5,piece,,12,10.73,https://go.farm.com.sa/public/uploads/items/20462/thumbnail_1747159257.webp
en,20464-1870,Vimto Drink Natural Fruit Flavor 250 ML × 6,Supermarket///Retail///Beverages,,,Vimto Drink Natural Fruit Flavor,12.5,12.5,piece,,49,1.88,https://go.farm.com.sa/public/uploads/items/20464/thumbnail_1747159257.webp
en,20636-77,Moussy Malt Beverage Lemon Mint 330 ML × 6,Supermarket///Retail///Beverages,,,Moussy Malt Beverage Lemon Mint,31.95,31.95,piece,,28,4.79,https://go.farm.com.sa/public/uploads/items/20636/thumbnail_1747159257.webp
en,20638-1961,Moussy Malt Beverage Strawberry 330 ML × 6,Supermarket///Retail///Beverages,,,Moussy Malt Beverage Strawberry,31.95,31.95,piece,,33,4.79,https://go.farm.com.sa/public/uploads/items/20638/thumbnail_1757502356.webp
en,20640-77,Moussy Malt Beverage Pomegranate 330 ML × 6,Supermarket///Retail///Beverages,,,Moussy Malt Beverage Pomegranate,31.95,31.95,piece,,40,4.79,https://go.farm.com.sa/public/uploads/items/20640/thumbnail_1747159257.webp
en,20643-996,Nada Nectar Strawberry 1.3 L,Supermarket///Retail///Beverages,,,Nada Nectar Strawberry,7.5,7.5,piece,,6,1.13,https://go.farm.com.sa/public/uploads/items/20643/thumbnail_1747159257.webp
en,20646-996,Nada Nectar Guava 1.3 L,Supermarket///Retail///Beverages,,,Nada Nectar Guava,7.5,7.5,piece,,22,1.13,https://go.farm.com.sa/public/uploads/items/20646/thumbnail_1747159257.webp
en,20837-115,Nescafe Coffee Mocha Ice 3×1 25 G,Supermarket///Retail///Beverages,,,Nescafe Coffee Mocha Ice 3×1,3.95,3.95,piece,,397,0.59,https://go.farm.com.sa/public/uploads/items/20837/thumbnail_1754304187.webp
en,20909-1191,Sun Cola Drink 250 ML × 18,Supermarket///Retail///Beverages,,,Sun Cola Drink,30.5,30.5,piece,,5,4.58,https://go.farm.com.sa/public/uploads/items/20909/thumbnail_1747159105.webp
en,21017-37,El Corte Ingles Pleasure Drink 1 L,Supermarket///Retail///Beverages,,,El Corte Ingles Pleasure Drink,14.95,14.95,piece,,16,2.24,https://go.farm.com.sa/public/uploads/items/21017/thumbnail_1747159105.webp
en,21159-38,Captain Drink Raspberry 250 ML,Supermarket///Retail///Beverages,,,Captain Drink Raspberry,2.0,2,piece,,85,0.3,https://go.farm.com.sa/public/uploads/items/21159/thumbnail_1747159105.webp
en,17632-1012,Pepsi Soft Drink 12X1 L,Supermarket///Retail///Beverages,,,Pepsi Soft Drink,59.95,59.95,piece,,707,8.99,https://go.farm.com.sa/public/uploads/items/17632/thumbnail_1747159105.webp
en,21204-63,Original Drink Pineapple 1.4 L,Supermarket///Retail///Beverages,,,Original Drink Pineapple,10.5,10.5,piece,,42,1.58,https://go.farm.com.sa/public/uploads/items/21204/thumbnail_1747159105.webp
en,21269-59,KDD Juice Pineapple 180 ML × 24,Supermarket///Retail///Beverages,,,KDD Juice Pineapple,41.0,41,piece,,38,6.15,https://go.farm.com.sa/public/uploads/items/21269/thumbnail_1747159105.webp
en,21288-2356,Gatorade Energy Drink Fruit Punch 495 ML,Supermarket///Retail///Beverages,,,Gatorade Energy Drink Fruit Punch,6.25,6.25,piece,,181,0.94,https://go.farm.com.sa/public/uploads/items/21288/thumbnail_1747159105.webp
en,21292-30,Rani Drink Orange 200 ML,Supermarket///Retail///Beverages,,,Rani Drink Orange,2.25,2.25,piece,,29,0.34,https://go.farm.com.sa/public/uploads/items/21292/thumbnail_1747159105.webp
en,21296-38,Caesar Juice Lemon and Mint 250 ML,Supermarket///Retail///Beverages,,,Caesar Juice Lemon and Mint,3.0,3,piece,,117,0.45,https://go.farm.com.sa/public/uploads/items/21296/thumbnail_1747159105.webp
en,21305-63,Original Juice Apple No Sugar 1.4 L,Supermarket///Retail///Beverages,,,Original Juice Apple No Sugar,10.5,10.5,piece,,4,1.58,https://go.farm.com.sa/public/uploads/items/21305/thumbnail_1747159105.webp
en,21321-48,Luna Iced Coffee Caramel Flavor 240 ML,Supermarket///Retail///Beverages,,,Luna Iced Coffee Caramel Flavor,4.95,4.95,piece,,52,0.74,https://go.farm.com.sa/public/uploads/items/21321/thumbnail_1747159105.webp
en,21324-37,Danya Juice White Grape 1 L,Supermarket///Retail///Beverages,,,Danya Juice White Grape,12.95,12.95,piece,,10,1.94,https://go.farm.com.sa/public/uploads/items/21324/thumbnail_1747159105.webp
en,21325-38,Code Red Energy Drink Zero Sugar 250 ML,Supermarket///Retail///Beverages,,,Code Red Energy Drink Zero Sugar,5.0,5,piece,,87,0.75,https://go.farm.com.sa/public/uploads/items/21325/thumbnail_1747159105.webp
en,21327-35,Heineken Malt Beverage Liquor Non-alcoholic 330 ML,Supermarket///Retail///Beverages,,,Heineken Malt Beverage Liquor Non-alcoholic,9.75,9.75,piece,,2379,1.46,https://go.farm.com.sa/public/uploads/items/21327/thumbnail_1747159105.webp
en,21337-30,Almarai Juice Mixed Fruit Pomegranate No Added Sugar 200 ML,Supermarket///Retail///Beverages,,,Almarai Juice Mixed Fruit Pomegranate No Added Sugar,2.0,2,piece,,42,0.3,https://go.farm.com.sa/public/uploads/items/21337/thumbnail_1747159105.webp
en,21340-45,Almarai Juice Mixed Fruit Pomegranate No Added Sugar 300 ML,Supermarket///Retail///Beverages,,,Almarai Juice Mixed Fruit Pomegranate No Added Sugar,3.0,3,piece,,30,0.45,https://go.farm.com.sa/public/uploads/items/21340/thumbnail_1747159105.webp
en,21341-45,Nadec Juice Apple 300 ML,Supermarket///Retail///Beverages,,,Nadec Juice Apple,3.0,3,piece,,9,0.45,https://go.farm.com.sa/public/uploads/items/21341/thumbnail_1747159105.webp
en,21348-3126,Floridas Natural Juice Orange With Pulp 1.6 L,Supermarket///Retail///Beverages,,,Floridas Natural Juice Orange With Pulp,22.95,22.95,piece,,38,3.44,https://go.farm.com.sa/public/uploads/items/21348/thumbnail_1747159105.webp
en,21351-3126,Floridas Natural Juice Orange No Pulp 1.6 L,Supermarket///Retail///Beverages,,,Floridas Natural Juice Orange No Pulp,22.95,22.95,piece,,20,3.44,https://go.farm.com.sa/public/uploads/items/21351/thumbnail_1747159105.webp
en,21360-42,7up Drink Sugar Free Can 150 ML,Supermarket///Retail///Beverages,,,7up Drink Sugar Free Can,2.0,2,piece,,472,0.3,https://go.farm.com.sa/public/uploads/items/21360/thumbnail_1747159105.webp
en,21361-47,7UP Soft Drink Lemon Fresh 325 ML,Supermarket///Retail///Beverages,,,7UP Soft Drink Lemon Fresh,2.5,2.5,piece,,1010,0.38,https://go.farm.com.sa/public/uploads/items/21361/thumbnail_1747159105.webp
en,21365-1233,Britvic Drink Lemon 300 ML × 6,Supermarket///Retail///Beverages,,,Britvic Drink Lemon,22.95,22.95,piece,,92,3.44,https://go.farm.com.sa/public/uploads/items/21365/thumbnail_1747159105.webp
en,21368-1168,Pepsi Soft Drink Diet Mini 150 ML × 12,Supermarket///Retail///Beverages,,,Pepsi Soft Drink Diet Mini,19.95,19.95,piece,,82,2.99,https://go.farm.com.sa/public/uploads/items/21368/thumbnail_1747159105.webp
en,21371-1168,Mirinda Soft Drink Orange Minis 150 ML × 12,Supermarket///Retail///Beverages,,,Mirinda Soft Drink Orange Minis,19.95,19.95,piece,,87,2.99,https://go.farm.com.sa/public/uploads/items/21371/thumbnail_1747159105.webp
en,21458-77,Heineken Beverage Drink 330 ML × 6,Supermarket///Retail///Beverages,,,Heineken Beverage Drink,54.95,54.95,piece,,396,8.24,https://go.farm.com.sa/public/uploads/items/21458/thumbnail_1747159105.webp
en,21467-120,Cofique Iced Coffee Pistachio 24 G,Supermarket///Retail///Beverages,,,Cofique Iced Coffee Pistachio,4.25,4.25,piece,,213,0.64,https://go.farm.com.sa/public/uploads/items/21467/thumbnail_1747159105.webp
en,21499-1202,Suntop Drink Berry Mix 180 ML × 18,Supermarket///Retail///Beverages,,,Suntop Drink Berry Mix,26.95,26.95,piece,,6,4.04,https://go.farm.com.sa/public/uploads/items/21499/thumbnail_1747159105.webp
en,2783-45,Nadec Nectar Guava Sugar Free 300 ML,Supermarket///Retail///Beverages,,,Nadec Nectar Guava Sugar Free,3.0,3,piece,,21,0.45,https://go.farm.com.sa/public/uploads/items/2783/thumbnail_1747159000.webp
en,21731-3126,Florida's Natural Lemonade 1.6 L,Supermarket///Retail///Beverages,,,Florida's Natural Lemonade,16.5,16.5,piece,,9,2.48,https://go.farm.com.sa/public/uploads/items/21731/thumbnail_1747159105.webp
en,20456-77,Green Cola Soft Drink Cherry No Added Sugar 330 ML × 6,Supermarket///Retail///Beverages,,,Green Cola Soft Drink Cherry No Added Sugar,32.5,32.5,piece,,70,4.88,https://go.farm.com.sa/public/uploads/items/20456/thumbnail_1747159257.webp
en,21756-1164,Fanta Soft Drink Strawberry Flavor 2.2 L × 6,Supermarket///Retail///Beverages,,,Fanta Soft Drink Strawberry Flavor,44.95,44.95,piece,,24,6.74,https://go.farm.com.sa/public/uploads/items/21756/thumbnail_1747159105.webp
en,21855-1165,Vimto Drink Natural Fruits Blueberry 250 ML × 24,Supermarket///Retail///Beverages,,,Vimto Drink Natural Fruits Blueberry,47.5,47.5,piece,,23,7.13,https://go.farm.com.sa/public/uploads/items/21855/thumbnail_1747159257.webp
en,21861-1165,Vimto Strawberry Drink 250 ML × 24,Supermarket///Retail///Beverages,,,Vimto Strawberry Drink,47.0,47,piece,,12,7.05,https://go.farm.com.sa/public/uploads/items/21861/thumbnail_1747159257.webp
en,22090-3126,Florida's Natural Orange Pineapple Juice 1.6 L,Supermarket///Retail///Beverages,,,Florida's Natural Orange Pineapple Juice,22.95,22.95,piece,,10,3.44,https://go.farm.com.sa/public/uploads/items/22090/thumbnail_1747159631.webp
en,22116-77,Klasse Malt Beverage Non Alcoholic Apple Flavor 330 ML × 6,Supermarket///Retail///Beverages,,,Klasse Malt Beverage Non Alcoholic Apple Flavor,24.95,24.95,piece,,7,3.74,https://go.farm.com.sa/public/uploads/items/22116/thumbnail_1747159631.webp
en,22389-63,Original Drink Mango 1.4 L,Supermarket///Retail///Beverages,,,Original Drink Mango,42.5,42.5,piece,,10,6.38,https://go.farm.com.sa/public/uploads/items/22389/thumbnail_1747159631.webp
en,22391-63,Original Drink Guava 1.4 L,Supermarket///Retail///Beverages,,,Original Drink Guava,42.5,42.5,piece,,10,6.38,https://go.farm.com.sa/public/uploads/items/22391/thumbnail_1747159631.webp
en,21501-1191,Suntop Drink Orange 250 ML × 18,Supermarket///Retail///Beverages,,,Suntop Drink Orange,30.5,30.5,piece,,62,4.58,https://go.farm.com.sa/public/uploads/items/21501/thumbnail_1747159105.webp
en,13671-1177,Lipton Iced Tea Peach 320 ML × 6,Supermarket///Retail///Beverages,,,Lipton Iced Tea Peach,16.5,16.5,piece,,1281,2.48,https://go.farm.com.sa/public/uploads/items/13671/thumbnail_1747159105.webp
en,22540-37,Chios Gardens Nfc 7 Apples Juice 1 L,Supermarket///Retail///Beverages,,,Chios Gardens Nfc 7 Apples Juice,14.95,14.95,piece,,70,2.24,https://go.farm.com.sa/public/uploads/items/22540/thumbnail_1747159631.webp
en,22543-37,Chios Gardens Nfc Orange Juice Bits 1 L,Supermarket///Retail///Beverages,,,Chios Gardens Nfc Orange Juice Bits,14.95,14.95,piece,,90,2.24,https://go.farm.com.sa/public/uploads/items/22543/thumbnail_1747159631.webp
en,22545-37,Chios Gardens Nfc Mandarin Juice 1 L,Supermarket///Retail///Beverages,,,Chios Gardens Nfc Mandarin Juice,14.95,14.95,piece,,70,2.24,https://go.farm.com.sa/public/uploads/items/22545/thumbnail_1747159631.webp
en,22677-1194,IT'S WATER 330 ML × 18,Supermarket///Retail///Beverages,,,IT'S WATER,32.95,32.95,piece,,8,4.94,https://go.farm.com.sa/public/uploads/items/22677/thumbnail_1747159631.webp
en,14789-1874,Original Juice Orange  125 ML × 18,Supermarket///Retail///Beverages,,,Original Juice Orange,17.95,17.95,piece,,22,2.69,https://go.farm.com.sa/public/uploads/items/14789/thumbnail_1747159000.webp
en,23026-45,Dunkin Donut Iced Coffee Cappuccino 300 ML,Supermarket///Retail///Beverages,,,Dunkin Donut Iced Coffee Cappuccino,9.95,9.95,piece,,37,1.49,https://go.farm.com.sa/public/uploads/items/23026/thumbnail_1747159000.webp
en,23036-1946,RED BULL DRINK .FREE  250 ML,Supermarket///Retail///Beverages,,,RED BULL DRINK .FREE,10.95,10.95,piece,,1983,1.64,https://go.farm.com.sa/public/uploads/items/23036/thumbnail_1747159000.webp
en,22829-38,Red Bull Energy Drink 250 ML,Supermarket///Retail///Beverages,,,Red Bull Energy Drink,10.95,10.95,piece,,6422,1.64,https://go.farm.com.sa/public/uploads/items/22829/thumbnail_1747159631.webp
en,23037-2244,Red Bull Energy Drink 250 ML × 4,Supermarket///Retail///Beverages,,,Red Bull Energy Drink,41.5,41.5,piece,,1000,6.23,https://go.farm.com.sa/public/uploads/items/23037/thumbnail_1747159000.webp
en,23325-77,Heineken 0.0% Non Alcoholic Beer 330 ML × 6,Supermarket///Retail///Beverages,,,Heineken 0.0% Non Alcoholic Beer,47.5,47.5,piece,,996,7.13,https://go.farm.com.sa/public/uploads/items/23325/thumbnail_1747159000.webp
en,23635-37,Chios Gardens Lemonade Pink 1 L,Supermarket///Retail///Beverages,,,Chios Gardens Lemonade Pink,6.95,6.95,piece,,24,1.04,https://go.farm.com.sa/public/uploads/items/23635/thumbnail_1747159000.webp
en,23636-37,Chios Gardens Lemonade Mint 1 L,Supermarket///Retail///Beverages,,,Chios Gardens Lemonade Mint,6.95,6.95,piece,,19,1.04,https://go.farm.com.sa/public/uploads/items/23636/thumbnail_1747159000.webp
en,20115-1829,LIPTON ICE TEA ZERO SUGAR PEACH CAN 315 ML × 6,Supermarket///Retail///Beverages,,,LIPTON ICE TEA ZERO SUGAR PEACH CAN,16.5,16.5,piece,,252,2.48,https://go.farm.com.sa/public/uploads/items/20115/thumbnail_1747159257.webp
en,23744-3270,KINZA COLA CARBONATED DRINK 6*360ml,Supermarket///Retail///Beverages,,,KINZA COLA CARBONATED DRINK,16.5,16.5,piece,,332,2.48,https://go.farm.com.sa/public/uploads/items/23744/thumbnail_1747159000.webp
en,23745-3270,KINZA ORANGE CARBONATED DRINK 6*360ml,Supermarket///Retail///Beverages,,,KINZA ORANGE CARBONATED DRINK,16.5,16.5,piece,,96,2.48,https://go.farm.com.sa/public/uploads/items/23745/thumbnail_1747159000.webp
en,23746-3270,KINZA CITRUS CARBONATED DRINK 6*360ml,Supermarket///Retail///Beverages,,,KINZA CITRUS CARBONATED DRINK,16.5,16.5,piece,,104,2.48,https://go.farm.com.sa/public/uploads/items/23746/thumbnail_1747159000.webp
en,23747-3270,KINZA LEMON CARBONATED DRINK 6*360ml,Supermarket///Retail///Beverages,,,KINZA LEMON CARBONATED DRINK,16.5,16.5,piece,,130,2.48,https://go.farm.com.sa/public/uploads/items/23747/thumbnail_1747159000.webp
en,23868-468,AQUAANA NATURAL SPRING WATER 200 ML × 24,Supermarket///Retail///Beverages,,,AQUAANA NATURAL SPRING WATER,19.95,19.95,piece,,15,2.99,https://go.farm.com.sa/public/uploads/items/23868/thumbnail_1747159000.webp
en,23828-38,VIMTO FIZZY ZERO FRT 250 ML,Supermarket///Retail///Beverages,,,VIMTO FIZZY ZERO FRT,2.25,2.25,piece,,16,0.34,https://go.farm.com.sa/public/uploads/items/23828/thumbnail_1747159000.webp
en,23935-35,Rubicon Sparkling Mango 330 ML,Supermarket///Retail///Beverages,,,Rubicon Sparkling Mango,7.95,7.95,piece,,82,1.19,https://go.farm.com.sa/public/uploads/items/23935/thumbnail_1747159442.webp
en,23936-35,Rubicon Sparkling Guava 330 ML,Supermarket///Retail///Beverages,,,Rubicon Sparkling Guava,7.95,7.95,piece,,983,1.19,https://go.farm.com.sa/public/uploads/items/23936/thumbnail_1747159442.webp
en,23937-35,Rubicon Sparkling Lychee 330 ML,Supermarket///Retail///Beverages,,,Rubicon Sparkling Lychee,5.95,5.95,piece,,26,0.89,https://go.farm.com.sa/public/uploads/items/23937/thumbnail_1747159442.webp
en,23938-35,Rubicon Sparkling Passion 330 ML,Supermarket///Retail///Beverages,,,Rubicon Sparkling Passion,7.95,7.95,piece,,65,1.19,https://go.farm.com.sa/public/uploads/items/23938/thumbnail_1747159442.webp
en,23939-35,Rubicon Sparkling Pomegranate 330 ML,Supermarket///Retail///Beverages,,,Rubicon Sparkling Pomegranate,5.95,5.95,piece,,71,0.89,https://go.farm.com.sa/public/uploads/items/23939/thumbnail_1747159442.webp
en,23940-44,Rubicon Spring Strawberry & Kiwi 500 ML,Supermarket///Retail///Beverages,,,Rubicon Spring Strawberry & Kiwi,9.95,9.95,piece,,64,1.49,https://go.farm.com.sa/public/uploads/items/23940/thumbnail_1747159442.webp
en,23942-44,Rubicon Spring Pineapple & Passion 500 ML,Supermarket///Retail///Beverages,,,Rubicon Spring Pineapple & Passion,9.95,9.95,piece,,54,1.49,https://go.farm.com.sa/public/uploads/items/23942/thumbnail_1747159442.webp
en,23945-35,Rubicon Spring Orange & Mango 330 ML,Supermarket///Retail///Beverages,,,Rubicon Spring Orange & Mango,7.5,7.5,piece,,23,1.13,https://go.farm.com.sa/public/uploads/items/23945/thumbnail_1747159442.webp
en,23944-35,Rubicon Spring Black Cherry & Raspberry 330 ML,Supermarket///Retail///Beverages,,,Rubicon Spring Black Cherry & Raspberry,7.5,7.5,piece,,27,1.13,https://go.farm.com.sa/public/uploads/items/23944/thumbnail_1747159442.webp
en,23943-44,Rubicon Spring Orange & Mango 500 ML,Supermarket///Retail///Beverages,,,Rubicon Spring Orange & Mango,9.95,9.95,piece,,91,1.49,https://go.farm.com.sa/public/uploads/items/23943/thumbnail_1747159442.webp
en,1756-167,Dettol Cleaner Pine 1 PC,Home & Gardening///Home///Cleaning Products,,,Dettol Cleaner Pine,42.5,42.5,piece,,10000,6.38,https://go.farm.com.sa/public/uploads/items/1756/thumbnail_1747159105.webp
en,1756-267,Dettol Cleaner Pine 1.8 L,Home & Gardening///Home///Cleaning Products,,,Dettol Cleaner Pine,42.5,42.5,piece,,5,6.38,https://go.farm.com.sa/public/uploads/items/1756/thumbnail_1747159105.webp
en,11306-45,Glade Air Freshener Lavender 300 ML,Home & Gardening///Home///Cleaning Products,,,Glade Air Freshener Lavender,16.5,16.5,piece,,19,2.48,https://go.farm.com.sa/public/uploads/items/11306/thumbnail_1747159105.webp
en,11307-45,Glade Air Freshener Refreshing Raspberry 300 ML,Home & Gardening///Home///Cleaning Products,,,Glade Air Freshener Refreshing Raspberry,16.5,16.5,piece,,45,2.48,https://go.farm.com.sa/public/uploads/items/11307/thumbnail_1747159105.webp
en,24067-245,AL AJEEB SUPER GEL ACTIVE CLEANER 2 KG,Home & Gardening///Home///Cleaning Products,,,AL AJEEB SUPER GEL ACTIVE CLEANER,18.95,18.95,piece,,38,2.84,https://go.farm.com.sa/public/uploads/items/24067/thumbnail_1747159442.webp
en,23820-3258,ALMAHA FACIAL TISSUE 10*175s,Home & Gardening///Home///Cleaning Products,,,ALMAHA FACIAL TISSUE,29.95,29.95,piece,,17,4.49,https://go.farm.com.sa/public/uploads/items/23820/thumbnail_1747159000.webp
en,25233-2346,VILEDA RAINBOW SPONGE 10'S 1Pieces,Home & Gardening///Home///Cleaning Products,,,VILEDA RAINBOW SPONGE 10'S,11.5,11.5,piece,,25,1.73,https://go.farm.com.sa/public/uploads/items/25233/thumbnail_1747159442.webp
en,25218-167,SANITA PAPER CUPS BRUNO DOUBLE WALL 9 OZ 20*25'S 1 PC,Home & Gardening///Home///Cleaning Products,,,SANITA PAPER CUPS BRUNO DOUBLE WALL 9 OZ 20*25'S,8.95,8.95,piece,,123,1.34,https://go.farm.com.sa/public/uploads/items/25218/thumbnail_1747159442.webp
en,24808-3279,FARM GARBAGE BAG  50GAL BLACK TIE BAG ROLL 50 جالون *20كيس,Home & Gardening///Home///Cleaning Products,,,FARM GARBAGE BAG  50GAL BLACK TIE BAG ROLL,14.95,14.95,piece,,252,2.24,https://go.farm.com.sa/public/uploads/items/24808/thumbnail_1752997992.webp
en,24814-3280,FARM GARBAGE BAG 30GAL BLACK TIE BAG ROLL 30جالون *25كيس,Home & Gardening///Home///Cleaning Products,,,FARM GARBAGE BAG 30GAL BLACK TIE BAG ROLL,14.95,14.95,piece,,342,2.24,https://go.farm.com.sa/public/uploads/items/24814/thumbnail_1747159442.webp
en,24162-37,BRAVO DISHWASHING LIQUID LEMON 1 L,Home & Gardening///Home///Cleaning Products,,,BRAVO DISHWASHING LIQUID LEMON,14.95,14.95,piece,,25,2.24,https://go.farm.com.sa/public/uploads/items/24162/thumbnail_1747159442.webp
en,24163-37,BRAVO DISHWASHING LIQUID APPLE 1 L,Home & Gardening///Home///Cleaning Products,,,BRAVO DISHWASHING LIQUID APPLE,14.95,14.95,piece,,14,2.24,https://go.farm.com.sa/public/uploads/items/24163/thumbnail_1747159442.webp
en,26053-3284,JIF DISHWASHING LIQUID ANTI BACTERIAL MINT&LEMON SPECIAL PRICE 1275 غ,Home & Gardening///Home///Cleaning Products,,,JIF DISHWASHING LIQUID ANTI BACTERIAL MINT&LEMON SPECIAL PRICE,23.5,23.5,piece,,4,3.53,https://go.farm.com.sa/public/uploads/items/26053/thumbnail_1747159442.webp
en,25456-37,FAIRY PLUS DISHWASHING LIQUID LEMON 1 L,Home & Gardening///Home///Cleaning Products,,,FAIRY PLUS DISHWASHING LIQUID LEMON,19.95,19.95,piece,,49,2.99,https://go.farm.com.sa/public/uploads/items/25456/thumbnail_1747159442.webp
en,24397-3275,AL AJEEB LIQUID SUPER GEL PINE 1.2L,Home & Gardening///Home///Cleaning Products,,,AL AJEEB LIQUID SUPER GEL PINE,11.95,11.95,piece,,10,1.79,https://go.farm.com.sa/public/uploads/items/24397/thumbnail_1747159442.webp
en,25749-3281,BRAVO BLEACH 1GALLON,Home & Gardening///Home///Cleaning Products,,,BRAVO BLEACH,18.95,18.95,piece,,8,2.84,https://go.farm.com.sa/public/uploads/items/25749/thumbnail_1747159442.webp
en,26505-1128,GOLDEN TISSUE MEGA ROLL 350 M,Home & Gardening///Home///Cleaning Products,,,GOLDEN TISSUE MEGA ROLL,23.95,23.95,piece,,108,3.59,https://go.farm.com.sa/public/uploads/items/26505/thumbnail_1747159442.webp
en,28909-3306,FARM FACIAL TISSUE REFILL 5*200s,Home & Gardening///Home///Cleaning Products,,,FARM FACIAL TISSUE REFILL,19.95,19.95,piece,,14,2.99,https://go.farm.com.sa/public/uploads/items/28909/thumbnail_1747159442.webp
en,24108-1128,MAOG TISSUE MEGA ROLL 350 M,Home & Gardening///Home///Cleaning Products,,,MAOG TISSUE MEGA ROLL,24.95,24.95,piece,,115,3.74,https://go.farm.com.sa/public/uploads/items/24108/thumbnail_1747159442.webp
en,24807-3277,FARM GARBAGE BAG 55GAL BLACK TIE BAG ROLL 55 جالون*15 كيس,Home & Gardening///Home///Cleaning Products,,,FARM GARBAGE BAG 55GAL BLACK TIE BAG ROLL,14.95,14.95,piece,,341,2.24,https://go.farm.com.sa/public/uploads/items/24807/thumbnail_1747159442.webp
en,24246-2521,GENTO DISHWASHING LIQUID LEMON SPECIAL OFFER 1 L × 2,Home & Gardening///Home///Cleaning Products,,,GENTO DISHWASHING LIQUID LEMON SPECIAL OFFER,16.5,16.5,piece,,13,2.48,https://go.farm.com.sa/public/uploads/items/24246/thumbnail_1747159442.webp
en,24348-185,DIBAJ MAXI PAPER ROLL 600 G,Home & Gardening///Home///Cleaning Products,,,DIBAJ MAXI PAPER ROLL,13.95,13.95,piece,,66,2.09,https://go.farm.com.sa/public/uploads/items/24348/thumbnail_1747159442.webp
en,24194-37,WAFIR DISHWASHING LIQUID LEMON 1 L,Home & Gardening///Home///Cleaning Products,,,WAFIR DISHWASHING LIQUID LEMON,14.5,14.5,piece,,7,2.18,https://go.farm.com.sa/public/uploads/items/24194/thumbnail_1747159442.webp
en,17219-201,Maog Cleaning Sponge Gold Anti Bacterial 9 PC,Home & Gardening///Home///Cleaning Products,,,Maog Cleaning Sponge Gold Anti Bacterial,16.5,16.5,piece,,9,2.48,https://go.farm.com.sa/public/uploads/items/17219/thumbnail_1747159105.webp
en,16303-2512,Maog Scouring Pad With Sponge Long Piece,Home & Gardening///Home///Cleaning Products,,,Maog Scouring Pad With Sponge Long,5.25,5.25,piece,,5,0.79,https://go.farm.com.sa/public/uploads/items/16303/thumbnail_1747159257.webp
en,16333-2415,Maog Cleaning Cloth All Purpose 38Cm X 40 Cm  4 Pieces,Home & Gardening///Home///Cleaning Products,,,Maog Cleaning Cloth All Purpose 38Cm X 40 Cm ,13.95,13.95,piece,,5,2.09,https://go.farm.com.sa/public/uploads/items/16333/thumbnail_1747159257.webp
en,11145-167,Maog Hand Vacuum Cleaner Soft 1 PC,Home & Gardening///Home///Cleaning Products,,,Maog Hand Vacuum Cleaner Soft,27.95,27.95,piece,,35,4.19,https://go.farm.com.sa/public/uploads/items/11145/thumbnail_1747159257.webp
en,11126-223,Maog Scouring Pad With Sponge 5 PC,Home & Gardening///Home///Cleaning Products,,,Maog Scouring Pad With Sponge,5.95,5.95,piece,,151,0.89,https://go.farm.com.sa/public/uploads/items/11126/thumbnail_1747159257.webp
en,11112-223,Maog Scouring Pad Stainless Steel 5 PC,Home & Gardening///Home///Cleaning Products,,,Maog Scouring Pad Stainless Steel,16.5,16.5,piece,,76,2.48,https://go.farm.com.sa/public/uploads/items/11112/thumbnail_1747159257.webp
en,11110-375,Maog Sponges Rough Colored Non Scratch 2 PC,Home & Gardening///Home///Cleaning Products,,,Maog Sponges Rough Colored Non Scratch,10.95,10.95,piece,,53,1.64,https://go.farm.com.sa/public/uploads/items/11110/thumbnail_1747159257.webp
en,11095-167,Maog Scouring Pad Stainless Steel 1 PC,Home & Gardening///Home///Cleaning Products,,,Maog Scouring Pad Stainless Steel,3.25,3.25,piece,,113,0.49,https://go.farm.com.sa/public/uploads/items/11095/thumbnail_1747159257.webp
en,11093-191,Maog Golden Scouring Pad Stainless Steel 3 PC,Home & Gardening///Home///Cleaning Products,,,Maog Golden Scouring Pad Stainless Steel,16.95,16.95,piece,,26,2.54,https://go.farm.com.sa/public/uploads/items/11093/thumbnail_1747159257.webp
en,16318-2511,Maog Scouring Pad With Sponge Gold Anti Bacterial  9 Pieces,Home & Gardening///Home///Cleaning Products,,,Maog Scouring Pad With Sponge Gold Anti Bacterial ,21.95,21.95,piece,,29,3.29,https://go.farm.com.sa/public/uploads/items/16318/thumbnail_1747159257.webp
en,11146-167,Maog Hand Vacuum Cleaner Rough 1 PC,Home & Gardening///Home///Cleaning Products,,,Maog Hand Vacuum Cleaner Rough,27.95,27.95,piece,,17,4.19,https://go.farm.com.sa/public/uploads/items/11146/thumbnail_1747159257.webp
en,11143-1021,Maog Mop For Floors 45 CM,Home & Gardening///Home///Cleaning Products,,,Maog Mop For Floors,29.95,29.95,piece,,10,4.49,https://go.farm.com.sa/public/uploads/items/11143/thumbnail_1747159257.webp
en,11140-167,Maog Mop For Floors 1 PC,Home & Gardening///Home///Cleaning Products,,,Maog Mop For Floors,48.95,48.95,piece,,6,7.34,https://go.farm.com.sa/public/uploads/items/11140/thumbnail_1747159257.webp
en,11134-190,Maog Steel Scourer No Rust 4 PC,Home & Gardening///Home///Cleaning Products,,,Maog Steel Scourer No Rust,12.95,12.95,piece,,33,1.94,https://go.farm.com.sa/public/uploads/items/11134/thumbnail_1747159257.webp
en,11129-190,Maog Sponge Scourer 4 PC,Home & Gardening///Home///Cleaning Products,,,Maog Sponge Scourer,5.95,5.95,piece,,17,0.89,https://go.farm.com.sa/public/uploads/items/11129/thumbnail_1747159257.webp
en,11125-226,Maog Scouring Pad Gold With Sponge Anti Bacterial 12 PC,Home & Gardening///Home///Cleaning Products,,,Maog Scouring Pad Gold With Sponge Anti Bacterial,21.95,21.95,piece,,29,3.29,https://go.farm.com.sa/public/uploads/items/11125/thumbnail_1747159257.webp
en,11109-226,Maog Scouring Pad With Sponge Family Saving Pack 12 PC,Home & Gardening///Home///Cleaning Products,,,Maog Scouring Pad With Sponge Family Saving Pack,14.95,14.95,piece,,26,2.24,https://go.farm.com.sa/public/uploads/items/11109/thumbnail_1747159257.webp
en,11097-167,Maog Cleaning Kit Brush and Shovel 1 PC,Home & Gardening///Home///Cleaning Products,,,Maog Cleaning Kit Brush and Shovel,19.95,19.95,piece,,67,2.99,https://go.farm.com.sa/public/uploads/items/11097/thumbnail_1747159257.webp
en,11094-375,Maog Sponges Silver 2 PC,Home & Gardening///Home///Cleaning Products,,,Maog Sponges Silver,10.95,10.95,piece,,173,1.64,https://go.farm.com.sa/public/uploads/items/11094/thumbnail_1747159257.webp
en,1749-192,Maog Sponges Gold Anti Bacterial 6 PC,Home & Gardening///Home///Cleaning Products,,,Maog Sponges Gold Anti Bacterial,16.5,16.5,piece,,9,2.48,https://go.farm.com.sa/public/uploads/items/1749/thumbnail_1747159105.webp
en,1749-201,Maog Sponges Gold Anti Bacterial 9 PC,Home & Gardening///Home///Cleaning Products,,,Maog Sponges Gold Anti Bacterial,20.5,20.5,piece,,1000,3.08,https://go.farm.com.sa/public/uploads/items/1749/thumbnail_1747159105.webp
en,17874-167,Vileda Scouring Pad 1 PC,Home & Gardening///Home///Cleaning Products,,,Vileda Scouring Pad,5.95,5.95,piece,,341,0.89,https://go.farm.com.sa/public/uploads/items/17874/thumbnail_1747159442.webp
en,16384-2345,Arix Scouring Pad Stainless Steel  2 Pieces,Home & Gardening///Home///Cleaning Products,,,Arix Scouring Pad Stainless Steel ,10.5,10.5,piece,,93,1.58,https://go.farm.com.sa/public/uploads/items/16384/thumbnail_1747159257.webp
en,16304-2513,Camel Scouring Pad Stainless Steel  6 Pieces,Home & Gardening///Home///Cleaning Products,,,Camel Scouring Pad Stainless Steel ,8.95,8.95,piece,,95,1.34,https://go.farm.com.sa/public/uploads/items/16304/thumbnail_1747159257.webp
en,16334-2515,Vileda Wire Washing Stainless Steel  4+1 Free,Home & Gardening///Home///Cleaning Products,,,Vileda Wire Washing Stainless Steel ,16.95,16.95,piece,,177,2.54,https://go.farm.com.sa/public/uploads/items/16334/thumbnail_1747159257.webp
en,16308-2512,Arix Scouring Pad Scourer Piece,Home & Gardening///Home///Cleaning Products,,,Arix Scouring Pad Scourer,7.5,7.5,piece,,189,1.13,https://go.farm.com.sa/public/uploads/items/16308/thumbnail_1747159257.webp
en,17875-191,Vileda Cleaning Sponge Glitzi With Cleaning Crystal 3 PC,Home & Gardening///Home///Cleaning Products,,,Vileda Cleaning Sponge Glitzi With Cleaning Crystal,12.95,12.95,piece,,31,1.94,https://go.farm.com.sa/public/uploads/items/17875/thumbnail_1747159442.webp
en,16335-2419,Vileda Cleaning Sponge  3 6+3 Free,Home & Gardening///Home///Cleaning Products,,,Vileda Cleaning Sponge ,19.95,19.95,piece,,46,2.99,https://go.farm.com.sa/public/uploads/items/16335/thumbnail_1747159257.webp
en,16330-2415,Vileda Towels Microfiber Multi Purpose  4 Pieces,Home & Gardening///Home///Cleaning Products,,,Vileda Towels Microfiber Multi Purpose ,39.95,39.95,piece,,201,5.99,https://go.farm.com.sa/public/uploads/items/16330/thumbnail_1747159257.webp
en,16329-2345,Vileda Scrub Pad Stainless Steel  2 Pieces,Home & Gardening///Home///Cleaning Products,,,Vileda Scrub Pad Stainless Steel ,14.5,14.5,piece,,58,2.18,https://go.farm.com.sa/public/uploads/items/16329/thumbnail_1747159257.webp
en,16344-2518,Vileda Mop For Floors  42 CM,Home & Gardening///Home///Cleaning Products,,,Vileda Mop For Floors ,47.95,47.95,piece,,27,7.19,https://go.farm.com.sa/public/uploads/items/16344/thumbnail_1747159257.webp
en,16337-2516,Vileda Mop With Stick  35 CM,Home & Gardening///Home///Cleaning Products,,,Vileda Mop With Stick ,35.95,35.95,piece,,31,5.39,https://go.farm.com.sa/public/uploads/items/16337/thumbnail_1747159257.webp
en,16316-2512,Vileda Shovel With a Brush Piece,Home & Gardening///Home///Cleaning Products,,,Vileda Shovel With a Brush,24.95,24.95,piece,,53,3.74,https://go.farm.com.sa/public/uploads/items/16316/thumbnail_1747159257.webp
en,16291-2348,Vileda Cleaning Sponge  3 Pieces,Home & Gardening///Home///Cleaning Products,,,Vileda Cleaning Sponge ,7.5,7.5,piece,,47,1.13,https://go.farm.com.sa/public/uploads/items/16291/thumbnail_1747159257.webp
en,16300-2512,Vileda Cleaning Sponge Glitzi Jumbo Piece,Home & Gardening///Home///Cleaning Products,,,Vileda Cleaning Sponge Glitzi Jumbo,8.5,8.5,piece,,16,1.28,https://go.farm.com.sa/public/uploads/items/16300/thumbnail_1747159257.webp
en,16302-2512,Vileda Cleaning Kit Broom and Shovel Piece,Home & Gardening///Home///Cleaning Products,,,Vileda Cleaning Kit Broom and Shovel,34.95,34.95,piece,,16,5.24,https://go.farm.com.sa/public/uploads/items/16302/thumbnail_1747159257.webp
en,11141-167,Vileda Cleaning Kit Broom and Shovel With Long Handle 1 PC,Home & Gardening///Home///Cleaning Products,,,Vileda Cleaning Kit Broom and Shovel With Long Handle,53.95,53.95,piece,,67,8.09,https://go.farm.com.sa/public/uploads/items/11141/thumbnail_1747159257.webp
en,17879-167,Vileda Mop With Spray For Wet Cleaning of Floors 1 PC,Home & Gardening///Home///Cleaning Products,,,Vileda Mop With Spray For Wet Cleaning of Floors,123.95,123.95,piece,,18,18.59,https://go.farm.com.sa/public/uploads/items/17879/thumbnail_1747159442.webp
en,16343-2512,Vileda Cleaning Kit Microfiber Piece,Home & Gardening///Home///Cleaning Products,,,Vileda Cleaning Kit Microfiber,247.95,247.95,piece,,15,37.19,https://go.farm.com.sa/public/uploads/items/16343/thumbnail_1747159257.webp
en,16325-2348,Vileda Cleaning Sponge With Cleaning Crystal  3 Pieces,Home & Gardening///Home///Cleaning Products,,,Vileda Cleaning Sponge With Cleaning Crystal ,8.95,8.95,piece,,55,1.34,https://go.farm.com.sa/public/uploads/items/16325/thumbnail_1747159257.webp
en,16301-2512,Vileda Cleaning Sponge Glitzi Jumbo And Strong Piece,Home & Gardening///Home///Cleaning Products,,,Vileda Cleaning Sponge Glitzi Jumbo And Strong,8.5,8.5,piece,,32,1.28,https://go.farm.com.sa/public/uploads/items/16301/thumbnail_1747159257.webp
en,16299-2345,Vileda Cleaning Sponge Glitzi With Cleaning Crystal  2 Pieces,Home & Gardening///Home///Cleaning Products,,,Vileda Cleaning Sponge Glitzi With Cleaning Crystal ,8.95,8.95,piece,,25,1.34,https://go.farm.com.sa/public/uploads/items/16299/thumbnail_1747159257.webp
en,16295-2513,Vileda Cleaning Cloth Sponge Super Absorbent  6 Pieces,Home & Gardening///Home///Cleaning Products,,,Vileda Cleaning Cloth Sponge Super Absorbent ,25.95,25.95,piece,,6,3.89,https://go.farm.com.sa/public/uploads/items/16295/thumbnail_1747159257.webp
en,16295-2514,Vileda Cleaning Cloth Sponge Super Absorbent  5 Pieces,Home & Gardening///Home///Cleaning Products,,,Vileda Cleaning Cloth Sponge Super Absorbent ,25.95,25.95,piece,,10,3.89,https://go.farm.com.sa/public/uploads/items/16295/thumbnail_1747159257.webp
en,11137-1019,Vileda Mop 52 CM,Home & Gardening///Home///Cleaning Products,,,Vileda Mop,46.5,46.5,piece,,38,6.98,https://go.farm.com.sa/public/uploads/items/11137/thumbnail_1747159257.webp
en,11130-190,Vileda Cleaning Cloth Microfiber Colors Multi Purpose 4 PC,Home & Gardening///Home///Cleaning Products,,,Vileda Cleaning Cloth Microfiber Colors Multi Purpose,27.95,27.95,piece,,212,4.19,https://go.farm.com.sa/public/uploads/items/11130/thumbnail_1747159257.webp
en,10911-167,Vileda Toilet Cleaner High Quality Bristles 1 PC,Home & Gardening///Home///Cleaning Products,,,Vileda Toilet Cleaner High Quality Bristles,36.5,36.5,piece,,17,5.48,https://go.farm.com.sa/public/uploads/items/10911/thumbnail_1747159257.webp
en,18340-167,ARIX TONKITA MOP HEAD COTTON TWISTED 16 1 PC,Home & Gardening///Home///Cleaning Products,,,ARIX TONKITA MOP HEAD COTTON TWISTED 16,27.5,27.5,piece,,24,4.13,https://go.farm.com.sa/public/uploads/items/18340/thumbnail_1747159442.webp
en,18032-167,Collonil Shoe Polish Brown 1 PC,Home & Gardening///Home///Cleaning Products,,,Collonil Shoe Polish Brown,22.95,22.95,piece,,17,3.44,https://go.farm.com.sa/public/uploads/items/18032/thumbnail_1747159442.webp
en,16557-2583,Collonil Shoe Brushes Instant Brown   PC 1,Home & Gardening///Home///Cleaning Products,,,Collonil Shoe Brushes Instant Brown,19.95,19.95,piece,,25,2.99,https://go.farm.com.sa/public/uploads/items/16557/thumbnail_1747159257.webp
en,16558-2008,Collonil Shoe Polish Shoe Cream Black 50 ML,Home & Gardening///Home///Cleaning Products,,,Collonil Shoe Polish Shoe Cream Black,24.5,24.5,piece,,35,3.68,https://go.farm.com.sa/public/uploads/items/16558/thumbnail_1747159257.webp
en,16559-2008,Collonil Shoe Polish Caring Refreshing Waterproofing Brown Shoe Cream  50 ML,Home & Gardening///Home///Cleaning Products,,,Collonil Shoe Polish Caring Refreshing Waterproofing Brown Shoe Cream ,24.5,24.5,piece,,67,3.68,https://go.farm.com.sa/public/uploads/items/16559/thumbnail_1747159257.webp
en,16560-2022,Collonil Shoe Polish Neutral  100 ML,Home & Gardening///Home///Cleaning Products,,,Collonil Shoe Polish Neutral ,24.5,24.5,piece,,12,3.68,https://go.farm.com.sa/public/uploads/items/16560/thumbnail_1747159257.webp
en,16309-2345,Arix Cleaning Sponge Scourer  2 Pieces,Home & Gardening///Home///Cleaning Products,,,Arix Cleaning Sponge Scourer ,8.95,8.95,piece,,38,1.34,https://go.farm.com.sa/public/uploads/items/16309/thumbnail_1747159257.webp
en,11187-167,Collonil Shoe Polish Quick Shine Colourness 1 PC,Home & Gardening///Home///Cleaning Products,,,Collonil Shoe Polish Quick Shine Colourness,19.95,19.95,piece,,8,2.99,https://go.farm.com.sa/public/uploads/items/11187/thumbnail_1747159563.webp
en,11135-167,Arix Hand Vacuum Cleaner And Stick 1 PC,Home & Gardening///Home///Cleaning Products,,,Arix Hand Vacuum Cleaner And Stick,22.5,22.5,piece,,17,3.38,https://go.farm.com.sa/public/uploads/items/11135/thumbnail_1747159257.webp
en,11133-240,Orinex Cloth Non-Woven For Multiple Purposes 20 PC,Home & Gardening///Home///Cleaning Products,,,Orinex Cloth Non-Woven For Multiple Purposes,10.95,10.95,piece,,10,1.64,https://go.farm.com.sa/public/uploads/items/11133/thumbnail_1747159257.webp
en,11133-2223,Orinex Cloth Non-Woven For Multiple Purposes 20 Pieces,Home & Gardening///Home///Cleaning Products,,,Orinex Cloth Non-Woven For Multiple Purposes,12.75,12.75,piece,,1000,1.91,https://go.farm.com.sa/public/uploads/items/11133/thumbnail_1747159257.webp
en,11131-201,Arix Sponges Scourer 9 PC,Home & Gardening///Home///Cleaning Products,,,Arix Sponges Scourer,16.5,16.5,piece,,20,2.48,https://go.farm.com.sa/public/uploads/items/11131/thumbnail_1747159257.webp
en,11111-223,Orinex Sponges 5 PC,Home & Gardening///Home///Cleaning Products,,,Orinex Sponges,6.6,6.6,piece,,7,0.99,https://go.farm.com.sa/public/uploads/items/11111/thumbnail_1747159257.webp
en,11106-219,Arix Sponges Scourer 10 PC,Home & Gardening///Home///Cleaning Products,,,Arix Sponges Scourer,7.5,7.5,piece,,21,1.13,https://go.farm.com.sa/public/uploads/items/11106/thumbnail_1747159257.webp
en,11090-191,Vileda Scouring Pads 3 PC,Home & Gardening///Home///Cleaning Products,,,Vileda Scouring Pads,9.95,9.95,piece,,24,1.49,https://go.farm.com.sa/public/uploads/items/11090/thumbnail_1747159257.webp
en,18010-219,Barkah Cleaning Sponge 10 PC,Home & Gardening///Home///Cleaning Products,,,Barkah Cleaning Sponge,7.7,7.7,piece,,28,1.16,https://go.farm.com.sa/public/uploads/items/18010/thumbnail_1747159442.webp
en,16338-2517,Tonkita Mop 44 CM,Home & Gardening///Home///Cleaning Products,,,Tonkita Mop,20.95,20.95,piece,,14,3.14,https://go.farm.com.sa/public/uploads/items/16338/thumbnail_1747159257.webp
en,16313-2512,Arix Cleaning Sponge To Clean the Car Piece,Home & Gardening///Home///Cleaning Products,,,Arix Cleaning Sponge To Clean the Car,21.5,21.5,piece,,13,3.23,https://go.farm.com.sa/public/uploads/items/16313/thumbnail_1747159257.webp
en,16319-2348,Orinex Cleaning Sponge For Plates  3 Pieces,Home & Gardening///Home///Cleaning Products,,,Orinex Cleaning Sponge For Plates ,4.5,4.5,piece,,13,0.68,https://go.farm.com.sa/public/uploads/items/16319/thumbnail_1747159257.webp
en,16305-2512,Arix Shovel With a Brush Piece,Home & Gardening///Home///Cleaning Products,,,Arix Shovel With a Brush,19.5,19.5,piece,,55,2.93,https://go.farm.com.sa/public/uploads/items/16305/thumbnail_1747159257.webp
en,11101-375,Orinex Cleaners Sponge Scourer 2 PC,Home & Gardening///Home///Cleaning Products,,,Orinex Cleaners Sponge Scourer,3.25,3.25,piece,,24,0.49,https://go.farm.com.sa/public/uploads/items/11101/thumbnail_1747159257.webp
en,11645-192,Hala Facial  Tissue Double ply 6 PC,Home & Gardening///Home///Cleaning Products,,,Hala Facial  Tissue Double ply,12.95,12.95,piece,,208,1.94,https://go.farm.com.sa/public/uploads/items/11645/thumbnail_1747159105.webp
en,10508-924,Johnsons Facial Cleansing Wipes Daily Essentials Moisturising For Dry Skin 25 Tissues,Home & Gardening///Home///Cleaning Products,,,Johnsons Facial Cleansing Wipes Daily Essentials Moisturising For Dry Skin,35.95,35.95,piece,,35,5.39,https://go.farm.com.sa/public/uploads/items/10508/thumbnail_1747159000.webp
en,11632-3274,Golden Tissue 2 Ply 160s(2+8),Home & Gardening///Home///Cleaning Products,,,Golden Tissue 2 Ply,17.95,17.95,piece,,21,2.69,https://go.farm.com.sa/public/uploads/items/11632/thumbnail_1747159105.webp
en,11656-192,Kleenex Facial Tissue Silk 3 Ply 6 PC,Home & Gardening///Home///Cleaning Products,,,Kleenex Facial Tissue Silk 3 Ply,27.95,27.95,piece,,16,4.19,https://go.farm.com.sa/public/uploads/items/11656/thumbnail_1747159105.webp
en,11662-219,Sanita Gipsy Facial Tissue 10 PC,Home & Gardening///Home///Cleaning Products,,,Sanita Gipsy Facial Tissue,17.95,17.95,piece,,16,2.69,https://go.farm.com.sa/public/uploads/items/11662/thumbnail_1747159105.webp
en,11663-1110,Sanita Club Facial Tissue Silk Soft 5+1 PC,Home & Gardening///Home///Cleaning Products,,,Sanita Club Facial Tissue Silk Soft,12.95,12.95,piece,,58,1.94,https://go.farm.com.sa/public/uploads/items/11663/thumbnail_1747159105.webp
en,16601-2236,Smile Facial Tissue Soft  10 Pieces,Home & Gardening///Home///Cleaning Products,,,Smile Facial Tissue Soft ,24.5,24.5,piece,,66,3.68,https://go.farm.com.sa/public/uploads/items/16601/thumbnail_1747159257.webp
en,17924-2871,Al-Nakheel Facial Tissue 150 Pieces × 10 Box,Home & Gardening///Home///Cleaning Products,,,Al-Nakheel Facial Tissue,20.95,20.95,piece,,44,3.14,https://go.farm.com.sa/public/uploads/items/17924/thumbnail_1747159442.webp
en,17930-2713,Softy Facial Tissue 4+2 Free,Home & Gardening///Home///Cleaning Products,,,Softy Facial Tissue,13.95,13.95,piece,,10,2.09,https://go.farm.com.sa/public/uploads/items/17930/thumbnail_1747159442.webp
en,17928-2874,Kleenex Facial Tissue Collections 84 PC × 6 Box,Home & Gardening///Home///Cleaning Products,,,Kleenex Facial Tissue Collections,20.5,20.5,piece,,16,3.08,https://go.farm.com.sa/public/uploads/items/17928/thumbnail_1747159442.webp
en,17269-219,Mouchoir Facial Tissue Soft 2 Ply 10 PC,Home & Gardening///Home///Cleaning Products,,,Mouchoir Facial Tissue Soft 2 Ply,24.95,24.95,piece,,58,3.74,https://go.farm.com.sa/public/uploads/items/17269/thumbnail_1747159105.webp
en,17904-219,Kleenex Facial Tissue 10 PC,Home & Gardening///Home///Cleaning Products,,,Kleenex Facial Tissue,22.95,22.95,piece,,41,3.44,https://go.farm.com.sa/public/uploads/items/17904/thumbnail_1747159442.webp
en,18033-381,Al-Nakheel Facial Tissue Soft 2 Ply 150 PC,Home & Gardening///Home///Cleaning Products,,,Al-Nakheel Facial Tissue Soft 2 Ply,3.5,3.5,piece,,444,0.53,https://go.farm.com.sa/public/uploads/items/18033/thumbnail_1747159442.webp
en,11662-219,Sanita Gipsy Facial Tissue 10 PC,Home & Gardening///Home///Cleaning Products,,,Sanita Gipsy Facial Tissue,17.95,17.95,piece,,16,2.69,https://go.farm.com.sa/public/uploads/items/11662/thumbnail_1747159105.webp
en,11656-192,Kleenex Facial Tissue Silk 3 Ply 6 PC,Home & Gardening///Home///Cleaning Products,,,Kleenex Facial Tissue Silk 3 Ply,27.95,27.95,piece,,16,4.19,https://go.farm.com.sa/public/uploads/items/11656/thumbnail_1747159105.webp
en,11632-3274,Golden Tissue 2 Ply 160s(2+8),Home & Gardening///Home///Cleaning Products,,,Golden Tissue 2 Ply,17.95,17.95,piece,,21,2.69,https://go.farm.com.sa/public/uploads/items/11632/thumbnail_1747159105.webp
en,10508-924,Johnsons Facial Cleansing Wipes Daily Essentials Moisturising For Dry Skin 25 Tissues,Home & Gardening///Home///Cleaning Products,,,Johnsons Facial Cleansing Wipes Daily Essentials Moisturising For Dry Skin,35.95,35.95,piece,,35,5.39,https://go.farm.com.sa/public/uploads/items/10508/thumbnail_1747159000.webp
en,18755-192,Kleenex Tissue Roll Viva Ultra Absorbent 6 PC,Home & Gardening///Home///Cleaning Products,,,Kleenex Tissue Roll Viva Ultra Absorbent,14.5,14.5,piece,,25,2.18,https://go.farm.com.sa/public/uploads/items/18755/thumbnail_1747159442.webp
en,18270-1127,FARM MAXI ROLL TISSUE 300 M,Home & Gardening///Home///Cleaning Products,,,FARM MAXI ROLL TISSUE,13.95,13.95,piece,,661,2.09,https://go.farm.com.sa/public/uploads/items/18270/thumbnail_1747159442.webp
en,17962-2885,Uno Tissue Roll 500 M × 2,Home & Gardening///Home///Cleaning Products,,,Uno Tissue Roll,16.95,16.95,piece,,55,2.54,https://go.farm.com.sa/public/uploads/items/17962/thumbnail_1747159442.webp
en,16642-2621,Sanita Tissue Roll Club  300+50M,Home & Gardening///Home///Cleaning Products,,,Sanita Tissue Roll Club ,23.5,23.5,piece,,240,3.53,https://go.farm.com.sa/public/uploads/items/16642/thumbnail_1747159257.webp
en,16726-2649,Uno Plus Tissue Roll Mega Roll  350 M,Home & Gardening///Home///Cleaning Products,,,Uno Plus Tissue Roll Mega Roll ,25.5,25.5,piece,,145,3.83,https://go.farm.com.sa/public/uploads/items/16726/thumbnail_1747159257.webp
en,16590-2594,Golden Tissue Roll  300 M,Home & Gardening///Home///Cleaning Products,,,Golden Tissue Roll ,9.95,9.95,piece,,327,1.49,https://go.farm.com.sa/public/uploads/items/16590/thumbnail_1747159257.webp
en,11736-1127,Mouchoir Tissue Roll Maxi Roll 300 M,Home & Gardening///Home///Cleaning Products,,,Mouchoir Tissue Roll Maxi Roll,12.95,12.95,piece,,170,1.94,https://go.farm.com.sa/public/uploads/items/11736/thumbnail_1747159105.webp
en,11738-1076,Sanita Tissue Roll Gi Poy 1 Roll,Home & Gardening///Home///Cleaning Products,,,Sanita Tissue Roll Gi Poy,13.95,13.95,piece,,31,2.09,https://go.farm.com.sa/public/uploads/items/11738/thumbnail_1747159105.webp
en,11727-1127,Uno Plus Tissue Roll Multi Purpose 300 M,Home & Gardening///Home///Cleaning Products,,,Uno Plus Tissue Roll Multi Purpose,21.5,21.5,piece,,146,3.23,https://go.farm.com.sa/public/uploads/items/11727/thumbnail_1747159105.webp
en,11726-1130,Uno Plus Tissue Roll Highly Absorbent 2 Roll,Home & Gardening///Home///Cleaning Products,,,Uno Plus Tissue Roll Highly Absorbent,23.95,23.95,piece,,22,3.59,https://go.farm.com.sa/public/uploads/items/11726/thumbnail_1747159105.webp
en,11713-1108,Kleenex Tissue Roll Extra Dry 12 Roll,Home & Gardening///Home///Cleaning Products,,,Kleenex Tissue Roll Extra Dry,30.75,30.75,piece,,41,4.61,https://go.farm.com.sa/public/uploads/items/11713/thumbnail_1747159105.webp
en,11712-240,Kleenex Tissue Roll Extra Dry 20 PC,Home & Gardening///Home///Cleaning Products,,,Kleenex Tissue Roll Extra Dry,32.95,32.95,piece,,25,4.94,https://go.farm.com.sa/public/uploads/items/11712/thumbnail_1747159105.webp
en,11710-169,Sanita Bouquet Tissue Roll 8 PC,Home & Gardening///Home///Cleaning Products,,,Sanita Bouquet Tissue Roll,19.95,19.95,piece,,10,2.99,https://go.farm.com.sa/public/uploads/items/11710/thumbnail_1747159105.webp
en,11684-190,Kleenex Viva Tissue Roll Ultra Absorbent 2 Ply 4 PC,Home & Gardening///Home///Cleaning Products,,,Kleenex Viva Tissue Roll Ultra Absorbent 2 Ply,16.95,16.95,piece,,53,2.54,https://go.farm.com.sa/public/uploads/items/11684/thumbnail_1747159105.webp
en,11681-1119,Sanita Bouquet Tissue Roll 2 Rolls + 1 Free,Home & Gardening///Home///Cleaning Products,,,Sanita Bouquet Tissue Roll,21.5,21.5,piece,,70,3.23,https://go.farm.com.sa/public/uploads/items/11681/thumbnail_1747159105.webp
en,11695-1123,Sanita Bouquet Tissue Roll 3 Rolls + 1 Free,Home & Gardening///Home///Cleaning Products,,,Sanita Bouquet Tissue Roll,19.95,19.95,piece,,22,2.99,https://go.farm.com.sa/public/uploads/items/11695/thumbnail_1747159105.webp
en,11698-219,Sanita Club Toilet Tissue  White 10 PC,Home & Gardening///Home///Cleaning Products,,,Sanita Club Toilet Tissue  White,20.95,20.95,piece,,24,3.14,https://go.farm.com.sa/public/uploads/items/11698/thumbnail_1747159105.webp
en,17929-1128,Softy Tissue Roll Mega Roll 350 M,Home & Gardening///Home///Cleaning Products,,,Softy Tissue Roll Mega Roll,22.5,22.5,piece,,32,3.38,https://go.farm.com.sa/public/uploads/items/17929/thumbnail_1747159442.webp
en,17277-2742,Mouchoir Tissue Roll 9 + 3 Free,Home & Gardening///Home///Cleaning Products,,,Mouchoir Tissue Roll,16.5,16.5,piece,,9,2.48,https://go.farm.com.sa/public/uploads/items/17277/thumbnail_1747159105.webp
en,11739-1130,Sanita Tissue Roll Club 2 Roll,Home & Gardening///Home///Cleaning Products,,,Sanita Tissue Roll Club,20.95,20.95,piece,,12,3.14,https://go.farm.com.sa/public/uploads/items/11739/thumbnail_1747159105.webp
en,11735-1130,Fine Tissue Roll Perforated 2 Roll,Home & Gardening///Home///Cleaning Products,,,Fine Tissue Roll Perforated,24.95,24.95,piece,,40,3.74,https://go.farm.com.sa/public/uploads/items/11735/thumbnail_1747159105.webp
en,11733-1076,Maog Tissue Roll Maxi Roll Strong Towels Highly Absorbent 1 Roll,Home & Gardening///Home///Cleaning Products,,,Maog Tissue Roll Maxi Roll Strong Towels Highly Absorbent,18.95,18.95,piece,,245,2.84,https://go.farm.com.sa/public/uploads/items/11733/thumbnail_1747159105.webp
en,18756-226,Softy Toilet Paper 12 PC,Home & Gardening///Home///Cleaning Products,,,Softy Toilet Paper,21.95,21.95,piece,,6,3.29,https://go.farm.com.sa/public/uploads/items/18756/thumbnail_1747159442.webp
en,17335-240,Mouchoir Toilet Tissue Roll 20 PC,Home & Gardening///Home///Cleaning Products,,,Mouchoir Toilet Tissue Roll,38.95,38.95,piece,,17,5.84,https://go.farm.com.sa/public/uploads/items/17335/thumbnail_1747159105.webp
en,11708-1108,Fine Tissue Roll Extra Soft For the Toilet 12 Roll,Home & Gardening///Home///Cleaning Products,,,Fine Tissue Roll Extra Soft For the Toilet,21.95,21.95,piece,,22,3.29,https://go.farm.com.sa/public/uploads/items/11708/thumbnail_1747159105.webp
en,17529-190,Fine Kitchen Paper Towels 3 Ply 4 PC,Home & Gardening///Home///Cleaning Products,,,Fine Kitchen Paper Towels 3 Ply,22.5,22.5,piece,,35,3.38,https://go.farm.com.sa/public/uploads/items/17529/thumbnail_1747159105.webp
en,11729-1076,Kleenex Kitchen Paper Towels 1 Roll,Home & Gardening///Home///Cleaning Products,,,Kleenex Kitchen Paper Towels,24.25,24.25,piece,,174,3.64,https://go.farm.com.sa/public/uploads/items/11729/thumbnail_1747159105.webp
en,11732-1130,Kleenex Kitchen Paper Towels Value Pack 2 Roll,Home & Gardening///Home///Cleaning Products,,,Kleenex Kitchen Paper Towels Value Pack,22.95,22.95,piece,,60,3.44,https://go.farm.com.sa/public/uploads/items/11732/thumbnail_1747159105.webp
en,11734-1076,Sanita Kitchen Paper Towels Gipsy 1 Roll,Home & Gardening///Home///Cleaning Products,,,Sanita Kitchen Paper Towels Gipsy,20.5,20.5,piece,,142,3.08,https://go.farm.com.sa/public/uploads/items/11734/thumbnail_1747159105.webp
en,11719-1076,Sanita Bouquet Kitchen Paper Towels Maxi 2 Plyٍٍ 1 Roll,Home & Gardening///Home///Cleaning Products,,,Sanita Bouquet Kitchen Paper Towels Maxi 2 Plyٍٍ,22.95,22.95,piece,,31,3.44,https://go.farm.com.sa/public/uploads/items/11719/thumbnail_1747159105.webp
en,11679-1117,Uno Plus Kitchen Paper Towels Highly Absorbent 6 Rolls +2 Free,Home & Gardening///Home///Cleaning Products,,,Uno Plus Kitchen Paper Towels Highly Absorbent,23.5,23.5,piece,,509,3.53,https://go.farm.com.sa/public/uploads/items/11679/thumbnail_1747159105.webp
en,11678-1116,Uno Kitchen Paper Towels 300 PC X 3 Rolls,Home & Gardening///Home///Cleaning Products,,,Uno Kitchen Paper Towels,17.5,17.5,piece,,46,2.63,https://go.farm.com.sa/public/uploads/items/11678/thumbnail_1747159105.webp
en,11680-219,Sanita Club Kitchen Paper Towels 10 PC,Home & Gardening///Home///Cleaning Products,,,Sanita Club Kitchen Paper Towels,16.5,16.5,piece,,48,2.48,https://go.farm.com.sa/public/uploads/items/11680/thumbnail_1747159105.webp
en,11687-169,Hala Kitchen Paper Towels Nested & Embossed 8 PC,Home & Gardening///Home///Cleaning Products,,,Hala Kitchen Paper Towels Nested & Embossed,14.5,14.5,piece,,24,2.18,https://go.farm.com.sa/public/uploads/items/11687/thumbnail_1747159105.webp
en,11688-1120,Uno Plus Kitchen Paper Towels Very Absorbent 10 Rolls + 2 Free,Home & Gardening///Home///Cleaning Products,,,Uno Plus Kitchen Paper Towels Very Absorbent,16.95,16.95,piece,,35,2.54,https://go.farm.com.sa/public/uploads/items/11688/thumbnail_1747159105.webp
en,11691-192,Sanita Club Kitchen Towel 6 PC,Home & Gardening///Home///Cleaning Products,,,Sanita Club Kitchen Towel,10.95,10.95,piece,,9,1.64,https://go.farm.com.sa/public/uploads/items/11691/thumbnail_1747159105.webp
en,11693-190,Kleenex Viva Kitchen Paper Towels 4 PC,Home & Gardening///Home///Cleaning Products,,,Kleenex Viva Kitchen Paper Towels,16.95,16.95,piece,,61,2.54,https://go.farm.com.sa/public/uploads/items/11693/thumbnail_1747159105.webp
en,13782-1835,Fine Kitchen Paper Towels More Absorbent 10+2 Free,Home & Gardening///Home///Cleaning Products,,,Fine Kitchen Paper Towels More Absorbent,29.5,29.5,piece,,20,4.43,https://go.farm.com.sa/public/uploads/items/13782/thumbnail_1747159105.webp
en,16539-2324,Fine Kitchen Paper Towels  8 Pieces,Home & Gardening///Home///Cleaning Products,,,Fine Kitchen Paper Towels ,40.75,40.75,piece,,6,6.11,https://go.farm.com.sa/public/uploads/items/16539/thumbnail_1747159257.webp
en,26573-2885,MOUCHOIR HIGH ABSORBENT MEGA ROLL MAXI ROLL PERFORATED 500 M × 2,Home & Gardening///Home///Cleaning Products,,,MOUCHOIR HIGH ABSORBENT MEGA ROLL MAXI ROLL PERFORATED,32.95,32.95,piece,,7,4.94,https://go.farm.com.sa/public/uploads/items/26573/thumbnail_1750929713.webp
en,18094-365,Dettol Sterile Wipes Multi Surface Cleaning With Lemon 36 PC,Home & Gardening///Home///Cleaning Products,,,Dettol Sterile Wipes Multi Surface Cleaning With Lemon,39.95,39.95,piece,,9,5.99,https://go.farm.com.sa/public/uploads/items/18094/thumbnail_1747159442.webp
en,18095-365,Dettol Sterile Wipes To Disinfecting Surfaces 36 PC,Home & Gardening///Home///Cleaning Products,,,Dettol Sterile Wipes To Disinfecting Surfaces,39.95,39.95,piece,,10,5.99,https://go.farm.com.sa/public/uploads/items/18095/thumbnail_1747159442.webp
en,17932-242,Sanita Napkin 40×40 Cm 2 Ply 30 PC,Home & Gardening///Home///Cleaning Products,,,Sanita Napkin 40×40 Cm 2 Ply,7.75,7.75,piece,,52,1.16,https://go.farm.com.sa/public/uploads/items/17932/thumbnail_1747159442.webp
en,17155-219,Kleenex Tissue 10 PC,Home & Gardening///Home///Cleaning Products,,,Kleenex Tissue,33.95,33.95,piece,,102,5.09,https://go.farm.com.sa/public/uploads/items/17155/thumbnail_1747159105.webp
en,16602-2603,Fine Sterile Wipes Classic  4+2 Free,Home & Gardening///Home///Cleaning Products,,,Fine Sterile Wipes Classic ,12.95,12.95,piece,,21,1.94,https://go.farm.com.sa/public/uploads/items/16602/thumbnail_1747159257.webp
en,16093-2223,Dettol Sterile Wipes Fresh  20 Pieces,Home & Gardening///Home///Cleaning Products,,,Dettol Sterile Wipes Fresh ,20.95,20.95,piece,,37,3.14,https://go.farm.com.sa/public/uploads/items/16093/thumbnail_1747159257.webp
en,11707-191,Kleenex Tissue Classique 2 Ply 3 PC,Home & Gardening///Home///Cleaning Products,,,Kleenex Tissue Classique 2 Ply,23.95,23.95,piece,,11,3.59,https://go.farm.com.sa/public/uploads/items/11707/thumbnail_1747159105.webp
en,11690-1835,Kleenex Viva Tissue Multi Purpose 10+2 Free,Home & Gardening///Home///Cleaning Products,,,Kleenex Viva Tissue Multi Purpose,29.75,29.75,piece,,25,4.46,https://go.farm.com.sa/public/uploads/items/11690/thumbnail_1747159105.webp
en,11702-1108,Kleenex Toilet Tissue Dry Soft 12 Roll,Home & Gardening///Home///Cleaning Products,,,Kleenex Toilet Tissue Dry Soft,29.95,29.95,piece,,17,4.49,https://go.farm.com.sa/public/uploads/items/11702/thumbnail_1747159105.webp
en,11666-219,Softi Tissue 10 PC,Home & Gardening///Home///Cleaning Products,,,Softi Tissue,15.95,15.95,piece,,64,2.39,https://go.farm.com.sa/public/uploads/items/11666/thumbnail_1747159105.webp
en,10536-974,Dettol Sterile Wipes Cool 10 Tissues,Home & Gardening///Home///Cleaning Products,,,Dettol Sterile Wipes Cool,15.95,15.95,piece,,15,2.39,https://go.farm.com.sa/public/uploads/items/10536/thumbnail_1747159000.webp
en,10535-971,Dettol Sterile Wipes Fresh 40 Tissues,Home & Gardening///Home///Cleaning Products,,,Dettol Sterile Wipes Fresh,51.95,51.95,piece,,10,7.79,https://go.farm.com.sa/public/uploads/items/10535/thumbnail_1747159000.webp
en,10534-971,Dettol Sterile Wipes Skin Care 40 Tissues,Home & Gardening///Home///Cleaning Products,,,Dettol Sterile Wipes Skin Care,51.95,51.95,piece,,14,7.79,https://go.farm.com.sa/public/uploads/items/10534/thumbnail_1747159000.webp
en,10522-974,Dettol Sterile Wipes Skin Care 10 Tissues,Home & Gardening///Home///Cleaning Products,,,Dettol Sterile Wipes Skin Care,15.95,15.95,piece,,72,2.39,https://go.farm.com.sa/public/uploads/items/10522/thumbnail_1747159000.webp
en,10511-971,Dettol Sterile Wipes Original 40 Tissues,Home & Gardening///Home///Cleaning Products,,,Dettol Sterile Wipes Original,51.95,51.95,piece,,10,7.79,https://go.farm.com.sa/public/uploads/items/10511/thumbnail_1747159000.webp
en,17931-2875,Duni Napkin 33 Cm × 33 Cm 125 PC,Home & Gardening///Home///Cleaning Products,,,Duni Napkin 33 Cm × 33 Cm,15.95,15.95,piece,,7,2.39,https://go.farm.com.sa/public/uploads/items/17931/thumbnail_1747159442.webp
en,17913-291,Kleenex Tissue Classique 2 Ply 100 PC,Home & Gardening///Home///Cleaning Products,,,Kleenex Tissue Classique 2 Ply,4.25,4.25,piece,,424,0.64,https://go.farm.com.sa/public/uploads/items/17913/thumbnail_1747159442.webp
en,17139-2724,Fine Sterile Fluffy 150 Napkins X 12 Packs,Home & Gardening///Home///Cleaning Products,,,Fine Sterile Fluffy,33.95,33.95,piece,,10,5.09,https://go.farm.com.sa/public/uploads/items/17139/thumbnail_1747159105.webp
en,16529-2216,Sanita Bouquet Napkin  25 Pieces,Home & Gardening///Home///Cleaning Products,,,Sanita Bouquet Napkin ,17.25,17.25,piece,,38,2.59,https://go.farm.com.sa/public/uploads/items/16529/thumbnail_1747159257.webp
en,16098-2455,Cool & Cool Sterile Wipes For Travelling & Trips  30 Pieces × 3,Home & Gardening///Home///Cleaning Products,,,Cool & Cool Sterile Wipes For Travelling & Trips ,14.95,14.95,piece,,12,2.24,https://go.farm.com.sa/public/uploads/items/16098/thumbnail_1747159257.webp
en,16087-2432,Cool & Cool Sterile Wipes Max Fresh  30 Pieces,Home & Gardening///Home///Cleaning Products,,,Cool & Cool Sterile Wipes Max Fresh ,12.95,12.95,piece,,58,1.94,https://go.farm.com.sa/public/uploads/items/16087/thumbnail_1747159257.webp
en,11703-240,Kleenex Toilet Tissue Dry Soft 2 Ply 20 PC,Home & Gardening///Home///Cleaning Products,,,Kleenex Toilet Tissue Dry Soft 2 Ply,32.95,32.95,piece,,33,4.94,https://go.farm.com.sa/public/uploads/items/11703/thumbnail_1747159105.webp
en,13886-1859,Kleenex Tissue Cotton Care 2 Ply 5+1 90 Pieces × 6,Home & Gardening///Home///Cleaning Products,,,Kleenex Tissue Cotton Care 2 Ply 5+1,24.5,24.5,piece,,70,3.68,https://go.farm.com.sa/public/uploads/items/13886/thumbnail_1747159563.webp
en,11718-295,Sanita Bouquet Napkin 25 PC,Home & Gardening///Home///Cleaning Products,,,Sanita Bouquet Napkin,14.75,14.75,piece,,33,2.21,https://go.farm.com.sa/public/uploads/items/11718/thumbnail_1747159105.webp
en,11715-1124,Duni Napkin White 40x40 CM 12 PC,Home & Gardening///Home///Cleaning Products,,,Duni Napkin White,24.95,24.95,piece,,9,3.74,https://go.farm.com.sa/public/uploads/items/11715/thumbnail_1747159105.webp
en,11697-226,Mouchoir Toilet Tissue Super Finesse 12 PC,Home & Gardening///Home///Cleaning Products,,,Mouchoir Toilet Tissue Super Finesse,16.95,16.95,piece,,6,2.54,https://go.farm.com.sa/public/uploads/items/11697/thumbnail_1751807817.webp
en,10521-974,Dettol Sterile Wipes Fresh 10 Tissues,Home & Gardening///Home///Cleaning Products,,,Dettol Sterile Wipes Fresh,15.95,15.95,piece,,74,2.39,https://go.farm.com.sa/public/uploads/items/10521/thumbnail_1747159000.webp
en,10512-972,Dettol Sterile Wipes Original 80 Tissues,Home & Gardening///Home///Cleaning Products,,,Dettol Sterile Wipes Original,89.95,89.95,piece,,18,13.49,https://go.farm.com.sa/public/uploads/items/10512/thumbnail_1747159000.webp
en,1781-381,Fine Sterile Wipes Fluffy 150 PC,Home & Gardening///Home///Cleaning Products,,,Fine Sterile Wipes Fluffy,3.6,3.6,piece,,104,0.54,https://go.farm.com.sa/public/uploads/items/1781/thumbnail_1747159105.webp
en,1781-1111,Fine Sterile Wipes Fluffy 10 x 150 PC,Home & Gardening///Home///Cleaning Products,,,Fine Sterile Wipes Fluffy,33.95,33.95,piece,,10,5.09,https://go.farm.com.sa/public/uploads/items/1781/thumbnail_1747159105.webp
en,11457-295,Shiraa Trash Bags Tie Bag 30 Gallon 25 PC,Home & Gardening///Home///Cleaning Products,,,Shiraa Trash Bags Tie Bag 30 Gallon,22.5,22.5,piece,,14,3.38,https://go.farm.com.sa/public/uploads/items/11457/thumbnail_1747159105.webp
en,11456-295,Shiraa Trash Bags Tie Bag 50 Gallons 25 PC,Home & Gardening///Home///Cleaning Products,,,Shiraa Trash Bags Tie Bag 50 Gallons,24.25,24.25,piece,,27,3.64,https://go.farm.com.sa/public/uploads/items/11456/thumbnail_1747159105.webp
en,18741-295,Shiraa Trash Bags Big 55 Gallons 25 PC,Home & Gardening///Home///Cleaning Products,,,Shiraa Trash Bags Big 55 Gallons,28.5,28.5,piece,,21,4.28,https://go.farm.com.sa/public/uploads/items/18741/thumbnail_1747159442.webp
en,18740-296,Shiraa Trash Bag 50 Gallon 50 PC,Home & Gardening///Home///Cleaning Products,,,Shiraa Trash Bag 50 Gallon,28.5,28.5,piece,,23,4.28,https://go.farm.com.sa/public/uploads/items/18740/thumbnail_1747159442.webp
en,11455-295,Shiraa Trash Bags 50 Gallons 25 PC,Home & Gardening///Home///Cleaning Products,,,Shiraa Trash Bags 50 Gallons,25.5,25.5,piece,,45,3.83,https://go.farm.com.sa/public/uploads/items/11455/thumbnail_1747159105.webp
en,11432-242,Sanita Table Cover Fashion Perforated 30 PC,Home & Gardening///Home///Cleaning Products,,,Sanita Table Cover Fashion Perforated,24.95,24.95,piece,,999,3.74,https://go.farm.com.sa/public/uploads/items/11432/thumbnail_1747159105.webp
en,11432-1796,Sanita Table Cover Fashion Perforated PC 34,Home & Gardening///Home///Cleaning Products,,,Sanita Table Cover Fashion Perforated,18.95,18.95,piece,,42,2.84,https://go.farm.com.sa/public/uploads/items/11432/thumbnail_1747159105.webp
en,11494-366,Sanita Trash Bags With Tie Fresh Scent X Large 55 Gallon 15 PC,Home & Gardening///Home///Cleaning Products,,,Sanita Trash Bags With Tie Fresh Scent X Large 55 Gallon,28.95,28.95,piece,,336,4.34,https://go.farm.com.sa/public/uploads/items/11494/thumbnail_1747159105.webp
en,11489-295,Sanita Trash Bags With Tie Large 50 Gallons 25 PC,Home & Gardening///Home///Cleaning Products,,,Sanita Trash Bags With Tie Large 50 Gallons,27.95,27.95,piece,,23,4.19,https://go.farm.com.sa/public/uploads/items/11489/thumbnail_1747159105.webp
en,11473-240,Sanita Club Trash Bags Medium 30 Gallons 20 PC,Home & Gardening///Home///Cleaning Products,,,Sanita Club Trash Bags Medium 30 Gallons,14.95,14.95,piece,,70,2.24,https://go.farm.com.sa/public/uploads/items/11473/thumbnail_1747159105.webp
en,11442-609,Sanita Table Cover Club Perforated Jumbo 40 PC,Home & Gardening///Home///Cleaning Products,,,Sanita Table Cover Club Perforated Jumbo,37.95,37.95,piece,,14,5.69,https://go.farm.com.sa/public/uploads/items/11442/thumbnail_1747159105.webp
en,16446-2432,Sanita Trash Bags Lemon Scented 8 Gallons 30 Pieces,Home & Gardening///Home///Cleaning Products,,,Sanita Trash Bags Lemon Scented 8 Gallons,7.95,7.95,piece,,32,1.19,https://go.farm.com.sa/public/uploads/items/16446/thumbnail_1747159257.webp
en,16538-2464,Sanita Trash Bags With Tie Medium 30 Gallons  13 Pieces,Home & Gardening///Home///Cleaning Products,,,Sanita Trash Bags With Tie Medium 30 Gallons ,14.5,14.5,piece,,77,2.18,https://go.farm.com.sa/public/uploads/items/16538/thumbnail_1747159257.webp
en,11431-366,Sanita Table Cover Fashion Perforated 15 PC,Home & Gardening///Home///Cleaning Products,,,Sanita Table Cover Fashion Perforated,12.5,12.5,piece,,50,1.88,https://go.farm.com.sa/public/uploads/items/11431/thumbnail_1747159105.webp
en,11434-960,Sanita Table Cover Hassir Perforated   30 Pieces 28 PC,Home & Gardening///Home///Cleaning Products,,,Sanita Table Cover Hassir Perforated   30 Pieces,36.95,36.95,piece,,1000,5.54,https://go.farm.com.sa/public/uploads/items/11434/thumbnail_1747159105.webp
en,11434-242,Sanita Table Cover Hassir Perforated   30 Pieces 30 PC,Home & Gardening///Home///Cleaning Products,,,Sanita Table Cover Hassir Perforated   30 Pieces,37.95,37.95,piece,,22,5.69,https://go.farm.com.sa/public/uploads/items/11434/thumbnail_1747159105.webp
en,11430-609,Sanita Table Cover Perforated 40 PC,Home & Gardening///Home///Cleaning Products,,,Sanita Table Cover Perforated,37.95,37.95,piece,,1000,5.69,https://go.farm.com.sa/public/uploads/items/11430/thumbnail_1747159105.webp
en,11430-1063,Sanita Table Cover Perforated 45 PC,Home & Gardening///Home///Cleaning Products,,,Sanita Table Cover Perforated,37.95,37.95,piece,,11,5.69,https://go.farm.com.sa/public/uploads/items/11430/thumbnail_1747159105.webp
en,11475-366,Sanita Cahrm Trash Bags 55 Gallon X Large 15 PC,Home & Gardening///Home///Cleaning Products,,,Sanita Cahrm Trash Bags 55 Gallon X Large,14.95,14.95,piece,,267,2.24,https://go.farm.com.sa/public/uploads/items/11475/thumbnail_1747159105.webp
en,11462-242,Sanita   Trash Bags Small 5 Gallons 30 PC,Home & Gardening///Home///Cleaning Products,,,Sanita   Trash Bags Small 5 Gallons,6.95,6.95,piece,,30,1.04,https://go.farm.com.sa/public/uploads/items/11462/thumbnail_1747159105.webp
en,11493-366,Sanita   Trash Bagsx Large  With Tierose Scent    55 Gallons 15 PC,Home & Gardening///Home///Cleaning Products,,,Sanita   Trash Bagsx Large  With Tierose Scent    55 Gallons,28.95,28.95,piece,,429,4.34,https://go.farm.com.sa/public/uploads/items/11493/thumbnail_1747159105.webp
en,11492-366,Sanita Trash Bags With Tie Lavender Scent X Large 55 Gallons 15 PC,Home & Gardening///Home///Cleaning Products,,,Sanita Trash Bags With Tie Lavender Scent X Large 55 Gallons,28.95,28.95,piece,,238,4.34,https://go.farm.com.sa/public/uploads/items/11492/thumbnail_1747159105.webp
en,11490-366,Sanita Trash Bags With Tie X Large 55 Gallons 15 PC,Home & Gardening///Home///Cleaning Products,,,Sanita Trash Bags With Tie X Large 55 Gallons,27.95,27.95,piece,,430,4.19,https://go.farm.com.sa/public/uploads/items/11490/thumbnail_1747159105.webp
en,11486-240,Sanita Trash Bags For a Practical Closure 50 Gallons 20 PC,Home & Gardening///Home///Cleaning Products,,,Sanita Trash Bags For a Practical Closure 50 Gallons,23.95,23.95,piece,,50,3.59,https://go.farm.com.sa/public/uploads/items/11486/thumbnail_1747159105.webp
en,11478-295,Sanita Trash Bags X Large 55 Gallons 25 PC,Home & Gardening///Home///Cleaning Products,,,Sanita Trash Bags X Large 55 Gallons,21.95,21.95,piece,,354,3.29,https://go.farm.com.sa/public/uploads/items/11478/thumbnail_1747159105.webp
en,11485-384,Sanita Trash Bags For a Practical Closure 30 Gallons 24 PC,Home & Gardening///Home///Cleaning Products,,,Sanita Trash Bags For a Practical Closure 30 Gallons,23.95,23.95,piece,,998,3.59,https://go.farm.com.sa/public/uploads/items/11485/thumbnail_1747159105.webp
en,11485-240,Sanita Trash Bags For a Practical Closure 30 Gallons 20 PC,Home & Gardening///Home///Cleaning Products,,,Sanita Trash Bags For a Practical Closure 30 Gallons,23.95,23.95,piece,,15,3.59,https://go.farm.com.sa/public/uploads/items/11485/thumbnail_1747159105.webp
en,16540-2464,Sanita Trash Bags With Tie Large 50 Gallons 13 Pieces,Home & Gardening///Home///Cleaning Products,,,Sanita Trash Bags With Tie Large 50 Gallons,14.5,14.5,piece,,195,2.18,https://go.farm.com.sa/public/uploads/items/16540/thumbnail_1747159257.webp
en,11476-1063,Sanita Trash Bags Extra Strong Medium 30 Gallons 45 PC,Home & Gardening///Home///Cleaning Products,,,Sanita Trash Bags Extra Strong Medium 30 Gallons,21.95,21.95,piece,,30,3.29,https://go.farm.com.sa/public/uploads/items/11476/thumbnail_1747159105.webp
en,11428-296,Maog Table Cover Perforated 50 PC,Home & Gardening///Home///Cleaning Products,,,Maog Table Cover Perforated,16.95,16.95,piece,,7,2.54,https://go.farm.com.sa/public/uploads/items/11428/thumbnail_1747159105.webp
en,17034-767,Maog Trash Bags 8 Gallons 3+1 Free 120 PC,Home & Gardening///Home///Cleaning Products,,,Maog Trash Bags 8 Gallons 3+1 Free,9.95,9.95,piece,,9,1.49,https://go.farm.com.sa/public/uploads/items/17034/thumbnail_1747159105.webp
en,16436-2432,Maog Table Cover Gold Silky 110 X 90 Cm 30 Pieces,Home & Gardening///Home///Cleaning Products,,,Maog Table Cover Gold Silky 110 X 90 Cm,35.5,35.5,piece,,8,5.33,https://go.farm.com.sa/public/uploads/items/16436/thumbnail_1747159257.webp
en,16430-2543,Maog Table Cover Jumbo Colorful Elegant  3825 CM,Home & Gardening///Home///Cleaning Products,,,Maog Table Cover Jumbo Colorful Elegant ,32.95,32.95,piece,,15,4.94,https://go.farm.com.sa/public/uploads/items/16430/thumbnail_1747159257.webp
en,11484-1069,Maog Trash Bags With Tie 30 Gallon 27 PC,Home & Gardening///Home///Cleaning Products,,,Maog Trash Bags With Tie 30 Gallon,25.5,25.5,piece,,22,3.83,https://go.farm.com.sa/public/uploads/items/11484/thumbnail_1747159105.webp
en,11428-296,Maog Table Cover Perforated 50 PC,Home & Gardening///Home///Cleaning Products,,,Maog Table Cover Perforated,16.95,16.95,piece,,7,2.54,https://go.farm.com.sa/public/uploads/items/11428/thumbnail_1747159105.webp
en,11425-291,Maog Table Cover Perforated 100 PC,Home & Gardening///Home///Cleaning Products,,,Maog Table Cover Perforated,32.95,32.95,piece,,47,4.94,https://go.farm.com.sa/public/uploads/items/11425/thumbnail_1747159105.webp
en,17034-767,Maog Trash Bags 8 Gallons 3+1 Free 120 PC,Home & Gardening///Home///Cleaning Products,,,Maog Trash Bags 8 Gallons 3+1 Free,9.95,9.95,piece,,9,1.49,https://go.farm.com.sa/public/uploads/items/17034/thumbnail_1747159105.webp
en,11483-240,Maog Trash Bags With Tie 50 Gallons 20 PC,Home & Gardening///Home///Cleaning Products,,,Maog Trash Bags With Tie 50 Gallons,25.5,25.5,piece,,49,3.83,https://go.farm.com.sa/public/uploads/items/11483/thumbnail_1747159105.webp
en,11482-302,Maog Trash Bags With Tie 55 Gallon 16 PC,Home & Gardening///Home///Cleaning Products,,,Maog Trash Bags With Tie 55 Gallon,25.5,25.5,piece,,212,3.83,https://go.farm.com.sa/public/uploads/items/11482/thumbnail_1747159105.webp
en,18184-2926,Plasti Net Table Cover Jambo Free Aluminium Foil 2000 CM,Home & Gardening///Home///Cleaning Products,,,Plasti Net Table Cover Jambo Free Aluminium Foil,33.5,33.5,piece,,16,5.03,https://go.farm.com.sa/public/uploads/items/18184/thumbnail_1747159442.webp
en,17945-771,Gulfmaid Trash Bags High Thickness 55 Gallons 18 PC,Home & Gardening///Home///Cleaning Products,,,Gulfmaid Trash Bags High Thickness 55 Gallons,24.25,24.25,piece,,40,3.64,https://go.farm.com.sa/public/uploads/items/17945/thumbnail_1747159442.webp
en,17859-608,Gulfmaid Trash Bags Roll 3+1 80 PC,Home & Gardening///Home///Cleaning Products,,,Gulfmaid Trash Bags Roll 3+1,19.5,19.5,piece,,6,2.93,https://go.farm.com.sa/public/uploads/items/17859/thumbnail_1747159442.webp
en,17852-226,Barkah Table Cover 30 Gallons 12 PC,Home & Gardening///Home///Cleaning Products,,,Barkah Table Cover 30 Gallons,5.5,5.5,piece,,64,0.83,https://go.farm.com.sa/public/uploads/items/17852/thumbnail_1747159442.webp
en,17849-1062,Plasti Net Trash Bags Extra Large Gallon 55 26 PC,Home & Gardening///Home///Cleaning Products,,,Plasti Net Trash Bags Extra Large Gallon 55,17.95,17.95,piece,,131,2.69,https://go.farm.com.sa/public/uploads/items/17849/thumbnail_1747159442.webp
en,16944-2693,Plasti Net Table Cover 100×80 Cm 40 Pieces × 4,Home & Gardening///Home///Cleaning Products,,,Plasti Net Table Cover 100×80 Cm,26.95,26.95,piece,,12,4.04,https://go.farm.com.sa/public/uploads/items/16944/thumbnail_1747159105.webp
en,16928-240,Plasti Net Trash Bags Bags High Thickness 30 Gallon 20 PC,Home & Gardening///Home///Cleaning Products,,,Plasti Net Trash Bags Bags High Thickness 30 Gallon,13.75,13.75,piece,,25,2.06,https://go.farm.com.sa/public/uploads/items/16928/thumbnail_1747159105.webp
en,16772-2667,4You Table Cover 110 × 100 Cm,Home & Gardening///Home///Cleaning Products,,,4You Table Cover,25.95,25.95,piece,,16,3.89,https://go.farm.com.sa/public/uploads/items/16772/thumbnail_1747159105.webp
en,16447-2236,Hala Trash Bags Thick and Strong 95 X 76 Cm 50 Gallon  10 Pieces,Home & Gardening///Home///Cleaning Products,,,Hala Trash Bags Thick and Strong 95 X 76 Cm 50 Gallon ,5.5,5.5,piece,,457,0.83,https://go.farm.com.sa/public/uploads/items/16447/thumbnail_1747159257.webp
en,16442-1973,Golden Trash Bags 30 Gallons   1 KG,Home & Gardening///Home///Cleaning Products,,,Golden Trash Bags 30 Gallons ,14.95,14.95,piece,,5,2.24,https://go.farm.com.sa/public/uploads/items/16442/thumbnail_1747159257.webp
en,16433-2405,Gulfmaid Table Cover Perforated Large 1Pieces,Home & Gardening///Home///Cleaning Products,,,Gulfmaid Table Cover Perforated Large,21.95,21.95,piece,,20,3.29,https://go.farm.com.sa/public/uploads/items/16433/thumbnail_1747159257.webp
en,16431-2215,Hala Table Cover Size 100 X 100 Cm Large  100 Pieces,Home & Gardening///Home///Cleaning Products,,,Hala Table Cover Size 100 X 100 Cm Large ,21.95,21.95,piece,,51,3.29,https://go.farm.com.sa/public/uploads/items/16431/thumbnail_1747159257.webp
en,16427-2094,Plasti Net Table Cover 5 Pieces,Home & Gardening///Home///Cleaning Products,,,Plasti Net Table Cover,25.5,25.5,piece,,9,3.83,https://go.farm.com.sa/public/uploads/items/16427/thumbnail_1747159257.webp
en,11499-242,GULFMAID Alkaleej Trash Bags Roll Gallon 10 30 PC,Home & Gardening///Home///Cleaning Products,,,GULFMAID Alkaleej Trash Bags Roll Gallon 10,6.5,6.5,piece,,20,0.98,https://go.farm.com.sa/public/uploads/items/11499/thumbnail_1747159105.webp
en,11497-242,Gulfmaid Trash Bags Roll 30 PC,Home & Gardening///Home///Cleaning Products,,,Gulfmaid Trash Bags Roll,4.95,4.95,piece,,23,0.74,https://go.farm.com.sa/public/uploads/items/11497/thumbnail_1747159105.webp
en,11480-1063,Plasti Net Trash Bags Medium Thick  30 Gallon 45 PC,Home & Gardening///Home///Cleaning Products,,,Plasti Net Trash Bags Medium Thick  30 Gallon,17.95,17.95,piece,,79,2.69,https://go.farm.com.sa/public/uploads/items/11480/thumbnail_1747159105.webp
en,11468-366,Club Trash Bags 20 Gallons 15 PC,Home & Gardening///Home///Cleaning Products,,,Club Trash Bags 20 Gallons,7.5,7.5,piece,,40,1.13,https://go.farm.com.sa/public/uploads/items/11468/thumbnail_1747159105.webp
en,11467-242,Club Trash Bags Medium 10 Gallons 30 PC,Home & Gardening///Home///Cleaning Products,,,Club Trash Bags Medium 10 Gallons,9.95,9.95,piece,,46,1.49,https://go.farm.com.sa/public/uploads/items/11467/thumbnail_1747159105.webp
en,11466-242,Club Trash Bags Medium 8 Gallons 30 PC,Home & Gardening///Home///Cleaning Products,,,Club Trash Bags Medium 8 Gallons,7.5,7.5,piece,,10,1.13,https://go.farm.com.sa/public/uploads/items/11466/thumbnail_1747159105.webp
en,11465-242,Club Trash Bags Small 5 Gallons 30 PC,Home & Gardening///Home///Cleaning Products,,,Club Trash Bags Small 5 Gallons,5.95,5.95,piece,,21,0.89,https://go.farm.com.sa/public/uploads/items/11465/thumbnail_1747159105.webp
en,11458-1065,Club Trash Bags Medium 10 Gallons 81 PC,Home & Gardening///Home///Cleaning Products,,,Club Trash Bags Medium 10 Gallons,25.95,25.95,piece,,39,3.89,https://go.farm.com.sa/public/uploads/items/11458/thumbnail_1747159105.webp
en,11453-1063,Plasti Net Trash Bags Large Strong  Gallon 50 45 PC,Home & Gardening///Home///Cleaning Products,,,Plasti Net Trash Bags Large Strong  Gallon 50,17.95,17.95,piece,,52,2.69,https://go.farm.com.sa/public/uploads/items/11453/thumbnail_1747159105.webp
en,11452-240,Plasti Net Trash Bags High Thickness Large 50 Gallon 20 PC,Home & Gardening///Home///Cleaning Products,,,Plasti Net Trash Bags High Thickness Large 50 Gallon,13.75,13.75,piece,,88,2.06,https://go.farm.com.sa/public/uploads/items/11452/thumbnail_1747159105.webp
en,11448-242,Plasti Net Trash Bags Small 30 PC,Home & Gardening///Home///Cleaning Products,,,Plasti Net Trash Bags Small,4.95,4.95,piece,,37,0.74,https://go.farm.com.sa/public/uploads/items/11448/thumbnail_1747159105.webp
en,11439-1058,Mega Table Cover 3825 CM,Home & Gardening///Home///Cleaning Products,,,Mega Table Cover,36.5,36.5,piece,,8,5.48,https://go.farm.com.sa/public/uploads/items/11439/thumbnail_1747159105.webp
en,11437-1115,Camel Table Cover Roll 6 Rolls,Home & Gardening///Home///Cleaning Products,,,Camel Table Cover Roll,22.5,22.5,piece,,14,3.38,https://go.farm.com.sa/public/uploads/items/11437/thumbnail_1747159105.webp
en,11443-771,Napco Table Cover High Thickness 18 PC,Home & Gardening///Home///Cleaning Products,,,Napco Table Cover High Thickness,18.95,18.95,piece,,33,2.84,https://go.farm.com.sa/public/uploads/items/11443/thumbnail_1747159105.webp
en,11445-366,Napco Table Cover Club 15 PC,Home & Gardening///Home///Cleaning Products,,,Napco Table Cover Club,12.95,12.95,piece,,998,1.94,https://go.farm.com.sa/public/uploads/items/11445/thumbnail_1747159105.webp
en,11445-943,Napco Table Cover Club 14 PC,Home & Gardening///Home///Cleaning Products,,,Napco Table Cover Club,12.95,12.95,piece,,67,1.94,https://go.farm.com.sa/public/uploads/items/11445/thumbnail_1747159105.webp
en,17943-1029,Gulfmaid Trash Bags Tie 50 Gallons 22 PC,Home & Gardening///Home///Cleaning Products,,,Gulfmaid Trash Bags Tie 50 Gallons,24.25,24.25,piece,,11,3.64,https://go.farm.com.sa/public/uploads/items/17943/thumbnail_1747159442.webp
en,17842-1115,Barkah Table Cover 6 Rolls,Home & Gardening///Home///Cleaning Products,,,Barkah Table Cover,23.5,23.5,piece,,16,3.53,https://go.farm.com.sa/public/uploads/items/17842/thumbnail_1747159442.webp
en,17839-1067,Barkah Table Cover 4 Roll,Home & Gardening///Home///Cleaning Products,,,Barkah Table Cover,19.95,19.95,piece,,9,2.99,https://go.farm.com.sa/public/uploads/items/17839/thumbnail_1747159442.webp
en,16432-2544,Hala Table Cover Size 100 X 100 Cm  40 Mattresses,Home & Gardening///Home///Cleaning Products,,,Hala Table Cover Size 100 X 100 Cm ,7.5,7.5,piece,,19,1.13,https://go.farm.com.sa/public/uploads/items/16432/thumbnail_1747159257.webp
en,16444-2223,Plasti Net Trash Bags Medium 30 Gallon  20 Pieces,Home & Gardening///Home///Cleaning Products,,,Plasti Net Trash Bags Medium 30 Gallon ,13.75,13.75,piece,,25,2.06,https://go.farm.com.sa/public/uploads/items/16444/thumbnail_1747159257.webp
en,16443-1973,Golden Trash Bags 50 Gallons   1 KG,Home & Gardening///Home///Cleaning Products,,,Golden Trash Bags 50 Gallons ,14.95,14.95,piece,,7,2.24,https://go.farm.com.sa/public/uploads/items/16443/thumbnail_1747159257.webp
en,16429-2413,4 You Table Cover 110 × 100 Cm  80 Pieces,Home & Gardening///Home///Cleaning Products,,,4 You Table Cover 110 × 100 Cm ,45.95,45.95,piece,,15,6.89,https://go.farm.com.sa/public/uploads/items/16429/thumbnail_1747159257.webp
en,16428-2542,Barkah Table Cover  5400 CM,Home & Gardening///Home///Cleaning Products,,,Barkah Table Cover ,40.95,40.95,piece,,7,6.14,https://go.farm.com.sa/public/uploads/items/16428/thumbnail_1747159257.webp
en,11503-242,Rema Trash Bags Tie 50 Gallons 30 PC,Home & Gardening///Home///Cleaning Products,,,Rema Trash Bags Tie 50 Gallons,9.5,9.5,piece,,3,1.43,https://go.farm.com.sa/public/uploads/items/11503/thumbnail_1747159105.webp
en,11498-242,Gulfmaid Trash Bags 30 PC,Home & Gardening///Home///Cleaning Products,,,Gulfmaid Trash Bags,5.95,5.95,piece,,25,0.89,https://go.farm.com.sa/public/uploads/items/11498/thumbnail_1747159105.webp
en,11474-758,Club Trash Bags Large 50 Gallons 20 Bag,Home & Gardening///Home///Cleaning Products,,,Club Trash Bags Large 50 Gallons,14.95,14.95,piece,,76,2.24,https://go.farm.com.sa/public/uploads/items/11474/thumbnail_1747159105.webp
en,11470-240,Grand Star Trash Bags Tie Bag Extra Large 55 Gallon 20 PC,Home & Gardening///Home///Cleaning Products,,,Grand Star Trash Bags Tie Bag Extra Large 55 Gallon,24.25,24.25,piece,,235,3.64,https://go.farm.com.sa/public/uploads/items/11470/thumbnail_1747159105.webp
en,11469-169,Hala Trash Bags 30 Gallons Large 8 PC,Home & Gardening///Home///Cleaning Products,,,Hala Trash Bags 30 Gallons Large,5.5,5.5,piece,,64,0.83,https://go.farm.com.sa/public/uploads/items/11469/thumbnail_1747159105.webp
en,11447-191,Hala Table Cover  100X100 3 PC,Home & Gardening///Home///Cleaning Products,,,Hala Table Cover  100X100,7.5,7.5,piece,,25,1.13,https://go.farm.com.sa/public/uploads/items/11447/thumbnail_1747159105.webp
en,11460-965,Club Trash Bags Medium 8 Gallon 104 PC,Home & Gardening///Home///Cleaning Products,,,Club Trash Bags Medium 8 Gallon,25.95,25.95,piece,,6,3.89,https://go.farm.com.sa/public/uploads/items/11460/thumbnail_1747159105.webp
en,11471-295,Barkah Trash Bags  55 Gallon 25 PC,Home & Gardening///Home///Cleaning Products,,,Barkah Trash Bags  55 Gallon,25.95,25.95,piece,,22,3.89,https://go.farm.com.sa/public/uploads/items/11471/thumbnail_1747159105.webp
en,11479-240,Barkah Trash Bags 10 Gallon 20 PC,Home & Gardening///Home///Cleaning Products,,,Barkah Trash Bags 10 Gallon,6.9,6.9,piece,,41,1.04,https://go.farm.com.sa/public/uploads/items/11479/thumbnail_1747159105.webp
en,11495-1062,Gulfmaid Trash Bags Tie 30 Gallon 26 PC,Home & Gardening///Home///Cleaning Products,,,Gulfmaid Trash Bags Tie 30 Gallon,24.25,24.25,piece,,7,3.64,https://go.farm.com.sa/public/uploads/items/11495/thumbnail_1747159105.webp
en,11435-2830,Sanita Cahrm Table Cover 2 M  X 6,Home & Gardening///Home///Cleaning Products,,,Sanita Cahrm Table Cover,37.95,37.95,piece,,36,5.69,https://go.farm.com.sa/public/uploads/items/11435/thumbnail_1747159105.webp
en,1776-379,Hala Table Cover 85 × 95 CM 30 PC,Home & Gardening///Home///Cleaning Products,,,Hala Table Cover,14.95,14.95,piece,,11,2.24,https://go.farm.com.sa/public/uploads/items/1776/thumbnail_1747159105.webp
en,1776-1771,Hala Table Cover 100 x 100 CM 60 PC,Home & Gardening///Home///Cleaning Products,,,Hala Table Cover,14.95,14.95,piece,,11,2.24,https://go.farm.com.sa/public/uploads/items/1776/thumbnail_1747159105.webp
en,16282-2507,Fairy Dishwashing Liquid Plus  1250 ML,Home & Gardening///Home///Cleaning Products,,,Fairy Dishwashing Liquid Plus ,27.95,27.95,piece,,10,4.19,https://go.farm.com.sa/public/uploads/items/16282/thumbnail_1747159257.webp
en,11047-368,Fairy Dishwashing Liquid Plus Original 800 ML,Home & Gardening///Home///Cleaning Products,,,Fairy Dishwashing Liquid Plus Original,19.5,19.5,piece,,60,2.93,https://go.farm.com.sa/public/uploads/items/11047/thumbnail_1747159257.webp
en,11043-37,Fairy Dishwashing Liquid Soft On Hands Lemon Blossom 1 L,Home & Gardening///Home///Cleaning Products,,,Fairy Dishwashing Liquid Soft On Hands Lemon Blossom,19.95,19.95,piece,,34,2.99,https://go.farm.com.sa/public/uploads/items/11043/thumbnail_1747159257.webp
en,11031-37,Fairy Dishwashing Liquid Original 1 L,Home & Gardening///Home///Cleaning Products,,,Fairy Dishwashing Liquid Original,20.5,20.5,piece,,25,3.08,https://go.farm.com.sa/public/uploads/items/11031/thumbnail_1747159257.webp
en,17414-1010,Fairy Dishwashing Liquid Lemon Scent 1250 ML,Home & Gardening///Home///Cleaning Products,,,Fairy Dishwashing Liquid Lemon Scent,27.95,27.95,piece,,22,4.19,https://go.farm.com.sa/public/uploads/items/17414/thumbnail_1747159105.webp
en,16281-2507,Fairy Dishwashing Liquid Plus Antibacterial  1250 ML,Home & Gardening///Home///Cleaning Products,,,Fairy Dishwashing Liquid Plus Antibacterial ,27.95,27.95,piece,,58,4.19,https://go.farm.com.sa/public/uploads/items/16281/thumbnail_1747159257.webp
en,11048-368,Fairy Dishwashing Liquid Plus Lemon 800 ML,Home & Gardening///Home///Cleaning Products,,,Fairy Dishwashing Liquid Plus Lemon,19.5,19.5,piece,,102,2.93,https://go.farm.com.sa/public/uploads/items/11048/thumbnail_1747159257.webp
en,11044-61,Fairy Dishwashing Liquid Soft On Hands With Rose 1.5 L,Home & Gardening///Home///Cleaning Products,,,Fairy Dishwashing Liquid Soft On Hands With Rose,32.5,32.5,piece,,6,4.88,https://go.farm.com.sa/public/uploads/items/11044/thumbnail_1747159257.webp
en,11032-61,Fairy Dishwashing Liquid Original 1.5 L,Home & Gardening///Home///Cleaning Products,,,Fairy Dishwashing Liquid Original,28.95,28.95,piece,,76,4.34,https://go.farm.com.sa/public/uploads/items/11032/thumbnail_1747159257.webp
en,11021-37,Gento Dishwashing Liquid Lemon Freshness 1 L,Home & Gardening///Home///Cleaning Products,,,Gento Dishwashing Liquid Lemon Freshness,7.95,7.95,piece,,6,1.19,https://go.farm.com.sa/public/uploads/items/11021/thumbnail_1747159257.webp
en,11003-44,Pril Dishwashing Liquid Apple 500 ML,Home & Gardening///Home///Cleaning Products,,,Pril Dishwashing Liquid Apple,107.0,107,piece,,15,16.05,https://go.farm.com.sa/public/uploads/items/11003/thumbnail_1747159257.webp
en,11002-44,Pril Dishwashing Liquid Lemon 500 ML,Home & Gardening///Home///Cleaning Products,,,Pril Dishwashing Liquid Lemon,107.0,107,piece,,7,16.05,https://go.farm.com.sa/public/uploads/items/11002/thumbnail_1747159257.webp
en,11011-212,Lux Dishwashing Liquid Lemon 750 ML,Home & Gardening///Home///Cleaning Products,,,Lux Dishwashing Liquid Lemon,13.75,13.75,piece,,14,2.06,https://go.farm.com.sa/public/uploads/items/11011/thumbnail_1747159257.webp
en,11012-1010,Lux Dishwashing Liquid Lemon 1250 ML,Home & Gardening///Home///Cleaning Products,,,Lux Dishwashing Liquid Lemon,12.95,12.95,piece,,20,1.94,https://go.farm.com.sa/public/uploads/items/11012/thumbnail_1747159257.webp
en,11015-1010,Lux Dishwashing Liquid Lemon 1250 ML,Home & Gardening///Home///Cleaning Products,,,Lux Dishwashing Liquid Lemon,12.95,12.95,piece,,51,1.94,https://go.farm.com.sa/public/uploads/items/11015/thumbnail_1747159257.webp
en,16953-37,Dac Dishwashing Liquid Grease Cutting Lemon 1 L,Home & Gardening///Home///Cleaning Products,,,Dac Dishwashing Liquid Grease Cutting Lemon,14.95,14.95,piece,,46,2.24,https://go.farm.com.sa/public/uploads/items/16953/thumbnail_1747159105.webp
en,16610-1945,Jif Dishwashing Liquid Pure For Sensitive Skin  750 ML,Home & Gardening///Home///Cleaning Products,,,Jif Dishwashing Liquid Pure For Sensitive Skin,10.95,10.95,piece,,50,1.64,https://go.farm.com.sa/public/uploads/items/16610/thumbnail_1747159257.webp
en,11248-38,Finish Cleaner Dishwasher 250 ML,Home & Gardening///Home///Cleaning Products,,,Finish Cleaner Dishwasher,32.95,32.95,piece,,6,4.94,https://go.farm.com.sa/public/uploads/items/11248/thumbnail_1747159105.webp
en,11026-37,Finish Soap Dishwasher Concentrated Gel Glass Protection Lemon Sparkle 1 L 1 L,Home & Gardening///Home///Cleaning Products,,,Finish Soap Dishwasher Concentrated Gel Glass Protection Lemon Sparkle 1 L,88.95,88.95,piece,,4,13.34,https://go.farm.com.sa/public/uploads/items/11026/thumbnail_1747159257.webp
en,11024-37,Britex Dishwashing Liquid Lemon 1 L,Home & Gardening///Home///Cleaning Products,,,Britex Dishwashing Liquid Lemon,15.5,15.5,piece,,162,2.33,https://go.farm.com.sa/public/uploads/items/11024/thumbnail_1747159257.webp
en,11006-245,Finish Soap Dishwasher Salt 2 KG,Home & Gardening///Home///Cleaning Products,,,Finish Soap Dishwasher Salt,32.95,32.95,piece,,20,4.94,https://go.farm.com.sa/public/uploads/items/11006/thumbnail_1747159257.webp
