language,product_code,product_name,category,brand,description,short_description,product_price,display_price,unit,weight,quantity,tax,image
en,397765_EA,Tamimi Markets Home Kadai With Glass Lid-28Cm,Home & Gardening///Home///Kitchen Items,Tamimi Markets Home,,Kadai With Glass Lid,77.95,77.95,28Cm,28Cm,10,15.0,https://storage.googleapis.com/tm-zopsmart-uploads/640/20240219/397765_1-20240219-120145.png
en,397764_EA,Tamimi Markets Home Kadai With Glass Lid-24Cm,Home & Gardening///Home///Kitchen Items,Tamimi Markets Home,,Kadai With Glass Lid,64.95,64.95,24Cm,24Cm,10,15.0,https://storage.googleapis.com/tm-zopsmart-uploads/640/20240219/397764_1-20240219-120134.png
en,397763_EA,Tamimi Markets Home Frypan With Glass Lid-28Cm,Home & Gardening///Home///Kitchen Items,Tamimi Markets Home,,Frypan With Glass Lid,74.95,74.95,28Cm,28Cm,10,15.0,https://storage.googleapis.com/tm-zopsmart-uploads/640/20240219/397763_1-20240219-120018.png
en,397760_EA,Tamimi Markets Home Frypan With Glass Lid-24Cm,Home & Gardening///Home///Kitchen Items,Tamimi Markets Home,,Frypan With Glass Lid,49.95,49.95,24Cm,24Cm,10,15.0,https://storage.googleapis.com/tm-zopsmart-uploads/640/20240219/397760_1-20240219-120116.png
en,397759_EA,Tamimi Markets Home Frypan With Glass Lid-20Cm,Home & Gardening///Home///Kitchen Items,Tamimi Markets Home,,Frypan With Glass Lid,44.95,44.95,20Cm,20Cm,10,15.0,https://storage.googleapis.com/tm-zopsmart-uploads/640/20240219/397759_1-20240219-120016.png
en,397758_EA,Tamimi Markets Home Frypan With Glass Lid-18Cm,Home & Gardening///Home///Kitchen Items,Tamimi Markets Home,,Frypan With Glass Lid,43.95,43.95,18Cm,18Cm,10,15.0,https://storage.googleapis.com/tm-zopsmart-uploads/640/20240219/397758_1-20240219-120013.png
en,394602_EA,Trek Salted Caramel Flapjack-50G,Fresh & Local,Trek,,Salted Caramel Flapjack,12.95,12.95,50G,50G,10,15.0,https://storage.googleapis.com/tm-zopsmart-uploads/640/20240219/394602_1-20240219-120132.png
en,400785_EA,Oreo Biscuit + Dream Whip Free-180.80G,Supermarket///Retail///Breakfast & Snacks,Oreo,,Biscuit + Dream Whip Free,25.95,25.95,180.80G,180.80G,10,15.0,https://storage.googleapis.com/tm-zopsmart-uploads/640/20240213/400785_1-20240213-120048.png
en,397751_EA,Tamimi Markets Home Nonstick Fry Pan 22Cm-1 Pc,Home & Gardening///Home///Kitchen Items,Tamimi Markets Home,,Nonstick Fry Pan 22Cm,32.95,32.95,1 Pc,1 Pc,10,15.0,https://storage.googleapis.com/tm-zopsmart-uploads/640/20240213/397751_1-20240213-120041.png
en,100142_EA,Vlasic Stackers Bread And Butter-473Ml,Supermarket///Retail///Packaged Products,Vlasic,,,34.95,34.95,473Ml,473Ml,10,15.0,https://storage.googleapis.com/tm-zopsmart-uploads/1/images/640/20240416/1001421-20240416-121254.webp
en,399716_EA,Tamimi Markets Home Pantry Beverage Bin-18EGG,Home & Gardening///Home///Kitchen Items,Tamimi Markets Home,,Pantry Beverage Bin,14.95,14.95,18EGG,18EGG,10,15.0,https://storage.googleapis.com/tm-zopsmart-uploads/1/images/640/20240430/3997161-20240430-160548.webp
en,399720_EA,Tamimi Markets Home Lamborghini Sian Car-1pcs,Home & Gardening///Home///Kitchen Items,Tamimi Markets Home,,Lamborghini Sian Car,19.95,19.95,1pcs,1pcs,10,15.0,https://storage.googleapis.com/tm-zopsmart-uploads/1/images/640/20240430/3997201-20240430-160238.webp
en,399708_EA,Tamimi Markets Home Organizer Bin-14Eggs,Home & Gardening///Home///Kitchen Items,Tamimi Markets Home,,Organizer Bin,12.95,12.95,14Eggs,14Eggs,10,15.0,https://storage.googleapis.com/tm-zopsmart-uploads/1/images/640/20240404/3997081-20240404-120026.webp
en,399707_EA,Tamimi Markets Home Organizer Bin With Cover And Dividers-1Pcs,Home & Gardening///Home///Kitchen Items,Tamimi Markets Home,,Organizer Bin With Cover And Dividers,13.95,13.95,1Pcs,1Pcs,10,15.0,https://storage.googleapis.com/tm-zopsmart-uploads/1/images/640/20240404/3997071-20240404-120136.webp
en,399705_EA,Tamimi Markets Home Organizer Bin With Carry Handle-1Pc,Home & Gardening///Home///Kitchen Items,Tamimi Markets Home,,Organizer Bin With Carry Handle,6.95,6.95,1Pc,1Pc,10,15.0,https://storage.googleapis.com/tm-zopsmart-uploads/1/images/640/20240404/3997051-20240404-120016.webp
en,399678_EA,Tamimi Markets Home Angled Plastic Storage Box-1Pcs,Home & Gardening///Home///Kitchen Items,Tamimi Markets Home,,Angled Plastic Storage Box,7.95,7.95,1Pcs,1Pcs,10,15.0,https://storage.googleapis.com/tm-zopsmart-uploads/1/images/640/20240404/3996781-20240404-120328.webp
en,396610_EA,Tamimi Markets Home Round Tart Pan-30.7X3Cm,Home & Gardening///Home///Kitchen Items,Tamimi Markets Home,,Round Tart Pan,8.95,8.95,30.7X3Cm,30.7X3Cm,10,15.0,https://storage.googleapis.com/tm-zopsmart-uploads/1/images/640/20240404/3966101-20240404-120232.webp
en,400892_PAK,Nestle Crispy Wafer With Hazelnut Covered With Milk Chocolate-12X31G,Supermarket///Retail///Breakfast & Snacks,Nestle,,Crispy Wafer With Hazelnut Covered With Milk Chocolate,36.95,36.95,12X31G,12X31G,10,15.0,https://storage.googleapis.com/tm-zopsmart-uploads/1/images/640/20250306/4008921-20250306-125427.webp
en,400892_EA,Nestle Crispy Wafer With Hazelnut Covered With Milk Chocolate-31G,Supermarket///Retail///Breakfast & Snacks,Nestle,,Crispy Wafer With Hazelnut Covered With Milk Chocolate,3.25,3.25,31G,31G,10,15.0,https://storage.googleapis.com/tm-zopsmart-uploads/1/images/640/20250306/4008921-20250306-125427.webp
en,400519_EA,Almira Sagi Dates-900G,Fresh & Local///Fruits from farms///Dates,Almira,,Sagi Dates,35.95,35.95,900G,900G,10,15.0,https://storage.googleapis.com/tm-zopsmart-uploads/1/images/640/20240402/4005191-20240402-160655.webp
en,401260_EA,Noug Fresh Cream-150G,Supermarket///Retail///Dairy,Noug,,Fresh Cream,11.95,11.95,150G,150G,10,15.0,https://storage.googleapis.com/tm-zopsmart-uploads/1/images/640/20240326/4012601-20240326-160304.webp
en,401256_EA,Noug Cheese With Shaqra Chili-180G,Supermarket///Retail///Cheese & Cold Cuts,Noug,,Cheese With Shaqra Chili,56.25,56.25,180G,180G,10,15.0,https://storage.googleapis.com/tm-zopsmart-uploads/1/images/640/20240326/4012561-20240326-160036.webp
en,401254_EA,Noug Laban-300Ml,Supermarket///Retail///Dairy,Noug,,Laban,9.5,9.5,300Ml,300Ml,10,15.0,https://storage.googleapis.com/tm-zopsmart-uploads/1/images/640/20240326/4012541-20240326-160218.webp
en,401253_EA,Noug Fresh Milk With Lavender-300ML,Supermarket///Retail///Dairy,Noug,,Fresh Milk With Lavender,7.5,7.5,300ML,300ML,10,15.0,https://storage.googleapis.com/tm-zopsmart-uploads/1/images/640/20240326/4012531-20240326-160256.webp
en,401251_EA,Noug Fresh Milk With Dark Chocolate-300ML,Supermarket///Retail///Dairy,Noug,,Fresh Milk With Dark Chocolate,7.5,7.5,300ML,300ML,10,15.0,https://storage.googleapis.com/tm-zopsmart-uploads/1/images/640/20240326/4012511-20240326-160118.webp
en,401240_EA,Noug Fresh Milk With Cardamom-300ML,Supermarket///Retail///Dairy,Noug,,Fresh Milk With Cardamom,7.5,7.5,300ML,300ML,10,15.0,https://storage.googleapis.com/tm-zopsmart-uploads/1/images/640/20240326/4012401-20240326-160110.webp
en,396618_EA,Tamimi Markets Home Roaster Pan  Rectan-28X20X3.9Cm,Home & Gardening///Home///Kitchen Items,Tamimi Markets Home,,Roaster Pan  Rectan,11.95,11.95,28X20X3.9Cm,28X20X3.9Cm,10,15.0,https://storage.googleapis.com/tm-zopsmart-uploads/1/images/640/20240320/3966181-20240320-160237.webp
en,396613_EA,Tamimi Markets Home Muffin Pan-35X27X3Cm,Home & Gardening///Home///Kitchen Items,Tamimi Markets Home,,,22.95,22.95,35X27X3Cm,35X27X3Cm,10,15.0,https://storage.googleapis.com/tm-zopsmart-uploads/2/images/originals/20240321/3966131-20240321-063929.webp
en,396609_EA,Tamimi Markets Home Roaster Pan Square-34X25X5Cm,Home & Gardening///Home///Kitchen Items,Tamimi Markets Home,,Roaster Pan Square,9.95,9.95,34X25X5Cm,34X25X5Cm,10,15.0,https://storage.googleapis.com/tm-zopsmart-uploads/1/images/640/20240320/3966091-20240320-160645.webp
en,396608_EA,Tamimi Markets Home Rectangular Cake Pan With Lid-1 Pc,Home & Gardening///Home///Kitchen Items,Tamimi Markets Home,,,19.95,19.95,1 Pc,1 Pc,10,15.0,https://storage.googleapis.com/tm-zopsmart-uploads/2/images/originals/20240321/3966081-20240321-064143.webp
en,396607_EA,Tamimi Markets Home Loaf Springform Pan Rectangle-1 Pc,Home & Gardening///Home///Kitchen Items,Tamimi Markets Home,,Loaf Springform Pan Rectangle,21.95,21.95,1 Pc,1 Pc,10,15.0,https://storage.googleapis.com/tm-zopsmart-uploads/1/images/640/20240320/3966071-20240320-160627.webp
en,396605_EA,Tamimi Markets Home Roaster Pan With Gril-34X24X5.7Cm,Home & Gardening///Home///Kitchen Items,Tamimi Markets Home,,Roaster Pan With Gril,19.95,19.95,34X24X5.7Cm,34X24X5.7Cm,10,15.0,https://storage.googleapis.com/tm-zopsmart-uploads/1/images/640/20240320/3966051-20240320-161514.webp
en,396604_EA,Tamimi Markets Home Roaster Pan With Grill And Lid Square-1 Pc,Home & Gardening///Home///Kitchen Items,Tamimi Markets Home,,Roaster Pan With Grill And Lid Square,18.95,18.95,1 Pc,1 Pc,10,15.0,https://storage.googleapis.com/tm-zopsmart-uploads/1/images/640/20240320/3966041-20240320-160737.webp
en,396603_EA,Tamimi Markets Home Bundform Pan Flower Shape-1 Pc,Home & Gardening///Home///Kitchen Items,Tamimi Markets Home,,Bundform Pan Flower Shape,17.95,17.95,1 Pc,1 Pc,10,15.0,https://storage.googleapis.com/tm-zopsmart-uploads/1/images/640/20240320/3966031-20240320-160832.webp
en,389397_EA,Nivea Luminous Eye Serum-15Ml,Heath & Beauty///Beauty///Personal Grooming,Nivea,,Luminous Eye Serum,69.95,69.95,15Ml,15Ml,10,15.0,https://storage.googleapis.com/tm-zopsmart-uploads/640/20240116/389397_1-20240116-120152.png
en,391190_EA, Flannel Blanket-130X170Cm,Home & Gardening///Home///Linen Items,,,Flannel Blanket,34.95,34.95,130X170Cm,130X170Cm,10,15.0,https://storage.googleapis.com/tm-zopsmart-uploads/640/20240108/391190_1-20240108-120115.png
en,398569_EA,Tamimi Markets Gluten Free Peanut Butter Cake-80G,Supermarket///Retail///Bakery,Tamimi Markets,,Gluten Free Peanut Butter Cake,2.5,2.5,80G,80G,10,15.0,https://storage.googleapis.com/tm-zopsmart-uploads/320/20240102/398569_1-20240102-160041.png
en,398567_EA,Tamimi Markets Keto Gluten Free Penut Cookies-80G,Supermarket///Retail///Bakery,Tamimi Markets,,Keto Gluten Free Penut Cookies,2.5,2.5,80G,80G,10,15.0,https://storage.googleapis.com/tm-zopsmart-uploads/320/20240102/398567_1-20240102-160218.png
en,398564_EA,Tamimi Markets Keto Gluten Free Chocolate Muffins-80G,Supermarket///Retail///Bakery,Tamimi Markets,,Keto Gluten Free Chocolate Muffins,2.5,2.5,80G,80G,10,15.0,https://storage.googleapis.com/tm-zopsmart-uploads/320/20240102/398564_1-20240102-160122.png
en,398558_EA,Tamimi Markets Gluten Free Brownie-80G,Supermarket///Retail///Bakery,Tamimi Markets,,Gluten Free Brownie,2.5,2.5,80G,80G,10,15.0,https://storage.googleapis.com/tm-zopsmart-uploads/320/20240102/398558_1-20240102-160053.png
en,398557_EA,Tamimi Markets Gluten Free Chocolate Muffins-80G,Supermarket///Retail///Bakery,Tamimi Markets,,Gluten Free Chocolate Muffins,2.5,2.5,80G,80G,10,15.0,https://storage.googleapis.com/tm-zopsmart-uploads/320/20240102/398557_1-20240102-160430.png
en,398556_EA,Tamimi Markets Gluten Free Vanilla Muffins-80G,Supermarket///Retail///Bakery,Tamimi Markets,,Gluten Free Vanilla Muffins,17.95,17.95,80G,80G,10,15.0,https://storage.googleapis.com/tm-zopsmart-uploads/320/20240102/398556_1-20240102-160306.png
en,398555_EA,Tamimi Markets Gluten Free Banana Muffins-80G,Supermarket///Retail///Bakery,Tamimi Markets,,Gluten Free Banana Muffins,2.5,2.5,80G,80G,10,15.0,https://storage.googleapis.com/tm-zopsmart-uploads/320/20240102/398555_1-20240102-160021.png
en,398552_EA,Tamimi Markets Gluten Free Pizza Base Mini-80G,Supermarket///Retail///Packaged Products,Tamimi Markets,,Gluten Free Pizza Base Mini,2.5,2.5,80G,80G,10,15.0,https://storage.googleapis.com/tm-zopsmart-uploads/320/20240102/398552_1-20240102-160114.png
en,398156_EA,Pomi Tomatoes Rustica Glass-700G,Supermarket///Retail///Fruits & Vegetables,Pomi,,Tomatoes Rustica Glass,9.95,9.95,700G,700G,10,15.0,https://storage.googleapis.com/tm-zopsmart-uploads/320/20240102/398156_1-20240102-160213.png
en,398155_EA,Pomi Strained Tomato Glass-700G,Supermarket///Retail///Fruits & Vegetables,Pomi,,Strained Tomato Glass,9.95,9.95,700G,700G,10,15.0,https://storage.googleapis.com/tm-zopsmart-uploads/320/20240102/398155_1-20240102-160441.png
en,397146_EA,Open Nature Dressing Honey Mustard-11.8Oz,Supermarket///Retail///Packaged Products,Open Nature,,Dressing Honey Mustard,23.95,23.95,11.8Oz,11.8Oz,10,15.0,https://storage.googleapis.com/tm-zopsmart-uploads/320/20240102/397146_1-20240102-160346.png
en,293580_EA,Olay Complete Day Cream-50Ml,Heath & Beauty///Beauty///Personal Grooming,Olay,,Complete Day Cream,38.5,38.5,50Ml,50Ml,10,15.0,https://storage.googleapis.com/tm-zopsmart-uploads/320/20240102/293580_1-20240102-160220.png
en,346418_EA,Fabiola Luxury Colonia Lime & Nutmeg-250Ml,Heath & Beauty///Beauty///Personal Grooming,Fabiola,,,17.95,17.95,250Ml,250Ml,10,15.0,https://storage.googleapis.com/tm-zopsmart-uploads/2/images/originals/20240722/3464181-20240722-121101.webp
en,390022_EA,Kraft Can Light Cheddar Cheese-100G,Supermarket///Retail///Cheese & Cold Cuts,Kraft,,Can Light Cheddar Cheese,8.95,8.95,100G,100G,10,15.0,https://storage.googleapis.com/tm-zopsmart-uploads/320/20231226/390022_1-20231226-160006.png
en,388018_EA,La Boulangère Pita Bread 4 Pieces-320G,Supermarket///Retail///Bakery,La Boulangère,Ingredients: Wheat flour  69%  water  yeast  salt  wheat gluten  rapeseed oil  thickener: guar gum  sugar  preservative: calcium propionate.,Ingredients: Wheat flour  69%  water  yeast  salt  wheat gluten  rapeseed oil  thickener: guar gum  sugar  preservative: calcium propionate.,19.95,19.95,320G,320G,10,15.0,https://storage.googleapis.com/tm-zopsmart-uploads/originals/20220802/388018_1-20220802-140748.png
en,388014_EA,La Boulangère Complete Viennese Baguette 4 Pieces-340G,Supermarket///Retail///Bakery,La Boulangère,Ingredients: Whole wheat flour 59%  whole eggs  14%  water  rapeseed oil  wheat gluten  wheat flour 1.2%  yeast  natural flavor  AOP Charentes Poitou butter  salt  milk  yeast  flour treatment agent: ascorbic acid.,Ingredients: Whole wheat flour 59%  whole eggs  14%  water  rapeseed oil  wheat gluten  wheat flour 1.2%  yeast  natural flavor  AOP Charentes Poitou butter  salt  milk  yeast  flour treatment agent: ascorbic acid.,21.95,21.95,340G,340G,10,15.0,https://storage.googleapis.com/tm-zopsmart-uploads/originals/20220512/388014_1-20220512-113459.png
en,382550_EA,Tamimi Markets Basics Egg Cutter-1 PCS,Home & Gardening///Home///Kitchen Items,Tamimi Markets Basics,,Egg Cutter,6.95,6.95,1 PCS,1 PCS,10,15.0,https://storage.googleapis.com/tm-zopsmart-uploads/320/20220505/382550_1-20220505-220039.png
en,378606_EA,Nestle Cerelac Apple Puree-90G,Supermarket///Retail///Breakfast & Snacks,Nestle,,,6.5,6.5,90G,90G,10,15.0,https://storage.googleapis.com/tm-zopsmart-uploads/1/images/640/20250302/3786061-20250302-120433.webp
en,313764_EA,Vicks Vaporub-100G,Supermarket///Retail///Dairy,Vicks,,Vaporub,30.5,30.5,100G,100G,10,15.0,https://storage.googleapis.com/tm-zopsmart-uploads/320/20220130/313764_1-20220130-220020.png
en,382475_EA,Tamimi Markets Basics Bath Shower Loofah Pouf Men-1PCS,Home & Gardening///Home///Linen Items,Tamimi Markets Basics,,Bath Shower Loofah Pouf Men,4.95,4.95,1PCS,1PCS,10,15.0,https://storage.googleapis.com/tm-zopsmart-uploads/320/20220125/382475_1-20220125-120020.png
en,380272_EA,Rama Coconut Gel Nata De Coco Red-340G,Supermarket///Retail///Seasonal Products,Rama,,Coconut Gel Nata De Coco Red,7.95,7.95,340G,340G,10,15.0,https://storage.googleapis.com/tm-zopsmart-uploads/320/20220125/380272_1-20220125-060224.png
en,297384_EA,Pam Simply Coconut Oil Cooking Spray-5Z,Supermarket///Retail///Packaged Products,Pam,,Simply Coconut Oil Cooking Spray,21.95,21.95,5Z,5Z,10,15.0,https://storage.googleapis.com/tm-zopsmart-uploads/320/20220109/297384_1-20220109-220021.png
en,342323_EA,Oral B Fresh Mint Mouthwash-250Ml,Heath & Beauty///Beauty///Personal Grooming,Oral B,,Fresh Mint Mouthwash,20.5,20.5,250Ml,250Ml,10,15.0,https://storage.googleapis.com/tm-zopsmart-uploads/320/20220104/342323_1-20220104-140324.png
en,328502_EA,Gillette Women Razor Blade-4 Count,Heath & Beauty///Beauty///Personal Grooming,Gillette,,Women Razor Blade,138.95,138.95,4 Count,4 Count,10,15.0,https://storage.googleapis.com/tm-zopsmart-uploads/320/20220104/328502_1-20220104-140051.png
en,312664_EA,Gillette Clear Gel Power Rush-70 Ml,Fashion & Jewelry///Man,Gillette,,Clear Gel Power Rush,24.95,24.95,70 Ml,70 Ml,10,15.0,https://storage.googleapis.com/tm-zopsmart-uploads/320/20220104/312664_1-20220104-100214.png
en,311889_EA,Gillette Classic Menthol Men'S Shaving Foam-200Ml,Heath & Beauty///Beauty///Personal Grooming,Gillette,,Classic Menthol Men'S Shaving Foam,14.95,14.95,200Ml,200Ml,10,15.0,https://storage.googleapis.com/tm-zopsmart-uploads/320/20220104/311889_1-20220104-100049.png
en,380629_EA,Safeway Signature Select Preserves Strawberry-13Z,Fresh & Local,Safeway,,Signature Select Preserves Strawberry,21.95,21.95,13Z,13Z,10,15.0,https://storage.googleapis.com/tm-zopsmart-uploads/320/20220103/380629_1-20220103-220010.png
en,380772_EA,Barebells Milkshake Chocolate-330G,Fresh & Local,Barebells,,Milkshake Chocolate,24.95,24.95,330G,330G,10,15.0,https://storage.googleapis.com/tm-zopsmart-uploads/320/20211230/380772_1-20211230-080844.png
en,379043_EA,Nai Iced Tea Moroccan Mint-250Ml,Fresh & Local,Nai,,Iced Tea Moroccan Mint,5.95,5.95,250Ml,250Ml,10,15.0,https://storage.googleapis.com/tm-zopsmart-uploads/320/20211230/379043_1-20211230-081722.png
en,379043_CS,Nai Iced Tea Moroccan Mint-24×250Ml,Fresh & Local,Nai,,Iced Tea Moroccan Mint,116.15,116.15,24×250Ml,24×250Ml,10,15.0,https://storage.googleapis.com/tm-zopsmart-uploads/320/20211230/379043_1-20211230-081722.png
en,379038_EA,Nai Peach Mango Jasmine Iced Tea-473Ml,Fresh & Local,Nai,,Peach Mango Jasmine Iced Tea,11.95,11.95,473Ml,473Ml,10,15.0,https://storage.googleapis.com/tm-zopsmart-uploads/320/20211230/379038_1-20211230-081525.png
en,379038_CS,Nai Peach Mango Jasmine Iced Tea-12×473Ml,Fresh & Local,Nai,,Peach Mango Jasmine Iced Tea,116.7,116.7,12×473Ml,12×473Ml,10,15.0,https://storage.googleapis.com/tm-zopsmart-uploads/320/20211230/379038_1-20211230-081525.png
en,379037_EA,Nai Hibiscus Pomegranate Rose Iced Tea-473Ml,Fresh & Local,Nai,,Hibiscus Pomegranate Rose Iced Tea,11.95,11.95,473Ml,473Ml,10,15.0,https://storage.googleapis.com/tm-zopsmart-uploads/320/20211230/379037_1-20211230-081617.png
en,379037_CS,Nai Hibiscus Pomegranate Rose Iced Tea-12×473Ml,Fresh & Local,Nai,,Hibiscus Pomegranate Rose Iced Tea,116.7,116.7,12×473Ml,12×473Ml,10,15.0,https://storage.googleapis.com/tm-zopsmart-uploads/320/20211230/379037_1-20211230-081617.png
en,120282_EA,Sara lee Carrot Cake-400G,Supermarket///Retail///Breakfast & Snacks,Sara lee,,Carrot Cake,32.95,32.95,400G,400G,10,15.0,https://storage.googleapis.com/tm-zopsmart-uploads/320/20231019/120282_1-20231019-123347.png
en,386970_EA,Balim Acacia Honey-1Kg,Supermarket///Retail///Breakfast & Snacks,Balim,,Acacia Honey,75.95,75.95,1Kg,1Kg,10,15.0,https://storage.googleapis.com/tm-zopsmart-uploads/320/20220228/386970_1-20220228-100213.png
en,274334_EA,Nestle Coffee Mate Coffee Creamer-400G,Supermarket///Retail///Beverages,Nestle,,Coffee Mate Coffee Creamer,19.75,19.75,400G,400G,10,15.0,https://storage.googleapis.com/tm-zopsmart-uploads/1/images/640/20250306/2743341-20250306-122601.webp
en,186048_EA,Halwani Brothers Rusk With Milk-300G,Supermarket///Retail///Bakery,Halwani Brothers,,Rusk With Milk,7.95,7.95,300G,300G,10,15.0,https://storage.googleapis.com/tm-zopsmart-uploads/320/20231019/186048_1-20231019-133404.png
en,135647_EA,Fuchsia French Brown Crepe Sugar Free-1PCS,Supermarket///Retail///Bakery,Fuchsia,,French Brown Crepe Sugar Free,5.0,5.0,1PCS,1PCS,10,15.0,https://storage.googleapis.com/tm-zopsmart-uploads/320/20231019/135647_1-20231019-123038.png
en,112843_EA,Rauch Red Grape Can Juice-355Ml,Supermarket///Retail///Beverages,Rauch,,Red Grape Can Juice,7.5,7.5,355Ml,355Ml,10,15.0,https://storage.googleapis.com/tm-zopsmart-uploads/320/20231019/112843_1-20231019-123429.png
en,112843_CS,Rauch Red Grape Can Juice-24×355Ml,Supermarket///Retail///Beverages,Rauch,,Red Grape Can Juice,169.95,169.95,24×355Ml,24×355Ml,10,15.0,https://storage.googleapis.com/tm-zopsmart-uploads/320/20231019/112843_1-20231019-123429.png
en,109729_EA,Zara Lasagne-500G,Supermarket///Retail///Packaged Products,Zara,,Lasagne,16.25,16.25,500G,500G,10,15.0,https://storage.googleapis.com/tm-zopsmart-uploads/320/20231019/109729_1-20231019-124324.png
en,241956_EA,Galaxy Jewels Assortment Chocolate Gift Box-650G,Supermarket///Retail///Breakfast & Snacks,Galaxy Jewels,<p>Genuine taste and precious moments with Galaxy Jewels. Experience the miniatures crafted from smooth Galaxy chocolate with variants of flavors  ideal for sharing with friends and loved ones. The assorted chocolates cater to all taste buds  featuring rich pralines and classic chocolate filling combinations. Galaxy Jewels offers you a range of diverse flavors like Hazelnut  Milk Chocolate  Crispy  Mixed Nuts  and Caramel. Each Galaxy Jewels piece is meticulously wrapped  enhancing the luxurious experience of savoring these premium chocolates. Elevate ordinary evenings with a premium touch by unwinding with a Galaxy Jewels chocolate  making this chocolate assortment a decadent choice for diverse flavors and indulgent moments.</p> <p><br></p> <ul>   <li><u><strong>PRECIOUS MOMENTS SHARED WITH GALAXY JEWELS:</strong></u> Crafted from smooth and Silky Galaxy chocolate  these miniatures offer a variety of delightful flavors and textures  ideal as a chocolate gift box for friends and loved ones.</li>   <li><u><strong>AN ASSORTMENT FOR ALL: </strong></u>Please all tastebuds with the rich  flavorful Galaxy Jewels’ assorted chocolates. These exceptional miniature treats include chocolate pralines and classic chocolate filling combinations for you to enjoy.</li>   <li><u><strong>GENUINE TASTE AND DIVERSE FLAVORS: </strong></u>Made from quality ingredients  Galaxy offers you a range of classic flavors  including Hazelnut  Milk Chocolate  Crispy  Mixed Nuts  and Caramel.</li>   <li><u><strong>PREMIUM WRAPPED JEWELS:</strong></u> Each Galaxy Jewels is individually wrapped  providing a luxurious chocolatey moment. The thoughtful packaging of this premium chocolate box assortment will delight any chocolate lover.</li>   <li><u><strong>PREMIUM MINIATURE TOUCH: </strong></u>Add a premium touch to the simplest of evenings at home. Unwind and enjoy Galaxy Jewels whenever you feel like. Galaxy Jewels Mix Chocolate Box is your decadent choice of premium diverse flavors.</li> </ul>,<p>Genuine taste and precious moments with Galaxy Jewels. Experience the miniatures crafted from smooth Galaxy chocolate with variants of flavors  ideal for sharing with friends and loved ones. The assorted chocolates cater to all taste buds  featuring rich pralines and classic chocolate filling combinations. Galaxy Jewels offers you a range of diverse flavors like Hazelnut  Milk Chocolate  Crispy  Mixed Nuts  and Caramel. Each Galaxy Jewels piece is meticulously wrapped  enhancing the luxurious experience of savoring these premium chocolates. Elevate ordinary evenings with a premium touch by unwinding with a Galaxy Jewels chocolate  making this chocolate assortment a decadent choice for diverse flavors and indulgent moments.</p> <p><br></p> <ul>   <li><u><strong>PRECIOUS MOMENTS SHARED WITH GALAXY JEWELS:</strong></u> Crafted from smooth and Silky Galaxy chocolate  these miniatures offer a variety of delightful flavors and textures  ideal as a chocolate gift box for friends and loved ones.</li>   <li><u><strong>AN ASSORTMENT FOR ALL: </strong></u>Please all tastebuds with the rich  flavorful Galaxy Jewels’ assorted chocolates. These exceptional miniature treats include chocolate pralines and classic chocolate filling combinations for you to enjoy.</li>   <li><u><strong>GENUINE TASTE AND DIVERSE FLAVORS: </strong></u>Made from quality ingredients  Galaxy offers you a range of classic flavors  including Hazelnut  Milk Chocolate  Crispy  Mixed Nuts  and Caramel.</li>   <li><u><strong>PREMIUM WRAPPED JEWELS:</strong></u> Each Galaxy Jewels is individually wrapped  providing a luxurious chocolatey moment. The thoughtful packaging of this premium chocolate box assortment will delight any chocolate lover.</li>   <li><u><strong>PREMIUM MINIATURE TOUCH: </strong></u>Add a premium touch to the simplest of evenings at home. Unwind and enjoy Galaxy Jewels whenever you feel like. Galaxy Jewels Mix Chocolate Box is your decadent choice of premium diverse flavors.</li> </ul>,77.95,77.95,650G,650G,10,15.0,https://storage.googleapis.com/tm-zopsmart-uploads/2/images/originals/20240319/2419561-20240319-082505.webp
en,241957_EA,Galaxy Jewels Assortment Chocolate Gift Box-900G,Supermarket///Retail///Breakfast & Snacks,Galaxy Jewels,<p>Genuine taste and precious moments with Galaxy Jewels. Experience the miniatures crafted from smooth Galaxy chocolate with variants of flavors  ideal for sharing with friends and loved ones. The assorted chocolates cater to all taste buds  featuring rich pralines and classic chocolate filling combinations. Galaxy Jewels offers you a range of diverse flavors like Hazelnut  Milk Chocolate  Crispy  Mixed Nuts  and Caramel. Each Galaxy Jewels piece is meticulously wrapped  enhancing the luxurious experience of savoring these premium chocolates. Elevate ordinary evenings with a premium touch by unwinding with a Galaxy Jewels chocolate  making this chocolate assortment a decadent choice for diverse flavors and indulgent moments.</p> <p><br></p> <ul>   <li><u><strong>PRECIOUS MOMENTS SHARED WITH GALAXY JEWELS: </strong></u>Crafted from smooth and Silky Galaxy chocolate  these miniatures offer a variety of delightful flavors and textures  ideal as a chocolate gift box for friends and loved ones.</li>   <li><u><strong>AN ASSORTMENT FOR ALL:</strong></u> Please all tastebuds with the rich  flavorful Galaxy Jewels’ assorted chocolates. These exceptional miniature treats include chocolate pralines and classic chocolate filling combinations for you to enjoy.</li>   <li><u><strong>GENUINE TASTE AND DIVERSE FLAVORS:</strong></u> Made from quality ingredients  Galaxy offers you a range of classic flavors  including Hazelnut  Milk Chocolate  Crispy  Mixed Nuts  and Caramel.</li>   <li><u><strong>PREMIUM WRAPPED JEWELS: </strong></u>Each Galaxy Jewels is individually wrapped  providing a luxurious chocolatey moment. The thoughtful packaging of this premium chocolate box assortment will delight any chocolate lover.</li>   <li><u><strong>PREMIUM MINIATURE TOUCH: </strong></u>Add a premium touch to the simplest of evenings at home. Unwind and enjoy Galaxy Jewels whenever you feel like. Galaxy Jewels Mix Chocolate Box is your decadent choice of premium diverse flavors.</li> </ul> <p><br></p>,<p>Genuine taste and precious moments with Galaxy Jewels. Experience the miniatures crafted from smooth Galaxy chocolate with variants of flavors  ideal for sharing with friends and loved ones. The assorted chocolates cater to all taste buds  featuring rich pralines and classic chocolate filling combinations. Galaxy Jewels offers you a range of diverse flavors like Hazelnut  Milk Chocolate  Crispy  Mixed Nuts  and Caramel. Each Galaxy Jewels piece is meticulously wrapped  enhancing the luxurious experience of savoring these premium chocolates. Elevate ordinary evenings with a premium touch by unwinding with a Galaxy Jewels chocolate  making this chocolate assortment a decadent choice for diverse flavors and indulgent moments.</p> <p><br></p> <ul>   <li><u><strong>PRECIOUS MOMENTS SHARED WITH GALAXY JEWELS: </strong></u>Crafted from smooth and Silky Galaxy chocolate  these miniatures offer a variety of delightful flavors and textures  ideal as a chocolate gift box for friends and loved ones.</li>   <li><u><strong>AN ASSORTMENT FOR ALL:</strong></u> Please all tastebuds with the rich  flavorful Galaxy Jewels’ assorted chocolates. These exceptional miniature treats include chocolate pralines and classic chocolate filling combinations for you to enjoy.</li>   <li><u><strong>GENUINE TASTE AND DIVERSE FLAVORS:</strong></u> Made from quality ingredients  Galaxy offers you a range of classic flavors  including Hazelnut  Milk Chocolate  Crispy  Mixed Nuts  and Caramel.</li>   <li><u><strong>PREMIUM WRAPPED JEWELS: </strong></u>Each Galaxy Jewels is individually wrapped  providing a luxurious chocolatey moment. The thoughtful packaging of this premium chocolate box assortment will delight any chocolate lover.</li>   <li><u><strong>PREMIUM MINIATURE TOUCH: </strong></u>Add a premium touch to the simplest of evenings at home. Unwind and enjoy Galaxy Jewels whenever you feel like. Galaxy Jewels Mix Chocolate Box is your decadent choice of premium diverse flavors.</li> </ul> <p><br></p>,97.95,97.95,900G,900G,10,15.0,https://storage.googleapis.com/tm-zopsmart-uploads/2/images/originals/20240319/2419571-20240319-084023.webp
en,379507_EA,Ferrero Rocher Chocolate Ramadan Lantern-225G,Supermarket///Retail///Breakfast & Snacks,Ferrero Rocher,,Chocolate Ramadan Lantern,48.95,48.95,225G,225G,10,15.0,https://storage.googleapis.com/tm-zopsmart-uploads/originals/20220414/379507_1-20210503-220112-20220414-094211.png
en,385914_EA,Sainsbury's Buckwheat Penne-250G,Fresh & Local,Sainsbury's,,Buckwheat Penne,14.95,14.95,250G,250G,10,15.0,https://storage.googleapis.com/tm-zopsmart-uploads/320/20220407/385914_1-20220407-080055.png
en,385905_EA,Sainsbury's Macaroni-1Kg,Supermarket///Retail///Packaged Products,Sainsbury's,,Macaroni,16.95,16.95,1Kg,1Kg,10,15.0,https://storage.googleapis.com/tm-zopsmart-uploads/320/20220407/385905_1-20220407-080044.png
en,215530_EA,Safeway Cone Style Coffee Filters-100 count,Supermarket///Retail///Household Products,Safeway,,Cone Style Coffee Filters,24.95,24.95,100 count,100 count,10,15.0,https://storage.googleapis.com/tm-zopsmart-uploads/originals/20220420/215530_1-20220420-063503.png
en,387340_1000_KG1000,Arabian Fisheries Frozen Shrimp-1.0 kg,Fresh & Local,Arabian Fisheries,,Frozen Shrimp,85.95,85.95,1.0 kg,1.0 kg,10,15.0,https://storage.googleapis.com/tm-zopsmart-uploads/320/20220327/387340_1-20220327-220026.png
en,350702_EA,Bob's Red Mill Finely Ground Tapioca Flour-16Z,Fresh & Local,Bob's Red Mill,,Finely Ground Tapioca Flour,19.95,19.95,16Z,16Z,10,15.0,https://storage.googleapis.com/tm-zopsmart-uploads/640/20240117/350702_1-20240117-120523.png
en,330478_EA,Sensodyne Complete Protection Toothbrush Soft-1 PCS,Supermarket///Retail///Care And Hygiene,Sensodyne,,Complete Protection Toothbrush Soft,33.95,33.95,1 PCS,1 PCS,10,15.0,https://storage.googleapis.com/tm-zopsmart-uploads/320/20211007/330478_1-20211007-080052.png
en,380902_EA,Sainsbury's Orange With Juicy Bits Juice-1L,Supermarket///Retail///Beverages,Sainsbury's,,Orange With Juicy Bits Juice,12.95,12.95,1L,1L,10,15.0,https://storage.googleapis.com/tm-zopsmart-uploads/320/20211004/380902_1-20211004-140016.png
en,377923_EA,Bob's Red Mill Grain Free Brownie Mix-340G,Fresh & Local,Bob's Red Mill,,Grain Free Brownie Mix,33.95,33.95,340G,340G,10,15.0,https://storage.googleapis.com/tm-zopsmart-uploads/320/20210921/377923_1-20210921-080205.png
en,328295_EA,Dole Frozen Tropical Mix Pineapple Papaya Mango-400G,Supermarket///Retail///Fruits & Vegetables,Dole,,Frozen Tropical Mix Pineapple Papaya Mango,30.1,30.1,400G,400G,10,15.0,https://storage.googleapis.com/tm-zopsmart-uploads/320/20210914/328295_1-20210914-220412.png
en,328285_EA,Dole Frozen Tropical Gold Pineapple Chunks-400G,Supermarket///Retail///Fruits & Vegetables,Dole,,Frozen Tropical Gold Pineapple Chunks,30.1,30.1,400G,400G,10,15.0,https://storage.googleapis.com/tm-zopsmart-uploads/originals/20211004/328285_1-20211004-120249.png
en,328283_EA,Dole Frozen Blueberries-350G,Supermarket///Retail///Fruits & Vegetables,Dole,,Frozen Blueberries,30.1,30.1,350G,350G,10,15.0,https://storage.googleapis.com/tm-zopsmart-uploads/320/20210914/328283_1-20210914-220214.png
en,328282_EA,Dole Frozen Raspberries-350G,Supermarket///Retail///Fruits & Vegetables,Dole,,Frozen Raspberries,30.1,30.1,350G,350G,10,15.0,https://storage.googleapis.com/tm-zopsmart-uploads/originals/20220330/328282_1-20220330-055822.png
en,292298_EA,Bob's Red Mill Semolina Pasta Flour-24Z,Fresh & Local,Bob's Red Mill,,Semolina Pasta Flour,19.95,19.95,24Z,24Z,10,15.0,https://storage.googleapis.com/tm-zopsmart-uploads/640/20240117/292298_1-20240117-120130.png
en,343752_EA,Nivea Shower Gel Pure Fresh-250Ml,Heath & Beauty///Beauty///Personal Grooming,Nivea,,Shower Gel Pure Fresh,26.95,26.95,250Ml,250Ml,10,15.0,https://storage.googleapis.com/tm-zopsmart-uploads/320/20220327/343752_1-20220327-140235.png
en,386748_EA,Kerrygold Unsalted Butter-100G,Supermarket///Retail///Cheese & Cold Cuts,Kerrygold,,Unsalted Butter,8.5,8.5,100G,100G,10,15.0,https://storage.googleapis.com/tm-zopsmart-uploads/320/20220321/386748_1-20220321-100312.png
en,373176_EA,Black & Decker Juice Extractor-1PCS,Home & Gardening///Home///Kitchen Items,Black & Decker,,Juice Extractor,249.95,249.95,1PCS,1PCS,10,15.0,https://storage.googleapis.com/tm-zopsmart-uploads/originals/20220323/373176_1-20220323-065516.png
en,385821_EA,Fox Milk Chocolate Rounds-130G,Supermarket///Retail///Breakfast & Snacks,Fox,,Milk Chocolate Rounds,10.95,10.95,130G,130G,10,15.0,https://storage.googleapis.com/tm-zopsmart-uploads/320/20220317/385821_1-20220317-220124.png
en,385802_EA,Fox Double Chocolate Crunch Creams-230G,Supermarket///Retail///Breakfast & Snacks,Fox,,Double Chocolate Crunch Creams,7.95,7.95,230G,230G,10,15.0,https://storage.googleapis.com/tm-zopsmart-uploads/320/20220317/385802_1-20220317-220016.png
en,385798_EA,Fox Milk Chocolate Viennese-120G,Supermarket///Retail///Breakfast & Snacks,Fox,,Milk Chocolate Viennese,11.95,11.95,120G,120G,10,15.0,https://storage.googleapis.com/tm-zopsmart-uploads/320/20220317/385798_1-20220317-220131.png
en,385794_EA,Fox Fabulous White Chocolate Cookies-180G,Supermarket///Retail///Breakfast & Snacks,Fox,,Fabulous White Chocolate Cookies,11.95,11.95,180G,180G,10,15.0,https://storage.googleapis.com/tm-zopsmart-uploads/320/20220317/385794_1-20220317-220029.png
en,385763_EA,Oatly Chocolate Oat Drink-1L,Fresh & Local,Oatly,,Chocolate Oat Drink,22.95,22.95,1L,1L,10,15.0,https://storage.googleapis.com/tm-zopsmart-uploads/320/20220317/385763_1-20220317-220050.png
en,385692_EA,Kirkland Extra Fancy Unsalted Whole Cashews-1.13Kg,Fresh & Local///Nuts & Spices///Mixed Nuts,Kirkland,,Extra Fancy Unsalted Whole Cashews,99.95,99.95,1.13Kg,1.13Kg,10,15.0,https://storage.googleapis.com/tm-zopsmart-uploads/320/20220317/385692_1-20220317-220129.png
en,385545_EA,Starbucks French Dark Roast Whole Coffee Bean-340G,Supermarket///Retail///Beverages,Starbucks,,French Dark Roast Whole Coffee Bean,79.95,79.95,340G,340G,10,15.0,https://storage.googleapis.com/tm-zopsmart-uploads/320/20220317/385545_1-20220317-220100.png
en,158687_PK1,Mountain Dew Can-18 × 330-355Ml,Supermarket///Retail///Beverages,Mountain Dew,,Can,49.5,49.5,18 × 330-355Ml,18 × 330-355Ml,10,15.0,https://storage.googleapis.com/tm-zopsmart-uploads/320/20231019/158687_1-20231019-121956.png
en,158687_PAK,Mountain Dew Can-6 × 330-355Ml,Supermarket///Retail///Beverages,Mountain Dew,,Can,16.5,16.5,6 × 330-355Ml,6 × 330-355Ml,10,15.0,https://storage.googleapis.com/tm-zopsmart-uploads/320/20231019/158687_1-20231019-121956.png
en,158687_EA,Mountain Dew Can-330-355Ml,Supermarket///Retail///Beverages,Mountain Dew,,Can,2.75,2.75,330-355Ml,330-355Ml,10,15.0,https://storage.googleapis.com/tm-zopsmart-uploads/320/20231019/158687_1-20231019-121956.png
en,158687_DZ,Mountain Dew Can-12 × 330-355Ml,Supermarket///Retail///Beverages,Mountain Dew,,Can,32.95,32.95,12 × 330-355Ml,12 × 330-355Ml,10,15.0,https://storage.googleapis.com/tm-zopsmart-uploads/320/20231019/158687_1-20231019-121956.png
en,158687_CS,Mountain Dew Can-24×355Ml,Supermarket///Retail///Beverages,Mountain Dew,,Can,64.5,64.5,24×355Ml,24×355Ml,10,15.0,https://storage.googleapis.com/tm-zopsmart-uploads/320/20231019/158687_1-20231019-121956.png
en,189893_EA,Sunquick Red Berries Juice-700Ml,Supermarket///Retail///Beverages,Sunquick,,Red Berries Juice,22.95,22.95,700Ml,700Ml,10,15.0,https://storage.googleapis.com/tm-zopsmart-uploads/320/20220315/189893_1-20220315-120150.png
en,146632_PAK,Mirinda Orange Can-6 × 330-355Ml,Supermarket///Retail///Beverages,Mirinda,,Orange Can,16.5,16.5,6 × 330-355Ml,6 × 330-355Ml,10,15.0,https://storage.googleapis.com/tm-zopsmart-uploads/320/20231019/146632_1-20231019-134247.png
en,146632_EA,Mirinda Orange Can-330-355Ml,Supermarket///Retail///Beverages,Mirinda,,Orange Can,2.75,2.75,330-355Ml,330-355Ml,10,15.0,https://storage.googleapis.com/tm-zopsmart-uploads/320/20231019/146632_1-20231019-134247.png
en,146632_CS,Mirinda Orange Can-24 × 330-355Ml,Supermarket///Retail///Beverages,Mirinda,,Orange Can,64.5,64.5,24 × 330-355Ml,24 × 330-355Ml,10,15.0,https://storage.googleapis.com/tm-zopsmart-uploads/320/20231019/146632_1-20231019-134247.png
en,146632_PK1,Mirinda Orange Can-18 × 330-355Ml,Supermarket///Retail///Beverages,Mirinda,,Orange Can,49.5,49.5,18 × 330-355Ml,18 × 330-355Ml,10,15.0,https://storage.googleapis.com/tm-zopsmart-uploads/320/20231019/146632_1-20231019-134247.png
en,146632_DZ,Mirinda Orange Can-12 × 330-355Ml,Supermarket///Retail///Beverages,Mirinda,,Orange Can,32.95,32.95,12 × 330-355Ml,12 × 330-355Ml,10,15.0,https://storage.googleapis.com/tm-zopsmart-uploads/320/20231019/146632_1-20231019-134247.png
en,143731_PAK,Mirinda Citrus Can-6 × 330-355Ml,Supermarket///Retail///Beverages,Mirinda,,Citrus Can,16.5,16.5,6 × 330-355Ml,6 × 330-355Ml,10,15.0,https://storage.googleapis.com/tm-zopsmart-uploads/320/20231019/143731_1-20231019-125623.png
en,143731_EA,Mirinda Citrus Can-330-355Ml,Supermarket///Retail///Beverages,Mirinda,,Citrus Can,2.75,2.75,330-355Ml,330-355Ml,10,15.0,https://storage.googleapis.com/tm-zopsmart-uploads/320/20231019/143731_1-20231019-125623.png
en,143731_CS,Mirinda Citrus Can-24 × 330-355Ml,Supermarket///Retail///Beverages,Mirinda,,Citrus Can,64.5,64.5,24 × 330-355Ml,24 × 330-355Ml,10,15.0,https://storage.googleapis.com/tm-zopsmart-uploads/320/20231019/143731_1-20231019-125623.png
en,143731_PK1,Mirinda Citrus Can-18 × 330-355Ml,Supermarket///Retail///Beverages,Mirinda,,Citrus Can,49.5,49.5,18 × 330-355Ml,18 × 330-355Ml,10,15.0,https://storage.googleapis.com/tm-zopsmart-uploads/320/20231019/143731_1-20231019-125623.png
en,143731_DZ,Mirinda Citrus Can-12 × 330-355Ml,Supermarket///Retail///Beverages,Mirinda,,Citrus Can,32.95,32.95,12 × 330-355Ml,12 × 330-355Ml,10,15.0,https://storage.googleapis.com/tm-zopsmart-uploads/320/20231019/143731_1-20231019-125623.png
en,138452_PK1,7 UP Regular Can-18 × 330-355Ml,Supermarket///Retail///Beverages,7 UP,,Regular Can,49.5,49.5,18 × 330-355Ml,18 × 330-355Ml,10,15.0,https://storage.googleapis.com/tm-zopsmart-uploads/320/20231019/138452_1-20231019-131041.png
en,138452_PAK,7 UP Regular Can-6 × 330-355Ml,Supermarket///Retail///Beverages,7 UP,,Regular Can,16.5,16.5,6 × 330-355Ml,6 × 330-355Ml,10,15.0,https://storage.googleapis.com/tm-zopsmart-uploads/320/20231019/138452_1-20231019-131041.png
en,138452_EA,7 UP Regular Can-330-355Ml,Supermarket///Retail///Beverages,7 UP,,Regular Can,2.75,2.75,330-355Ml,330-355Ml,10,15.0,https://storage.googleapis.com/tm-zopsmart-uploads/320/20231019/138452_1-20231019-131041.png
en,138452_DZ,7 UP Regular Can-12 × 330-355Ml,Supermarket///Retail///Beverages,7 UP,,Regular Can,32.95,32.95,12 × 330-355Ml,12 × 330-355Ml,10,15.0,https://storage.googleapis.com/tm-zopsmart-uploads/320/20231019/138452_1-20231019-131041.png
en,138452_CS,7 UP Regular Can-24 × 330-355Ml,Supermarket///Retail///Beverages,7 UP,,Regular Can,64.5,64.5,24 × 330-355Ml,24 × 330-355Ml,10,15.0,https://storage.googleapis.com/tm-zopsmart-uploads/320/20231019/138452_1-20231019-131041.png
en,352523_EA,Similac Milk  Formula For Babies-800G,Supermarket///Retail///Dairy,Similac,,,104.95,104.95,800G,800G,10,15.0,https://storage.googleapis.com/tm-zopsmart-uploads/originals/20220616/352523_1-20220616-120440.png
en,330482_EA,Lorenz Chips Salted-175G,Fresh & Local///Nuts & Spices///Mixed Nuts,Lorenz,,Chips Salted,14.95,14.95,175G,175G,10,15.0,https://storage.googleapis.com/tm-zopsmart-uploads/320/20231018/330482_1-20231018-120155.png
en,307310_EA,Twix Top Multipack-21G,Supermarket///Retail///Breakfast & Snacks,Twix,,,18.95,18.95,21G,21G,10,15.0,https://storage.googleapis.com/tm-zopsmart-uploads/originals/20230910/307310_1-20230910-084541.png
en,306671_EA,Switz Sambusa Leaves With Oil-500G,Supermarket///Retail///Packaged Products,Switz,,Sambusa Leaves With Oil,10.35,10.35,500G,500G,10,15.0,https://storage.googleapis.com/tm-zopsmart-uploads/originals/20220602/306671_1-20220602-070703.png
en,300490_EA,Boreal Hair Brush-1PCS,Fashion & Jewelry///Woman///Accessories,Boreal,,Hair Brush,47.95,47.95,1PCS,1PCS,10,15.0,https://storage.googleapis.com/tm-zopsmart-uploads/320/20220427/300490_1-20220427-080207.png
en,380628_EA,Safeway Signature Select Preserves Wild Blueberry-13Z,Fresh & Local,Safeway,,Signature Select Preserves Wild Blueberry,27.95,27.95,13Z,13Z,10,15.0,https://storage.googleapis.com/tm-zopsmart-uploads/320/20211230/380628_1-20211230-080323.png
en,380473_EA,Tamimi Markets Black Fruit Basket Fashion-1PCS,Home & Gardening///Home///Kitchen Items,Tamimi Markets,,Black Fruit Basket Fashion,29.95,29.95,1PCS,1PCS,10,15.0,https://storage.googleapis.com/tm-zopsmart-uploads/320/20211114/380473_1-20211114-220052.png
en,376131_EA,Babybel Mini Original Cheese-9Z,Supermarket///Retail///Cheese & Cold Cuts,Babybel,,Mini Original Cheese,66.95,66.95,9Z,9Z,10,15.0,https://storage.googleapis.com/tm-zopsmart-uploads/320/20211110/376131_1-20211110-140029.png
en,380860_EA,Safeway Signature Select All Natural Firelog 3Hours-1PCS,Home & Gardening///Gardenin///Tools,Safeway,,Signature Select All Natural Firelog 3Hours,23.95,23.95,1PCS,1PCS,10,15.0,https://storage.googleapis.com/tm-zopsmart-uploads/320/20211109/380860_1-20211109-140404.png
en,364806_EA,Safeway Signature Select Plates Paper Ultra Strong Coated-44 count,Supermarket///Retail///Household Products,Safeway,,Signature Select Plates Paper Ultra Strong Coated,49.95,49.95,44 count,44 count,10,15.0,https://storage.googleapis.com/tm-zopsmart-uploads/320/20211109/364806_1-20211109-140036.png
en,364801_EA,Safeway Signature Select Plates Paper Designer Coated-45 count,Supermarket///Retail///Household Products,Safeway,,Signature Select Plates Paper Designer Coated,24.95,24.95,45 count,45 count,10,15.0,https://storage.googleapis.com/tm-zopsmart-uploads/320/20211109/364801_1-20211109-140344.png
en,364796_EA,Safeway Signature Select Bowls Paper Coated Ultra Strong-26 count,Supermarket///Retail///Household Products,Safeway,,Signature Select Bowls Paper Coated Ultra Strong,21.95,21.95,26 count,26 count,10,15.0,https://storage.googleapis.com/tm-zopsmart-uploads/320/20211109/364796_1-20211109-140146.png
en,215405_EA,Safeway Signature Select Paper Wax Microwaveable Non Stick-75 SQFT,Supermarket///Retail///Household Products,Safeway,,Signature Select Paper Wax Microwaveable Non Stick,11.95,11.95,75 SQFT,75 SQFT,10,15.0,https://storage.googleapis.com/tm-zopsmart-uploads/320/20211109/215405_1-20211109-140406.png
en,374289_EA,Kasih Sea Salt-600G,Fresh & Local///Nuts & Spices///Spices,Kasih,,Sea Salt,15.5,15.5,600G,600G,10,15.0,https://storage.googleapis.com/tm-zopsmart-uploads/320/20211109/374289_1-20211109-060116.png
en,382828_EA,Close Up Toothpaste White Now Gold-75Ml,Supermarket///Retail///Care And Hygiene,Close Up,,Toothpaste White Now Gold,38.95,38.95,75Ml,75Ml,10,15.0,https://storage.googleapis.com/tm-zopsmart-uploads/1/images/640/20250116/3828281-20250116-125058.webp
en,383706_EA,Whiskas Pouch Junior Wet Tuna-80G,Supermarket///Retail///Pet Products,Whiskas,,Pouch Junior Wet Tuna,4.95,4.95,80G,80G,10,15.0,https://storage.googleapis.com/tm-zopsmart-uploads/320/20211220/383706_1-20211220-140259.png
en,383706_CS,Whiskas Pouch Junior Wet Tuna-24×80G,Supermarket///Retail///Pet Products,Whiskas,,Pouch Junior Wet Tuna,95.5,95.5,24×80G,24×80G,10,15.0,https://storage.googleapis.com/tm-zopsmart-uploads/320/20211220/383706_1-20211220-140259.png
en,381307_EA,Pringles Chips Sizzlin Spicy BBQ-160G,Fresh & Local///Nuts & Spices///Mixed Nuts,Pringles,,Chips Sizzlin Spicy BBQ,15.5,15.5,160G,160G,10,15.0,https://storage.googleapis.com/tm-zopsmart-uploads/320/20211219/381307_1-20211219-220154.png
en,374288_EA,Kasih Pink Himalayan Salt-600G,Fresh & Local///Nuts & Spices///Spices,Kasih,,Pink Himalayan Salt,25.95,25.95,600G,600G,10,15.0,https://storage.googleapis.com/tm-zopsmart-uploads/320/20211219/374288_1-20211219-220825.png
en,373504_EA,Tamimi Markets Cold Pressed Sesame Seed Oil-250Ml,Fresh & Local,Tamimi Markets,,Cold Pressed Sesame Seed Oil,19.95,19.95,250Ml,250Ml,10,15.0,https://storage.googleapis.com/tm-zopsmart-uploads/640/20240201/373504_1-20240201-081057.png
en,373503_EA,Tamimi Markets Avocado Extra Virgin Oil-250Ml,Fresh & Local,Tamimi Markets,,Avocado Extra Virgin Oil,39.95,39.95,250Ml,250Ml,10,15.0,https://storage.googleapis.com/tm-zopsmart-uploads/640/20240201/373503_1-20240201-080947.png
en,352521_EA,Similac Gold 1-800G,Supermarket///Retail///Dairy,Similac,,,104.95,104.95,800G,800G,10,15.0,https://storage.googleapis.com/tm-zopsmart-uploads/320/20211219/352521_1-20211219-220719.png
en,335110_EA,V8 Spicy Hot Juice-11.5Z,Supermarket///Retail///Beverages,V8,,Spicy Hot Juice,8.95,8.95,11.5Z,11.5Z,10,15.0,https://storage.googleapis.com/tm-zopsmart-uploads/320/20211219/335110_1-20211219-220136.png
en,364798_EA,Safeway Signature Select Home Plates Coated-100 count,Supermarket///Retail///Household Products,Safeway,,Signature Select Home Plates Coated,39.95,39.95,100 count,100 count,10,15.0,https://storage.googleapis.com/tm-zopsmart-uploads/320/20211219/364798_1-20211219-140034.png
en,375006_EA,Safeway O Organics Syrup Blue Agave-16.2Z,Fresh & Local,Safeway,,O Organics Syrup Blue Agave,36.95,36.95,16.2Z,16.2Z,10,15.0,https://storage.googleapis.com/tm-zopsmart-uploads/640/20240201/375006_1-20240201-080514.png
en,374631_EA,Hectares Jalapeno Chips-40G,Fresh & Local,Hectares,,Jalapeno Chips,4.95,4.95,40G,40G,10,15.0,https://storage.googleapis.com/tm-zopsmart-uploads/320/20211230/374631_1-20211230-080258.png
en,370762_EA,Herr's Cheese Ball Barrel-17Z,Fresh & Local,Herr's,,Cheese Ball Barrel,49.95,49.95,17Z,17Z,10,15.0,https://storage.googleapis.com/tm-zopsmart-uploads/320/20211230/370762_1-20211230-080525.png
en,355435_EA,Bob's Red Mill Arrowroot Starch-454G,Fresh & Local,Bob's Red Mill,,Arrowroot Starch,35.95,35.95,454G,454G,10,15.0,https://storage.googleapis.com/tm-zopsmart-uploads/640/20240117/355435_1-20240117-120022.png
en,353198_EA,Quest Double Chocolate Chip Cookies-59G,Fresh & Local,Quest,,Double Chocolate Chip Cookies,14.95,14.95,59G,59G,10,15.0,https://storage.googleapis.com/tm-zopsmart-uploads/320/20211230/353198_1-20211230-080437.png
en,351626_EA,Barebells Protein Bar White Chocolate Almond-55G,Fresh & Local,Barebells,,Protein Bar White Chocolate Almond,17.95,17.95,55G,55G,10,15.0,https://storage.googleapis.com/tm-zopsmart-uploads/320/20211230/351626_1-20211230-080946.png
en,345632_EA,Yogi Tea Bedtime-17 Bags,Fresh & Local,Yogi Tea,,Bedtime,26.95,26.95,17 Bags,17 Bags,10,15.0,https://storage.googleapis.com/tm-zopsmart-uploads/320/20211230/345632_1-20211230-081521.png
en,345629_EA,Yogi Tea Black Chai-17 Bags,Fresh & Local,Yogi Tea,,Black Chai,26.95,26.95,17 Bags,17 Bags,10,15.0,https://storage.googleapis.com/tm-zopsmart-uploads/320/20211230/345629_1-20211230-081748.png
en,345541_EA,Natureland Pumpkin Oil-100Ml,Fresh & Local,Natureland,,Pumpkin Oil,52.95,52.95,100Ml,100Ml,10,15.0,https://storage.googleapis.com/tm-zopsmart-uploads/640/20240201/345541_1-20240201-080834.png
en,334563_EA,Birch Benders Organic Pancake & Waffle Mix-16Z,Fresh & Local,Birch Benders,,Organic Pancake & Waffle Mix,45.95,45.95,16Z,16Z,10,15.0,https://storage.googleapis.com/tm-zopsmart-uploads/320/20211230/334563_1-20211230-081412.png
en,324630_EA,Natureland Black Jasmine Rice-1Kg,Fresh & Local,Natureland,,Black Jasmine Rice,46.95,46.95,1Kg,1Kg,10,15.0,https://storage.googleapis.com/tm-zopsmart-uploads/640/20240201/324630_1-20240201-080745.png
en,321016_EA,Organix Chunky Fruit Bar Apple And Date-17G,Fresh & Local,Organix,,Chunky Fruit Bar Apple And Date,34.95,34.95,17G,17G,10,15.0,https://storage.googleapis.com/tm-zopsmart-uploads/320/20211230/321016_1-20211230-081236.png
en,320993_EA,Organix Raspberry & Blueberry Rice Cakes-50G,Fresh & Local,Organix,,Raspberry & Blueberry Rice Cakes,23.95,23.95,50G,50G,10,15.0,https://storage.googleapis.com/tm-zopsmart-uploads/640/20240117/320993_1-20240117-120335.png
en,292274_EA,Bob's Red Mill Organic Farro-24Z,Fresh & Local,Bob's Red Mill,,Organic Farro,33.95,33.95,24Z,24Z,10,15.0,https://storage.googleapis.com/tm-zopsmart-uploads/320/20211230/292274_1-20211230-081510.png
en,292243_EA,Bob's Red Mill Gluten Free Steel Cut Oat-24Z,Fresh & Local,Bob's Red Mill,,Gluten Free Steel Cut Oat,39.95,39.95,24Z,24Z,10,15.0,https://storage.googleapis.com/tm-zopsmart-uploads/320/20211230/292243_1-20211230-080204.png
en,292242_EA,Bob's Red Mill Extra Thick Gluten Free Rolled Oat-32Z,Fresh & Local,Bob's Red Mill,,Extra Thick Gluten Free Rolled Oat,44.95,44.95,32Z,32Z,10,15.0,https://storage.googleapis.com/tm-zopsmart-uploads/640/20240117/292242_1-20240117-120159.png
en,373086_EA,Tamimi Markets Since 1979 Charcoal Briquettes-4Kg,Home & Gardening///Gardenin///Tools,Tamimi Markets Since 1979,,Charcoal Briquettes,30.95,30.95,4Kg,4Kg,10,15.0,https://storage.googleapis.com/tm-zopsmart-uploads/originals/20230117/373086_1-20230117-150647.png
en,169941_EA,Mehran Kasuri Methi Leaves-50G,Fresh & Local///Nuts & Spices///Spices,Mehran,,Kasuri Methi Leaves,3.75,3.75,50G,50G,10,15.0,https://storage.googleapis.com/tm-zopsmart-uploads/320/20231019/169941_1-20231019-123209.png
en,364804_EA,Safeway Signature Select Coated Paper Plates-50 count,Supermarket///Retail///Household Products,Safeway,,Signature Select Coated Paper Plates,39.95,39.95,50 count,50 count,10,15.0,https://storage.googleapis.com/tm-zopsmart-uploads/320/20201101/364804_1-20201101-011440.png
en,364760_EA, Tool Set-1PCS,Home & Gardening///Gardenin///Tools,,,Tool Set,34.95,34.95,1PCS,1PCS,10,15.0,https://storage.googleapis.com/tm-zopsmart-uploads/originals/20211014/364760_1-20211014-125837.png
en,248360_EA,Alosra Coarse Sugar-5Kg,Supermarket///Retail///Packaged Products,Alosra,,Coarse Sugar,25.95,25.95,5Kg,5Kg,10,15.0,https://storage.googleapis.com/tm-zopsmart-uploads/originals/20230912/248360_1-20230912-073042.png
en,173150_EA,Galaxy Dove Vanilla Ice Cream With Milk Chocolate-2.89Z,Supermarket///Retail///Breakfast & Snacks,Galaxy,,Dove Vanilla Ice Cream With Milk Chocolate,16.95,16.95,2.89Z,2.89Z,10,15.0,https://storage.googleapis.com/tm-zopsmart-uploads/320/20231019/173150_1-20231019-120237.png
en,266862_EA,Safeway Signature Select Variety Pack Instant Oatmeal-13.5Z,Supermarket///Retail///Breakfast & Snacks,Safeway,,Signature Select Variety Pack Instant Oatmeal,19.95,19.95,13.5Z,13.5Z,10,15.0,https://storage.googleapis.com/tm-zopsmart-uploads/320/20201101/266862_1-20201101-003038.png
en,169025_EA,Christis Halloumi Cheese-225G,Supermarket///Retail///Cheese & Cold Cuts,Christis,,Halloumi Cheese,19.95,19.95,225G,225G,10,15.0,https://storage.googleapis.com/tm-zopsmart-uploads/320/20231019/169025_1-20231019-121336.png
en,118882_EA,Hajdu Kashkawan Cheese-350G,Supermarket///Retail///Cheese & Cold Cuts,Hajdu,,Kashkawan Cheese,31.5,31.5,350G,350G,10,15.0,https://storage.googleapis.com/tm-zopsmart-uploads/320/20231019/118882_1-20231019-123714.png
en,377043_EA,Oral B Sensitivity & Gum Whitening Toothpaste-75Ml,Supermarket///Retail///Care And Hygiene,Oral B,,Sensitivity & Gum Whitening Toothpaste,38.95,38.95,75Ml,75Ml,10,15.0,https://storage.googleapis.com/tm-zopsmart-uploads/320/20210211/377043_1-20210211-140023.png
en,113077_EA,Jolly Time Butter Licious Popcorn-298G,Fresh & Local///Nuts & Spices///Mixed Nuts,Jolly Time,,Butter Licious Popcorn,17.95,17.95,298G,298G,10,15.0,https://storage.googleapis.com/tm-zopsmart-uploads/320/20231019/113077_1-20231019-133521.png
en,193458_EA,Nada Pineapple Juice-300Ml,Supermarket///Retail///Beverages,Nada,,Pineapple Juice,3.25,3.25,300Ml,300Ml,10,15.0,https://storage.googleapis.com/tm-zopsmart-uploads/originals/20230405/193458_1-20230405-112433.png
en,320521_EA,Ecomil Coconut Sugar Free Milk-1L,Fresh & Local,Ecomil,,Coconut Sugar Free Milk,22.95,22.95,1L,1L,10,15.0,https://storage.googleapis.com/tm-zopsmart-uploads/320/20200429/320521_1-20200429-100046.png
en,250013_EA,Nada Tropical Juice-300Ml,Supermarket///Retail///Beverages,Nada,,Tropical Juice,3.25,3.25,300Ml,300Ml,10,15.0,https://storage.googleapis.com/tm-zopsmart-uploads/originals/20230405/250013_1-20230405-083804.png
en,241077_EA,Nada Guava Juice-300Ml,Supermarket///Retail///Beverages,Nada,,Guava Juice,3.25,3.25,300Ml,300Ml,10,15.0,https://storage.googleapis.com/tm-zopsmart-uploads/originals/20230405/241077_1-20230405-114838.png
en,309808_EA,Nada Tropical Cocktail Juice-200Ml,Supermarket///Retail///Beverages,Nada,,Tropical Cocktail Juice,2.15,2.15,200Ml,200Ml,10,15.0,https://storage.googleapis.com/tm-zopsmart-uploads/320/20220127/309808_1-20220127-140134.png
en,328931_PAK,Monte Carlo Cigarettes Silver-1Pack,Supermarket///Retail,Monte Carlo,,Cigarettes Silver,18.0,18.0,1Pack,1Pack,10,15.0,https://storage.googleapis.com/tm-zopsmart-uploads/320/20201101/328931_1-20201101-001439.png
en,165287_PAK,Monte Carlo Cigarettes Red King Size-1Pack,Supermarket///Retail,Monte Carlo,,Cigarettes Red King Size,18.0,18.0,1Pack,1Pack,10,15.0,https://storage.googleapis.com/tm-zopsmart-uploads/320/20231019/165287_1-20231019-133224.png
en,315220_PAK,Monte Carlo Cigarettes Blue-1Pack,Supermarket///Retail,Monte Carlo,,Cigarettes Blue,18.0,18.0,1Pack,1Pack,10,15.0,https://storage.googleapis.com/tm-zopsmart-uploads/320/20201101/315220_1-20201101-023507.png
en,382869_EA,Staedtler Full Graphite Pencils-6PCS,Home & Gardening///Gardenin///Tools,Staedtler,,Full Graphite Pencils,49.95,49.95,6PCS,6PCS,10,15.0,https://storage.googleapis.com/tm-zopsmart-uploads/320/20210824/382869_1-20210824-100306.png
en,364872_EA,7 days Apple Strudel Cinnamon-6×55G,Supermarket///Retail///Bakery,7 days,,Apple Strudel Cinnamon,7.95,7.95,6×55G,6×55G,10,15.0,https://storage.googleapis.com/tm-zopsmart-uploads/320/20220323/364872_1-20220323-141616.png
en,364250_EA,Peopo Latte Coffee Bottle-240Ml,Supermarket///Retail///Dairy,Peopo,,Latte Coffee Bottle,8.3,8.3,240Ml,240Ml,10,15.0,https://storage.googleapis.com/tm-zopsmart-uploads/320/20210824/364250_1-20210824-100236.png
en,364787_EA,Safeway Signature Select Bags Snack Reseal-90 count,Supermarket///Retail///Household Products,Safeway,,Signature Select Bags Snack Reseal,12.95,12.95,90 count,90 count,10,15.0,https://storage.googleapis.com/tm-zopsmart-uploads/320/20230831/364787_1-20230831-081106.png
en,364788_EA,Safeway Food Storage Bags-42 count,Supermarket///Retail///Household Products,Safeway,,Food Storage Bags,19.95,19.95,42 count,42 count,10,15.0,https://storage.googleapis.com/tm-zopsmart-uploads/320/20210713/364788_1-20210713-080240.png
en,364786_EA,Safeway Food Storage Bags-32 count,Supermarket///Retail///Household Products,Safeway,,Food Storage Bags,23.95,23.95,32 count,32 count,10,15.0,https://storage.googleapis.com/tm-zopsmart-uploads/320/20210713/364786_1-20210713-080051.png
en,215971_EA,Lorenz Sour Cream Pomsticks-100G,Fresh & Local///Nuts & Spices///Mixed Nuts,Lorenz,,Sour Cream Pomsticks,10.95,10.95,100G,100G,10,15.0,https://storage.googleapis.com/tm-zopsmart-uploads/320/20210713/215971_1-20210713-080157.png
en,200709_EA,Lorenz Salted Pomsticks-100G,Fresh & Local///Nuts & Spices///Mixed Nuts,Lorenz,,Salted Pomsticks,10.95,10.95,100G,100G,10,15.0,https://storage.googleapis.com/tm-zopsmart-uploads/320/20210713/200709_1-20210713-080133.png
en,111035_EA,Foster Clark's Rose Flavor-28ML,Supermarket///Retail///Packaged Products,Foster Clark's,,Rose Flavor,3.75,3.75,28ML,28ML,10,15.0,https://storage.googleapis.com/tm-zopsmart-uploads/320/20231019/111035_1-20231019-125226.png
en,104782_EA,Foster Clark's Bicarbonate Soda-100G,Supermarket///Retail///Packaged Products,Foster Clark's,,Bicarbonate Soda,3.5,3.5,100G,100G,10,15.0,https://storage.googleapis.com/tm-zopsmart-uploads/320/20231019/104782_1-20231019-133115.png
en,315147_EA,Glade Automatic Air Freshener Spray Holder With Scented Morning Freshness Refill Starter Kit-269Ml,Supermarket///Retail///Household Products,Glade,,,72.5,72.5,269Ml,269Ml,10,15.0,https://storage.googleapis.com/tm-zopsmart-uploads/1/images/640/20240314/3151471-20240314-122757.webp
en,330895_EA,Kitchen Classic Mixing Bowl-1PCS,Home & Gardening///Home///Kitchen Items,Kitchen Classic,,Mixing Bowl,21.95,21.95,1PCS,1PCS,10,15.0,https://storage.googleapis.com/tm-zopsmart-uploads/320/20210413/330895_1-20210413-080144.png
en,335589_EA,Earthbound Farm Organic Mango Chunks-2Lb,Supermarket///Retail///Fruits & Vegetables,Earthbound Farm,,Organic Mango Chunks,65.95,65.95,2Lb,2Lb,10,15.0,https://storage.googleapis.com/tm-zopsmart-uploads/640/20240201/335589_1-20240201-080039.png
en,272427_EA,Mccormic Grinder Italian Herb-0.77Z,Fresh & Local///Nuts & Spices///Spices,Mccormic,,Grinder Italian Herb,16.95,16.95,0.77Z,0.77Z,10,15.0,https://storage.googleapis.com/tm-zopsmart-uploads/320/20210402/272427_1-20210402-200213.png
en,204480_EA,Mccormic Mexican Seasoning Guacamole-1Z,Fresh & Local///Nuts & Spices///Spices,Mccormic,,Mexican Seasoning Guacamole,8.95,8.95,1Z,1Z,10,15.0,https://storage.googleapis.com/tm-zopsmart-uploads/320/20210330/204480_1-20210330-220156.png
en,251205_EA,Dettol Multi Purpose Cleaner Green Apple-1.8L,Supermarket///Retail///Cleaning Products,Dettol,,Multi Purpose Cleaner Green Apple,39.95,39.95,1.8L,1.8L,10,15.0,https://storage.googleapis.com/tm-zopsmart-uploads/320/20210419/251205_1-20210419-100130.png
en,371545_EA,Safeway O Organics Fruit Bars Mango-435Ml,Supermarket///Retail///Breakfast & Snacks,Safeway,,O Organics Fruit Bars Mango,23.95,23.95,435Ml,435Ml,10,15.0,https://storage.googleapis.com/tm-zopsmart-uploads/640/20240201/371545_1-20240201-081123.png
en,371550_EA,Sensodyne Herbal Multi Care Toothpaste-100Ml,Supermarket///Retail///Care And Hygiene,Sensodyne,,Herbal Multi Care Toothpaste,42.5,42.5,100Ml,100Ml,10,15.0,https://storage.googleapis.com/tm-zopsmart-uploads/320/20201101/371550_1-20201101-004532.png
en,321574_EA,House Food Tofu-14Z,Supermarket///Retail///Bakery,House Food,,Tofu,18.95,18.95,14Z,14Z,10,15.0,https://storage.googleapis.com/tm-zopsmart-uploads/320/20201101/321574_1-20201101-020329.png
en,370885_EA,Safeway Signature Select Sliced Strawberries & Bananas-16Z,Supermarket///Retail///Fruits & Vegetables,Safeway,,Signature Select Sliced Strawberries & Bananas,23.95,23.95,16Z,16Z,10,15.0,https://storage.googleapis.com/tm-zopsmart-uploads/320/20201101/370885_1-20201101-024936.png
en,369180_EA,Safeway O Organics Organic Coconut Flour-16Z,Fresh & Local,Safeway,,O Organics Organic Coconut Flour,19.95,19.95,16Z,16Z,10,15.0,https://storage.googleapis.com/tm-zopsmart-uploads/320/20201101/369180_1-20201101-004250.png
en,366662_EA,Safeway Signature Select Kung Pao Sauce-11.8FZ,Supermarket///Retail///Packaged Products,Safeway,,Signature Select Kung Pao Sauce,26.95,26.95,11.8FZ,11.8FZ,10,15.0,https://storage.googleapis.com/tm-zopsmart-uploads/320/20201101/366662_1-20201101-015418.png
en,266790_EA,Safeway Signature Select Storage Bag-22 count,Supermarket///Retail///Household Products,Safeway,,Signature Select Storage Bag,9.95,9.95,22 count,22 count,10,15.0,https://storage.googleapis.com/tm-zopsmart-uploads/320/20201101/266790_1-20201101-021801.png
en,266788_EA,Safeway Signature Select Storage Bag-17 count,Supermarket///Retail///Household Products,Safeway,,Signature Select Storage Bag,11.95,11.95,17 count,17 count,10,15.0,https://storage.googleapis.com/tm-zopsmart-uploads/320/20201101/266788_1-20201101-024932.png
en,266669_EA,Safeway Signature Select Jumbo Cups-12 count,Supermarket///Retail///Breakfast & Snacks,Safeway,,Signature Select Jumbo Cups,15.95,15.95,12 count,12 count,10,15.0,https://storage.googleapis.com/tm-zopsmart-uploads/320/20201101/266669_1-20201101-021732.png
en,266203_EA,Safeway Signature Select Toasted Flakes Of Corn Cereal-18Z,Supermarket///Retail///Breakfast & Snacks,Safeway,,Signature Select Toasted Flakes Of Corn Cereal,28.95,28.95,18Z,18Z,10,15.0,https://storage.googleapis.com/tm-zopsmart-uploads/320/20201031/266203_1-20201031-221741.png
en,215502_EA,Safeway Signature Select Powdered Sugar-16Z,Supermarket///Retail///Packaged Products,Safeway,,Signature Select Powdered Sugar,11.95,11.95,16Z,16Z,10,15.0,https://storage.googleapis.com/tm-zopsmart-uploads/320/20201031/215502_1-20201031-234408.png
en,340939_EA,Amy's Roasted Poblano Frozen Enchilada-9.1Z,Supermarket///Retail///Packaged Products,Amy's,,Roasted Poblano Frozen Enchilada,36.95,36.95,9.1Z,9.1Z,10,15.0,https://storage.googleapis.com/tm-zopsmart-uploads/originals/20200811/340939_1-20200811-055717.png
en,334861_EA,Amy's Ravioli Bowl Organic-9.5Z,Supermarket///Retail///Packaged Products,Amy's,,Ravioli Bowl Organic,39.95,39.95,9.5Z,9.5Z,10,15.0,https://storage.googleapis.com/tm-zopsmart-uploads/originals/20211007/334861_1-20211007-124759.png
en,334860_EA,Amy's Broccoli & Cheddar Bake Bowl-9.5Z,Supermarket///Retail///Packaged Products,Amy's,,Broccoli & Cheddar Bake Bowl,39.95,39.95,9.5Z,9.5Z,10,15.0,https://storage.googleapis.com/tm-zopsmart-uploads/originals/20200811/334860_1-20200811-060031.png
en,334850_EA,Amy's Cheese Pizza-13Z,Supermarket///Retail///Packaged Products,Amy's,,Cheese Pizza,68.95,68.95,13Z,13Z,10,15.0,https://storage.googleapis.com/tm-zopsmart-uploads/originals/20200811/334850_1-20200811-060123.png
en,292084_EA,Amy's Margherita-13z,Supermarket///Retail///Packaged Products,Amy's,,Margherita,68.95,68.95,13z,13z,10,15.0,https://storage.googleapis.com/tm-zopsmart-uploads/originals/20200811/292084_1-20200811-055559.png
en,292056_EA,Amy's Organic Chili Light In Sodium Medium-14.7Z,Fresh & Local,Amy's,,Organic Chili Light In Sodium Medium,26.95,26.95,14.7Z,14.7Z,10,15.0,https://storage.googleapis.com/tm-zopsmart-uploads/originals/20200811/292056_1-20200811-060515.png
en,201344_EA,Amy's Pesto Tortellini Bowl Organic-9.5Z,Supermarket///Retail///Packaged Products,Amy's,,Pesto Tortellini Bowl Organic,45.95,45.95,9.5Z,9.5Z,10,15.0,https://storage.googleapis.com/tm-zopsmart-uploads/640/20240201/201344_1-20240201-080444.png
en,360426_CS,Tania Mineral Bottled Water-6 x 1.5L,Supermarket///Retail///Beverages,Tania,,,9.5,9.5,6 x 1.5L,6 x 1.5L,10,15.0,https://storage.googleapis.com/tm-zopsmart-uploads/320/20201101/360426_1-20201101-000851.png
en,330011_PAK,Lotus Caramelzd Biscuits-2×250G,Supermarket///Retail///Breakfast & Snacks,Lotus,,Caramelzd Biscuits,29.95,29.95,2×250G,2×250G,10,15.0,https://storage.googleapis.com/tm-zopsmart-uploads/1/images/640/20250126/3300111-20250126-120108.webp
en,238406_PAK,Britannia Cashew Cookies-8×81G,Supermarket///Retail///Breakfast & Snacks,Britannia,,Cashew Cookies,23.95,23.95,8×81G,8×81G,10,15.0,https://storage.googleapis.com/tm-zopsmart-uploads/320/20201101/238406_1-20201101-021006.png
en,238406_EA,Britannia Cashew Cookies-81G,Supermarket///Retail///Breakfast & Snacks,Britannia,,Cashew Cookies,2.95,2.95,81G,81G,10,15.0,https://storage.googleapis.com/tm-zopsmart-uploads/320/20201101/238406_1-20201101-021006.png
en,234676_EA,KC Bbq Sauce Original-18Z,Supermarket///Retail///Packaged Products,KC,,Bbq Sauce Original,15.95,15.95,18Z,18Z,10,15.0,https://storage.googleapis.com/tm-zopsmart-uploads/originals/20210805/234676_1-20210805-081751.png
en,359329_EA,Al Kabeer Mango Pulp-1000G,Supermarket///Retail///Fruits & Vegetables,Al Kabeer,,Mango Pulp,25.45,25.45,1000G,1000G,10,15.0,https://storage.googleapis.com/tm-zopsmart-uploads/320/20210502/359329_1-20210502-220016.png
en,337705_EA,Dilmah Green Tea Camaomile Flower-40G,Supermarket///Retail///Beverages,Dilmah,,Green Tea Camaomile Flower,20.95,20.95,40G,40G,10,15.0,https://storage.googleapis.com/tm-zopsmart-uploads/320/20231018/337705_1-20231018-120327.png
en,296283_EA,Bahlsen Waffle Minis-75G,Supermarket///Retail///Breakfast & Snacks,Bahlsen,,Waffle Minis,23.95,23.95,75G,75G,10,15.0,https://storage.googleapis.com/tm-zopsmart-uploads/320/20210429/296283_1-20210429-220025.png
en,235823_EA,American Garden Crushed Red Pepper-12Z,Fresh & Local///Nuts & Spices///Spices,American Garden,,Crushed Red Pepper,43.95,43.95,12Z,12Z,10,15.0,https://storage.googleapis.com/tm-zopsmart-uploads/320/20231018/235823_1-20231018-120342.png
en,373053_EA,Nivea Baby Head To Toe Shampoo & Bath With Calendula Extract-500Ml,Heath & Beauty///Health,Nivea,,Baby Head To Toe Shampoo & Bath With Calendula Extract,49.95,49.95,500Ml,500Ml,10,15.0,https://storage.googleapis.com/tm-zopsmart-uploads/320/20230912/373053_1-20230912-080046.png
en,373047_EA,Nivea Baby Delicate Caring Oil With Natural Almond Oil-200Ml,Heath & Beauty///Health,Nivea,,Baby Delicate Caring Oil With Natural Almond Oil,36.95,36.95,200Ml,200Ml,10,15.0,https://storage.googleapis.com/tm-zopsmart-uploads/320/20230912/373047_1-20230912-080739.png
en,335910_EA,Pasta Romana Romana Fresh Cappeletti Funghi-250G,Supermarket///Retail///Dairy,Pasta Romana,,Romana Fresh Cappeletti Funghi,33.95,33.95,250G,250G,10,15.0,https://storage.googleapis.com/tm-zopsmart-uploads/originals/20210711/335910_1-20210711-075051.png
en,335908_EA,Pasta Romana Cappelletti Cheese & Walnut-1PCS,Supermarket///Retail///Dairy,Pasta Romana,,Cappelletti Cheese & Walnut,33.95,33.95,1PCS,1PCS,10,15.0,https://storage.googleapis.com/tm-zopsmart-uploads/originals/20220315/335908_1-20220315-131828.png
en,371501_EA,Sainsbury's Organic Green Lentils-380G,Fresh & Local,Sainsbury's,,Organic Green Lentils,6.95,6.95,380G,380G,10,15.0,https://storage.googleapis.com/tm-zopsmart-uploads/640/20240201/371501_1-20240201-081308.png
en,371307_EA,Sainsbury's Cream Of Mushroom Soup-400G,Supermarket///Retail///Packaged Products,Sainsbury's,,Cream Of Mushroom Soup,6.95,6.95,400G,400G,10,15.0,https://storage.googleapis.com/tm-zopsmart-uploads/originals/20210712/371307_1-20210712-114636.png
en,371284_EA,Sainsbury's Mini Breadsticks-95G,Supermarket///Retail///Bakery,Sainsbury's,,Mini Breadsticks,8.95,8.95,95G,95G,10,15.0,https://storage.googleapis.com/tm-zopsmart-uploads/320/20210425/371284_1-20210425-100049.png
en,371165_EA,Sainsbury's Red Label Tea Bags-160 count,Supermarket///Retail///Beverages,Sainsbury's,,Red Label Tea Bags,25.95,25.95,160 count,160 count,10,15.0,https://storage.googleapis.com/tm-zopsmart-uploads/320/20210425/371165_1-20210425-100131.png
en,371058_EA,Sainsbury's Grissini Breadsticks-125G,Supermarket///Retail///Bakery,Sainsbury's,,Grissini Breadsticks,8.95,8.95,125G,125G,10,15.0,https://storage.googleapis.com/tm-zopsmart-uploads/320/20210425/371058_1-20210425-100227.png
en,371030_EA,Sainsbury's Balance Red Fruit-375G,Supermarket///Retail///Breakfast & Snacks,Sainsbury's,,Balance Red Fruit,29.95,29.95,375G,375G,10,15.0,https://storage.googleapis.com/tm-zopsmart-uploads/1/images/640/20240522/3710301-20240522-122046.webp
en,371020_EA,Sainsbury's Plant Pioneer Mince-500G,Supermarket///Retail///Packaged Products,Sainsbury's,,Plant Pioneer Mince,19.95,19.95,500G,500G,10,15.0,https://storage.googleapis.com/tm-zopsmart-uploads/640/20240117/371020_1-20240117-120407.png
en,370715_EA,Sainsbury's Sweet Pickle-295G,Supermarket///Retail///Packaged Products,Sainsbury's,,Sweet Pickle,9.95,9.95,295G,295G,10,15.0,https://storage.googleapis.com/tm-zopsmart-uploads/320/20210425/370715_1-20210425-100019.png
en,367561_EA,Almarai Pineapple With Orange And Grape Juice-200Ml,Supermarket///Retail///Beverages,Almarai,,Pineapple With Orange And Grape Juice,2.0,2.0,200Ml,200Ml,10,15.0,https://storage.googleapis.com/tm-zopsmart-uploads/originals/20220907/367561_1-20220907-140123.png
en,265078_EA,Hajdu Kashkawan Red Pepper Slice-125G,Supermarket///Retail///Cheese & Cold Cuts,Hajdu,,Kashkawan Red Pepper Slice,11.95,11.95,125G,125G,10,15.0,https://storage.googleapis.com/tm-zopsmart-uploads/320/20210422/265078_1-20210422-220535.png
en,229277_EA,Saudia Milk Full Cream  Powder-900G,Supermarket///Retail///Dairy,Saudia,,Milk Full Cream  Powder,49.95,49.95,900G,900G,10,15.0,https://storage.googleapis.com/tm-zopsmart-uploads/320/20210422/229277_1-20210422-220730.png
en,210856_EA,Nadec Puddy Vanilla Pudding-75G,Supermarket///Retail///Dairy,Nadec,,Puddy Vanilla Pudding,1.25,1.25,75G,75G,10,15.0,https://storage.googleapis.com/tm-zopsmart-uploads/1/images/640/20240820/2108561-20240820-122013.webp
en,210854_EA,Nadec Puddy Chocolate Pudding-75G,Supermarket///Retail///Dairy,Nadec,,Puddy Chocolate Pudding,1.25,1.25,75G,75G,10,15.0,https://storage.googleapis.com/tm-zopsmart-uploads/1/images/640/20240820/2108541-20240820-120843.webp
en,321863_EA,Al Safi Danone Fresh Orange Juice-180Ml,Supermarket///Retail///Beverages,Al Safi Danone,,Fresh Orange Juice,2.5,2.5,180Ml,180Ml,10,15.0,https://storage.googleapis.com/tm-zopsmart-uploads/320/20201101/321863_1-20201101-031744.png
en,356256_EA,Al Safi Danone Mozarella Cheese-500G,Supermarket///Retail///Cheese & Cold Cuts,Al Safi Danone,,Mozarella Cheese,30.95,30.95,500G,500G,10,15.0,https://storage.googleapis.com/tm-zopsmart-uploads/320/20201101/356256_1-20201101-011309.png
en,144409_EA,Mccain Vanilla Cake-510G,Supermarket///Retail///Breakfast & Snacks,Mccain,,,42.95,42.95,510G,510G,10,15.0,https://storage.googleapis.com/tm-zopsmart-uploads/2/images/originals/20240711/1444091-20240711-063708.webp
en,255964_EA,Coffee Mate Fat Free Hazelnut-32Z,Supermarket///Retail///Packaged Products,Coffee Mate,,Fat Free Hazelnut,53.95,53.95,32Z,32Z,10,15.0,https://storage.googleapis.com/tm-zopsmart-uploads/320/20201101/255964_1-20201101-031940.png
en,283675_EA," Laying Floppy Dogs-17""",Sports & Hobbies///Toys,,,Laying Floppy Dogs,53.95,53.95,"17""","17""",10,15.0,https://storage.googleapis.com/tm-zopsmart-uploads/320/20201031/283675_1-20201031-222654.png
en,229221_EA,Dettol Multi Purpose Cleaner With Pine-1.8L,Supermarket///Retail///Cleaning Products,Dettol,,Multi Purpose Cleaner With Pine,39.95,39.95,1.8L,1.8L,10,15.0,https://storage.googleapis.com/tm-zopsmart-uploads/320/20201101/229221_1-20201101-021646.png
en,360539_EA,Kellogg's Apple Jack Apple Cinnamon Cereal-10.1Z,Supermarket///Retail///Breakfast & Snacks,Kellogg's,,Apple Jack Apple Cinnamon Cereal,42.95,42.95,10.1Z,10.1Z,10,15.0,https://storage.googleapis.com/tm-zopsmart-uploads/originals/20210624/360539_1-20210624-062528.png
en,364792_EA,Safeway Food Storage Bags-38 count,Supermarket///Retail///Household Products,Safeway,,Food Storage Bags,16.95,16.95,38 count,38 count,10,15.0,https://storage.googleapis.com/tm-zopsmart-uploads/320/20210623/364792_1-20210623-100023.png
en,364791_EA,Safeway Food Storage Bag-28 count,Supermarket///Retail///Household Products,Safeway,,Food Storage Bag,18.95,18.95,28 count,28 count,10,15.0,https://storage.googleapis.com/tm-zopsmart-uploads/originals/20211012/364791_1-20211012-121743.png
en,364790_EA,Safeway Freezer Food Storage Bag-48 count,Supermarket///Retail///Household Products,Safeway,,Freezer Food Storage Bag,16.95,16.95,48 count,48 count,10,15.0,https://storage.googleapis.com/tm-zopsmart-uploads/320/20210623/364790_1-20210623-100258.png
en,364789_EA,Safeway Freezer Food Storage Bags-38 count,Supermarket///Retail///Household Products,Safeway,,Freezer Food Storage Bags,18.95,18.95,38 count,38 count,10,15.0,https://storage.googleapis.com/tm-zopsmart-uploads/320/20210623/364789_1-20210623-100335.png
en,379955_EA,Maxwell House Instant Coffee-190G,Supermarket///Retail///Beverages,Maxwell House,,Instant Coffee,49.95,49.95,190G,190G,10,15.0,https://storage.googleapis.com/tm-zopsmart-uploads/1/images/640/20240320/3799551-20240320-120921.webp
en,368131_EA,Mixa Sparkling 4G Juice-330Ml,Supermarket///Retail///Beverages,Mixa,,Sparkling 4G Juice,3.25,3.25,330Ml,330Ml,10,15.0,https://storage.googleapis.com/tm-zopsmart-uploads/320/20210607/368131_1-20210607-200052.png
en,368131_CS,Mixa Sparkling 4G Juice-24×330Ml,Supermarket///Retail///Beverages,Mixa,,Sparkling 4G Juice,72.95,72.95,24×330Ml,24×330Ml,10,15.0,https://storage.googleapis.com/tm-zopsmart-uploads/320/20210607/368131_1-20210607-200052.png
en,121769_EA,Fadeco Corniche Mango Ice Cream-1L,Supermarket///Retail///Breakfast & Snacks,Fadeco,,,22.5,22.5,1L,1L,10,15.0,https://storage.googleapis.com/tm-zopsmart-uploads/320/20231019/121769_1-20231019-125855.png
en,121726_EA,Fadeco Corniche Vanilla Ice Cream-1L,Supermarket///Retail///Breakfast & Snacks,Fadeco,,Corniche Vanilla Ice Cream,22.5,22.5,1L,1L,10,15.0,https://storage.googleapis.com/tm-zopsmart-uploads/320/20231019/121726_1-20231019-122838.png
en,279458_EA,Mr. BAR-B-Q Carbon Steel Deep Dish Griddle-1PCS,Home & Gardening///Gardenin///Tools,Mr. BAR-B-Q,,Carbon Steel Deep Dish Griddle,59.95,59.95,1PCS,1PCS,10,15.0,https://storage.googleapis.com/tm-zopsmart-uploads/320/20210526/279458_1-20210526-080009.png
en,376298_EA,Safeway O Organics Marjoram Leaves-0.4Z,Fresh & Local,Safeway,,O Organics Marjoram Leaves,9.95,9.95,0.4Z,0.4Z,10,15.0,https://storage.googleapis.com/tm-zopsmart-uploads/320/20210524/376298_1-20210524-220016.png
en,370724_EA,Sainsbury's Apple Juice-1L,Supermarket///Retail///Beverages,Sainsbury's,,Apple Juice,8.95,8.95,1L,1L,10,15.0,https://storage.googleapis.com/tm-zopsmart-uploads/320/20210503/370724_1-20210503-220235.png
en,371533_EA,Safeway French Vanilla Ice Cream Light-1.4L,Supermarket///Retail///Breakfast & Snacks,Safeway,,French Vanilla Ice Cream Light,36.95,36.95,1.4L,1.4L,10,15.0,https://storage.googleapis.com/tm-zopsmart-uploads/320/20210304/371533_1-20210304-080031.png
en,266430_EA,Safeway Butter Cooking Spray-6Z,Supermarket///Retail///Packaged Products,Safeway,,Butter Cooking Spray,14.95,14.95,6Z,6Z,10,15.0,https://storage.googleapis.com/tm-zopsmart-uploads/320/20210303/266430_1-20210303-100035.png
en,322449_EA,Langnese White Honey Mild & Creamy-500G,Supermarket///Retail///Breakfast & Snacks,Langnese,,White Honey Mild & Creamy,109.95,109.95,500G,500G,10,15.0,https://storage.googleapis.com/tm-zopsmart-uploads/320/20210217/322449_1-20210217-140441.png
en,318762_EA,Bigen Men Cream 101 Natural Black-1PCS,Heath & Beauty///Beauty///Hair Care,Bigen,,Men Cream 101 Natural Black,51.95,51.95,1PCS,1PCS,10,15.0,https://storage.googleapis.com/tm-zopsmart-uploads/originals/20210711/318762_1-20210711-063938.png
en,310361_EA,Starburst Fruity Chews Stick-45G,Supermarket///Retail///Breakfast & Snacks,Starburst,,Fruity Chews Stick,3.5,3.5,45G,45G,10,15.0,https://storage.googleapis.com/tm-zopsmart-uploads/originals/20210811/310361_1-20210811-092309.png
en,265054_EA,Hajdu Kashkawane Cheese With Red Pepper-200G,Supermarket///Retail///Cheese & Cold Cuts,Hajdu,,Kashkawane Cheese With Red Pepper,19.5,19.5,200G,200G,10,15.0,https://storage.googleapis.com/tm-zopsmart-uploads/originals/20211101/265054_1-20211101-081241.png
en,311855_EA,Gillette Blue Bag Disposable Razors-6PCS,Heath & Beauty///Beauty///Personal Grooming,Gillette,,Blue Bag Disposable Razors,49.95,49.95,6PCS,6PCS,10,15.0,https://storage.googleapis.com/tm-zopsmart-uploads/320/20220508/311855_1-20220508-085628.png
en,279457_EA,Mr. BAR-B-Q Non-Stick Corn On Cob Grilling Basket-1PCS,Home & Gardening///Gardenin///Tools,Mr. BAR-B-Q,,Non-Stick Corn On Cob Grilling Basket,34.95,34.95,1PCS,1PCS,10,15.0,https://storage.googleapis.com/tm-zopsmart-uploads/320/20201101/279457_1-20201101-005716.png
en,279447_EA, Non-Stick Jumbo Tong-1PCS,Home & Gardening///Gardenin///Tools,,,Non-Stick Jumbo Tong,14.95,14.95,1PCS,1PCS,10,15.0,https://storage.googleapis.com/tm-zopsmart-uploads/320/20201101/279447_1-20201101-000947.png
en,360187_EA,Sunstar Soft Toothbrush For Kids 3-6 Years-1PCS,Supermarket///Retail///Care And Hygiene,Sunstar,,Soft Toothbrush For Kids 3-6 Years,20.5,20.5,1PCS,1PCS,10,15.0,https://storage.googleapis.com/tm-zopsmart-uploads/320/20201101/360187_1-20201101-001824.png
en,324565_EA,Sensodyne Repair & Protect Toothbrush-1PCS,Supermarket///Retail///Care And Hygiene,Sensodyne,,Repair & Protect Toothbrush,33.95,33.95,1PCS,1PCS,10,15.0,https://storage.googleapis.com/tm-zopsmart-uploads/320/20201031/324565_1-20201031-232556.png
en,172696_EA,Al Kabeer Quail Frozen-600G,Fresh & Local,Al Kabeer,,Quail Frozen,32.25,32.25,600G,600G,10,15.0,https://storage.googleapis.com/tm-zopsmart-uploads/320/20231019/172696_1-20231019-125928.png
en,343959_EA,Sairo Bath Gel Cucumber-750Ml,Heath & Beauty///Beauty///Personal Grooming,Sairo,,Bath Gel Cucumber,14.5,14.5,750Ml,750Ml,10,15.0,https://storage.googleapis.com/tm-zopsmart-uploads/320/20201101/343959_1-20201101-005835.png
en,221587_EA,Yamama Orange Blossom Water-300Ml,Supermarket///Retail///Packaged Products,Yamama,,Orange Blossom Water,9.95,9.95,300Ml,300Ml,10,15.0,https://storage.googleapis.com/tm-zopsmart-uploads/320/20201101/221587_1-20201101-002806.png
en,365793_EA,Labello Hot Pink Crayon Lipstick-3G,Heath & Beauty///Beauty///Make up,Labello,,Hot Pink Crayon Lipstick,33.95,33.95,3G,3G,10,15.0,https://storage.googleapis.com/tm-zopsmart-uploads/320/20230912/365793_1-20230912-080040.png
en,223868_EA,General Mills Cookie Crisp Chocolate Chip Cereal-11.25Z,Supermarket///Retail///Breakfast & Snacks,General Mills,,Cookie Crisp Chocolate Chip Cereal,37.95,37.95,11.25Z,11.25Z,10,15.0,https://storage.googleapis.com/tm-zopsmart-uploads/320/20201101/223868_1-20201101-022016.png
en,332747_PAK,Veet Wax Strips-2x20 count,Heath & Beauty///Beauty///Personal Grooming,Veet,,Wax Strips,105.75,105.75,2x20 count,2x20 count,10,15.0,https://storage.googleapis.com/tm-zopsmart-uploads/320/20201031/332747_1-20201031-230753.png
en,292681_EA,Loreal Elnett Satin Hair Spray Super Hold-400Ml,Supermarket///Retail///Packaged Products,Loreal,,Elnett Satin Hair Spray Super Hold,74.95,74.95,400Ml,400Ml,10,15.0,https://storage.googleapis.com/tm-zopsmart-uploads/320/20201101/292681_1-20201101-001622.png
en,298019_EA,Mr Krisps Twist Salted Potato-75G,Fresh & Local///Nuts & Spices///Mixed Nuts,Mr Krisps,,Twist Salted Potato,9.95,9.95,75G,75G,10,15.0,https://storage.googleapis.com/tm-zopsmart-uploads/320/20201101/298019_1-20201101-000158.png
en,105799_EA,Twinings Earl Grey Tea-200G,Supermarket///Retail///Beverages,Twinings,,Earl Grey Tea,54.95,54.95,200G,200G,10,15.0,https://storage.googleapis.com/tm-zopsmart-uploads/320/20231019/105799_1-20231019-122840.png
en,364251_EA,Peopo Bottle Mochaccino Coffee-240Ml,Supermarket///Retail///Dairy,Peopo,,Bottle Mochaccino Coffee,8.2,8.2,240Ml,240Ml,10,15.0,https://storage.googleapis.com/tm-zopsmart-uploads/320/20201101/364251_1-20201101-022329.png
en,121900_EA,Baskin Robbins Ice Cream Strawberry-2L,Supermarket///Retail///Breakfast & Snacks,Baskin Robbins,,Ice Cream Strawberry,69.95,69.95,2L,2L,10,15.0,https://storage.googleapis.com/tm-zopsmart-uploads/320/20231019/121900_1-20231019-122737.png
en,359195_EA,Afia Extra Virgin Olive Oil With Basil-250Ml,Supermarket///Retail///Packaged Products,Afia,,Extra Virgin Olive Oil With Basil,26.95,26.95,250Ml,250Ml,10,15.0,https://storage.googleapis.com/tm-zopsmart-uploads/320/20201101/359195_1-20201101-011124.png
en,359194_EA,Afia Extra Virgin Olive Oil With Chili-250Ml,Supermarket///Retail///Packaged Products,Afia,,Extra Virgin Olive Oil With Chili,27.95,27.95,250Ml,250Ml,10,15.0,https://storage.googleapis.com/tm-zopsmart-uploads/320/20201101/359194_1-20201101-003040.png
en,135471_EA,Lindt Dark Lindor Chocolate-100G,Supermarket///Retail///Breakfast & Snacks,Lindt,,Dark Lindor Chocolate,28.5,28.5,100G,100G,10,15.0,https://storage.googleapis.com/tm-zopsmart-uploads/320/20231019/135471_1-20231019-131534.png
en,104829_EA,Lindt Lindt Lindor Milk Chocolate-100G,Supermarket///Retail///Breakfast & Snacks,Lindt,,Lindt Lindor Milk Chocolate,28.5,28.5,100G,100G,10,15.0,https://storage.googleapis.com/tm-zopsmart-uploads/320/20231019/104829_1-20231019-125601.png
en,328599_EA,Ragu Garlic And Onion Tomato Paste-14Z,Supermarket///Retail///Packaged Products,Ragu,,Garlic And Onion Tomato Paste,14.95,14.95,14Z,14Z,10,15.0,https://storage.googleapis.com/tm-zopsmart-uploads/originals/20210803/328599_1-20210803-121728.png
en,269871_EA,Coopoliva Whole Black Olives-450G,Supermarket///Retail///Packaged Products,Coopoliva,,Whole Black Olives,13.75,13.75,450G,450G,10,15.0,https://storage.googleapis.com/tm-zopsmart-uploads/320/20201101/269871_1-20201101-024654.png
en,203551_EA,Baskin Robbins Jamoca Ice Cream-500Ml,Supermarket///Retail///Breakfast & Snacks,Baskin Robbins,,Jamoca Ice Cream,28.75,28.75,500Ml,500Ml,10,15.0,https://storage.googleapis.com/tm-zopsmart-uploads/320/20201031/203551_1-20201031-203609.png
en,279461_EA, Charcoal Chimney Starter 11 Inch-1PCS,Home & Gardening///Gardenin///Tools,,,Charcoal Chimney Starter 11 Inch,47.95,47.95,1PCS,1PCS,10,15.0,https://storage.googleapis.com/tm-zopsmart-uploads/320/20201101/279461_1-20201101-023054.png
en,230616_EA,Freshly Cocoa Sugar-14Z,Supermarket///Retail///Packaged Products,Freshly,,Cocoa Sugar,15.95,15.95,14Z,14Z,10,15.0,https://storage.googleapis.com/tm-zopsmart-uploads/320/20201031/230616_1-20201031-223309.png
en,230614_EA,Freshly Cinnamon Sticks-2.5Z,Fresh & Local///Nuts & Spices///Spices,Freshly,,Cinnamon Sticks,16.5,16.5,2.5Z,2.5Z,10,15.0,https://storage.googleapis.com/tm-zopsmart-uploads/320/20201101/230614_1-20201101-030721.png
en,373086_EA,Tamimi Markets Since 1979 Charcoal Briquettes-4Kg,Home & Gardening///Gardenin///Tools,Tamimi Markets Since 1979,,Charcoal Briquettes,30.95,30.95,4Kg,4Kg,10,15.0,https://storage.googleapis.com/tm-zopsmart-uploads/originals/20230117/373086_1-20230117-150647.png
en,169941_EA,Mehran Kasuri Methi Leaves-50G,Fresh & Local///Nuts & Spices///Spices,Mehran,,Kasuri Methi Leaves,3.75,3.75,50G,50G,10,15.0,https://storage.googleapis.com/tm-zopsmart-uploads/320/20231019/169941_1-20231019-123209.png
en,364804_EA,Safeway Signature Select Coated Paper Plates-50 count,Supermarket///Retail///Household Products,Safeway,,Signature Select Coated Paper Plates,39.95,39.95,50 count,50 count,10,15.0,https://storage.googleapis.com/tm-zopsmart-uploads/320/20201101/364804_1-20201101-011440.png
en,364760_EA, Tool Set-1PCS,Home & Gardening///Gardenin///Tools,,,Tool Set,34.95,34.95,1PCS,1PCS,10,15.0,https://storage.googleapis.com/tm-zopsmart-uploads/originals/20211014/364760_1-20211014-125837.png
en,248360_EA,Alosra Coarse Sugar-5Kg,Supermarket///Retail///Packaged Products,Alosra,,Coarse Sugar,25.95,25.95,5Kg,5Kg,10,15.0,https://storage.googleapis.com/tm-zopsmart-uploads/originals/20230912/248360_1-20230912-073042.png
en,173150_EA,Galaxy Dove Vanilla Ice Cream With Milk Chocolate-2.89Z,Supermarket///Retail///Breakfast & Snacks,Galaxy,,Dove Vanilla Ice Cream With Milk Chocolate,16.95,16.95,2.89Z,2.89Z,10,15.0,https://storage.googleapis.com/tm-zopsmart-uploads/320/20231019/173150_1-20231019-120237.png
en,266862_EA,Safeway Signature Select Variety Pack Instant Oatmeal-13.5Z,Supermarket///Retail///Breakfast & Snacks,Safeway,,Signature Select Variety Pack Instant Oatmeal,19.95,19.95,13.5Z,13.5Z,10,15.0,https://storage.googleapis.com/tm-zopsmart-uploads/320/20201101/266862_1-20201101-003038.png
en,169025_EA,Christis Halloumi Cheese-225G,Supermarket///Retail///Cheese & Cold Cuts,Christis,,Halloumi Cheese,19.95,19.95,225G,225G,10,15.0,https://storage.googleapis.com/tm-zopsmart-uploads/320/20231019/169025_1-20231019-121336.png
en,118882_EA,Hajdu Kashkawan Cheese-350G,Supermarket///Retail///Cheese & Cold Cuts,Hajdu,,Kashkawan Cheese,31.5,31.5,350G,350G,10,15.0,https://storage.googleapis.com/tm-zopsmart-uploads/320/20231019/118882_1-20231019-123714.png
en,377043_EA,Oral B Sensitivity & Gum Whitening Toothpaste-75Ml,Supermarket///Retail///Care And Hygiene,Oral B,,Sensitivity & Gum Whitening Toothpaste,38.95,38.95,75Ml,75Ml,10,15.0,https://storage.googleapis.com/tm-zopsmart-uploads/320/20210211/377043_1-20210211-140023.png
en,113077_EA,Jolly Time Butter Licious Popcorn-298G,Fresh & Local///Nuts & Spices///Mixed Nuts,Jolly Time,,Butter Licious Popcorn,17.95,17.95,298G,298G,10,15.0,https://storage.googleapis.com/tm-zopsmart-uploads/320/20231019/113077_1-20231019-133521.png
en,193458_EA,Nada Pineapple Juice-300Ml,Supermarket///Retail///Beverages,Nada,,Pineapple Juice,3.25,3.25,300Ml,300Ml,10,15.0,https://storage.googleapis.com/tm-zopsmart-uploads/originals/20230405/193458_1-20230405-112433.png
en,320521_EA,Ecomil Coconut Sugar Free Milk-1L,Fresh & Local,Ecomil,,Coconut Sugar Free Milk,22.95,22.95,1L,1L,10,15.0,https://storage.googleapis.com/tm-zopsmart-uploads/320/20200429/320521_1-20200429-100046.png
en,250013_EA,Nada Tropical Juice-300Ml,Supermarket///Retail///Beverages,Nada,,Tropical Juice,3.25,3.25,300Ml,300Ml,10,15.0,https://storage.googleapis.com/tm-zopsmart-uploads/originals/20230405/250013_1-20230405-083804.png
en,241077_EA,Nada Guava Juice-300Ml,Supermarket///Retail///Beverages,Nada,,Guava Juice,3.25,3.25,300Ml,300Ml,10,15.0,https://storage.googleapis.com/tm-zopsmart-uploads/originals/20230405/241077_1-20230405-114838.png
en,309808_EA,Nada Tropical Cocktail Juice-200Ml,Supermarket///Retail///Beverages,Nada,,Tropical Cocktail Juice,2.15,2.15,200Ml,200Ml,10,15.0,https://storage.googleapis.com/tm-zopsmart-uploads/320/20220127/309808_1-20220127-140134.png
en,328931_PAK,Monte Carlo Cigarettes Silver-1Pack,Supermarket///Retail,Monte Carlo,,Cigarettes Silver,18.0,18.0,1Pack,1Pack,10,15.0,https://storage.googleapis.com/tm-zopsmart-uploads/320/20201101/328931_1-20201101-001439.png
en,165287_PAK,Monte Carlo Cigarettes Red King Size-1Pack,Supermarket///Retail,Monte Carlo,,Cigarettes Red King Size,18.0,18.0,1Pack,1Pack,10,15.0,https://storage.googleapis.com/tm-zopsmart-uploads/320/20231019/165287_1-20231019-133224.png
en,315220_PAK,Monte Carlo Cigarettes Blue-1Pack,Supermarket///Retail,Monte Carlo,,Cigarettes Blue,18.0,18.0,1Pack,1Pack,10,15.0,https://storage.googleapis.com/tm-zopsmart-uploads/320/20201101/315220_1-20201101-023507.png
en,111035_EA,Foster Clark's Rose Flavor-28ML,Supermarket///Retail///Packaged Products,Foster Clark's,,Rose Flavor,3.75,3.75,28ML,28ML,10,15.0,https://storage.googleapis.com/tm-zopsmart-uploads/320/20231019/111035_1-20231019-125226.png
en,104782_EA,Foster Clark's Bicarbonate Soda-100G,Supermarket///Retail///Packaged Products,Foster Clark's,,Bicarbonate Soda,3.5,3.5,100G,100G,10,15.0,https://storage.googleapis.com/tm-zopsmart-uploads/320/20231019/104782_1-20231019-133115.png
en,315147_EA,Glade Automatic Air Freshener Spray Holder With Scented Morning Freshness Refill Starter Kit-269Ml,Supermarket///Retail///Household Products,Glade,,,72.5,72.5,269Ml,269Ml,10,15.0,https://storage.googleapis.com/tm-zopsmart-uploads/1/images/640/20240314/3151471-20240314-122757.webp
en,330895_EA,Kitchen Classic Mixing Bowl-1PCS,Home & Gardening///Home///Kitchen Items,Kitchen Classic,,Mixing Bowl,21.95,21.95,1PCS,1PCS,10,15.0,https://storage.googleapis.com/tm-zopsmart-uploads/320/20210413/330895_1-20210413-080144.png
en,335589_EA,Earthbound Farm Organic Mango Chunks-2Lb,Supermarket///Retail///Fruits & Vegetables,Earthbound Farm,,Organic Mango Chunks,65.95,65.95,2Lb,2Lb,10,15.0,https://storage.googleapis.com/tm-zopsmart-uploads/640/20240201/335589_1-20240201-080039.png
en,272427_EA,Mccormic Grinder Italian Herb-0.77Z,Fresh & Local///Nuts & Spices///Spices,Mccormic,,Grinder Italian Herb,16.95,16.95,0.77Z,0.77Z,10,15.0,https://storage.googleapis.com/tm-zopsmart-uploads/320/20210402/272427_1-20210402-200213.png
en,204480_EA,Mccormic Mexican Seasoning Guacamole-1Z,Fresh & Local///Nuts & Spices///Spices,Mccormic,,Mexican Seasoning Guacamole,8.95,8.95,1Z,1Z,10,15.0,https://storage.googleapis.com/tm-zopsmart-uploads/320/20210330/204480_1-20210330-220156.png
en,251205_EA,Dettol Multi Purpose Cleaner Green Apple-1.8L,Supermarket///Retail///Cleaning Products,Dettol,,Multi Purpose Cleaner Green Apple,39.95,39.95,1.8L,1.8L,10,15.0,https://storage.googleapis.com/tm-zopsmart-uploads/320/20210419/251205_1-20210419-100130.png
en,371545_EA,Safeway O Organics Fruit Bars Mango-435Ml,Supermarket///Retail///Breakfast & Snacks,Safeway,,O Organics Fruit Bars Mango,23.95,23.95,435Ml,435Ml,10,15.0,https://storage.googleapis.com/tm-zopsmart-uploads/640/20240201/371545_1-20240201-081123.png
en,371550_EA,Sensodyne Herbal Multi Care Toothpaste-100Ml,Supermarket///Retail///Care And Hygiene,Sensodyne,,Herbal Multi Care Toothpaste,42.5,42.5,100Ml,100Ml,10,15.0,https://storage.googleapis.com/tm-zopsmart-uploads/320/20201101/371550_1-20201101-004532.png
en,321574_EA,House Food Tofu-14Z,Supermarket///Retail///Bakery,House Food,,Tofu,18.95,18.95,14Z,14Z,10,15.0,https://storage.googleapis.com/tm-zopsmart-uploads/320/20201101/321574_1-20201101-020329.png
en,370885_EA,Safeway Signature Select Sliced Strawberries & Bananas-16Z,Supermarket///Retail///Fruits & Vegetables,Safeway,,Signature Select Sliced Strawberries & Bananas,23.95,23.95,16Z,16Z,10,15.0,https://storage.googleapis.com/tm-zopsmart-uploads/320/20201101/370885_1-20201101-024936.png
en,369180_EA,Safeway O Organics Organic Coconut Flour-16Z,Fresh & Local,Safeway,,O Organics Organic Coconut Flour,19.95,19.95,16Z,16Z,10,15.0,https://storage.googleapis.com/tm-zopsmart-uploads/320/20201101/369180_1-20201101-004250.png
en,366662_EA,Safeway Signature Select Kung Pao Sauce-11.8FZ,Supermarket///Retail///Packaged Products,Safeway,,Signature Select Kung Pao Sauce,26.95,26.95,11.8FZ,11.8FZ,10,15.0,https://storage.googleapis.com/tm-zopsmart-uploads/320/20201101/366662_1-20201101-015418.png
en,266790_EA,Safeway Signature Select Storage Bag-22 count,Supermarket///Retail///Household Products,Safeway,,Signature Select Storage Bag,9.95,9.95,22 count,22 count,10,15.0,https://storage.googleapis.com/tm-zopsmart-uploads/320/20201101/266790_1-20201101-021801.png
en,266788_EA,Safeway Signature Select Storage Bag-17 count,Supermarket///Retail///Household Products,Safeway,,Signature Select Storage Bag,11.95,11.95,17 count,17 count,10,15.0,https://storage.googleapis.com/tm-zopsmart-uploads/320/20201101/266788_1-20201101-024932.png
en,266669_EA,Safeway Signature Select Jumbo Cups-12 count,Supermarket///Retail///Breakfast & Snacks,Safeway,,Signature Select Jumbo Cups,15.95,15.95,12 count,12 count,10,15.0,https://storage.googleapis.com/tm-zopsmart-uploads/320/20201101/266669_1-20201101-021732.png
en,266203_EA,Safeway Signature Select Toasted Flakes Of Corn Cereal-18Z,Supermarket///Retail///Breakfast & Snacks,Safeway,,Signature Select Toasted Flakes Of Corn Cereal,28.95,28.95,18Z,18Z,10,15.0,https://storage.googleapis.com/tm-zopsmart-uploads/320/20201031/266203_1-20201031-221741.png
en,215502_EA,Safeway Signature Select Powdered Sugar-16Z,Supermarket///Retail///Packaged Products,Safeway,,Signature Select Powdered Sugar,11.95,11.95,16Z,16Z,10,15.0,https://storage.googleapis.com/tm-zopsmart-uploads/320/20201031/215502_1-20201031-234408.png
en,340939_EA,Amy's Roasted Poblano Frozen Enchilada-9.1Z,Supermarket///Retail///Packaged Products,Amy's,,Roasted Poblano Frozen Enchilada,36.95,36.95,9.1Z,9.1Z,10,15.0,https://storage.googleapis.com/tm-zopsmart-uploads/originals/20200811/340939_1-20200811-055717.png
en,334861_EA,Amy's Ravioli Bowl Organic-9.5Z,Supermarket///Retail///Packaged Products,Amy's,,Ravioli Bowl Organic,39.95,39.95,9.5Z,9.5Z,10,15.0,https://storage.googleapis.com/tm-zopsmart-uploads/originals/20211007/334861_1-20211007-124759.png
en,334860_EA,Amy's Broccoli & Cheddar Bake Bowl-9.5Z,Supermarket///Retail///Packaged Products,Amy's,,Broccoli & Cheddar Bake Bowl,39.95,39.95,9.5Z,9.5Z,10,15.0,https://storage.googleapis.com/tm-zopsmart-uploads/originals/20200811/334860_1-20200811-060031.png
en,334850_EA,Amy's Cheese Pizza-13Z,Supermarket///Retail///Packaged Products,Amy's,,Cheese Pizza,68.95,68.95,13Z,13Z,10,15.0,https://storage.googleapis.com/tm-zopsmart-uploads/originals/20200811/334850_1-20200811-060123.png
en,292084_EA,Amy's Margherita-13z,Supermarket///Retail///Packaged Products,Amy's,,Margherita,68.95,68.95,13z,13z,10,15.0,https://storage.googleapis.com/tm-zopsmart-uploads/originals/20200811/292084_1-20200811-055559.png
en,292056_EA,Amy's Organic Chili Light In Sodium Medium-14.7Z,Fresh & Local,Amy's,,Organic Chili Light In Sodium Medium,26.95,26.95,14.7Z,14.7Z,10,15.0,https://storage.googleapis.com/tm-zopsmart-uploads/originals/20200811/292056_1-20200811-060515.png
en,201344_EA,Amy's Pesto Tortellini Bowl Organic-9.5Z,Supermarket///Retail///Packaged Products,Amy's,,Pesto Tortellini Bowl Organic,45.95,45.95,9.5Z,9.5Z,10,15.0,https://storage.googleapis.com/tm-zopsmart-uploads/640/20240201/201344_1-20240201-080444.png
en,360426_CS,Tania Mineral Bottled Water-6 x 1.5L,Supermarket///Retail///Beverages,Tania,,,9.5,9.5,6 x 1.5L,6 x 1.5L,10,15.0,https://storage.googleapis.com/tm-zopsmart-uploads/320/20201101/360426_1-20201101-000851.png
en,330011_PAK,Lotus Caramelzd Biscuits-2×250G,Supermarket///Retail///Breakfast & Snacks,Lotus,,Caramelzd Biscuits,29.95,29.95,2×250G,2×250G,10,15.0,https://storage.googleapis.com/tm-zopsmart-uploads/1/images/640/20250126/3300111-20250126-120108.webp
en,238406_PAK,Britannia Cashew Cookies-8×81G,Supermarket///Retail///Breakfast & Snacks,Britannia,,Cashew Cookies,23.95,23.95,8×81G,8×81G,10,15.0,https://storage.googleapis.com/tm-zopsmart-uploads/320/20201101/238406_1-20201101-021006.png
en,238406_EA,Britannia Cashew Cookies-81G,Supermarket///Retail///Breakfast & Snacks,Britannia,,Cashew Cookies,2.95,2.95,81G,81G,10,15.0,https://storage.googleapis.com/tm-zopsmart-uploads/320/20201101/238406_1-20201101-021006.png
en,309915_EA,Starbucks Caramel Frappuccino-250ML,Supermarket///Retail///Dairy,Starbucks,,Caramel Frappuccino,11.95,11.95,250ML,250ML,10,15.0,https://storage.googleapis.com/tm-zopsmart-uploads/320/20201031/309915_1-20201031-225226.png
en,198977_EA,Nestle Cinnamon Grahams-375G,Supermarket///Retail///Breakfast & Snacks,Nestle,,Cinnamon Grahams,33.5,33.5,375G,375G,10,15.0,https://storage.googleapis.com/tm-zopsmart-uploads/320/20201031/198977_1-20201031-213834.png
en,238204_EA,Big babol Tutti Fruti Flavour Filifolly Cotton Candy Bubble Gum-11G,Supermarket///Retail///Breakfast & Snacks,Big babol,,Tutti Fruti Flavour Filifolly Cotton Candy Bubble Gum,2.75,2.75,11G,11G,10,15.0,https://storage.googleapis.com/tm-zopsmart-uploads/320/20201031/238204_1-20201031-224839.png
en,152932_EA,Caprice Wafers Cappuccino-250G,Supermarket///Retail///Breakfast & Snacks,Caprice,,Wafers Cappuccino,24.95,24.95,250G,250G,10,15.0,https://storage.googleapis.com/tm-zopsmart-uploads/320/20231019/152932_1-20231019-122211.png
en,240640_EA,Werthers Original Creamy Coffee-125G,Supermarket///Retail///Breakfast & Snacks,Werthers,,Original Creamy Coffee,11.95,11.95,125G,125G,10,15.0,https://storage.googleapis.com/tm-zopsmart-uploads/originals/20210805/240640_1-20210805-084109.png
en,234676_EA,KC Bbq Sauce Original-18Z,Supermarket///Retail///Packaged Products,KC,,Bbq Sauce Original,15.95,15.95,18Z,18Z,10,15.0,https://storage.googleapis.com/tm-zopsmart-uploads/originals/20210805/234676_1-20210805-081751.png
en,359329_EA,Al Kabeer Mango Pulp-1000G,Supermarket///Retail///Fruits & Vegetables,Al Kabeer,,Mango Pulp,25.45,25.45,1000G,1000G,10,15.0,https://storage.googleapis.com/tm-zopsmart-uploads/320/20210502/359329_1-20210502-220016.png
en,337705_EA,Dilmah Green Tea Camaomile Flower-40G,Supermarket///Retail///Beverages,Dilmah,,Green Tea Camaomile Flower,20.95,20.95,40G,40G,10,15.0,https://storage.googleapis.com/tm-zopsmart-uploads/320/20231018/337705_1-20231018-120327.png
en,296283_EA,Bahlsen Waffle Minis-75G,Supermarket///Retail///Breakfast & Snacks,Bahlsen,,Waffle Minis,23.95,23.95,75G,75G,10,15.0,https://storage.googleapis.com/tm-zopsmart-uploads/320/20210429/296283_1-20210429-220025.png
en,235823_EA,American Garden Crushed Red Pepper-12Z,Fresh & Local///Nuts & Spices///Spices,American Garden,,Crushed Red Pepper,43.95,43.95,12Z,12Z,10,15.0,https://storage.googleapis.com/tm-zopsmart-uploads/320/20231018/235823_1-20231018-120342.png
en,373053_EA,Nivea Baby Head To Toe Shampoo & Bath With Calendula Extract-500Ml,Heath & Beauty///Health,Nivea,,Baby Head To Toe Shampoo & Bath With Calendula Extract,49.95,49.95,500Ml,500Ml,10,15.0,https://storage.googleapis.com/tm-zopsmart-uploads/320/20230912/373053_1-20230912-080046.png
en,373047_EA,Nivea Baby Delicate Caring Oil With Natural Almond Oil-200Ml,Heath & Beauty///Health,Nivea,,Baby Delicate Caring Oil With Natural Almond Oil,36.95,36.95,200Ml,200Ml,10,15.0,https://storage.googleapis.com/tm-zopsmart-uploads/320/20230912/373047_1-20230912-080739.png
en,335910_EA,Pasta Romana Romana Fresh Cappeletti Funghi-250G,Supermarket///Retail///Dairy,Pasta Romana,,Romana Fresh Cappeletti Funghi,33.95,33.95,250G,250G,10,15.0,https://storage.googleapis.com/tm-zopsmart-uploads/originals/20210711/335910_1-20210711-075051.png
en,335908_EA,Pasta Romana Cappelletti Cheese & Walnut-1PCS,Supermarket///Retail///Dairy,Pasta Romana,,Cappelletti Cheese & Walnut,33.95,33.95,1PCS,1PCS,10,15.0,https://storage.googleapis.com/tm-zopsmart-uploads/originals/20220315/335908_1-20220315-131828.png
en,371501_EA,Sainsbury's Organic Green Lentils-380G,Fresh & Local,Sainsbury's,,Organic Green Lentils,6.95,6.95,380G,380G,10,15.0,https://storage.googleapis.com/tm-zopsmart-uploads/640/20240201/371501_1-20240201-081308.png
en,371307_EA,Sainsbury's Cream Of Mushroom Soup-400G,Supermarket///Retail///Packaged Products,Sainsbury's,,Cream Of Mushroom Soup,6.95,6.95,400G,400G,10,15.0,https://storage.googleapis.com/tm-zopsmart-uploads/originals/20210712/371307_1-20210712-114636.png
en,371284_EA,Sainsbury's Mini Breadsticks-95G,Supermarket///Retail///Bakery,Sainsbury's,,Mini Breadsticks,8.95,8.95,95G,95G,10,15.0,https://storage.googleapis.com/tm-zopsmart-uploads/320/20210425/371284_1-20210425-100049.png
en,371165_EA,Sainsbury's Red Label Tea Bags-160 count,Supermarket///Retail///Beverages,Sainsbury's,,Red Label Tea Bags,25.95,25.95,160 count,160 count,10,15.0,https://storage.googleapis.com/tm-zopsmart-uploads/320/20210425/371165_1-20210425-100131.png
en,371058_EA,Sainsbury's Grissini Breadsticks-125G,Supermarket///Retail///Bakery,Sainsbury's,,Grissini Breadsticks,8.95,8.95,125G,125G,10,15.0,https://storage.googleapis.com/tm-zopsmart-uploads/320/20210425/371058_1-20210425-100227.png
en,371030_EA,Sainsbury's Balance Red Fruit-375G,Supermarket///Retail///Breakfast & Snacks,Sainsbury's,,Balance Red Fruit,29.95,29.95,375G,375G,10,15.0,https://storage.googleapis.com/tm-zopsmart-uploads/1/images/640/20240522/3710301-20240522-122046.webp
en,371020_EA,Sainsbury's Plant Pioneer Mince-500G,Supermarket///Retail///Packaged Products,Sainsbury's,,Plant Pioneer Mince,19.95,19.95,500G,500G,10,15.0,https://storage.googleapis.com/tm-zopsmart-uploads/640/20240117/371020_1-20240117-120407.png
en,370715_EA,Sainsbury's Sweet Pickle-295G,Supermarket///Retail///Packaged Products,Sainsbury's,,Sweet Pickle,9.95,9.95,295G,295G,10,15.0,https://storage.googleapis.com/tm-zopsmart-uploads/320/20210425/370715_1-20210425-100019.png
en,367561_EA,Almarai Pineapple With Orange And Grape Juice-200Ml,Supermarket///Retail///Beverages,Almarai,,Pineapple With Orange And Grape Juice,2.0,2.0,200Ml,200Ml,10,15.0,https://storage.googleapis.com/tm-zopsmart-uploads/originals/20220907/367561_1-20220907-140123.png
en,265078_EA,Hajdu Kashkawan Red Pepper Slice-125G,Supermarket///Retail///Cheese & Cold Cuts,Hajdu,,Kashkawan Red Pepper Slice,11.95,11.95,125G,125G,10,15.0,https://storage.googleapis.com/tm-zopsmart-uploads/320/20210422/265078_1-20210422-220535.png
en,229277_EA,Saudia Milk Full Cream  Powder-900G,Supermarket///Retail///Dairy,Saudia,,Milk Full Cream  Powder,49.95,49.95,900G,900G,10,15.0,https://storage.googleapis.com/tm-zopsmart-uploads/320/20210422/229277_1-20210422-220730.png
en,210856_EA,Nadec Puddy Vanilla Pudding-75G,Supermarket///Retail///Dairy,Nadec,,Puddy Vanilla Pudding,1.25,1.25,75G,75G,10,15.0,https://storage.googleapis.com/tm-zopsmart-uploads/1/images/640/20240820/2108561-20240820-122013.webp
en,210854_EA,Nadec Puddy Chocolate Pudding-75G,Supermarket///Retail///Dairy,Nadec,,Puddy Chocolate Pudding,1.25,1.25,75G,75G,10,15.0,https://storage.googleapis.com/tm-zopsmart-uploads/1/images/640/20240820/2108541-20240820-120843.webp
en,321863_EA,Al Safi Danone Fresh Orange Juice-180Ml,Supermarket///Retail///Beverages,Al Safi Danone,,Fresh Orange Juice,2.5,2.5,180Ml,180Ml,10,15.0,https://storage.googleapis.com/tm-zopsmart-uploads/320/20201101/321863_1-20201101-031744.png
en,356256_EA,Al Safi Danone Mozarella Cheese-500G,Supermarket///Retail///Cheese & Cold Cuts,Al Safi Danone,,Mozarella Cheese,30.95,30.95,500G,500G,10,15.0,https://storage.googleapis.com/tm-zopsmart-uploads/320/20201101/356256_1-20201101-011309.png
en,144409_EA,Mccain Vanilla Cake-510G,Supermarket///Retail///Breakfast & Snacks,Mccain,,,42.95,42.95,510G,510G,10,15.0,https://storage.googleapis.com/tm-zopsmart-uploads/2/images/originals/20240711/1444091-20240711-063708.webp
en,255964_EA,Coffee Mate Fat Free Hazelnut-32Z,Supermarket///Retail///Packaged Products,Coffee Mate,,Fat Free Hazelnut,53.95,53.95,32Z,32Z,10,15.0,https://storage.googleapis.com/tm-zopsmart-uploads/320/20201101/255964_1-20201101-031940.png
en,283675_EA," Laying Floppy Dogs-17""",Sports & Hobbies///Toys,,,Laying Floppy Dogs,53.95,53.95,"17""","17""",10,15.0,https://storage.googleapis.com/tm-zopsmart-uploads/320/20201031/283675_1-20201031-222654.png
en,229221_EA,Dettol Multi Purpose Cleaner With Pine-1.8L,Supermarket///Retail///Cleaning Products,Dettol,,Multi Purpose Cleaner With Pine,39.95,39.95,1.8L,1.8L,10,15.0,https://storage.googleapis.com/tm-zopsmart-uploads/320/20201101/229221_1-20201101-021646.png
en,374715_EA,Fonte Potato Hot Dog Bread-275G,Supermarket///Retail///Bakery,Fonte,,Potato Hot Dog Bread,5.0,5.0,275G,275G,10,15.0,https://storage.googleapis.com/tm-zopsmart-uploads/320/20201208/374715_1-20201208-100229.png
en,342255_EA,Morning Star Farms Veggie Chik Patties-10Z,Supermarket///Retail///Packaged Products,Morning Star Farms,,Veggie Chik Patties,34.95,34.95,10Z,10Z,10,15.0,https://storage.googleapis.com/tm-zopsmart-uploads/640/20240117/342255_1-20240117-120103.png
en,291857_EA,Whole Earth Golden Organic Cornflakes-375G,Fresh & Local,Whole Earth,,,19.95,19.95,375G,375G,10,15.0,https://storage.googleapis.com/tm-zopsmart-uploads/1/images/640/20240424/2918571-20240424-160841.webp
en,334078_EA,Boy Bawang Corn Lechon Manok-90G,Fresh & Local///Nuts & Spices///Mixed Nuts,Boy Bawang,,Corn Lechon Manok,4.25,4.25,90G,90G,10,15.0,https://storage.googleapis.com/tm-zopsmart-uploads/originals/20210928/334078_1-20210928-130233.png
en,206151_EA,Drummer Drummer Disinfectant Pine-2L,Supermarket///Retail///Cleaning Products,Drummer,,Drummer Disinfectant Pine,35.3,35.3,2L,2L,10,15.0,https://storage.googleapis.com/tm-zopsmart-uploads/320/20201031/206151_1-20201031-213459.png
en,354101_EA,Afia Corn Oil-200Ml,Supermarket///Retail///Packaged Products,Afia,,Corn Oil,21.95,21.95,200Ml,200Ml,10,15.0,https://storage.googleapis.com/tm-zopsmart-uploads/320/20201101/354101_1-20201101-002528.png
en,265448_EA,Folgers Caffeinated Classic Roast Ground-11.3Z,Supermarket///Retail///Beverages,Folgers,,,43.95,43.95,11.3Z,11.3Z,10,15.0,https://storage.googleapis.com/tm-zopsmart-uploads/320/20201101/265448_1-20201101-011716.png
en,331860_EA,Colgate Spicy Fresh Max Fresh Fluoride Toothpaste-100 Ml,Supermarket///Retail///Care And Hygiene,Colgate,,Spicy Fresh Max Fresh Fluoride Toothpaste,16.25,16.25,100 Ml,100 Ml,10,15.0,https://storage.googleapis.com/tm-zopsmart-uploads/320/20201101/331860_1-20201101-001202.png
en,264704_EA,Breakfast blend Coffee Blend-11Z,Supermarket///Retail///Beverages,Breakfast blend,,,46.95,46.95,11Z,11Z,10,15.0,https://storage.googleapis.com/tm-zopsmart-uploads/1/images/640/20240826/2647041-20240826-080351.webp
en,342329_EA,Oral B Pro Complete Lasting Freshness Cool Mint Mouthwash-500 Ml,Heath & Beauty///Beauty///Personal Grooming,Oral B,,Pro Complete Lasting Freshness Cool Mint Mouthwash,23.95,23.95,500 Ml,500 Ml,10,15.0,https://storage.googleapis.com/tm-zopsmart-uploads/320/20220508/342329_1-20220508-083731.png
en,211811_EA,Vanish Liquid Fabric-3L,Supermarket///Retail///Cleaning Products,Vanish,,Liquid Fabric,69.95,69.95,3L,3L,10,15.0,https://storage.googleapis.com/tm-zopsmart-uploads/1/images/640/20240702/2118111-20240702-161023.webp
en,233865_EA,India Gate Classic Basmati Rice-10Kg,Supermarket///Retail///Packaged Products,India Gate,,Classic Basmati Rice,141.95,141.95,10Kg,10Kg,10,15.0,https://storage.googleapis.com/tm-zopsmart-uploads/320/20201101/233865_1-20201101-002020.png
en,120579_EA,Al Watania Chicken Minced-400G,Fresh & Local,Al Watania,,Chicken Minced,9.95,9.95,400G,400G,10,15.0,https://storage.googleapis.com/tm-zopsmart-uploads/320/20231019/120579_1-20231019-121543.png
en,318710_EA,Ideal Rusk-300G,Supermarket///Retail///Bakery,Ideal,,Rusk,12.75,12.75,300G,300G,10,15.0,https://storage.googleapis.com/tm-zopsmart-uploads/320/20201101/318710_1-20201101-025453.png
en,354100_EA,Al Arabi Sunflower Oil Spray-200Ml,Supermarket///Retail///Packaged Products,Al Arabi,,Sunflower Oil Spray,23.95,23.95,200Ml,200Ml,10,15.0,https://storage.googleapis.com/tm-zopsmart-uploads/320/20201101/354100_1-20201101-022007.png
en,313578_EA,Sensodyne Fluoride Toothpaste-75 Ml,Supermarket///Retail///Care And Hygiene,Sensodyne,,Fluoride Toothpaste,35.6,35.6,75 Ml,75 Ml,10,15.0,https://storage.googleapis.com/tm-zopsmart-uploads/320/20201101/313578_1-20201101-030554.png
en,292692_EA,Loreal Elvive Extraordinary Oil Mask-300 Ml,Supermarket///Retail///Packaged Products,Loreal,,Elvive Extraordinary Oil Mask,64.95,64.95,300 Ml,300 Ml,10,15.0,https://storage.googleapis.com/tm-zopsmart-uploads/320/20201031/292692_1-20201031-231139.png
en,313308_EA,Oral B Satin Floss Mint-25M,Supermarket///Retail///Care And Hygiene,Oral B,,Satin Floss Mint,16.5,16.5,25M,25M,10,15.0,https://storage.googleapis.com/tm-zopsmart-uploads/320/20220106/313308_1-20220106-140427.png
en,311868_EA,Gillette Blue 2 Disposable Shaving Razor For Men-10 Count,Heath & Beauty///Beauty///Personal Grooming,Gillette,,Blue 2 Disposable Shaving Razor For Men,42.95,42.95,10 Count,10 Count,10,15.0,https://storage.googleapis.com/tm-zopsmart-uploads/320/20220508/311868_1-20220508-085631.png
en,342357_EA,Betty Crocker Red Velvet Cake-395G,Supermarket///Retail///Packaged Products,Betty Crocker,,Red Velvet Cake,19.95,19.95,395G,395G,10,15.0,https://storage.googleapis.com/tm-zopsmart-uploads/320/20201101/342357_1-20201101-011719.png
en,309789_EA,Quinua Real Three Colors Quinua-500G,Fresh & Local,Quinua Real,,Three Colors Quinua,42.95,42.95,500G,500G,10,15.0,https://storage.googleapis.com/tm-zopsmart-uploads/640/20240201/309789_1-20240201-081301.png
en,337702_EA,Dilmah Green Tea With Ginger-40G,Supermarket///Retail///Beverages,Dilmah,,Green Tea With Ginger,20.95,20.95,40G,40G,10,15.0,https://storage.googleapis.com/tm-zopsmart-uploads/320/20201101/337702_1-20201101-003827.png
en,251221_EA,Lorenz Pomsticks Hot & Spicy-100G,Fresh & Local///Nuts & Spices///Mixed Nuts,Lorenz,,Pomsticks Hot & Spicy,10.95,10.95,100G,100G,10,15.0,https://storage.googleapis.com/tm-zopsmart-uploads/320/20201101/251221_1-20201101-003219.png
en,106570_EA,Lorenz Pomsticks Paprika-85G,Fresh & Local///Nuts & Spices///Mixed Nuts,Lorenz,,Pomsticks Paprika,10.95,10.95,85G,85G,10,15.0,https://storage.googleapis.com/tm-zopsmart-uploads/320/20231019/106570_1-20231019-132143.png
en,119575_EA,Stuhrk Wild Salmon Caviar-50G,Supermarket///Retail///Dairy,Stuhrk,,Wild Salmon Caviar,84.95,84.95,50G,50G,10,15.0,https://storage.googleapis.com/tm-zopsmart-uploads/320/20231019/119575_1-20231019-123748.png
en,119586_EA,Stuhrk Red Lumpfish Caviar-100G,Supermarket///Retail///Dairy,Stuhrk,,Red Lumpfish Caviar,63.95,63.95,100G,100G,10,15.0,https://storage.googleapis.com/tm-zopsmart-uploads/320/20231019/119586_1-20231019-125431.png
en,119578_EA,Stuhrk Red Lumpfish Caviar-50G,Supermarket///Retail///Dairy,Stuhrk,,Red Lumpfish Caviar,42.95,42.95,50G,50G,10,15.0,https://storage.googleapis.com/tm-zopsmart-uploads/320/20231019/119578_1-20231019-131036.png
en,119592_EA,Stuhrk Black Lumpfish Caviar-100G,Supermarket///Retail///Dairy,Stuhrk,,Black Lumpfish Caviar,63.95,63.95,100G,100G,10,15.0,https://storage.googleapis.com/tm-zopsmart-uploads/320/20231019/119592_1-20231019-132545.png
en,185166_EA,Lindt Lindor Hazelnut Milk Chocolate-100G,Supermarket///Retail///Breakfast & Snacks,Lindt,,Lindor Hazelnut Milk Chocolate,28.5,28.5,100G,100G,10,15.0,https://storage.googleapis.com/tm-zopsmart-uploads/320/20231019/185166_1-20231019-124047.png
en,320023_PAK,Nescafe 3 In 1 Classic Instant Coffee-24 + 4Free x  20G,Supermarket///Retail///Beverages,Nescafe,,3 In 1 Classic Instant Coffee,36.95,36.95,24 + 4Free x  20G,24 + 4Free x  20G,10,15.0,https://storage.googleapis.com/tm-zopsmart-uploads/320/20201101/320023_1-20201101-004149.png
en,293657_EA,Johnson's Clean & Clear Blackhead Clearing Cleanser-200Ml,Heath & Beauty///Beauty///Personal Grooming,Johnson's,,Clean & Clear Blackhead Clearing Cleanser,34.95,34.95,200Ml,200Ml,10,15.0,
