CategoryCode;CategoryPath;Language;Store;PageTitle;CategoryId;DateAdded;Status;Position;DetailedImageURL;Description;ProductDetailsView;UsergroupIds;MetaDescription;MetaKeywords;CategoryUrl;SeoName;Discussion;Vendor categories fee - Exclusive;Vendor categories fee - Default plan;Vendor categories fee - Bronze;Vendor categories fee - Free;Vendor categories fee - Silver;Vendor categories fee - Professional;Vendor categories fee - Gold;Vendor categories fee - Enterprise;Vendor categories fee - Platinum;Vendor categories fee - Corporate;Vendor categories fee - Custom;IsVirtual;VirtualConditions
"264";"Marketplace fees";"en";"";"";"264";"";"H";"90";"";"";"default";"0";"";"";"https://is2or.com/marketplace-fees/";"marketplace-fees";"";"";"";"";"";"";"";"";"";"";"";"";"";""
"";"Marketplace fees";"ar";"";"";"";"";"";"";"";"";"";"";"";"";"";"";"";"";"";"";"";"";"";"";"";"";"";"";"";""
"411";"Electronics & Digital Products";"en";"Is2or";"";"411";"21 Jan 2025 00:00:00";"A";"10";"";"";"default";"0";"";"";"https://is2or.com/electronics/";"electronics";"D";"6.10";"";"6.10";"";"6.10";"";"6.10";"";"6.10";"";"";"N";"{""set"":""all"",""set_value"":""1""}"
"";"الإلكترونيات والمنتجات الرقمية";"ar";"";"";"";"";"";"";"";"";"";"";"";"";"";"";"";"";"";"";"";"";"";"";"";"";"";"";"";""
"412";"Fashion & Jewelry";"en";"Is2or";"";"412";"21 Jan 2025 00:00:00";"A";"20";"";"";"default";"0";"";"";"https://is2or.com/fashion-and-jewelry/";"fashion-and-jewelry";"D";"14.90";"";"14.90";"";"14.90";"";"14.90";"";"14.90";"";"";"N";"{""set"":""all"",""set_value"":""1""}"
"";"الأزياء والمجوهرات";"ar";"";"";"";"";"";"";"";"";"";"";"";"";"";"";"";"";"";"";"";"";"";"";"";"";"";"";"";""
"413";"Sports & Hobbies";"en";"Is2or";"";"413";"21 Jan 2025 00:00:00";"A";"30";"";"";"default";"0";"";"";"https://is2or.com/sports-and-hobbies/";"sports-and-hobbies";"D";"11.50";"";"11.50";"";"11.50";"";"11.50";"";"11.50";"";"";"N";"{""set"":""all"",""set_value"":""1""}"
"";"الأزياء الرياضية";"ar";"";"";"";"";"";"";"";"";"";"";"";"";"";"";"";"";"";"";"";"";"";"";"";"";"";"";"";""
"414";"Health & Beauty";"en";"Is2or";"";"414";"21 Jan 2025 00:00:00";"A";"40";"";"";"default";"0";"";"";"https://is2or.com/heath-and-beauty/";"heath-and-beauty";"D";"8.20";"";"8.20";"";"8.20";"";"8.20";"";"8.20";"";"";"N";"{""set"":""all"",""set_value"":""1""}"
"";"الصحة والجمال";"ar";"";"";"";"";"";"";"";"";"";"";"";"";"";"";"";"";"";"";"";"";"";"";"";"";"";"";"";""
"415";"Home & Gardening";"en";"Is2or";"";"415";"21 Jan 2025 00:00:00";"A";"50";"";"";"default";"0";"";"";"https://is2or.com/home-and-gradening/";"home-and-gradening";"D";"10.00";"";"10.00";"";"10.00";"";"10.00";"";"10.00";"";"";"N";"{""set"":""all"",""set_value"":""1""}"
"";"المنزل والحدائق";"ar";"";"";"";"";"";"";"";"";"";"";"";"";"";"";"";"";"";"";"";"";"";"";"";"";"";"";"";""
"416";"Fresh & Local";"en";"Is2or";"";"416";"21 Jan 2025 00:00:00";"A";"10";"";"";"default";"0";"";"";"https://is2or.com/fresh-and-local/";"fresh-and-local";"D";"10.50";"";"10.50";"";"10.50";"";"10.50";"";"10.50";"";"";"N";"{""set"":""all"",""set_value"":""1""}"
"";"منتجات طازجة ومحلية";"ar";"";"";"";"";"";"";"";"";"";"";"";"";"";"";"";"";"";"";"";"";"";"";"";"";"";"";"";""
"417";"Supermarket";"en";"Is2or";"";"417";"21 Jan 2025 00:00:00";"A";"60";"";"";"default";"0";"";"";"https://is2or.com/supermarket/";"supermarket";"D";"9.00";"";"9.00";"";"9.00";"";"9.00";"";"9.00";"";"";"N";"{""set"":""all"",""set_value"":""1""}"
"";"سوبر ماركت";"ar";"";"";"";"";"";"";"";"";"";"";"";"";"";"";"";"";"";"";"";"";"";"";"";"";"";"";"";""
"418";"Automotive";"en";"Is2or";"";"418";"21 Jan 2025 00:00:00";"A";"70";"";"";"default";"0";"";"";"https://is2or.com/automotive/";"automotive";"D";"11.50";"";"11.50";"";"11.50";"";"11.50";"";"11.50";"";"";"N";"{""set"":""all"",""set_value"":""1""}"
"";"السيارات";"ar";"";"";"";"";"";"";"";"";"";"";"";"";"";"";"";"";"";"";"";"";"";"";"";"";"";"";"";""
"552";"Office Supplies";"en";"B2B";"";"552";"07 Apr 2025 00:00:00";"A";"100";"";"";"default";"0";"";"";"https://is2or.com/office-supplies/";"office-supplies";"D";"";"";"";"";"";"";"";"";"";"";"";"N";"{""set"":""all"",""set_value"":""1""}"
"";"مستلزمات المكاتب";"ar";"";"";"";"";"";"";"";"";"";"";"";"";"";"";"";"";"";"";"";"";"";"";"";"";"";"";"";""
"553";"Building Materials & Tools";"en";"B2B";"Building Materials & Tools";"553";"07 Apr 2025 00:00:00";"A";"110";"";"";"default";"0";"";"";"https://is2or.com/building-materials-and-tools/";"building-materials-and-tools";"D";"";"";"";"";"";"";"";"";"";"";"";"N";"{""set"":""all"",""set_value"":""1""}"
"";"مواد وأدوات البناء";"ar";"";"مواد وأدوات البناء";"";"";"";"";"";"";"";"";"";"";"";"";"";"";"";"";"";"";"";"";"";"";"";"";"";""
"554";"Packaging & Shipping";"en";"B2B";"Packaging & Shipping";"554";"07 Apr 2025 00:00:00";"A";"130";"";"";"default";"0";"";"";"https://is2or.com/packaging-and-shipping/";"packaging-and-shipping";"D";"";"";"";"";"";"";"";"";"";"";"";"N";"{""set"":""all"",""set_value"":""1""}"
"";"التغليف والشحن";"ar";"";"التغليف والشحن";"";"";"";"";"";"";"";"";"";"";"";"";"";"";"";"";"";"";"";"";"";"";"";"";"";""
"555";"Safety Gear & PPE";"en";"B2B";"Safety Gear & PPE";"555";"07 Apr 2025 00:00:00";"A";"140";"";"";"default";"0";"";"";"https://is2or.com/safety-gear-and-ppe/";"safety-gear-and-ppe";"D";"";"";"";"";"";"";"";"";"";"";"";"N";"{""set"":""all"",""set_value"":""1""}"
"";"معدات السلامة والوقاية";"ar";"";"معدات السلامة والوقاية";"";"";"";"";"";"";"";"";"";"";"";"";"";"";"";"";"";"";"";"";"";"";"";"";"";""
"556";"Electrical & Lighting";"en";"B2B";"Electrical & Lighting";"556";"07 Apr 2025 00:00:00";"A";"120";"";"";"default";"0";"";"";"https://is2or.com/electrical-and-lighting/";"electrical-and-lighting";"D";"";"";"";"";"";"";"";"";"";"";"";"N";"{""set"":""all"",""set_value"":""1""}"
"";"الكهرباء والإضاءة";"ar";"";"الكهرباء والإضاءة";"";"";"";"";"";"";"";"";"";"";"";"";"";"";"";"";"";"";"";"";"";"";"";"";"";""
"1";"Marketplace fees";"en";"Store";"";"651";"";"H";"0";"";"";"";"0";"";"";"https://is2or.com/marketplace-fees-en/";"marketplace-fees-en";"";"";"";"";"";"";"";"";"";"";"";"";"N";""
"";"Marketplace fees";"ar";"";"";"";"";"";"";"";"";"";"";"";"";"";"";"";"";"";"";"";"";"";"";"";"";"";"";"";""
"2";"Electronics & Technology";"en";"Store";"";"652";"16 May 2025 05:22:43";"A";"0";"https://is2or.com/images/detailed/13/ab-fn-542.png#{[ar]:;[en]:;}";"";"default";"0";"";"";"https://is2or.com/electronics-and-technology/";"electronics-and-technology";"D";"";"";"";"";"";"";"";"";"";"";"";"N";"{""set"":""all"",""set_value"":""1""}"
"";"الإلكترونيات والتكنولوجيا";"ar";"";"";"";"";"";"";"";"";"";"";"";"";"";"";"";"";"";"";"";"";"";"";"";"";"";"";"";""
"3";"Home & Furniture";"en";"Store";"";"653";"16 May 2025 05:23:18";"A";"0";"https://is2or.com/images/detailed/13/BATHROOM.png#{[ar]:;[en]:;}";"";"default";"0";"";"";"https://is2or.com/home-and-furniture/";"home-and-furniture";"D";"";"";"";"";"";"";"";"";"";"";"";"N";"{""set"":""all"",""set_value"":""1""}"
"";"المنزل والأثاث";"ar";"";"";"";"";"";"";"";"";"";"";"";"";"";"";"";"";"";"";"";"";"";"";"";"";"";"";"";""
"4";"Vehicles & Transportation";"en";"Store";"";"654";"16 May 2025 05:23:50";"A";"0";"https://is2or.com/images/detailed/13/www.dayspersonalchoice.webp#{[ar]:;[en]:;}";"";"default";"0";"";"";"https://is2or.com/vehicles-and-transportation/";"vehicles-and-transportation";"D";"";"";"";"";"";"";"";"";"";"";"";"N";"{""set"":""all"",""set_value"":""1""}"
"";"المركبات والنقل";"ar";"";"";"";"";"";"";"";"";"";"";"";"";"";"";"";"";"";"";"";"";"";"";"";"";"";"";"";""
"5";"Fashion & Accessories";"en";"Store";"";"655";"16 May 2025 05:24:22";"A";"0";"https://is2or.com/images/detailed/13/portrait-young-stylish-girl-model-casual-summer-clothes-brown-hat-with-natural-makeup-isolated_15853.jpeg#{[ar]:;[en]:;}";"";"default";"0";"";"";"https://is2or.com/fashion-and-accessories/";"fashion-and-accessories";"D";"";"";"";"";"";"";"";"";"";"";"";"N";"{""set"":""all"",""set_value"":""1""}"
"";"الأزياء والإكسسوارات";"ar";"";"";"";"";"";"";"";"";"";"";"";"";"";"";"";"";"";"";"";"";"";"";"";"";"";"";"";""
"6";"Sports & Fitness";"en";"Store";"";"656";"16 May 2025 05:25:02";"A";"0";"https://is2or.com/images/detailed/13/hermosa-mujer-deportiva-entrenamiento-pesas_176420-986.jpeg#{[ar]:;[en]:;}";"";"default";"0";"";"";"https://is2or.com/sports-and-fitness/";"sports-and-fitness";"D";"";"";"";"";"";"";"";"";"";"";"";"N";"{""set"":""all"",""set_value"":""1""}"
"";"الرياضة واللياقة البدنية";"ar";"";"";"";"";"";"";"";"";"";"";"";"";"";"";"";"";"";"";"";"";"";"";"";"";"";"";"";""
"7";"Musical Instruments";"en";"Store";"";"657";"16 May 2025 05:25:34";"A";"0";"https://is2or.com/images/detailed/13/1_nqsijTJEMUAnLh4m1sATKQ.jpg#{[ar]:;[en]:;}";"";"default";"0";"";"";"https://is2or.com/musical-instruments/";"musical-instruments";"D";"";"";"";"";"";"";"";"";"";"";"";"N";"{""set"":""all"",""set_value"":""1""}"
"";"الآلات الموسيقية";"ar";"";"";"";"";"";"";"";"";"";"";"";"";"";"";"";"";"";"";"";"";"";"";"";"";"";"";"";""
"8";"Kids & Baby";"en";"Store";"";"658";"16 May 2025 05:26:01";"A";"0";"https://is2or.com/images/detailed/13/161007-kids-playing-png-free-photo.png#{[ar]:;[en]:;}";"";"default";"0";"";"";"https://is2or.com/kids-and-baby/";"kids-and-baby";"D";"";"";"";"";"";"";"";"";"";"";"";"N";"{""set"":""all"",""set_value"":""1""}"
"";"الأطفال والرضع";"ar";"";"";"";"";"";"";"";"";"";"";"";"";"";"";"";"";"";"";"";"";"";"";"";"";"";"";"";""
"9";"Books & Media";"en";"Store";"";"659";"16 May 2025 00:00:00";"A";"0";"https://is2or.com/images/detailed/13/npr.brightspotcdn.jpg#{[ar]:;[en]:;}";"";"default";"0";"";"";"https://is2or.com/books-and-media/";"books-and-media";"D";"";"";"";"";"";"";"";"";"";"";"";"N";"{""set"":""all"",""set_value"":""1""}"
"";"الكتب والوسائط";"ar";"";"";"";"";"";"";"";"";"";"";"";"";"";"";"";"";"";"";"";"";"";"";"";"";"";"";"";""
"10";"Tools & Industrial";"en";"Store";"";"660";"16 May 2025 05:26:38";"A";"0";"https://is2or.com/images/detailed/13/hkthp20771-8-1000x765.jpg#{[ar]:;[en]:;}";"";"default";"0";"";"";"https://is2or.com/tools-and-industrial/";"tools-and-industrial";"D";"";"";"";"";"";"";"";"";"";"";"";"N";"{""set"":""all"",""set_value"":""1""}"
"";"الأدوات والصناعية";"ar";"";"";"";"";"";"";"";"";"";"";"";"";"";"";"";"";"";"";"";"";"";"";"";"";"";"";"";""
"11";"Collectibles & Art";"en";"Store";"";"661";"16 May 2025 05:27:09";"A";"0";"https://is2or.com/images/detailed/13/083676b27eaaa075a38af77a2861831e.jpg#{[ar]:;[en]:;}";"";"default";"0";"";"";"https://is2or.com/collectibles-and-art/";"collectibles-and-art";"D";"";"";"";"";"";"";"";"";"";"";"";"N";"{""set"":""all"",""set_value"":""1""}"
"";"المقتنيات والفنون";"ar";"";"";"";"";"";"";"";"";"";"";"";"";"";"";"";"";"";"";"";"";"";"";"";"";"";"";"";""
"12";"Products without category";"en";"Store";"";"662";"";"H";"0";"";"";"";"0";"";"";"https://is2or.com/products-without-category/";"products-without-category";"";"";"";"";"";"";"";"";"";"";"";"";"N";""
"";"المنتجات بدون فئة";"ar";"";"";"";"";"";"";"";"";"";"";"";"";"";"";"";"";"";"";"";"";"";"";"";"";"";"";"";""
"94";"AB: Phones";"en";"Store";"";"663";"";"H";"0";"";"";"";"0";"";"";"https://is2or.com/ab-phones/";"ab-phones";"";"";"";"";"";"";"";"";"";"";"";"";"N";""
"";"AB: Phones";"ar";"";"";"";"";"";"";"";"";"";"";"";"";"";"";"";"";"";"";"";"";"";"";"";"";"";"";"";""
"95";"AB: Laptops";"en";"Store";"";"664";"";"H";"0";"";"";"";"0";"";"";"https://is2or.com/ab-laptops/";"ab-laptops";"";"";"";"";"";"";"";"";"";"";"";"";"N";""
"";"AB: Laptops";"ar";"";"";"";"";"";"";"";"";"";"";"";"";"";"";"";"";"";"";"";"";"";"";"";"";"";"";"";""
"774";"Restaurant & Hotel Supplies";"en";"B2B";"Restaurant & Hotel Supplies";"774";"22 May 2025 00:00:00";"A";"150";"";"";"default";"0";"";"";"https://is2or.com/restaurant-and-hotel-supplies/";"restaurant-and-hotel-supplies";"D";"";"";"";"";"";"";"";"";"";"";"";"N";"{""set"":""all"",""set_value"":""1""}"
"";"مستلزمات المطاعم والفنادق";"ar";"";"مستلزمات المطاعم والفنادق";"";"";"";"";"";"";"";"";"";"";"";"";"";"";"";"";"";"";"";"";"";"";"";"";"";""
"775";"Industrial & Workshop Supplies";"en";"B2B";"Industrial & Workshop Supplies";"775";"22 May 2025 00:00:00";"A";"160";"";"";"default";"0";"";"";"https://is2or.com/industrial-and-workshop-supplies/";"industrial-and-workshop-supplies";"D";"";"";"";"";"";"";"";"";"";"";"";"N";"{""set"":""all"",""set_value"":""1""}"
"";"مستلزمات المصانع والورش";"ar";"";"مستلزمات المصانع والورش";"";"";"";"";"";"";"";"";"";"";"";"";"";"";"";"";"";"";"";"";"";"";"";"";"";""
"776";"Auto & Workshop Needs";"en";"B2B";"Auto & Workshop Needs";"776";"22 May 2025 00:00:00";"A";"170";"";"";"default";"0";"";"";"https://is2or.com/auto-and-workshop-needs/";"auto-and-workshop-needs";"D";"";"";"";"";"";"";"";"";"";"";"";"N";"{""set"":""all"",""set_value"":""1""}"
"";"مستلزمات السيارات والورش";"ar";"";"مستلزمات السيارات والورش";"";"";"";"";"";"";"";"";"";"";"";"";"";"";"";"";"";"";"";"";"";"";"";"";"";""
"777";"Cleaning & Maintenance";"en";"B2B";"Cleaning & Maintenance";"777";"22 May 2025 00:00:00";"A";"180";"";"";"default";"0";"";"";"https://is2or.com/cleaning-and-maintenance/";"cleaning-and-maintenance";"D";"";"";"";"";"";"";"";"";"";"";"";"N";"{""set"":""all"",""set_value"":""1""}"
"";"التنظيف والصيانة";"ar";"";"التنظيف والصيانة";"";"";"";"";"";"";"";"";"";"";"";"";"";"";"";"";"";"";"";"";"";"";"";"";"";""
"778";"IT & Electronics";"en";"B2B";"IT & Electronics";"778";"22 May 2025 00:00:00";"A";"190";"";"";"default";"0";"";"";"https://is2or.com/it-and-electronics/";"it-and-electronics";"D";"";"";"";"";"";"";"";"";"";"";"";"N";"{""set"":""all"",""set_value"":""1""}"
"";"أجهزة إلكترونية وتقنية";"ar";"";"IT & Electronics";"";"";"";"";"";"";"";"";"";"";"";"";"";"";"";"";"";"";"";"";"";"";"";"";"";""
"779";"Retail & Shop Supplies";"en";"B2B";"Retail & Shop Supplies";"779";"22 May 2025 00:00:00";"A";"200";"";"";"default";"0";"";"";"https://is2or.com/retail-and-shop-supplies/";"retail-and-shop-supplies";"D";"";"";"";"";"";"";"";"";"";"";"";"N";"{""set"":""all"",""set_value"":""1""}"
"";"مستلزمات المحلات والمتاجر";"ar";"";"Retail & Shop Supplies";"";"";"";"";"";"";"";"";"";"";"";"";"";"";"";"";"";"";"";"";"";"";"";"";"";""
"780";"Clinic & Medical Supplies";"en";"B2B";"Clinic & Medical Supplies";"780";"22 May 2025 00:00:00";"A";"210";"";"";"default";"0";"";"";"https://is2or.com/clinic-and-medical-supplies/";"clinic-and-medical-supplies";"D";"";"";"";"";"";"";"";"";"";"";"";"N";"{""set"":""all"",""set_value"":""1""}"
"";"مستلزمات العيادات والطب";"ar";"";"Clinic & Medical Supplies";"";"";"";"";"";"";"";"";"";"";"";"";"";"";"";"";"";"";"";"";"";"";"";"";"";""
"817";"Paintings";"en";"Art";"";"817";"01 Jul 2025 00:00:00";"A";"220";"";"";"default";"0";"";"";"https://is2or.com/paintings/";"paintings";"D";"";"";"";"";"";"";"";"";"";"";"";"N";"{""set"":""all"",""set_value"":""1""}"
"";"لوحات";"ar";"";"";"";"";"";"";"";"";"";"";"";"";"";"";"";"";"";"";"";"";"";"";"";"";"";"";"";""
"818";"Calligraphy";"en";"Art";"";"818";"01 Jul 2025 00:00:00";"A";"230";"";"";"default";"0";"";"";"https://is2or.com/calligraphy/";"calligraphy";"D";"";"";"";"";"";"";"";"";"";"";"";"N";"{""set"":""all"",""set_value"":""1""}"
"";"الخط";"ar";"";"";"";"";"";"";"";"";"";"";"";"";"";"";"";"";"";"";"";"";"";"";"";"";"";"";"";""
"819";"Prints";"en";"Art";"";"819";"01 Jul 2025 00:00:00";"A";"240";"";"";"default";"0";"";"";"https://is2or.com/prints/";"prints";"D";"";"";"";"";"";"";"";"";"";"";"";"N";"{""set"":""all"",""set_value"":""1""}"
"";"مطبوعات";"ar";"";"";"";"";"";"";"";"";"";"";"";"";"";"";"";"";"";"";"";"";"";"";"";"";"";"";"";""
"820";"Photography";"en";"Art";"";"820";"01 Jul 2025 00:00:00";"A";"250";"";"";"default";"0";"";"";"https://is2or.com/photography/";"photography";"D";"";"";"";"";"";"";"";"";"";"";"";"N";"{""set"":""all"",""set_value"":""1""}"
"";"التصوير الفوتوغرافي";"ar";"";"";"";"";"";"";"";"";"";"";"";"";"";"";"";"";"";"";"";"";"";"";"";"";"";"";"";""
"821";"Sculpture";"en";"Art";"";"821";"01 Jul 2025 00:00:00";"A";"260";"";"";"default";"0";"";"";"https://is2or.com/sculpture/";"sculpture";"D";"";"";"";"";"";"";"";"";"";"";"";"N";"{""set"":""all"",""set_value"":""1""}"
"";"النحت";"ar";"";"";"";"";"";"";"";"";"";"";"";"";"";"";"";"";"";"";"";"";"";"";"";"";"";"";"";""
"822";"Drawings";"en";"Art";"";"822";"01 Jul 2025 00:00:00";"A";"270";"";"";"default";"0";"";"";"https://is2or.com/drawings/";"drawings";"D";"";"";"";"";"";"";"";"";"";"";"";"N";"{""set"":""all"",""set_value"":""1""}"
"";"الرسومات";"ar";"";"";"";"";"";"";"";"";"";"";"";"";"";"";"";"";"";"";"";"";"";"";"";"";"";"";"";""
"823";"Handicraft";"en";"Art";"";"823";"01 Jul 2025 00:00:00";"A";"280";"";"";"default";"0";"";"";"https://is2or.com/handicraft/";"handicraft";"D";"";"";"";"";"";"";"";"";"";"";"";"N";"{""set"":""all"",""set_value"":""1""}"
"";"الحرف اليدوية";"ar";"";"";"";"";"";"";"";"";"";"";"";"";"";"";"";"";"";"";"";"";"";"";"";"";"";"";"";""
"892";"Plants & Flowers";"en";"Is2or";"";"892";"14 Aug 2025 00:00:00";"A";"290";"";"";"default";"0";"";"";"https://is2or.com/plants-and-flowers/";"plants-and-flowers";"D";"";"";"";"";"";"";"";"";"";"";"";"N";"{""set"":""all"",""set_value"":""1""}"
"";"Plants & Flowers";"ar";"";"";"";"";"";"";"";"";"";"";"";"";"";"";"";"";"";"";"";"";"";"";"";"";"";"";"";""
"419";"Electronics & Digital Products///Digital Products";"en";"Is2or";"";"419";"21 Jan 2025 00:00:00";"A";"10";"";"";"default";"0";"";"";"https://is2or.com/electronics/digital-products/";"digital-products";"D";"6.10";"";"6.10";"";"6.10";"";"6.10";"";"6.10";"";"";"N";""
"";"الإلكترونيات والمنتجات الرقمية///المنتجات الرقمية";"ar";"";"";"";"";"";"";"";"";"";"";"";"";"";"";"";"";"";"";"";"";"";"";"";"";"";"";"";""
"420";"Electronics & Digital Products///Electronics";"en";"Is2or";"";"420";"21 Jan 2025 00:00:00";"A";"20";"";"";"default";"0";"";"";"https://is2or.com/electronics/electronics/";"electronics";"D";"12.50";"";"12.50";"";"12.50";"";"12.50";"";"12.50";"";"";"N";""
"";"الإلكترونيات والمنتجات الرقمية///الإلكترونيات";"ar";"";"";"";"";"";"";"";"";"";"";"";"";"";"";"";"";"";"";"";"";"";"";"";"";"";"";"";""
"421";"Electronics & Digital Products///Gaming";"en";"Is2or";"";"421";"21 Jan 2025 00:00:00";"A";"30";"";"";"default";"0";"";"";"https://is2or.com/electronics/gaming/";"gaming";"D";"8.60";"";"8.60";"";"8.60";"";"8.60";"";"8.60";"";"";"N";""
"";"الإلكترونيات والمنتجات الرقمية///ألعاب إلكترونية";"ar";"";"";"";"";"";"";"";"";"";"";"";"";"";"";"";"";"";"";"";"";"";"";"";"";"";"";"";""
"439";"Fashion & Jewelry///Man";"en";"Is2or";"";"439";"21 Jan 2025 00:00:00";"A";"10";"";"";"default";"0";"";"";"https://is2or.com/fashion-and-jewelry/man/";"man";"D";"14.80";"";"14.80";"";"14.80";"";"14.80";"";"14.80";"";"";"N";""
"";"الأزياء والمجوهرات///الرجل";"ar";"";"";"";"";"";"";"";"";"";"";"";"";"";"";"";"";"";"";"";"";"";"";"";"";"";"";"";""
"440";"Fashion & Jewelry///Woman";"en";"Is2or";"";"440";"21 Jan 2025 00:00:00";"A";"20";"";"";"default";"0";"";"";"https://is2or.com/fashion-and-jewelry/woman/";"woman";"D";"14.80";"";"14.80";"";"14.80";"";"14.80";"";"14.80";"";"";"N";""
"";"الأزياء والمجوهرات///المرأة";"ar";"";"";"";"";"";"";"";"";"";"";"";"";"";"";"";"";"";"";"";"";"";"";"";"";"";"";"";""
"441";"Fashion & Jewelry///Kids";"en";"Is2or";"";"441";"21 Jan 2025 00:00:00";"A";"30";"";"";"default";"0";"";"";"https://is2or.com/fashion-and-jewelry/kids/";"kids";"D";"14.80";"";"14.80";"";"14.80";"";"14.80";"";"14.80";"";"";"N";""
"";"الأزياء والمجوهرات///الأطفال";"ar";"";"";"";"";"";"";"";"";"";"";"";"";"";"";"";"";"";"";"";"";"";"";"";"";"";"";"";""
"442";"Fashion & Jewelry///Jewllery";"en";"Is2or";"";"442";"21 Jan 2025 00:00:00";"A";"40";"";"";"default";"0";"";"";"https://is2or.com/fashion-and-jewelry/jewllery/";"jewllery";"D";"14.90";"";"14.90";"";"14.90";"";"14.90";"";"14.90";"";"";"N";""
"";"الأزياء والمجوهرات///المجوهرات";"ar";"";"";"";"";"";"";"";"";"";"";"";"";"";"";"";"";"";"";"";"";"";"";"";"";"";"";"";""
"458";"Sports & Hobbies///Sports";"en";"Is2or";"";"458";"21 Jan 2025 00:00:00";"A";"10";"";"";"default";"0";"";"";"https://is2or.com/sports-and-hobbies/sports/";"sports";"D";"11.50";"";"11.50";"";"11.50";"";"11.50";"";"11.50";"";"";"N";""
"";"الأزياء الرياضية///الرياضة";"ar";"";"";"";"";"";"";"";"";"";"";"";"";"";"";"";"";"";"";"";"";"";"";"";"";"";"";"";""
"459";"Sports & Hobbies///Toys";"en";"Is2or";"";"459";"21 Jan 2025 00:00:00";"A";"20";"";"";"default";"0";"";"";"https://is2or.com/sports-and-hobbies/toys/";"toys";"D";"12.00";"";"12.00";"";"12.00";"";"12.00";"";"12.00";"";"";"N";""
"";"الأزياء الرياضية///الألعاب";"ar";"";"";"";"";"";"";"";"";"";"";"";"";"";"";"";"";"";"";"";"";"";"";"";"";"";"";"";""
"474";"Health & Beauty///Health";"en";"Is2or";"";"474";"21 Jan 2025 00:00:00";"A";"10";"";"";"default";"0";"";"";"https://is2or.com/heath-and-beauty/health/";"health";"D";"8.20";"";"8.20";"";"8.20";"";"8.20";"";"8.20";"";"";"N";""
"";"الصحة والجمال///الصحة";"ar";"";"";"";"";"";"";"";"";"";"";"";"";"";"";"";"";"";"";"";"";"";"";"";"";"";"";"";""
"475";"Health & Beauty///Beauty";"en";"Is2or";"";"475";"21 Jan 2025 00:00:00";"A";"20";"";"";"default";"0";"";"";"https://is2or.com/heath-and-beauty/beauty/";"beauty";"D";"8.20";"";"8.20";"";"8.20";"";"8.20";"";"8.20";"";"";"N";""
"";"الصحة والجمال///الجمال";"ar";"";"";"";"";"";"";"";"";"";"";"";"";"";"";"";"";"";"";"";"";"";"";"";"";"";"";"";""
"484";"Home & Gardening///Home";"en";"Is2or";"";"484";"21 Jan 2025 00:00:00";"A";"10";"";"";"default";"0";"";"";"https://is2or.com/home-and-gradening/home/";"home";"D";"14.40";"";"14.40";"";"14.40";"";"14.40";"";"14.40";"";"";"N";""
"";"المنزل والحدائق///المنزل";"ar";"";"";"";"";"";"";"";"";"";"";"";"";"";"";"";"";"";"";"";"";"";"";"";"";"";"";"";""
"485";"Home & Gardening///Gardenin";"en";"Is2or";"";"485";"21 Jan 2025 00:00:00";"A";"20";"";"";"default";"0";"";"";"https://is2or.com/home-and-gradening/gardenin/";"gardenin";"D";"10.00";"";"10.00";"";"10.00";"";"10.00";"";"10.00";"";"";"N";""
"";"المنزل والحدائق///الحدائق";"ar";"";"";"";"";"";"";"";"";"";"";"";"";"";"";"";"";"";"";"";"";"";"";"";"";"";"";"";""
"504";"Fresh & Local///Homemade Meals";"en";"Is2or";"";"504";"21 Jan 2025 00:00:00";"A";"10";"";"";"default";"0";"";"";"https://is2or.com/fresh-and-local/homemade-meals/";"homemade-meals";"D";"10.50";"";"10.50";"";"10.50";"";"10.50";"";"10.50";"";"";"N";""
"";"منتجات طازجة ومحلية///وجبات منزلية";"ar";"";"";"";"";"";"";"";"";"";"";"";"";"";"";"";"";"";"";"";"";"";"";"";"";"";"";"";""
"505";"Fresh & Local///Fruits from farms";"en";"Is2or";"";"505";"21 Jan 2025 00:00:00";"A";"20";"";"";"default";"0";"";"";"https://is2or.com/fresh-and-local/fruits-from-farms/";"fruits-from-farms";"D";"10.50";"";"10.50";"";"10.50";"";"10.50";"";"10.50";"";"";"N";""
"";"منتجات طازجة ومحلية///فواكه من المزارع";"ar";"";"";"";"";"";"";"";"";"";"";"";"";"";"";"";"";"";"";"";"";"";"";"";"";"";"";"";""
"506";"Fresh & Local///Nuts & Spices";"en";"Is2or";"";"506";"21 Jan 2025 00:00:00";"A";"30";"";"";"default";"0";"";"";"https://is2or.com/fresh-and-local/nuts-and-spices/";"nuts-and-spices";"D";"10.50";"";"10.50";"";"10.50";"";"10.50";"";"10.50";"";"";"N";""
"";"منتجات طازجة ومحلية///المكسرات والتوابل";"ar";"";"";"";"";"";"";"";"";"";"";"";"";"";"";"";"";"";"";"";"";"";"";"";"";"";"";"";""
"514";"Supermarket///Wholesale & Bulk";"en";"Is2or";"";"514";"21 Jan 2025 00:00:00";"A";"10";"";"";"default";"0";"";"";"https://is2or.com/supermarket/wholesale-and-bulk/";"wholesale-and-bulk";"D";"9.70";"";"9.70";"";"9.70";"";"9.70";"";"9.70";"";"";"N";""
"";"سوبر ماركت///بيع بالجملة";"ar";"";"";"";"";"";"";"";"";"";"";"";"";"";"";"";"";"";"";"";"";"";"";"";"";"";"";"";""
"515";"Supermarket///Retail";"en";"Is2or";"";"515";"21 Jan 2025 00:00:00";"A";"20";"";"";"default";"0";"";"";"https://is2or.com/supermarket/retail/";"retail";"D";"9.00";"";"9.00";"";"9.00";"";"9.00";"";"9.00";"";"";"N";""
"";"سوبر ماركت///المخبوزات";"ar";"";"";"";"";"";"";"";"";"";"";"";"";"";"";"";"";"";"";"";"";"";"";"";"";"";"";"";""
"533";"Automotive///Car Parts";"en";"Is2or";"";"533";"21 Jan 2025 00:00:00";"A";"10";"";"";"default";"0";"";"";"https://is2or.com/automotive/car-parts/";"car-parts";"D";"12.00";"";"12.00";"";"12.00";"";"12.00";"";"12.00";"";"";"N";""
"";"السيارات///قطع غيار السيارات";"ar";"";"";"";"";"";"";"";"";"";"";"";"";"";"";"";"";"";"";"";"";"";"";"";"";"";"";"";""
"534";"Automotive///Auto Accessories";"en";"Is2or";"";"534";"21 Jan 2025 00:00:00";"A";"20";"";"";"default";"0";"";"";"https://is2or.com/automotive/auto-accessories/";"auto-accessories";"D";"11.50";"";"11.50";"";"11.50";"";"11.50";"";"11.50";"";"";"N";""
"";"السيارات///اكسسوارات السيارات";"ar";"";"";"";"";"";"";"";"";"";"";"";"";"";"";"";"";"";"";"";"";"";"";"";"";"";"";"";""
"13";"Electronics & Technology///Smartphones & Tablets";"en";"Store";"";"665";"";"A";"0";"";"";"";"0";"";"";"https://is2or.com/electronics-and-technology/smartphones-and-tablets/";"smartphones-and-tablets";"";"";"";"";"";"";"";"";"";"";"";"";"N";""
"";"الإلكترونيات والتكنولوجيا///الهواتف الذكية والأجهزة اللوحية";"ar";"";"";"";"";"";"";"";"";"";"";"";"";"";"";"";"";"";"";"";"";"";"";"";"";"";"";"";""
"14";"Electronics & Technology///Laptops & Computers";"en";"Store";"";"666";"";"A";"0";"";"";"";"0";"";"";"https://is2or.com/electronics-and-technology/laptops-and-computers/";"laptops-and-computers";"";"";"";"";"";"";"";"";"";"";"";"";"N";""
"";"الإلكترونيات والتكنولوجيا///أجهزة الكمبيوتر المحمول والكمبيوتر المحمول";"ar";"";"";"";"";"";"";"";"";"";"";"";"";"";"";"";"";"";"";"";"";"";"";"";"";"";"";"";""
"15";"Electronics & Technology///Gaming Consoles & Video Games";"en";"Store";"";"667";"";"A";"0";"";"";"";"0";"";"";"https://is2or.com/electronics-and-technology/gaming-consoles-and-video-games/";"gaming-consoles-and-video-games";"";"";"";"";"";"";"";"";"";"";"";"";"N";""
"";"الإلكترونيات والتكنولوجيا///أجهزة الألعاب وألعاب الفيديو";"ar";"";"";"";"";"";"";"";"";"";"";"";"";"";"";"";"";"";"";"";"";"";"";"";"";"";"";"";""
"16";"Electronics & Technology///Cameras & Photography Equipment";"en";"Store";"";"668";"";"A";"0";"";"";"";"0";"";"";"https://is2or.com/electronics-and-technology/cameras-and-photography-equipment/";"cameras-and-photography-equipment";"";"";"";"";"";"";"";"";"";"";"";"";"N";""
"";"الإلكترونيات والتكنولوجيا///الكاميرات ومعدات التصوير الفوتوغرافي";"ar";"";"";"";"";"";"";"";"";"";"";"";"";"";"";"";"";"";"";"";"";"";"";"";"";"";"";"";""
"17";"Electronics & Technology///Audio Equipment (Headphones, Speakers)";"en";"Store";"";"669";"";"A";"0";"";"";"";"0";"";"";"https://is2or.com/electronics-and-technology/audio-equipment-headphones-speakers/";"audio-equipment-headphones-speakers";"";"";"";"";"";"";"";"";"";"";"";"";"N";""
"";"الإلكترونيات والتكنولوجيا///معدات الصوت (سماعات الرأس ومكبرات الصوت)";"ar";"";"";"";"";"";"";"";"";"";"";"";"";"";"";"";"";"";"";"";"";"";"";"";"";"";"";"";""
"18";"Electronics & Technology///TVs & Home Entertainment";"en";"Store";"";"670";"";"A";"0";"";"";"";"0";"";"";"https://is2or.com/electronics-and-technology/tvs-and-home-entertainment/";"tvs-and-home-entertainment";"";"";"";"";"";"";"";"";"";"";"";"";"N";""
"";"الإلكترونيات والتكنولوجيا///أجهزة التلفاز والترفيه المنزلي";"ar";"";"";"";"";"";"";"";"";"";"";"";"";"";"";"";"";"";"";"";"";"";"";"";"";"";"";"";""
"19";"Electronics & Technology///Smartwatches & Wearables";"en";"Store";"";"671";"";"A";"0";"";"";"";"0";"";"";"https://is2or.com/electronics-and-technology/smartwatches-and-wearables/";"smartwatches-and-wearables";"";"";"";"";"";"";"";"";"";"";"";"";"N";""
"";"الإلكترونيات والتكنولوجيا///الساعات الذكية والأجهزة القابلة للارتداء";"ar";"";"";"";"";"";"";"";"";"";"";"";"";"";"";"";"";"";"";"";"";"";"";"";"";"";"";"";""
"20";"Electronics & Technology///Computer Parts & Accessories";"en";"Store";"";"672";"";"A";"0";"";"";"";"0";"";"";"https://is2or.com/electronics-and-technology/computer-parts-and-accessories/";"computer-parts-and-accessories";"";"";"";"";"";"";"";"";"";"";"";"";"N";""
"";"الإلكترونيات والتكنولوجيا///قطع غيار الكمبيوتر وملحقاته";"ar";"";"";"";"";"";"";"";"";"";"";"";"";"";"";"";"";"";"";"";"";"";"";"";"";"";"";"";""
"21";"Home & Furniture///Living Room Furniture";"en";"Store";"";"673";"";"A";"0";"";"";"";"0";"";"";"https://is2or.com/home-and-furniture/living-room-furniture/";"living-room-furniture";"";"";"";"";"";"";"";"";"";"";"";"";"N";""
"";"المنزل والأثاث///أثاث غرفة المعيشة";"ar";"";"";"";"";"";"";"";"";"";"";"";"";"";"";"";"";"";"";"";"";"";"";"";"";"";"";"";""
"22";"Home & Furniture///Bedroom Sets";"en";"Store";"";"674";"";"A";"0";"";"";"";"0";"";"";"https://is2or.com/home-and-furniture/bedroom-sets/";"bedroom-sets";"";"";"";"";"";"";"";"";"";"";"";"";"N";""
"";"المنزل والأثاث///أطقم غرف نوم";"ar";"";"";"";"";"";"";"";"";"";"";"";"";"";"";"";"";"";"";"";"";"";"";"";"";"";"";"";""
"23";"Home & Furniture///Dining Sets";"en";"Store";"";"675";"";"A";"0";"";"";"";"0";"";"";"https://is2or.com/home-and-furniture/dining-sets/";"dining-sets";"";"";"";"";"";"";"";"";"";"";"";"";"N";""
"";"المنزل والأثاث///أطقم الطعام";"ar";"";"";"";"";"";"";"";"";"";"";"";"";"";"";"";"";"";"";"";"";"";"";"";"";"";"";"";""
"24";"Home & Furniture///Office Furniture";"en";"Store";"";"676";"";"A";"0";"";"";"";"0";"";"";"https://is2or.com/home-and-furniture/office-furniture/";"office-furniture";"";"";"";"";"";"";"";"";"";"";"";"";"N";""
"";"المنزل والأثاث///أثاث مكتبي";"ar";"";"";"";"";"";"";"";"";"";"";"";"";"";"";"";"";"";"";"";"";"";"";"";"";"";"";"";""
"25";"Home & Furniture///Outdoor Furniture";"en";"Store";"";"677";"";"A";"0";"";"";"";"0";"";"";"https://is2or.com/home-and-furniture/outdoor-furniture/";"outdoor-furniture";"";"";"";"";"";"";"";"";"";"";"";"";"N";""
"";"المنزل والأثاث///أثاث خارجي";"ar";"";"";"";"";"";"";"";"";"";"";"";"";"";"";"";"";"";"";"";"";"";"";"";"";"";"";"";""
"26";"Home & Furniture///Home Appliances";"en";"Store";"";"678";"";"A";"0";"";"";"";"0";"";"";"https://is2or.com/home-and-furniture/home-appliances/";"home-appliances";"";"";"";"";"";"";"";"";"";"";"";"";"N";""
"";"المنزل والأثاث///الأجهزة المنزلية";"ar";"";"";"";"";"";"";"";"";"";"";"";"";"";"";"";"";"";"";"";"";"";"";"";"";"";"";"";""
"27";"Home & Furniture///Kitchen Equipment";"en";"Store";"";"679";"";"A";"0";"";"";"";"0";"";"";"https://is2or.com/home-and-furniture/kitchen-equipment/";"kitchen-equipment";"";"";"";"";"";"";"";"";"";"";"";"";"N";""
"";"المنزل والأثاث///معدات المطبخ";"ar";"";"";"";"";"";"";"";"";"";"";"";"";"";"";"";"";"";"";"";"";"";"";"";"";"";"";"";""
"28";"Home & Furniture///Light Fixtures";"en";"Store";"";"680";"";"A";"0";"";"";"";"0";"";"";"https://is2or.com/home-and-furniture/light-fixtures/";"light-fixtures";"";"";"";"";"";"";"";"";"";"";"";"";"N";""
"";"المنزل والأثاث///تركيبات الإضاءة";"ar";"";"";"";"";"";"";"";"";"";"";"";"";"";"";"";"";"";"";"";"";"";"";"";"";"";"";"";""
"29";"Home & Furniture///Rugs & Carpets";"en";"Store";"";"681";"";"A";"0";"";"";"";"0";"";"";"https://is2or.com/home-and-furniture/rugs-and-carpets/";"rugs-and-carpets";"";"";"";"";"";"";"";"";"";"";"";"";"N";""
"";"المنزل والأثاث///السجاد والموكيت";"ar";"";"";"";"";"";"";"";"";"";"";"";"";"";"";"";"";"";"";"";"";"";"";"";"";"";"";"";""
"31";"Books & Media///Books";"en";"Store";"";"682";"";"A";"0";"";"";"";"0";"";"";"https://is2or.com/books-and-media/books/";"books";"";"";"";"";"";"";"";"";"";"";"";"";"N";""
"";"الكتب والوسائط///الكتب";"ar";"";"";"";"";"";"";"";"";"";"";"";"";"";"";"";"";"";"";"";"";"";"";"";"";"";"";"";""
"32";"Books & Media///Textbooks";"en";"Store";"";"683";"";"A";"0";"";"";"";"0";"";"";"https://is2or.com/books-and-media/textbooks/";"textbooks";"";"";"";"";"";"";"";"";"";"";"";"";"N";""
"";"الكتب والوسائط///الكتب المدرسية";"ar";"";"";"";"";"";"";"";"";"";"";"";"";"";"";"";"";"";"";"";"";"";"";"";"";"";"";"";""
"33";"Books & Media///Vinyl Records";"en";"Store";"";"684";"";"A";"0";"";"";"";"0";"";"";"https://is2or.com/books-and-media/vinyl-records/";"vinyl-records";"";"";"";"";"";"";"";"";"";"";"";"";"N";""
"";"الكتب والوسائط///تسجيلات الفينيل";"ar";"";"";"";"";"";"";"";"";"";"";"";"";"";"";"";"";"";"";"";"";"";"";"";"";"";"";"";""
"34";"Books & Media///CDs & DVDs";"en";"Store";"";"685";"";"A";"0";"";"";"";"0";"";"";"https://is2or.com/books-and-media/cds-and-dvds/";"cds-and-dvds";"";"";"";"";"";"";"";"";"";"";"";"";"N";""
"";"الكتب والوسائط///CDs & DVDs";"ar";"";"";"";"";"";"";"";"";"";"";"";"";"";"";"";"";"";"";"";"";"";"";"";"";"";"";"";""
"35";"Books & Media///Comic Books";"en";"Store";"";"686";"";"A";"0";"";"";"";"0";"";"";"https://is2or.com/books-and-media/comic-books/";"comic-books";"";"";"";"";"";"";"";"";"";"";"";"";"N";""
"";"الكتب والوسائط///الكتب الهزلية";"ar";"";"";"";"";"";"";"";"";"";"";"";"";"";"";"";"";"";"";"";"";"";"";"";"";"";"";"";""
"36";"Books & Media///Magazines";"en";"Store";"";"687";"";"A";"0";"";"";"";"0";"";"";"https://is2or.com/books-and-media/magazines/";"magazines";"";"";"";"";"";"";"";"";"";"";"";"";"N";""
"";"الكتب والوسائط///المجلات";"ar";"";"";"";"";"";"";"";"";"";"";"";"";"";"";"";"";"";"";"";"";"";"";"";"";"";"";"";""
"37";"Books & Media///Collectible Publications";"en";"Store";"";"688";"";"A";"0";"";"";"";"0";"";"";"https://is2or.com/books-and-media/collectible-publications/";"collectible-publications";"";"";"";"";"";"";"";"";"";"";"";"";"N";""
"";"الكتب والوسائط///المنشورات القابلة للتحصيل";"ar";"";"";"";"";"";"";"";"";"";"";"";"";"";"";"";"";"";"";"";"";"";"";"";"";"";"";"";""
"38";"Books & Media///Educational Materials";"en";"Store";"";"689";"";"A";"0";"";"";"";"0";"";"";"https://is2or.com/books-and-media/educational-materials/";"educational-materials";"";"";"";"";"";"";"";"";"";"";"";"";"N";""
"";"الكتب والوسائط///المواد التعليمية";"ar";"";"";"";"";"";"";"";"";"";"";"";"";"";"";"";"";"";"";"";"";"";"";"";"";"";"";"";""
"39";"Vehicles & Transportation///Motorcycles";"en";"Store";"";"690";"";"A";"0";"";"";"";"0";"";"";"https://is2or.com/vehicles-and-transportation/motorcycles/";"motorcycles";"";"";"";"";"";"";"";"";"";"";"";"";"N";""
"";"المركبات والنقل///الدراجات النارية";"ar";"";"";"";"";"";"";"";"";"";"";"";"";"";"";"";"";"";"";"";"";"";"";"";"";"";"";"";""
"40";"Vehicles & Transportation///Bicycles";"en";"Store";"";"691";"";"A";"0";"";"";"";"0";"";"";"https://is2or.com/vehicles-and-transportation/bicycles/";"bicycles";"";"";"";"";"";"";"";"";"";"";"";"";"N";""
"";"المركبات والنقل///الدراجات الهوائية";"ar";"";"";"";"";"";"";"";"";"";"";"";"";"";"";"";"";"";"";"";"";"";"";"";"";"";"";"";""
"41";"Vehicles & Transportation///Auto Parts";"en";"Store";"";"692";"";"A";"0";"";"";"";"0";"";"";"https://is2or.com/vehicles-and-transportation/auto-parts/";"auto-parts";"";"";"";"";"";"";"";"";"";"";"";"";"N";""
"";"المركبات والنقل///قطع غيار السيارات";"ar";"";"";"";"";"";"";"";"";"";"";"";"";"";"";"";"";"";"";"";"";"";"";"";"";"";"";"";""
"42";"Vehicles & Transportation///Car Electronics";"en";"Store";"";"693";"";"A";"0";"";"";"";"0";"";"";"https://is2or.com/vehicles-and-transportation/car-electronics/";"car-electronics";"";"";"";"";"";"";"";"";"";"";"";"";"N";""
"";"المركبات والنقل///إلكترونيات السيارات";"ar";"";"";"";"";"";"";"";"";"";"";"";"";"";"";"";"";"";"";"";"";"";"";"";"";"";"";"";""
"43";"Vehicles & Transportation///Tires & Wheels";"en";"Store";"";"694";"";"A";"0";"";"";"";"0";"";"";"https://is2or.com/vehicles-and-transportation/tires-and-wheels/";"tires-and-wheels";"";"";"";"";"";"";"";"";"";"";"";"";"N";""
"";"المركبات والنقل///الإطارات والعجلات";"ar";"";"";"";"";"";"";"";"";"";"";"";"";"";"";"";"";"";"";"";"";"";"";"";"";"";"";"";""
"44";"Vehicles & Transportation///Marine Equipment";"en";"Store";"";"695";"";"A";"0";"";"";"";"0";"";"";"https://is2or.com/vehicles-and-transportation/marine-equipment/";"marine-equipment";"";"";"";"";"";"";"";"";"";"";"";"";"N";""
"";"المركبات والنقل///المعدات البحرية";"ar";"";"";"";"";"";"";"";"";"";"";"";"";"";"";"";"";"";"";"";"";"";"";"";"";"";"";"";""
"45";"Vehicles & Transportation///Vehicle Accessories";"en";"Store";"";"696";"";"A";"0";"";"";"";"0";"";"";"https://is2or.com/vehicles-and-transportation/vehicle-accessories/";"vehicle-accessories";"";"";"";"";"";"";"";"";"";"";"";"";"N";""
"";"المركبات والنقل///إكسسوارات المركبات";"ar";"";"";"";"";"";"";"";"";"";"";"";"";"";"";"";"";"";"";"";"";"";"";"";"";"";"";"";""
"46";"Fashion & Accessories///Designer Clothing";"en";"Store";"";"697";"";"A";"0";"";"";"";"0";"";"";"https://is2or.com/fashion-and-accessories/designer-clothing/";"designer-clothing";"";"";"";"";"";"";"";"";"";"";"";"";"N";""
"";"الأزياء والإكسسوارات///ملابس المصممين";"ar";"";"";"";"";"";"";"";"";"";"";"";"";"";"";"";"";"";"";"";"";"";"";"";"";"";"";"";""
"47";"Fashion & Accessories///Luxury Bags";"en";"Store";"";"698";"";"A";"0";"";"";"";"0";"";"";"https://is2or.com/fashion-and-accessories/luxury-bags/";"luxury-bags";"";"";"";"";"";"";"";"";"";"";"";"";"N";""
"";"الأزياء والإكسسوارات///حقائب فاخرة";"ar";"";"";"";"";"";"";"";"";"";"";"";"";"";"";"";"";"";"";"";"";"";"";"";"";"";"";"";""
"48";"Fashion & Accessories///Watches";"en";"Store";"";"699";"";"A";"0";"";"";"";"0";"";"";"https://is2or.com/fashion-and-accessories/watches/";"watches";"";"";"";"";"";"";"";"";"";"";"";"";"N";""
"";"الأزياء والإكسسوارات///الساعات";"ar";"";"";"";"";"";"";"";"";"";"";"";"";"";"";"";"";"";"";"";"";"";"";"";"";"";"";"";""
"49";"Fashion & Accessories///Jewelry";"en";"Store";"";"700";"";"A";"0";"";"";"";"0";"";"";"https://is2or.com/fashion-and-accessories/jewelry/";"jewelry";"";"";"";"";"";"";"";"";"";"";"";"";"N";""
"";"الأزياء والإكسسوارات///المجوهرات";"ar";"";"";"";"";"";"";"";"";"";"";"";"";"";"";"";"";"";"";"";"";"";"";"";"";"";"";"";""
"50";"Fashion & Accessories///Shoes";"en";"Store";"";"701";"";"A";"0";"";"";"";"0";"";"";"https://is2or.com/fashion-and-accessories/shoes/";"shoes";"";"";"";"";"";"";"";"";"";"";"";"";"N";""
"";"الأزياء والإكسسوارات///الأحذية";"ar";"";"";"";"";"";"";"";"";"";"";"";"";"";"";"";"";"";"";"";"";"";"";"";"";"";"";"";""
"51";"Fashion & Accessories///Vintage Clothing";"en";"Store";"";"702";"";"A";"0";"";"";"";"0";"";"";"https://is2or.com/fashion-and-accessories/vintage-clothing/";"vintage-clothing";"";"";"";"";"";"";"";"";"";"";"";"";"N";""
"";"الأزياء والإكسسوارات///ملابس عتيقة";"ar";"";"";"";"";"";"";"";"";"";"";"";"";"";"";"";"";"";"";"";"";"";"";"";"";"";"";"";""
"52";"Fashion & Accessories///Accessories";"en";"Store";"";"703";"";"A";"0";"";"";"";"0";"";"";"https://is2or.com/fashion-and-accessories/accessories/";"accessories";"";"";"";"";"";"";"";"";"";"";"";"";"N";""
"";"الأزياء والإكسسوارات///الإكسسوارات";"ar";"";"";"";"";"";"";"";"";"";"";"";"";"";"";"";"";"";"";"";"";"";"";"";"";"";"";"";""
"53";"Fashion & Accessories///Designer Sunglasses";"en";"Store";"";"704";"";"A";"0";"";"";"";"0";"";"";"https://is2or.com/fashion-and-accessories/designer-sunglasses/";"designer-sunglasses";"";"";"";"";"";"";"";"";"";"";"";"";"N";""
"";"الأزياء والإكسسوارات///نظارات شمسية مصممة";"ar";"";"";"";"";"";"";"";"";"";"";"";"";"";"";"";"";"";"";"";"";"";"";"";"";"";"";"";""
"54";"Sports & Fitness///Exercise Equipment";"en";"Store";"";"705";"";"A";"0";"";"";"";"0";"";"";"https://is2or.com/sports-and-fitness/exercise-equipment/";"exercise-equipment";"";"";"";"";"";"";"";"";"";"";"";"";"N";""
"";"الرياضة واللياقة البدنية///معدات التمارين الرياضية";"ar";"";"";"";"";"";"";"";"";"";"";"";"";"";"";"";"";"";"";"";"";"";"";"";"";"";"";"";""
"55";"Sports & Fitness///Sports Gear";"en";"Store";"";"706";"";"A";"0";"";"";"";"0";"";"";"https://is2or.com/sports-and-fitness/sports-gear/";"sports-gear";"";"";"";"";"";"";"";"";"";"";"";"";"N";""
"";"الرياضة واللياقة البدنية///معدات رياضية";"ar";"";"";"";"";"";"";"";"";"";"";"";"";"";"";"";"";"";"";"";"";"";"";"";"";"";"";"";""
"56";"Sports & Fitness///Camping Equipment";"en";"Store";"";"707";"";"A";"0";"";"";"";"0";"";"";"https://is2or.com/sports-and-fitness/camping-equipment/";"camping-equipment";"";"";"";"";"";"";"";"";"";"";"";"";"N";""
"";"الرياضة واللياقة البدنية///معدات التخييم";"ar";"";"";"";"";"";"";"";"";"";"";"";"";"";"";"";"";"";"";"";"";"";"";"";"";"";"";"";""
"57";"Sports & Fitness///Bicycles & Accessories";"en";"Store";"";"708";"";"A";"0";"";"";"";"0";"";"";"https://is2or.com/sports-and-fitness/bicycles-and-accessories/";"bicycles-and-accessories";"";"";"";"";"";"";"";"";"";"";"";"";"N";""
"";"الرياضة واللياقة البدنية///الدراجات الهوائية وملحقاتها";"ar";"";"";"";"";"";"";"";"";"";"";"";"";"";"";"";"";"";"";"";"";"";"";"";"";"";"";"";""
"58";"Sports & Fitness///Golf Equipment";"en";"Store";"";"709";"";"A";"0";"";"";"";"0";"";"";"https://is2or.com/sports-and-fitness/golf-equipment/";"golf-equipment";"";"";"";"";"";"";"";"";"";"";"";"";"N";""
"";"الرياضة واللياقة البدنية///معدات الغولف";"ar";"";"";"";"";"";"";"";"";"";"";"";"";"";"";"";"";"";"";"";"";"";"";"";"";"";"";"";""
"59";"Sports & Fitness///Fitness Trackers";"en";"Store";"";"710";"";"A";"0";"";"";"";"0";"";"";"https://is2or.com/sports-and-fitness/fitness-trackers/";"fitness-trackers";"";"";"";"";"";"";"";"";"";"";"";"";"N";""
"";"الرياضة واللياقة البدنية///أجهزة تتبع اللياقة البدنية";"ar";"";"";"";"";"";"";"";"";"";"";"";"";"";"";"";"";"";"";"";"";"";"";"";"";"";"";"";""
"60";"Sports & Fitness///Gym Equipment";"en";"Store";"";"711";"";"A";"0";"";"";"";"0";"";"";"https://is2or.com/sports-and-fitness/gym-equipment/";"gym-equipment";"";"";"";"";"";"";"";"";"";"";"";"";"N";""
"";"الرياضة واللياقة البدنية///معدات الصالة الرياضية";"ar";"";"";"";"";"";"";"";"";"";"";"";"";"";"";"";"";"";"";"";"";"";"";"";"";"";"";"";""
"61";"Sports & Fitness///Water Sports Equipment";"en";"Store";"";"712";"";"A";"0";"";"";"";"0";"";"";"https://is2or.com/sports-and-fitness/water-sports-equipment/";"water-sports-equipment";"";"";"";"";"";"";"";"";"";"";"";"";"N";""
"";"الرياضة واللياقة البدنية///معدات الرياضات المائية";"ar";"";"";"";"";"";"";"";"";"";"";"";"";"";"";"";"";"";"";"";"";"";"";"";"";"";"";"";""
"62";"Musical Instruments///Guitars";"en";"Store";"";"713";"";"A";"0";"";"";"";"0";"";"";"https://is2or.com/musical-instruments/guitars/";"guitars";"";"";"";"";"";"";"";"";"";"";"";"";"N";""
"";"الآلات الموسيقية///القيثارات";"ar";"";"";"";"";"";"";"";"";"";"";"";"";"";"";"";"";"";"";"";"";"";"";"";"";"";"";"";""
"63";"Musical Instruments///Pianos & Keyboards";"en";"Store";"";"714";"";"A";"0";"";"";"";"0";"";"";"https://is2or.com/musical-instruments/pianos-and-keyboards/";"pianos-and-keyboards";"";"";"";"";"";"";"";"";"";"";"";"";"N";""
"";"الآلات الموسيقية///البيانو ولوحات المفاتيح";"ar";"";"";"";"";"";"";"";"";"";"";"";"";"";"";"";"";"";"";"";"";"";"";"";"";"";"";"";""
"64";"Musical Instruments///Drums & Percussion";"en";"Store";"";"715";"";"A";"0";"";"";"";"0";"";"";"https://is2or.com/musical-instruments/drums-and-percussion/";"drums-and-percussion";"";"";"";"";"";"";"";"";"";"";"";"";"N";""
"";"الآلات الموسيقية///الطبول والإيقاع";"ar";"";"";"";"";"";"";"";"";"";"";"";"";"";"";"";"";"";"";"";"";"";"";"";"";"";"";"";""
"65";"Musical Instruments///DJ Equipment";"en";"Store";"";"716";"";"A";"0";"";"";"";"0";"";"";"https://is2or.com/musical-instruments/dj-equipment/";"dj-equipment";"";"";"";"";"";"";"";"";"";"";"";"";"N";""
"";"الآلات الموسيقية///معدات الدي جي";"ar";"";"";"";"";"";"";"";"";"";"";"";"";"";"";"";"";"";"";"";"";"";"";"";"";"";"";"";""
"66";"Musical Instruments///Studio Equipment";"en";"Store";"";"717";"";"A";"0";"";"";"";"0";"";"";"https://is2or.com/musical-instruments/studio-equipment/";"studio-equipment";"";"";"";"";"";"";"";"";"";"";"";"";"N";""
"";"الآلات الموسيقية///معدات الاستوديو";"ar";"";"";"";"";"";"";"";"";"";"";"";"";"";"";"";"";"";"";"";"";"";"";"";"";"";"";"";""
"67";"Musical Instruments///Wind Instruments";"en";"Store";"";"718";"";"A";"0";"";"";"";"0";"";"";"https://is2or.com/musical-instruments/wind-instruments/";"wind-instruments";"";"";"";"";"";"";"";"";"";"";"";"";"N";""
"";"الآلات الموسيقية///أدوات الرياح";"ar";"";"";"";"";"";"";"";"";"";"";"";"";"";"";"";"";"";"";"";"";"";"";"";"";"";"";"";""
"68";"Musical Instruments///String Instruments";"en";"Store";"";"719";"";"A";"0";"";"";"";"0";"";"";"https://is2or.com/musical-instruments/string-instruments/";"string-instruments";"";"";"";"";"";"";"";"";"";"";"";"";"N";""
"";"الآلات الموسيقية///الآلات الوترية";"ar";"";"";"";"";"";"";"";"";"";"";"";"";"";"";"";"";"";"";"";"";"";"";"";"";"";"";"";""
"69";"Musical Instruments///Music Accessories";"en";"Store";"";"720";"";"A";"0";"";"";"";"0";"";"";"https://is2or.com/musical-instruments/music-accessories/";"music-accessories";"";"";"";"";"";"";"";"";"";"";"";"";"N";""
"";"الآلات الموسيقية///إكسسوارات الموسيقى";"ar";"";"";"";"";"";"";"";"";"";"";"";"";"";"";"";"";"";"";"";"";"";"";"";"";"";"";"";""
"70";"Kids & Baby///Toys & Games";"en";"Store";"";"721";"";"A";"0";"";"";"";"0";"";"";"https://is2or.com/kids-and-baby/toys-and-games/";"toys-and-games";"";"";"";"";"";"";"";"";"";"";"";"";"N";""
"";"الأطفال والرضع///الألعاب والألعاب";"ar";"";"";"";"";"";"";"";"";"";"";"";"";"";"";"";"";"";"";"";"";"";"";"";"";"";"";"";""
"71";"Kids & Baby///Baby Gear";"en";"Store";"";"722";"";"A";"0";"";"";"";"0";"";"";"https://is2or.com/kids-and-baby/baby-gear/";"baby-gear";"";"";"";"";"";"";"";"";"";"";"";"";"N";""
"";"الأطفال والرضع///معدات الأطفال";"ar";"";"";"";"";"";"";"";"";"";"";"";"";"";"";"";"";"";"";"";"";"";"";"";"";"";"";"";""
"72";"Kids & Baby///Children's Furniture";"en";"Store";"";"723";"";"A";"0";"";"";"";"0";"";"";"https://is2or.com/kids-and-baby/childrens-furniture/";"childrens-furniture";"";"";"";"";"";"";"";"";"";"";"";"";"N";""
"";"الأطفال والرضع///أثاث الأطفال";"ar";"";"";"";"";"";"";"";"";"";"";"";"";"";"";"";"";"";"";"";"";"";"";"";"";"";"";"";""
"73";"Kids & Baby///School Supplies";"en";"Store";"";"724";"";"A";"0";"";"";"";"0";"";"";"https://is2or.com/kids-and-baby/school-supplies/";"school-supplies";"";"";"";"";"";"";"";"";"";"";"";"";"N";""
"";"الأطفال والرضع///اللوازم المدرسية";"ar";"";"";"";"";"";"";"";"";"";"";"";"";"";"";"";"";"";"";"";"";"";"";"";"";"";"";"";""
"74";"Kids & Baby///Kids' Electronics";"en";"Store";"";"725";"";"A";"0";"";"";"";"0";"";"";"https://is2or.com/kids-and-baby/kids-electronics/";"kids-electronics";"";"";"";"";"";"";"";"";"";"";"";"";"N";""
"";"الأطفال والرضع///إلكترونيات الأطفال";"ar";"";"";"";"";"";"";"";"";"";"";"";"";"";"";"";"";"";"";"";"";"";"";"";"";"";"";"";""
"75";"Kids & Baby///Baby Clothes";"en";"Store";"";"726";"";"A";"0";"";"";"";"0";"";"";"https://is2or.com/kids-and-baby/baby-clothes/";"baby-clothes";"";"";"";"";"";"";"";"";"";"";"";"";"N";""
"";"الأطفال والرضع///ملابس الأطفال";"ar";"";"";"";"";"";"";"";"";"";"";"";"";"";"";"";"";"";"";"";"";"";"";"";"";"";"";"";""
"76";"Kids & Baby///Strollers & Car Seats";"en";"Store";"";"727";"";"A";"0";"";"";"";"0";"";"";"https://is2or.com/kids-and-baby/strollers-and-car-seats/";"strollers-and-car-seats";"";"";"";"";"";"";"";"";"";"";"";"";"N";""
"";"الأطفال والرضع///عربات الأطفال ومقاعد السيارة";"ar";"";"";"";"";"";"";"";"";"";"";"";"";"";"";"";"";"";"";"";"";"";"";"";"";"";"";"";""
"77";"Kids & Baby///Educational Materials";"en";"Store";"";"728";"";"A";"0";"";"";"";"0";"";"";"https://is2or.com/kids-and-baby/educational-materials/";"educational-materials";"";"";"";"";"";"";"";"";"";"";"";"";"N";""
"";"الأطفال والرضع///المواد التعليمية";"ar";"";"";"";"";"";"";"";"";"";"";"";"";"";"";"";"";"";"";"";"";"";"";"";"";"";"";"";""
"78";"Tools & Industrial///Power Tools";"en";"Store";"";"729";"";"A";"0";"";"";"";"0";"";"";"https://is2or.com/tools-and-industrial/power-tools/";"power-tools";"";"";"";"";"";"";"";"";"";"";"";"";"N";""
"";"الأدوات والصناعية///الأدوات الكهربائية";"ar";"";"";"";"";"";"";"";"";"";"";"";"";"";"";"";"";"";"";"";"";"";"";"";"";"";"";"";""
"79";"Tools & Industrial///Hand Tools";"en";"Store";"";"730";"";"A";"0";"";"";"";"0";"";"";"https://is2or.com/tools-and-industrial/hand-tools/";"hand-tools";"";"";"";"";"";"";"";"";"";"";"";"";"N";""
"";"الأدوات والصناعية///الأدوات اليدوية";"ar";"";"";"";"";"";"";"";"";"";"";"";"";"";"";"";"";"";"";"";"";"";"";"";"";"";"";"";""
"80";"Tools & Industrial///Construction Equipment";"en";"Store";"";"731";"";"A";"0";"";"";"";"0";"";"";"https://is2or.com/tools-and-industrial/construction-equipment/";"construction-equipment";"";"";"";"";"";"";"";"";"";"";"";"";"N";""
"";"الأدوات والصناعية///معدات البناء";"ar";"";"";"";"";"";"";"";"";"";"";"";"";"";"";"";"";"";"";"";"";"";"";"";"";"";"";"";""
"81";"Tools & Industrial///Workshop Equipment";"en";"Store";"";"732";"";"A";"0";"";"";"";"0";"";"";"https://is2or.com/tools-and-industrial/workshop-equipment/";"workshop-equipment";"";"";"";"";"";"";"";"";"";"";"";"";"N";""
"";"الأدوات والصناعية///معدات الورش";"ar";"";"";"";"";"";"";"";"";"";"";"";"";"";"";"";"";"";"";"";"";"";"";"";"";"";"";"";""
"82";"Tools & Industrial///Garden Tools";"en";"Store";"";"733";"";"A";"0";"";"";"";"0";"";"";"https://is2or.com/tools-and-industrial/garden-tools/";"garden-tools";"";"";"";"";"";"";"";"";"";"";"";"";"N";""
"";"الأدوات والصناعية///أدوات الحدائق";"ar";"";"";"";"";"";"";"";"";"";"";"";"";"";"";"";"";"";"";"";"";"";"";"";"";"";"";"";""
"83";"Tools & Industrial///Industrial Machinery";"en";"Store";"";"734";"";"A";"0";"";"";"";"0";"";"";"https://is2or.com/tools-and-industrial/industrial-machinery/";"industrial-machinery";"";"";"";"";"";"";"";"";"";"";"";"";"N";""
"";"الأدوات والصناعية///الآلات الصناعية";"ar";"";"";"";"";"";"";"";"";"";"";"";"";"";"";"";"";"";"";"";"";"";"";"";"";"";"";"";""
"84";"Tools & Industrial///Safety Equipment";"en";"Store";"";"735";"";"A";"0";"";"";"";"0";"";"";"https://is2or.com/tools-and-industrial/safety-equipment/";"safety-equipment";"";"";"";"";"";"";"";"";"";"";"";"";"N";""
"";"الأدوات والصناعية///معدات السلامة";"ar";"";"";"";"";"";"";"";"";"";"";"";"";"";"";"";"";"";"";"";"";"";"";"";"";"";"";"";""
"85";"Tools & Industrial///Testing Equipment";"en";"Store";"";"736";"";"A";"0";"";"";"";"0";"";"";"https://is2or.com/tools-and-industrial/testing-equipment/";"testing-equipment";"";"";"";"";"";"";"";"";"";"";"";"";"N";""
"";"الأدوات والصناعية///معدات الاختبار";"ar";"";"";"";"";"";"";"";"";"";"";"";"";"";"";"";"";"";"";"";"";"";"";"";"";"";"";"";""
"86";"Collectibles & Art///Antiques";"en";"Store";"";"737";"";"A";"0";"";"";"";"0";"";"";"https://is2or.com/collectibles-and-art/antiques/";"antiques";"";"";"";"";"";"";"";"";"";"";"";"";"N";""
"";"المقتنيات والفنون///التحف";"ar";"";"";"";"";"";"";"";"";"";"";"";"";"";"";"";"";"";"";"";"";"";"";"";"";"";"";"";""
"87";"Collectibles & Art///Art Pieces";"en";"Store";"";"738";"";"A";"0";"";"";"";"0";"";"";"https://is2or.com/collectibles-and-art/art-pieces/";"art-pieces";"";"";"";"";"";"";"";"";"";"";"";"";"N";""
"";"المقتنيات والفنون///القطع الفنية";"ar";"";"";"";"";"";"";"";"";"";"";"";"";"";"";"";"";"";"";"";"";"";"";"";"";"";"";"";""
"88";"Collectibles & Art///Stamps";"en";"Store";"";"739";"";"A";"0";"";"";"";"0";"";"";"https://is2or.com/collectibles-and-art/stamps/";"stamps";"";"";"";"";"";"";"";"";"";"";"";"";"N";""
"";"المقتنيات والفنون///طوابع بريدية";"ar";"";"";"";"";"";"";"";"";"";"";"";"";"";"";"";"";"";"";"";"";"";"";"";"";"";"";"";""
"89";"Collectibles & Art///Coins";"en";"Store";"";"740";"";"A";"0";"";"";"";"0";"";"";"https://is2or.com/collectibles-and-art/coins/";"coins";"";"";"";"";"";"";"";"";"";"";"";"";"N";""
"";"المقتنيات والفنون///عملات معدنية";"ar";"";"";"";"";"";"";"";"";"";"";"";"";"";"";"";"";"";"";"";"";"";"";"";"";"";"";"";""
"90";"Collectibles & Art///Trading Cards";"en";"Store";"";"741";"";"A";"0";"";"";"";"0";"";"";"https://is2or.com/collectibles-and-art/trading-cards/";"trading-cards";"";"";"";"";"";"";"";"";"";"";"";"";"N";""
"";"المقتنيات والفنون///بطاقات التداول";"ar";"";"";"";"";"";"";"";"";"";"";"";"";"";"";"";"";"";"";"";"";"";"";"";"";"";"";"";""
"91";"Collectibles & Art///Memorabilia";"en";"Store";"";"742";"";"A";"0";"";"";"";"0";"";"";"https://is2or.com/collectibles-and-art/memorabilia/";"memorabilia";"";"";"";"";"";"";"";"";"";"";"";"";"N";""
"";"المقتنيات والفنون///تذكارات";"ar";"";"";"";"";"";"";"";"";"";"";"";"";"";"";"";"";"";"";"";"";"";"";"";"";"";"";"";""
"92";"Collectibles & Art///Vintage Items";"en";"Store";"";"743";"";"A";"0";"";"";"";"0";"";"";"https://is2or.com/collectibles-and-art/vintage-items/";"vintage-items";"";"";"";"";"";"";"";"";"";"";"";"";"N";""
"";"المقتنيات والفنون///العناصر القديمة";"ar";"";"";"";"";"";"";"";"";"";"";"";"";"";"";"";"";"";"";"";"";"";"";"";"";"";"";"";""
"93";"Collectibles & Art///Limited Edition Items";"en";"Store";"";"744";"";"A";"0";"";"";"";"0";"";"";"https://is2or.com/collectibles-and-art/limited-edition-items/";"limited-edition-items";"";"";"";"";"";"";"";"";"";"";"";"";"N";""
"";"المقتنيات والفنون///عناصر الإصدار المحدود";"ar";"";"";"";"";"";"";"";"";"";"";"";"";"";"";"";"";"";"";"";"";"";"";"";"";"";"";"";""
"745";"Office Supplies///Paper & Stationery";"en";"B2B";"";"745";"22 May 2025 00:00:00";"A";"10";"https://is2or.com/images/detailed/14/1-paper-stationer.png#{[ar]:;[en]:;}";"";"default";"0";"";"";"https://is2or.com/office-supplies/paper-and-stationery/";"paper-and-stationery";"D";"";"";"";"";"";"";"";"";"";"";"";"N";"{""set"":""all"",""set_value"":""1""}"
"";"مستلزمات المكاتب///الورق والقرطاسية";"ar";"";"";"";"";"";"";"";"";"";"";"";"";"";"";"";"";"";"";"";"";"";"";"";"";"";"";"";""
"746";"Office Supplies///Printers & Accessories";"en";"B2B";"";"746";"22 May 2025 00:00:00";"A";"20";"https://is2or.com/images/detailed/14/1-printer.png#{[ar]:;[en]:;}";"";"default";"0";"";"";"https://is2or.com/office-supplies/printers-and-accessories/";"printers-and-accessories";"D";"";"";"";"";"";"";"";"";"";"";"";"N";"{""set"":""all"",""set_value"":""1""}"
"";"مستلزمات المكاتب///الطابعات والملحقات";"ar";"";"";"";"";"";"";"";"";"";"";"";"";"";"";"";"";"";"";"";"";"";"";"";"";"";"";"";""
"747";"Office Supplies///Office Furniture";"en";"B2B";"Office Furniture";"747";"22 May 2025 00:00:00";"A";"30";"https://is2or.com/images/detailed/14/1-office-furniture.png#{[ar]:;[en]:;}";"";"default";"0";"";"";"https://is2or.com/office-supplies/office-furniture/";"office-furniture";"D";"";"";"";"";"";"";"";"";"";"";"";"N";"{""set"":""all"",""set_value"":""1""}"
"";"مستلزمات المكاتب///أثاث المكتب";"ar";"";"أثاث المكتب";"";"";"";"";"";"";"";"";"";"";"";"";"";"";"";"";"";"";"";"";"";"";"";"";"";""
"748";"Office Supplies///Ink & Toner";"en";"B2B";"Ink & Toner";"748";"22 May 2025 00:00:00";"A";"40";"https://is2or.com/images/detailed/14/1-ink-toner.png#{[ar]:;[en]:;}";"";"default";"0";"";"";"https://is2or.com/office-supplies/ink-and-toner/";"ink-and-toner";"D";"";"";"";"";"";"";"";"";"";"";"";"N";"{""set"":""all"",""set_value"":""1""}"
"";"مستلزمات المكاتب///أحبار الطباعة";"ar";"";"أحبار الطباعة";"";"";"";"";"";"";"";"";"";"";"";"";"";"";"";"";"";"";"";"";"";"";"";"";"";""
"749";"Office Supplies///Pantry & Breakroom Items";"en";"B2B";"Pantry & Breakroom Items";"749";"22 May 2025 00:00:00";"A";"50";"https://is2or.com/images/detailed/14/1-pantry-breakroom.png#{[ar]:;[en]:;}";"";"default";"0";"";"";"https://is2or.com/office-supplies/pantry-and-breakroom-items/";"pantry-and-breakroom-items";"D";"";"";"";"";"";"";"";"";"";"";"";"N";"{""set"":""all"",""set_value"":""1""}"
"";"مستلزمات المكاتب///مستلزمات الاستراحة";"ar";"";"مستلزمات الاستراحة";"";"";"";"";"";"";"";"";"";"";"";"";"";"";"";"";"";"";"";"";"";"";"";"";"";""
"750";"Office Supplies///Cleaning Products";"en";"B2B";"Cleaning Products";"750";"22 May 2025 00:00:00";"A";"60";"https://is2or.com/images/detailed/14/1-cleaning_wi5e-25.png#{[ar]:;[en]:;}";"";"default";"0";"";"";"https://is2or.com/office-supplies/cleaning-products/";"cleaning-products";"D";"";"";"";"";"";"";"";"";"";"";"";"N";"{""set"":""all"",""set_value"":""1""}"
"";"مستلزمات المكاتب///منتجات التنظيف";"ar";"";"منتجات التنظيف";"";"";"";"";"";"";"";"";"";"";"";"";"";"";"";"";"";"";"";"";"";"";"";"";"";""
"751";"Building Materials & Tools///Cement";"en";"B2B";"Cement";"751";"22 May 2025 00:00:00";"A";"10";"";"";"default";"0";"";"";"https://is2or.com/building-materials-and-tools/cement/";"cement";"D";"";"";"";"";"";"";"";"";"";"";"";"N";"{""set"":""all"",""set_value"":""1""}"
"";"مواد وأدوات البناء///الأسمنت";"ar";"";"الأسمنت";"";"";"";"";"";"";"";"";"";"";"";"";"";"";"";"";"";"";"";"";"";"";"";"";"";""
"752";"Building Materials & Tools///Bricks & Blocks";"en";"B2B";"Bricks & Blocks";"752";"22 May 2025 00:00:00";"A";"20";"";"";"default";"0";"";"";"https://is2or.com/building-materials-and-tools/bricks-and-blocks/";"bricks-and-blocks";"D";"";"";"";"";"";"";"";"";"";"";"";"N";"{""set"":""all"",""set_value"":""1""}"
"";"مواد وأدوات البناء///والبلوك والطوب";"ar";"";"والبلوك والطوب";"";"";"";"";"";"";"";"";"";"";"";"";"";"";"";"";"";"";"";"";"";"";"";"";"";""
"753";"Building Materials & Tools///Steel & Metal";"en";"B2B";"Steel & Metal";"753";"22 May 2025 00:00:00";"A";"30";"";"";"default";"0";"";"";"https://is2or.com/building-materials-and-tools/steel-and-metal/";"steel-and-metal";"D";"";"";"";"";"";"";"";"";"";"";"";"N";"{""set"":""all"",""set_value"":""1""}"
"";"مواد وأدوات البناء///الحديد والمعادن";"ar";"";"الحديد والمعادن";"";"";"";"";"";"";"";"";"";"";"";"";"";"";"";"";"";"";"";"";"";"";"";"";"";""
"754";"Building Materials & Tools///Paint & Adhesives";"en";"B2B";"Paint & Adhesives";"754";"22 May 2025 00:00:00";"A";"40";"";"";"default";"0";"";"";"https://is2or.com/building-materials-and-tools/paint-and-adhesives/";"paint-and-adhesives";"D";"";"";"";"";"";"";"";"";"";"";"";"N";"{""set"":""all"",""set_value"":""1""}"
"";"مواد وأدوات البناء///الدهانات والمواد اللاصقة";"ar";"";"الدهانات والمواد اللاصقة";"";"";"";"";"";"";"";"";"";"";"";"";"";"";"";"";"";"";"";"";"";"";"";"";"";""
"755";"Building Materials & Tools///Plumbing Supplies";"en";"B2B";"Plumbing Supplies";"755";"22 May 2025 00:00:00";"A";"50";"";"";"default";"0";"";"";"https://is2or.com/building-materials-and-tools/plumbing-supplies/";"plumbing-supplies";"D";"";"";"";"";"";"";"";"";"";"";"";"N";"{""set"":""all"",""set_value"":""1""}"
"";"مواد وأدوات البناء///مستلزمات السباكة";"ar";"";"مستلزمات السباكة";"";"";"";"";"";"";"";"";"";"";"";"";"";"";"";"";"";"";"";"";"";"";"";"";"";""
"756";"Building Materials & Tools///Doors & Windows";"en";"B2B";"Doors & Windows";"756";"22 May 2025 00:00:00";"A";"60";"";"";"default";"0";"";"";"https://is2or.com/building-materials-and-tools/doors-and-windows/";"doors-and-windows";"D";"";"";"";"";"";"";"";"";"";"";"";"N";"{""set"":""all"",""set_value"":""1""}"
"";"مواد وأدوات البناء///الأبواب والنوافذ";"ar";"";"الأبواب والنوافذ";"";"";"";"";"";"";"";"";"";"";"";"";"";"";"";"";"";"";"";"";"";"";"";"";"";""
"757";"Building Materials & Tools///Tools & Hardware";"en";"B2B";"Tools & Hardware";"757";"22 May 2025 00:00:00";"A";"70";"";"";"default";"0";"";"";"https://is2or.com/building-materials-and-tools/tools-and-hardware/";"tools-and-hardware";"D";"";"";"";"";"";"";"";"";"";"";"";"N";"{""set"":""all"",""set_value"":""1""}"
"";"مواد وأدوات البناء///الأدوات والمثبتات";"ar";"";"الأدوات والمثبتات";"";"";"";"";"";"";"";"";"";"";"";"";"";"";"";"";"";"";"";"";"";"";"";"";"";""
"758";"Electrical & Lighting///Wires & Cables";"en";"B2B";"Wires & Cables";"758";"22 May 2025 00:00:00";"A";"10";"https://is2or.com/images/detailed/14/3-wires-cables.png#{[ar]:;[en]:;}";"";"default";"0";"";"";"https://is2or.com/electrical-and-lighting/wires-and-cables/";"wires-and-cables";"D";"";"";"";"";"";"";"";"";"";"";"";"N";"{""set"":""all"",""set_value"":""1""}"
"";"الكهرباء والإضاءة///الأسلاك والكابلات";"ar";"";"الأسلاك والكابلات";"";"";"";"";"";"";"";"";"";"";"";"";"";"";"";"";"";"";"";"";"";"";"";"";"";""
"759";"Electrical & Lighting///Switches & Plugs";"en";"B2B";"Switches & Plugs";"759";"22 May 2025 00:00:00";"A";"20";"https://is2or.com/images/detailed/14/3-switches-plugs.png#{[ar]:;[en]:;}";"";"default";"0";"";"";"https://is2or.com/electrical-and-lighting/switches-and-plugs/";"switches-and-plugs";"D";"";"";"";"";"";"";"";"";"";"";"";"N";"{""set"":""all"",""set_value"":""1""}"
"";"الكهرباء والإضاءة///المفاتيح والمقابس";"ar";"";"المفاتيح والمقابس";"";"";"";"";"";"";"";"";"";"";"";"";"";"";"";"";"";"";"";"";"";"";"";"";"";""
"760";"Electrical & Lighting///Indoor & Outdoor Lights";"en";"B2B";"Indoor & Outdoor Lights";"760";"22 May 2025 00:00:00";"A";"30";"https://is2or.com/images/detailed/14/3-lights.png#{[ar]:;[en]:;}";"";"default";"0";"";"";"https://is2or.com/electrical-and-lighting/indoor-and-outdoor-lights/";"indoor-and-outdoor-lights";"D";"";"";"";"";"";"";"";"";"";"";"";"N";"{""set"":""all"",""set_value"":""1""}"
"";"الكهرباء والإضاءة///الإضاءة الداخلية والخارجية";"ar";"";"الإضاءة الداخلية والخارجية";"";"";"";"";"";"";"";"";"";"";"";"";"";"";"";"";"";"";"";"";"";"";"";"";"";""
"761";"Electrical & Lighting///Batteries & Chargers";"en";"B2B";"Batteries & Chargers";"761";"22 May 2025 00:00:00";"A";"40";"https://is2or.com/images/detailed/14/3-batteries.png#{[ar]:;[en]:;}";"";"default";"0";"";"";"https://is2or.com/electrical-and-lighting/batteries-and-chargers/";"batteries-and-chargers";"D";"";"";"";"";"";"";"";"";"";"";"";"N";"{""set"":""all"",""set_value"":""1""}"
"";"الكهرباء والإضاءة///البطاريات والشواحن";"ar";"";"البطاريات والشواحن";"";"";"";"";"";"";"";"";"";"";"";"";"";"";"";"";"";"";"";"";"";"";"";"";"";""
"762";"Electrical & Lighting///Fans & Ventilation";"en";"B2B";"Fans & Ventilation";"762";"22 May 2025 00:00:00";"A";"50";"https://is2or.com/images/detailed/14/3-fans.png#{[ar]:;[en]:;}";"";"default";"0";"";"";"https://is2or.com/electrical-and-lighting/fans-and-ventilation/";"fans-and-ventilation";"D";"";"";"";"";"";"";"";"";"";"";"";"N";"{""set"":""all"",""set_value"":""1""}"
"";"الكهرباء والإضاءة///المراوح والتهوية";"ar";"";"المراوح والتهوية";"";"";"";"";"";"";"";"";"";"";"";"";"";"";"";"";"";"";"";"";"";"";"";"";"";""
"763";"Packaging & Shipping///Boxes & Cartons";"en";"B2B";"Boxes & Cartons";"763";"22 May 2025 00:00:00";"A";"10";"https://is2or.com/images/detailed/14/4-boxes.png#{[ar]:;[en]:;}";"";"default";"0";"";"";"https://is2or.com/packaging-and-shipping/boxes-and-cartons/";"boxes-and-cartons";"D";"";"";"";"";"";"";"";"";"";"";"";"N";"{""set"":""all"",""set_value"":""1""}"
"";"التغليف والشحن///الصناديق والكرتون";"ar";"";"الصناديق والكرتون";"";"";"";"";"";"";"";"";"";"";"";"";"";"";"";"";"";"";"";"";"";"";"";"";"";""
"764";"Packaging & Shipping///Tape & Wraps";"en";"B2B";"Tape & Wraps";"764";"22 May 2025 00:00:00";"A";"20";"https://is2or.com/images/detailed/14/4-tape-wraps.png#{[ar]:;[en]:;}";"";"default";"0";"";"";"https://is2or.com/packaging-and-shipping/tape-and-wraps/";"tape-and-wraps";"D";"";"";"";"";"";"";"";"";"";"";"";"N";"{""set"":""all"",""set_value"":""1""}"
"";"التغليف والشحن///الأشرطة ومواد التغليف";"ar";"";"الأشرطة ومواد التغليف";"";"";"";"";"";"";"";"";"";"";"";"";"";"";"";"";"";"";"";"";"";"";"";"";"";""
"765";"Packaging & Shipping///Bubble Wrap & Fillers";"en";"B2B";"Bubble Wrap & Fillers";"765";"22 May 2025 00:00:00";"A";"30";"https://is2or.com/images/detailed/14/4-bubble-wraps.png#{[ar]:;[en]:;}";"";"default";"0";"";"";"https://is2or.com/packaging-and-shipping/bubble-wrap-and-fillers/";"bubble-wrap-and-fillers";"D";"";"";"";"";"";"";"";"";"";"";"";"N";"{""set"":""all"",""set_value"":""1""}"
"";"التغليف والشحن///الفقاعات والحشو";"ar";"";"الفقاعات والحشو";"";"";"";"";"";"";"";"";"";"";"";"";"";"";"";"";"";"";"";"";"";"";"";"";"";""
"766";"Packaging & Shipping///Labels & Stickers";"en";"B2B";"Labels & Stickers";"766";"22 May 2025 00:00:00";"A";"40";"https://is2or.com/images/detailed/14/4-labels.png#{[ar]:;[en]:;}";"";"default";"0";"";"";"https://is2or.com/packaging-and-shipping/labels-and-stickers/";"labels-and-stickers";"D";"";"";"";"";"";"";"";"";"";"";"";"N";"{""set"":""all"",""set_value"":""1""}"
"";"التغليف والشحن///الملصقات والباركود";"ar";"";"الملصقات والباركود";"";"";"";"";"";"";"";"";"";"";"";"";"";"";"";"";"";"";"";"";"";"";"";"";"";""
"767";"Packaging & Shipping///Pallets & Containers";"en";"B2B";"Pallets & Containers";"767";"22 May 2025 00:00:00";"A";"50";"https://is2or.com/images/detailed/14/4-pallet.png#{[ar]:;[en]:;}";"";"default";"0";"";"";"https://is2or.com/packaging-and-shipping/pallets-and-containers/";"pallets-and-containers";"D";"";"";"";"";"";"";"";"";"";"";"";"N";"{""set"":""all"",""set_value"":""1""}"
"";"التغليف والشحن///الطبليات والحاويات";"ar";"";"الطبليات والحاويات";"";"";"";"";"";"";"";"";"";"";"";"";"";"";"";"";"";"";"";"";"";"";"";"";"";""
"768";"Safety Gear & PPE///Helmets & Headgear";"en";"B2B";"Helmets & Headgear";"768";"22 May 2025 00:00:00";"A";"10";"";"";"default";"0";"";"";"https://is2or.com/safety-gear-and-ppe/helmets-and-headgear/";"helmets-and-headgear";"D";"";"";"";"";"";"";"";"";"";"";"";"N";"{""set"":""all"",""set_value"":""1""}"
"";"معدات السلامة والوقاية///الخوذ وأغطية الرأس";"ar";"";"الخوذ وأغطية الرأس";"";"";"";"";"";"";"";"";"";"";"";"";"";"";"";"";"";"";"";"";"";"";"";"";"";""
"769";"Safety Gear & PPE///Gloves";"en";"B2B";"Gloves";"769";"22 May 2025 00:00:00";"A";"20";"";"";"default";"0";"";"";"https://is2or.com/safety-gear-and-ppe/gloves/";"gloves";"D";"";"";"";"";"";"";"";"";"";"";"";"N";"{""set"":""all"",""set_value"":""1""}"
"";"معدات السلامة والوقاية///القفازات";"ar";"";"القفازات";"";"";"";"";"";"";"";"";"";"";"";"";"";"";"";"";"";"";"";"";"";"";"";"";"";""
"770";"Safety Gear & PPE///Safety Glasses";"en";"B2B";"Safety Glasses";"770";"22 May 2025 00:00:00";"A";"30";"";"";"default";"0";"";"";"https://is2or.com/safety-gear-and-ppe/safety-glasses/";"safety-glasses";"D";"";"";"";"";"";"";"";"";"";"";"";"N";"{""set"":""all"",""set_value"":""1""}"
"";"معدات السلامة والوقاية///نظارات السلامة";"ar";"";"نظارات السلامة";"";"";"";"";"";"";"";"";"";"";"";"";"";"";"";"";"";"";"";"";"";"";"";"";"";""
"771";"Safety Gear & PPE///Work Boots";"en";"B2B";"Work Boots";"771";"22 May 2025 00:00:00";"A";"40";"";"";"default";"0";"";"";"https://is2or.com/safety-gear-and-ppe/work-boots/";"work-boots";"D";"";"";"";"";"";"";"";"";"";"";"";"N";"{""set"":""all"",""set_value"":""1""}"
"";"معدات السلامة والوقاية///أحذية العمل";"ar";"";"أحذية العمل";"";"";"";"";"";"";"";"";"";"";"";"";"";"";"";"";"";"";"";"";"";"";"";"";"";""
"772";"Safety Gear & PPE///Masks & Respirators";"en";"B2B";"Masks & Respirators";"772";"22 May 2025 00:00:00";"A";"50";"";"";"default";"0";"";"";"https://is2or.com/safety-gear-and-ppe/masks-and-respirators/";"masks-and-respirators";"D";"";"";"";"";"";"";"";"";"";"";"";"N";"{""set"":""all"",""set_value"":""1""}"
"";"معدات السلامة والوقاية///الأقنعة وأجهزة التنفس";"ar";"";"الأقنعة وأجهزة التنفس";"";"";"";"";"";"";"";"";"";"";"";"";"";"";"";"";"";"";"";"";"";"";"";"";"";""
"773";"Safety Gear & PPE///Fire Safety & First Aid";"en";"B2B";"Fire Safety & First Aid";"773";"22 May 2025 00:00:00";"A";"60";"";"";"default";"0";"";"";"https://is2or.com/safety-gear-and-ppe/fire-safety-and-first-aid/";"fire-safety-and-first-aid";"D";"";"";"";"";"";"";"";"";"";"";"";"N";"{""set"":""all"",""set_value"":""1""}"
"";"معدات السلامة والوقاية///السلامة والإسعافات";"ar";"";"السلامة والإسعافات";"";"";"";"";"";"";"";"";"";"";"";"";"";"";"";"";"";"";"";"";"";"";"";"";"";""
"781";"Restaurant & Hotel Supplies///Disposable Items";"en";"B2B";"Disposable Items";"781";"22 May 2025 00:00:00";"A";"10";"https://is2or.com/images/detailed/14/2-disposable-items.png#{[ar]:;[en]:;}";"";"default";"0";"";"";"https://is2or.com/restaurant-and-hotel-supplies/disposable-items/";"disposable-items";"D";"";"";"";"";"";"";"";"";"";"";"";"N";"{""set"":""all"",""set_value"":""1""}"
"";"مستلزمات المطاعم والفنادق///منتجات الاستخدام الواحد";"ar";"";"منتجات الاستخدام الواحد";"";"";"";"";"";"";"";"";"";"";"";"";"";"";"";"";"";"";"";"";"";"";"";"";"";""
"782";"Restaurant & Hotel Supplies///Kitchen Equipment";"en";"B2B";"Kitchen Equipment";"782";"22 May 2025 00:00:00";"A";"20";"https://is2or.com/images/detailed/14/2-kitchen-equipment.png#{[ar]:;[en]:;}";"";"default";"0";"";"";"https://is2or.com/restaurant-and-hotel-supplies/kitchen-equipment/";"kitchen-equipment";"D";"";"";"";"";"";"";"";"";"";"";"";"N";"{""set"":""all"",""set_value"":""1""}"
"";"مستلزمات المطاعم والفنادق///معدات المطبخ";"ar";"";"معدات المطبخ";"";"";"";"";"";"";"";"";"";"";"";"";"";"";"";"";"";"";"";"";"";"";"";"";"";""
"783";"Restaurant & Hotel Supplies///Cookware & Tools";"en";"B2B";"Cookware & Tools";"783";"22 May 2025 00:00:00";"A";"30";"https://is2or.com/images/detailed/14/2-cookware-tools.png#{[ar]:;[en]:;}";"";"default";"0";"";"";"https://is2or.com/restaurant-and-hotel-supplies/cookware-and-tools/";"cookware-and-tools";"D";"";"";"";"";"";"";"";"";"";"";"";"N";"{""set"":""all"",""set_value"":""1""}"
"";"مستلزمات المطاعم والفنادق///أواني وأدوات الطهي";"ar";"";"أواني وأدوات الطهي";"";"";"";"";"";"";"";"";"";"";"";"";"";"";"";"";"";"";"";"";"";"";"";"";"";""
"784";"Restaurant & Hotel Supplies///Food Storage";"en";"B2B";"Food Storage";"784";"22 May 2025 00:00:00";"A";"40";"https://is2or.com/images/detailed/14/2-food-storage.png#{[ar]:;[en]:;}";"";"default";"0";"";"";"https://is2or.com/restaurant-and-hotel-supplies/food-storage/";"food-storage";"D";"";"";"";"";"";"";"";"";"";"";"";"N";"{""set"":""all"",""set_value"":""1""}"
"";"مستلزمات المطاعم والفنادق///تخزين الطعام";"ar";"";"تخزين الطعام";"";"";"";"";"";"";"";"";"";"";"";"";"";"";"";"";"";"";"";"";"";"";"";"";"";""
"785";"Restaurant & Hotel Supplies///Tableware & Serving";"en";"B2B";"Tableware & Serving";"785";"22 May 2025 00:00:00";"A";"50";"https://is2or.com/images/detailed/14/2-tableware-serving.png#{[ar]:;[en]:;}";"";"default";"0";"";"";"https://is2or.com/restaurant-and-hotel-supplies/tableware-and-serving/";"tableware-and-serving";"D";"";"";"";"";"";"";"";"";"";"";"";"N";"{""set"":""all"",""set_value"":""1""}"
"";"مستلزمات المطاعم والفنادق///أدوات التقديم";"ar";"";"أدوات التقديم";"";"";"";"";"";"";"";"";"";"";"";"";"";"";"";"";"";"";"";"";"";"";"";"";"";""
"786";"Restaurant & Hotel Supplies///Cleaning & Hygiene";"en";"B2B";"Cleaning & Hygiene";"786";"22 May 2025 00:00:00";"A";"60";"https://is2or.com/images/detailed/14/2-cleaning.png#{[ar]:;[en]:;}";"";"default";"0";"";"";"https://is2or.com/restaurant-and-hotel-supplies/cleaning-and-hygiene/";"cleaning-and-hygiene";"D";"";"";"";"";"";"";"";"";"";"";"";"N";"{""set"":""all"",""set_value"":""1""}"
"";"مستلزمات المطاعم والفنادق///التنظيف والنظافة";"ar";"";"التنظيف والنظافة";"";"";"";"";"";"";"";"";"";"";"";"";"";"";"";"";"";"";"";"";"";"";"";"";"";""
"787";"Industrial & Workshop Supplies///Lubricants & Fluids";"en";"B2B";"Lubricants & Fluids";"787";"22 May 2025 00:00:00";"A";"10";"";"";"default";"0";"";"";"https://is2or.com/industrial-and-workshop-supplies/lubricants-and-fluids/";"lubricants-and-fluids";"D";"";"";"";"";"";"";"";"";"";"";"";"N";"{""set"":""all"",""set_value"":""1""}"
"";"مستلزمات المصانع والورش///الزيوت والسوائل";"ar";"";"الزيوت والسوائل";"";"";"";"";"";"";"";"";"";"";"";"";"";"";"";"";"";"";"";"";"";"";"";"";"";""
"788";"Industrial & Workshop Supplies///Welding & Repair Tools";"en";"B2B";"Welding & Repair Tools";"788";"22 May 2025 00:00:00";"A";"20";"";"";"default";"0";"";"";"https://is2or.com/industrial-and-workshop-supplies/welding-and-repair-tools/";"welding-and-repair-tools";"D";"";"";"";"";"";"";"";"";"";"";"";"N";"{""set"":""all"",""set_value"":""1""}"
"";"مستلزمات المصانع والورش///اللحام والصيانة";"ar";"";"اللحام والصيانة";"";"";"";"";"";"";"";"";"";"";"";"";"";"";"";"";"";"";"";"";"";"";"";"";"";""
"789";"Industrial & Workshop Supplies///Compressors & Pumps";"en";"B2B";"Compressors & Pumps";"789";"22 May 2025 00:00:00";"A";"30";"";"";"default";"0";"";"";"https://is2or.com/industrial-and-workshop-supplies/compressors-and-pumps/";"compressors-and-pumps";"D";"";"";"";"";"";"";"";"";"";"";"";"N";"{""set"":""all"",""set_value"":""1""}"
"";"مستلزمات المصانع والورش///الضواغط والمضخات";"ar";"";"الضواغط والمضخات";"";"";"";"";"";"";"";"";"";"";"";"";"";"";"";"";"";"";"";"";"";"";"";"";"";""
"790";"Industrial & Workshop Supplies///Ladders & Platforms";"en";"B2B";"Ladders & Platforms";"790";"22 May 2025 00:00:00";"A";"40";"";"";"default";"0";"";"";"https://is2or.com/industrial-and-workshop-supplies/ladders-and-platforms/";"ladders-and-platforms";"D";"";"";"";"";"";"";"";"";"";"";"";"N";"{""set"":""all"",""set_value"":""1""}"
"";"مستلزمات المصانع والورش///السلالم والمنصات";"ar";"";"السلالم والمنصات";"";"";"";"";"";"";"";"";"";"";"";"";"";"";"";"";"";"";"";"";"";"";"";"";"";""
"791";"Industrial & Workshop Supplies///Tool Kits & Storage";"en";"B2B";"Tool Kits & Storage";"791";"22 May 2025 00:00:00";"A";"50";"";"";"default";"0";"";"";"https://is2or.com/industrial-and-workshop-supplies/tool-kits-and-storage/";"tool-kits-and-storage";"D";"";"";"";"";"";"";"";"";"";"";"";"N";"{""set"":""all"",""set_value"":""1""}"
"";"مستلزمات المصانع والورش///أدوات وصناديق تخزين";"ar";"";"أدوات وصناديق تخزين";"";"";"";"";"";"";"";"";"";"";"";"";"";"";"";"";"";"";"";"";"";"";"";"";"";""
"792";"Auto & Workshop Needs///Car Batteries & Tires";"en";"B2B";"Car Batteries & Tires";"792";"22 May 2025 00:00:00";"A";"10";"";"";"default";"0";"";"";"https://is2or.com/auto-and-workshop-needs/car-batteries-and-tires/";"car-batteries-and-tires";"D";"";"";"";"";"";"";"";"";"";"";"";"N";"{""set"":""all"",""set_value"":""1""}"
"";"مستلزمات السيارات والورش///بطاريات وإطارات السيارات";"ar";"";"بطاريات وإطارات السيارات";"";"";"";"";"";"";"";"";"";"";"";"";"";"";"";"";"";"";"";"";"";"";"";"";"";""
"793";"Auto & Workshop Needs///Engine Oils & Fluids";"en";"B2B";"Engine Oils & Fluids";"793";"22 May 2025 00:00:00";"A";"20";"";"";"default";"0";"";"";"https://is2or.com/auto-and-workshop-needs/engine-oils-and-fluids/";"engine-oils-and-fluids";"D";"";"";"";"";"";"";"";"";"";"";"";"N";"{""set"":""all"",""set_value"":""1""}"
"";"مستلزمات السيارات والورش///زيوت وسوائل المحرك";"ar";"";"زيوت وسوائل المحرك";"";"";"";"";"";"";"";"";"";"";"";"";"";"";"";"";"";"";"";"";"";"";"";"";"";""
"794";"Auto & Workshop Needs///Car Cleaning Products";"en";"B2B";"Car Cleaning Products";"794";"22 May 2025 00:00:00";"A";"30";"";"";"default";"0";"";"";"https://is2or.com/auto-and-workshop-needs/car-cleaning-products/";"car-cleaning-products";"D";"";"";"";"";"";"";"";"";"";"";"";"N";"{""set"":""all"",""set_value"":""1""}"
"";"مستلزمات السيارات والورش///منظفات السيارات";"ar";"";"منظفات السيارات";"";"";"";"";"";"";"";"";"";"";"";"";"";"";"";"";"";"";"";"";"";"";"";"";"";""
"795";"Auto & Workshop Needs///Spare Parts";"en";"B2B";"Spare Parts";"795";"22 May 2025 00:00:00";"A";"40";"";"";"default";"0";"";"";"https://is2or.com/auto-and-workshop-needs/spare-parts/";"spare-parts";"D";"";"";"";"";"";"";"";"";"";"";"";"N";"{""set"":""all"",""set_value"":""1""}"
"";"مستلزمات السيارات والورش///قطع الغيار";"ar";"";"قطع الغيار";"";"";"";"";"";"";"";"";"";"";"";"";"";"";"";"";"";"";"";"";"";"";"";"";"";""
"796";"Auto & Workshop Needs///Tools & Lifts";"en";"B2B";"Tools & Lifts";"796";"22 May 2025 00:00:00";"A";"50";"";"";"default";"0";"";"";"https://is2or.com/auto-and-workshop-needs/tools-and-lifts/";"tools-and-lifts";"D";"";"";"";"";"";"";"";"";"";"";"";"N";"{""set"":""all"",""set_value"":""1""}"
"";"مستلزمات السيارات والورش///الأدوات والرافعات";"ar";"";"الأدوات والرافعات";"";"";"";"";"";"";"";"";"";"";"";"";"";"";"";"";"";"";"";"";"";"";"";"";"";""
"797";"Cleaning & Maintenance///Floor & Surface Cleaners";"en";"B2B";"Floor & Surface Cleaners";"797";"22 May 2025 00:00:00";"A";"10";"";"";"default";"0";"";"";"https://is2or.com/cleaning-and-maintenance/floor-and-surface-cleaners/";"floor-and-surface-cleaners";"D";"";"";"";"";"";"";"";"";"";"";"";"N";"{""set"":""all"",""set_value"":""1""}"
"";"التنظيف والصيانة///منظفات الأرضيات والأسطح";"ar";"";"منظفات الأرضيات والأسطح";"";"";"";"";"";"";"";"";"";"";"";"";"";"";"";"";"";"";"";"";"";"";"";"";"";""
"798";"Cleaning & Maintenance///Mops";"en";"B2B";"Mops";"798";"22 May 2025 00:00:00";"A";"20";"";"";"default";"0";"";"";"https://is2or.com/cleaning-and-maintenance/mops/";"mops";"D";"";"";"";"";"";"";"";"";"";"";"";"N";"{""set"":""all"",""set_value"":""1""}"
"";"التنظيف والصيانة///المماسح";"ar";"";"المماسح";"";"";"";"";"";"";"";"";"";"";"";"";"";"";"";"";"";"";"";"";"";"";"";"";"";""
"799";"Cleaning & Maintenance///Brooms & Buckets";"en";"B2B";"Brooms & Buckets";"799";"22 May 2025 00:00:00";"A";"30";"";"";"default";"0";"";"";"https://is2or.com/cleaning-and-maintenance/brooms-and-buckets/";"brooms-and-buckets";"D";"";"";"";"";"";"";"";"";"";"";"";"N";"{""set"":""all"",""set_value"":""1""}"
"";"التنظيف والصيانة///مكانس ودلاء";"ar";"";"مكانس ودلاء";"";"";"";"";"";"";"";"";"";"";"";"";"";"";"";"";"";"";"";"";"";"";"";"";"";""
"800";"Cleaning & Maintenance///Trash Bins & Bags";"en";"B2B";"Trash Bins & Bags";"800";"22 May 2025 00:00:00";"A";"40";"";"";"default";"0";"";"";"https://is2or.com/cleaning-and-maintenance/trash-bins-and-bags/";"trash-bins-and-bags";"D";"";"";"";"";"";"";"";"";"";"";"";"N";"{""set"":""all"",""set_value"":""1""}"
"";"التنظيف والصيانة///سلال وأكياس النفايات";"ar";"";"سلال وأكياس النفايات";"";"";"";"";"";"";"";"";"";"";"";"";"";"";"";"";"";"";"";"";"";"";"";"";"";""
"801";"Cleaning & Maintenance///Air Fresheners";"en";"B2B";"Air Fresheners";"801";"22 May 2025 00:00:00";"A";"50";"";"";"default";"0";"";"";"https://is2or.com/cleaning-and-maintenance/air-fresheners/";"air-fresheners";"D";"";"";"";"";"";"";"";"";"";"";"";"N";"{""set"":""all"",""set_value"":""1""}"
"";"التنظيف والصيانة/// معطرات الجو";"ar";"";" معطرات الجو";"";"";"";"";"";"";"";"";"";"";"";"";"";"";"";"";"";"";"";"";"";"";"";"";"";""
"802";"Cleaning & Maintenance///Bathroom Supplies";"en";"B2B";"Bathroom Supplies";"802";"22 May 2025 00:00:00";"A";"60";"";"";"default";"0";"";"";"https://is2or.com/cleaning-and-maintenance/bathroom-supplies/";"bathroom-supplies";"D";"";"";"";"";"";"";"";"";"";"";"";"N";"{""set"":""all"",""set_value"":""1""}"
"";"التنظيف والصيانة///مستلزمات الحمامات";"ar";"";"مستلزمات الحمامات";"";"";"";"";"";"";"";"";"";"";"";"";"";"";"";"";"";"";"";"";"";"";"";"";"";""
"803";"IT & Electronics///Laptops & Screens";"en";"B2B";"";"803";"23 May 2025 00:00:00";"A";"10";"";"";"default";"0";"";"";"https://is2or.com/it-and-electronics/laptops-and-screens/";"laptops-and-screens";"D";"";"";"";"";"";"";"";"";"";"";"";"N";"{""set"":""all"",""set_value"":""1""}"
"";"أجهزة إلكترونية وتقنية///أجهزة الكمبيوتر المحمولة والشاشات";"ar";"";"";"";"";"";"";"";"";"";"";"";"";"";"";"";"";"";"";"";"";"";"";"";"";"";"";"";""
"804";"IT & Electronics///Keyboards & Mice";"en";"B2B";"";"804";"23 May 2025 00:00:00";"A";"20";"";"";"default";"0";"";"";"https://is2or.com/it-and-electronics/keyboards-and-mice/";"keyboards-and-mice";"D";"";"";"";"";"";"";"";"";"";"";"";"N";"{""set"":""all"",""set_value"":""1""}"
"";"أجهزة إلكترونية وتقنية///لوحات المفاتيح والماوس";"ar";"";"";"";"";"";"";"";"";"";"";"";"";"";"";"";"";"";"";"";"";"";"";"";"";"";"";"";""
"805";"IT & Electronics///Routers & Cables";"en";"B2B";"";"805";"23 May 2025 00:00:00";"A";"30";"";"";"default";"0";"";"";"https://is2or.com/it-and-electronics/routers-and-cables/";"routers-and-cables";"D";"";"";"";"";"";"";"";"";"";"";"";"N";"{""set"":""all"",""set_value"":""1""}"
"";"أجهزة إلكترونية وتقنية///الموجهات والكابلات";"ar";"";"";"";"";"";"";"";"";"";"";"";"";"";"";"";"";"";"";"";"";"";"";"";"";"";"";"";""
"806";"IT & Electronics///Projectors & Accessories";"en";"B2B";"";"806";"23 May 2025 00:00:00";"A";"40";"";"";"default";"0";"";"";"https://is2or.com/it-and-electronics/projectors-and-accessories/";"projectors-and-accessories";"D";"";"";"";"";"";"";"";"";"";"";"";"N";"{""set"":""all"",""set_value"":""1""}"
"";"أجهزة إلكترونية وتقنية///أجهزة العرض وملحقاتها";"ar";"";"";"";"";"";"";"";"";"";"";"";"";"";"";"";"";"";"";"";"";"";"";"";"";"";"";"";""
"807";"IT & Electronics///CCTV & Security";"en";"B2B";"";"807";"23 May 2025 00:00:00";"A";"10";"";"";"default";"0";"";"";"https://is2or.com/it-and-electronics/cctv-and-security/";"cctv-and-security";"D";"";"";"";"";"";"";"";"";"";"";"";"N";"{""set"":""all"",""set_value"":""1""}"
"";"أجهزة إلكترونية وتقنية///الدوائر التلفزيونية المغلقة والأمن";"ar";"";"";"";"";"";"";"";"";"";"";"";"";"";"";"";"";"";"";"";"";"";"";"";"";"";"";"";""
"808";"Retail & Shop Supplies///Display Racks";"en";"B2B";"";"808";"23 May 2025 00:00:00";"A";"10";"";"";"default";"0";"";"";"https://is2or.com/retail-and-shop-supplies/display-racks/";"display-racks";"D";"";"";"";"";"";"";"";"";"";"";"";"N";"{""set"":""all"",""set_value"":""1""}"
"";"مستلزمات المحلات والمتاجر///رفوف العرض";"ar";"";"";"";"";"";"";"";"";"";"";"";"";"";"";"";"";"";"";"";"";"";"";"";"";"";"";"";""
"809";"Retail & Shop Supplies///Shopping Carts";"en";"B2B";"";"809";"23 May 2025 00:00:00";"A";"20";"";"";"default";"0";"";"";"https://is2or.com/retail-and-shop-supplies/shopping-carts/";"shopping-carts";"D";"";"";"";"";"";"";"";"";"";"";"";"N";"{""set"":""all"",""set_value"":""1""}"
"";"مستلزمات المحلات والمتاجر///عربات التسوق";"ar";"";"";"";"";"";"";"";"";"";"";"";"";"";"";"";"";"";"";"";"";"";"";"";"";"";"";"";""
"810";"Retail & Shop Supplies/// POS Systems";"en";"B2B";"";"810";"23 May 2025 00:00:00";"A";"30";"";"";"default";"0";"";"";"https://is2or.com/retail-and-shop-supplies/pos-systems/";"pos-systems";"D";"";"";"";"";"";"";"";"";"";"";"";"N";"{""set"":""all"",""set_value"":""1""}"
"";"مستلزمات المحلات والمتاجر/// أنظمة نقاط البيع";"ar";"";"";"";"";"";"";"";"";"";"";"";"";"";"";"";"";"";"";"";"";"";"";"";"";"";"";"";""
"811";"Retail & Shop Supplies///Labeling & Price Tags";"en";"B2B";"";"811";"23 May 2025 00:00:00";"A";"40";"";"";"default";"0";"";"";"https://is2or.com/retail-and-shop-supplies/labeling-and-price-tags/";"labeling-and-price-tags";"D";"";"";"";"";"";"";"";"";"";"";"";"N";"{""set"":""all"",""set_value"":""1""}"
"";"مستلزمات المحلات والمتاجر///الملصقات وبطاقات الأسعار";"ar";"";"";"";"";"";"";"";"";"";"";"";"";"";"";"";"";"";"";"";"";"";"";"";"";"";"";"";""
"812";"Clinic & Medical Supplies///Gloves & Masks";"en";"B2B";"";"812";"23 May 2025 00:00:00";"A";"10";"";"";"default";"0";"";"";"https://is2or.com/clinic-and-medical-supplies/gloves-and-masks/";"gloves-and-masks";"D";"";"";"";"";"";"";"";"";"";"";"";"N";"{""set"":""all"",""set_value"":""1""}"
"";"مستلزمات العيادات والطب///القفازات والكمامات";"ar";"";"";"";"";"";"";"";"";"";"";"";"";"";"";"";"";"";"";"";"";"";"";"";"";"";"";"";""
"813";"Clinic & Medical Supplies/// Sanitizers & Cleaners";"en";"B2B";"";"813";"23 May 2025 00:00:00";"A";"20";"";"";"default";"0";"";"";"https://is2or.com/clinic-and-medical-supplies/sanitizers-and-cleaners/";"sanitizers-and-cleaners";"D";"";"";"";"";"";"";"";"";"";"";"";"N";"{""set"":""all"",""set_value"":""1""}"
"";"مستلزمات العيادات والطب/// المطهرات والمنظفات";"ar";"";"";"";"";"";"";"";"";"";"";"";"";"";"";"";"";"";"";"";"";"";"";"";"";"";"";"";""
"814";"Clinic & Medical Supplies/// Basic Medical Tools";"en";"B2B";"";"814";"23 May 2025 00:00:00";"A";"30";"";"";"default";"0";"";"";"https://is2or.com/clinic-and-medical-supplies/basic-medical-tools/";"basic-medical-tools";"D";"";"";"";"";"";"";"";"";"";"";"";"N";"{""set"":""all"",""set_value"":""1""}"
"";"مستلزمات العيادات والطب/// الأدوات الطبية الأساسية";"ar";"";"";"";"";"";"";"";"";"";"";"";"";"";"";"";"";"";"";"";"";"";"";"";"";"";"";"";""
"815";"Clinic & Medical Supplies///Uniforms & Scrubs";"en";"B2B";"";"815";"23 May 2025 00:00:00";"A";"40";"";"";"default";"0";"";"";"https://is2or.com/clinic-and-medical-supplies/uniforms-and-scrubs/";"uniforms-and-scrubs";"D";"";"";"";"";"";"";"";"";"";"";"";"N";"{""set"":""all"",""set_value"":""1""}"
"";"مستلزمات العيادات والطب///الزي الرسمي والأزياء الطبية";"ar";"";"";"";"";"";"";"";"";"";"";"";"";"";"";"";"";"";"";"";"";"";"";"";"";"";"";"";""
"816";"Clinic & Medical Supplies/// Beds & Exam Tables";"en";"B2B";"";"816";"23 May 2025 00:00:00";"A";"50";"";"";"default";"0";"";"";"https://is2or.com/clinic-and-medical-supplies/beds-and-exam-tables/";"beds-and-exam-tables";"D";"";"";"";"";"";"";"";"";"";"";"";"N";"{""set"":""all"",""set_value"":""1""}"
"";"مستلزمات العيادات والطب/// الأسرّة وطاولات الفحص";"ar";"";"";"";"";"";"";"";"";"";"";"";"";"";"";"";"";"";"";"";"";"";"";"";"";"";"";"";""
"292";"Paintings///Figurative / Portrait";"en";"Art";"";"827";"01 Jul 2025 00:00:00";"A";"0";"";"";"default";"0";"";"";"https://is2or.com/paintings/figurative-portrait/";"figurative-portrait";"D";"";"";"";"";"";"";"";"";"";"";"";"N";"{""set"":""all"",""set_value"":""1""}"
"";"لوحات///تصويري / بورتريه";"ar";"";"";"";"";"";"";"";"";"";"";"";"";"";"";"";"";"";"";"";"";"";"";"";"";"";"";"";""
"293";"Paintings///Landscape & Nature";"en";"Art";"";"828";"02 Jul 2025 05:16:41";"A";"0";"";"";"default";"0";"";"";"https://is2or.com/paintings/landscape-and-nature/";"landscape-and-nature";"D";"";"";"";"";"";"";"";"";"";"";"";"N";"{""set"":""all"",""set_value"":""1""}"
"";"لوحات///المناظر الطبيعية والطبيعة";"ar";"";"";"";"";"";"";"";"";"";"";"";"";"";"";"";"";"";"";"";"";"";"";"";"";"";"";"";""
"294";"Paintings///Islamic / Cultural";"en";"Art";"";"829";"02 Jul 2025 05:16:26";"A";"0";"";"";"default";"0";"";"";"https://is2or.com/paintings/islamic-cultural/";"islamic-cultural";"D";"";"";"";"";"";"";"";"";"";"";"";"N";"{""set"":""all"",""set_value"":""1""}"
"";"لوحات///إسلامي / ثقافي";"ar";"";"";"";"";"";"";"";"";"";"";"";"";"";"";"";"";"";"";"";"";"";"";"";"";"";"";"";""
"295";"Paintings///Minimalist / Geometric";"en";"Art";"";"830";"02 Jul 2025 05:17:21";"A";"0";"";"";"default";"0";"";"";"https://is2or.com/paintings/minimalist-geometric/";"minimalist-geometric";"D";"";"";"";"";"";"";"";"";"";"";"";"N";"{""set"":""all"",""set_value"":""1""}"
"";"لوحات///بسيط / هندسي";"ar";"";"";"";"";"";"";"";"";"";"";"";"";"";"";"";"";"";"";"";"";"";"";"";"";"";"";"";""
"296";"Paintings///Mixed Media";"en";"Art";"";"831";"02 Jul 2025 05:17:07";"A";"0";"";"";"default";"0";"";"";"https://is2or.com/paintings/mixed-media/";"mixed-media";"D";"";"";"";"";"";"";"";"";"";"";"";"N";"{""set"":""all"",""set_value"":""1""}"
"";"لوحات///وسائط مختلطة";"ar";"";"";"";"";"";"";"";"";"";"";"";"";"";"";"";"";"";"";"";"";"";"";"";"";"";"";"";""
"297";"Paintings///Expressionist";"en";"Art";"";"832";"02 Jul 2025 05:15:39";"A";"0";"";"";"default";"0";"";"";"https://is2or.com/paintings/expressionist/";"expressionist";"D";"";"";"";"";"";"";"";"";"";"";"";"N";"{""set"":""all"",""set_value"":""1""}"
"";"لوحات///تعبيري";"ar";"";"";"";"";"";"";"";"";"";"";"";"";"";"";"";"";"";"";"";"";"";"";"";"";"";"";"";""
"298";"Paintings///Still Life";"en";"Art";"";"833";"02 Jul 2025 05:16:55";"A";"0";"";"";"default";"0";"";"";"https://is2or.com/paintings/still-life/";"still-life";"D";"";"";"";"";"";"";"";"";"";"";"";"N";"{""set"":""all"",""set_value"":""1""}"
"";"لوحات///طبيعة صامتة";"ar";"";"";"";"";"";"";"";"";"";"";"";"";"";"";"";"";"";"";"";"";"";"";"";"";"";"";"";""
"299";"Paintings///Large Format";"en";"Art";"";"834";"02 Jul 2025 05:17:51";"A";"0";"";"";"default";"0";"";"";"https://is2or.com/paintings/large-format/";"large-format";"D";"";"";"";"";"";"";"";"";"";"";"";"N";"{""set"":""all"",""set_value"":""1""}"
"";"لوحات///تنسيق كبير";"ar";"";"";"";"";"";"";"";"";"";"";"";"";"";"";"";"";"";"";"";"";"";"";"";"";"";"";"";""
"300";"Paintings///Miniature Paintings";"en";"Art";"";"835";"02 Jul 2025 05:17:37";"A";"0";"";"";"default";"0";"";"";"https://is2or.com/paintings/miniature-paintings/";"miniature-paintings";"D";"";"";"";"";"";"";"";"";"";"";"";"N";"{""set"":""all"",""set_value"":""1""}"
"";"لوحات///لوحات مصغرة";"ar";"";"";"";"";"";"";"";"";"";"";"";"";"";"";"";"";"";"";"";"";"";"";"";"";"";"";"";""
"301";"Paintings///Arabic Calligraphy";"en";"Art";"";"836";"02 Jul 2025 05:15:09";"A";"0";"";"";"default";"0";"";"";"https://is2or.com/paintings/arabic-calligraphy/";"arabic-calligraphy";"D";"";"";"";"";"";"";"";"";"";"";"";"N";"{""set"":""all"",""set_value"":""1""}"
"";"لوحات///الخط العربي";"ar";"";"";"";"";"";"";"";"";"";"";"";"";"";"";"";"";"";"";"";"";"";"";"";"";"";"";"";""
"302";"Calligraphy///Modern Calligraphy";"en";"Art";"";"837";"02 Jul 2025 05:19:15";"A";"0";"";"";"default";"0";"";"";"https://is2or.com/calligraphy/modern-calligraphy/";"modern-calligraphy";"D";"";"";"";"";"";"";"";"";"";"";"";"N";"{""set"":""all"",""set_value"":""1""}"
"";"الخط///الخط الحديث";"ar";"";"";"";"";"";"";"";"";"";"";"";"";"";"";"";"";"";"";"";"";"";"";"";"";"";"";"";""
"303";"Calligraphy///Islamic Verses";"en";"Art";"";"838";"02 Jul 2025 05:19:45";"A";"0";"";"";"default";"0";"";"";"https://is2or.com/calligraphy/islamic-verses/";"islamic-verses";"D";"";"";"";"";"";"";"";"";"";"";"";"N";"{""set"":""all"",""set_value"":""1""}"
"";"الخط///آيات إسلامية";"ar";"";"";"";"";"";"";"";"";"";"";"";"";"";"";"";"";"";"";"";"";"";"";"";"";"";"";"";""
"304";"Calligraphy///Contemporary Lettering";"en";"Art";"";"839";"02 Jul 2025 05:19:02";"A";"0";"";"";"default";"0";"";"";"https://is2or.com/calligraphy/contemporary-lettering/";"contemporary-lettering";"D";"";"";"";"";"";"";"";"";"";"";"";"N";"{""set"":""all"",""set_value"":""1""}"
"";"الخط///الكتابة المعاصرة";"ar";"";"";"";"";"";"";"";"";"";"";"";"";"";"";"";"";"";"";"";"";"";"";"";"";"";"";"";""
"305";"Calligraphy///Hand-Engraved Calligraphy";"en";"Art";"";"840";"02 Jul 2025 05:19:59";"A";"0";"";"";"default";"0";"";"";"https://is2or.com/calligraphy/hand-engraved-calligraphy/";"hand-engraved-calligraphy";"D";"";"";"";"";"";"";"";"";"";"";"";"N";"{""set"":""all"",""set_value"":""1""}"
"";"الخط///خط يدوي محفور";"ar";"";"";"";"";"";"";"";"";"";"";"";"";"";"";"";"";"";"";"";"";"";"";"";"";"";"";"";""
"306";"Calligraphy///Decorative Calligraphy Panels";"en";"Art";"";"841";"02 Jul 2025 05:20:18";"A";"0";"";"";"default";"0";"";"";"https://is2or.com/calligraphy/decorative-calligraphy-panels/";"decorative-calligraphy-panels";"D";"";"";"";"";"";"";"";"";"";"";"";"N";"{""set"":""all"",""set_value"":""1""}"
"";"الخط///لوحات زخرفية للخط العربي";"ar";"";"";"";"";"";"";"";"";"";"";"";"";"";"";"";"";"";"";"";"";"";"";"";"";"";"";"";""
"307";"Calligraphy///3D Calligraphy Art";"en";"Art";"";"842";"02 Jul 2025 05:18:35";"A";"0";"";"";"default";"0";"";"";"https://is2or.com/calligraphy/3d-calligraphy-art/";"3d-calligraphy-art";"D";"";"";"";"";"";"";"";"";"";"";"";"N";"{""set"":""all"",""set_value"":""1""}"
"";"الخط///فن الخط ثلاثي الأبعاد";"ar";"";"";"";"";"";"";"";"";"";"";"";"";"";"";"";"";"";"";"";"";"";"";"";"";"";"";"";""
"308";"Calligraphy///Limited Edition Calligraphy Prints";"en";"Art";"";"843";"02 Jul 2025 05:19:28";"A";"0";"";"";"default";"0";"";"";"https://is2or.com/calligraphy/limited-edition-calligraphy-prints/";"limited-edition-calligraphy-prints";"D";"";"";"";"";"";"";"";"";"";"";"";"N";"{""set"":""all"",""set_value"":""1""}"
"";"الخط///مطبوعات خطية محدودة الإصدار";"ar";"";"";"";"";"";"";"";"";"";"";"";"";"";"";"";"";"";"";"";"";"";"";"";"";"";"";"";""
"309";"Calligraphy///Canvas Prints";"en";"Art";"";"844";"02 Jul 2025 05:18:49";"A";"0";"";"";"default";"0";"";"";"https://is2or.com/calligraphy/canvas-prints/";"canvas-prints";"D";"";"";"";"";"";"";"";"";"";"";"";"N";"{""set"":""all"",""set_value"":""1""}"
"";"الخط///طباعة على قماش";"ar";"";"";"";"";"";"";"";"";"";"";"";"";"";"";"";"";"";"";"";"";"";"";"";"";"";"";"";""
"310";"Prints///Fine Art Prints";"en";"Art";"";"845";"02 Jul 2025 05:22:18";"A";"0";"";"";"default";"0";"";"";"https://is2or.com/prints/fine-art-prints/";"fine-art-prints";"D";"";"";"";"";"";"";"";"";"";"";"";"N";"{""set"":""all"",""set_value"":""1""}"
"";"مطبوعات///مطبوعات فنية";"ar";"";"";"";"";"";"";"";"";"";"";"";"";"";"";"";"";"";"";"";"";"";"";"";"";"";"";"";""
"311";"Prints///Limited Edition Prints";"en";"Art";"";"846";"02 Jul 2025 05:23:11";"A";"0";"";"";"default";"0";"";"";"https://is2or.com/prints/limited-edition-prints/";"limited-edition-prints";"D";"";"";"";"";"";"";"";"";"";"";"";"N";"{""set"":""all"",""set_value"":""1""}"
"";"مطبوعات///طبعات محدودة الإصدار";"ar";"";"";"";"";"";"";"";"";"";"";"";"";"";"";"";"";"";"";"";"";"";"";"";"";"";"";"";""
"312";"Prints///Poster Prints";"en";"Art";"";"847";"02 Jul 2025 05:22:45";"A";"0";"";"";"default";"0";"";"";"https://is2or.com/prints/poster-prints/";"poster-prints";"D";"";"";"";"";"";"";"";"";"";"";"";"N";"{""set"":""all"",""set_value"":""1""}"
"";"مطبوعات///مطبوعات ملصقات";"ar";"";"";"";"";"";"";"";"";"";"";"";"";"";"";"";"";"";"";"";"";"";"";"";"";"";"";"";""
"313";"Prints///Framed Prints";"en";"Art";"";"848";"02 Jul 2025 05:23:23";"A";"0";"";"";"default";"0";"";"";"https://is2or.com/prints/framed-prints/";"framed-prints";"D";"";"";"";"";"";"";"";"";"";"";"";"N";"{""set"":""all"",""set_value"":""1""}"
"";"مطبوعات///مطبوعات مؤطرة";"ar";"";"";"";"";"";"";"";"";"";"";"";"";"";"";"";"";"";"";"";"";"";"";"";"";"";"";"";""
"314";"Prints///Digital Illustration Prints";"en";"Art";"";"849";"02 Jul 2025 05:22:06";"A";"0";"";"";"default";"0";"";"";"https://is2or.com/prints/digital-illustration-prints/";"digital-illustration-prints";"D";"";"";"";"";"";"";"";"";"";"";"";"N";"{""set"":""all"",""set_value"":""1""}"
"";"مطبوعات///مطبوعات الرسوم التوضيحية الرقمية";"ar";"";"";"";"";"";"";"";"";"";"";"";"";"";"";"";"";"";"";"";"";"";"";"";"";"";"";"";""
"315";"Prints///Typography & Quote Prints";"en";"Art";"";"850";"02 Jul 2025 05:22:31";"A";"0";"";"";"default";"0";"";"";"https://is2or.com/prints/typography-and-quote-prints/";"typography-and-quote-prints";"D";"";"";"";"";"";"";"";"";"";"";"";"N";"{""set"":""all"",""set_value"":""1""}"
"";"مطبوعات///طباعة ومطبوعات اقتباسات";"ar";"";"";"";"";"";"";"";"";"";"";"";"";"";"";"";"";"";"";"";"";"";"";"";"";"";"";"";""
"316";"Prints///Photography Prints";"en";"Art";"";"851";"02 Jul 2025 05:22:57";"A";"0";"";"";"default";"0";"";"";"https://is2or.com/prints/photography-prints/";"photography-prints";"D";"";"";"";"";"";"";"";"";"";"";"";"N";"{""set"":""all"",""set_value"":""1""}"
"";"مطبوعات///مطبوعات فوتوغرافية";"ar";"";"";"";"";"";"";"";"";"";"";"";"";"";"";"";"";"";"";"";"";"";"";"";"";"";"";"";""
"317";"Prints///Black & White";"en";"Art";"";"852";"02 Jul 2025 05:21:03";"A";"0";"";"";"default";"0";"";"";"https://is2or.com/prints/black-and-white/";"black-and-white";"D";"";"";"";"";"";"";"";"";"";"";"";"N";"{""set"":""all"",""set_value"":""1""}"
"";"مطبوعات///أسود وأبيض";"ar";"";"";"";"";"";"";"";"";"";"";"";"";"";"";"";"";"";"";"";"";"";"";"";"";"";"";"";""
"318";"Photography///Urban & Street Life";"en";"Art";"";"853";"02 Jul 2025 05:24:19";"A";"0";"";"";"default";"0";"";"";"https://is2or.com/photography/urban-and-street-life/";"urban-and-street-life";"D";"";"";"";"";"";"";"";"";"";"";"";"N";"{""set"":""all"",""set_value"":""1""}"
"";"التصوير الفوتوغرافي///الحياة الحضرية والشوارع";"ar";"";"";"";"";"";"";"";"";"";"";"";"";"";"";"";"";"";"";"";"";"";"";"";"";"";"";"";""
"319";"Photography///Portraits & People";"en";"Art";"";"854";"02 Jul 2025 05:24:33";"A";"0";"";"";"default";"0";"";"";"https://is2or.com/photography/portraits-and-people/";"portraits-and-people";"D";"";"";"";"";"";"";"";"";"";"";"";"N";"{""set"":""all"",""set_value"":""1""}"
"";"التصوير الفوتوغرافي///صور شخصية وأشخاص";"ar";"";"";"";"";"";"";"";"";"";"";"";"";"";"";"";"";"";"";"";"";"";"";"";"";"";"";"";""
"320";"Photography///Landscape & Nature";"en";"Art";"";"855";"02 Jul 2025 05:24:47";"A";"0";"";"";"default";"0";"";"";"https://is2or.com/photography/landscape-and-nature/";"landscape-and-nature";"D";"";"";"";"";"";"";"";"";"";"";"";"N";"{""set"":""all"",""set_value"":""1""}"
"";"التصوير الفوتوغرافي///المناظر الطبيعية والطبيعة";"ar";"";"";"";"";"";"";"";"";"";"";"";"";"";"";"";"";"";"";"";"";"";"";"";"";"";"";"";""
"321";"Photography///Architecture & Heritage";"en";"Art";"";"856";"02 Jul 2025 05:25:28";"A";"0";"";"";"default";"0";"";"";"https://is2or.com/photography/architecture-and-heritage/";"architecture-and-heritage";"D";"";"";"";"";"";"";"";"";"";"";"";"N";"{""set"":""all"",""set_value"":""1""}"
"";"التصوير الفوتوغرافي///العمارة والتراث";"ar";"";"";"";"";"";"";"";"";"";"";"";"";"";"";"";"";"";"";"";"";"";"";"";"";"";"";"";""
"322";"Photography///Conceptual / Fine Art Photography";"en";"Art";"";"857";"02 Jul 2025 05:25:14";"A";"0";"";"";"default";"0";"";"";"https://is2or.com/photography/conceptual-fine-art-photography/";"conceptual-fine-art-photography";"D";"";"";"";"";"";"";"";"";"";"";"";"N";"{""set"":""all"",""set_value"":""1""}"
"";"التصوير الفوتوغرافي///التصوير الفوتوغرافي المفاهيمي / الفني";"ar";"";"";"";"";"";"";"";"";"";"";"";"";"";"";"";"";"";"";"";"";"";"";"";"";"";"";"";""
"323";"Photography///Cultural Events & Moments";"en";"Art";"";"858";"02 Jul 2025 05:25:01";"A";"0";"";"";"default";"0";"";"";"https://is2or.com/photography/cultural-events-and-moments/";"cultural-events-and-moments";"D";"";"";"";"";"";"";"";"";"";"";"";"N";"{""set"":""all"",""set_value"":""1""}"
"";"التصوير الفوتوغرافي///الأحداث الثقافية واللحظات الثقافية";"ar";"";"";"";"";"";"";"";"";"";"";"";"";"";"";"";"";"";"";"";"";"";"";"";"";"";"";"";""
"324";"Photography///Aerial / Drone Photography";"en";"Art";"";"859";"02 Jul 2025 05:24:05";"A";"0";"";"";"default";"0";"";"";"https://is2or.com/photography/aerial-drone-photography/";"aerial-drone-photography";"D";"";"";"";"";"";"";"";"";"";"";"";"N";"{""set"":""all"",""set_value"":""1""}"
"";"التصوير الفوتوغرافي///التصوير الجوي / التصوير بالطائرات بدون طيار";"ar";"";"";"";"";"";"";"";"";"";"";"";"";"";"";"";"";"";"";"";"";"";"";"";"";"";"";"";""
"325";"Sculpture///Wood Carving";"en";"Art";"";"860";"01 Jul 2025 00:00:00";"A";"0";"";"";"default";"0";"";"";"https://is2or.com/sculpture/wood-carving/";"wood-carving";"D";"";"";"";"";"";"";"";"";"";"";"";"N";"{""set"":""all"",""set_value"":""1""}"
"";"النحت///نحت الخشب";"ar";"";"";"";"";"";"";"";"";"";"";"";"";"";"";"";"";"";"";"";"";"";"";"";"";"";"";"";""
"326";"Sculpture///Stone / Marble";"en";"Art";"";"861";"02 Jul 2025 05:27:20";"A";"0";"";"";"default";"0";"";"";"https://is2or.com/sculpture/stone-marble/";"stone-marble";"D";"";"";"";"";"";"";"";"";"";"";"";"N";"{""set"":""all"",""set_value"":""1""}"
"";"النحت///حجر / رخام";"ar";"";"";"";"";"";"";"";"";"";"";"";"";"";"";"";"";"";"";"";"";"";"";"";"";"";"";"";""
"327";"Sculpture///Metal / Bronze";"en";"Art";"";"862";"02 Jul 2025 05:28:24";"A";"0";"";"";"default";"0";"";"";"https://is2or.com/sculpture/metal-bronze/";"metal-bronze";"D";"";"";"";"";"";"";"";"";"";"";"";"N";"{""set"":""all"",""set_value"":""1""}"
"";"النحت///معدن / برونز";"ar";"";"";"";"";"";"";"";"";"";"";"";"";"";"";"";"";"";"";"";"";"";"";"";"";"";"";"";""
"328";"Sculpture///Clay / Ceramic";"en";"Art";"";"863";"02 Jul 2025 05:26:07";"A";"0";"";"";"default";"0";"";"";"https://is2or.com/sculpture/clay-ceramic/";"clay-ceramic";"D";"";"";"";"";"";"";"";"";"";"";"";"N";"{""set"":""all"",""set_value"":""1""}"
"";"النحت///طين / سيراميك";"ar";"";"";"";"";"";"";"";"";"";"";"";"";"";"";"";"";"";"";"";"";"";"";"";"";"";"";"";""
"329";"Sculpture///Mixed Material Sculptures";"en";"Art";"";"864";"02 Jul 2025 05:27:33";"A";"0";"";"";"default";"0";"";"";"https://is2or.com/sculpture/mixed-material-sculptures/";"mixed-material-sculptures";"D";"";"";"";"";"";"";"";"";"";"";"";"N";"{""set"":""all"",""set_value"":""1""}"
"";"النحت///منحوتات من مواد مختلطة";"ar";"";"";"";"";"";"";"";"";"";"";"";"";"";"";"";"";"";"";"";"";"";"";"";"";"";"";"";""
"330";"Sculpture///Contemporary Installations";"en";"Art";"";"865";"02 Jul 2025 05:26:20";"A";"0";"";"";"default";"0";"";"";"https://is2or.com/sculpture/contemporary-installations/";"contemporary-installations";"D";"";"";"";"";"";"";"";"";"";"";"";"N";"{""set"":""all"",""set_value"":""1""}"
"";"النحت///التركيبات المعاصرة";"ar";"";"";"";"";"";"";"";"";"";"";"";"";"";"";"";"";"";"";"";"";"";"";"";"";"";"";"";""
"331";"Sculpture///Mini Sculptures";"en";"Art";"";"866";"02 Jul 2025 00:00:00";"A";"0";"";"";"default";"0";"";"";"https://is2or.com/sculpture/mini-sculptures/";"mini-sculptures";"D";"";"";"";"";"";"";"";"";"";"";"";"N";"{""set"":""all"",""set_value"":""1""}"
"";"النحت///منحوتات صغيرة";"ar";"";"";"";"";"";"";"";"";"";"";"";"";"";"";"";"";"";"";"";"";"";"";"";"";"";"";"";""
"332";"Sculpture///Wall-Mounted Sculptures";"en";"Art";"";"867";"02 Jul 2025 05:27:05";"A";"0";"";"";"default";"0";"";"";"https://is2or.com/sculpture/wall-mounted-sculptures/";"wall-mounted-sculptures";"D";"";"";"";"";"";"";"";"";"";"";"";"N";"{""set"":""all"",""set_value"":""1""}"
"";"النحت///منحوتات مثبتة على الحائط";"ar";"";"";"";"";"";"";"";"";"";"";"";"";"";"";"";"";"";"";"";"";"";"";"";"";"";"";"";""
"333";"Sculpture///Floor or Garden Sculptures";"en";"Art";"";"868";"02 Jul 2025 05:28:50";"A";"0";"";"";"default";"0";"";"";"https://is2or.com/sculpture/floor-or-garden-sculptures/";"floor-or-garden-sculptures";"D";"";"";"";"";"";"";"";"";"";"";"";"N";"{""set"":""all"",""set_value"":""1""}"
"";"النحت///منحوتات أرضية أو حديقة";"ar";"";"";"";"";"";"";"";"";"";"";"";"";"";"";"";"";"";"";"";"";"";"";"";"";"";"";"";""
"334";"Drawings///Pencil / Graphite Drawings";"en";"Art";"";"869";"01 Jul 2025 00:00:00";"A";"0";"";"";"default";"0";"";"";"https://is2or.com/drawings/pencil-graphite-drawings/";"pencil-graphite-drawings";"D";"";"";"";"";"";"";"";"";"";"";"";"N";"{""set"":""all"",""set_value"":""1""}"
"";"الرسومات///رسومات بالقلم الرصاص / الجرافيت";"ar";"";"";"";"";"";"";"";"";"";"";"";"";"";"";"";"";"";"";"";"";"";"";"";"";"";"";"";""
"335";"Drawings///Ink & Pen Work";"en";"Art";"";"870";"02 Jul 2025 05:30:41";"A";"0";"";"";"default";"0";"";"";"https://is2or.com/drawings/ink-and-pen-work/";"ink-and-pen-work";"D";"";"";"";"";"";"";"";"";"";"";"";"N";"{""set"":""all"",""set_value"":""1""}"
"";"الرسومات///أعمال الحبر والقلم";"ar";"";"";"";"";"";"";"";"";"";"";"";"";"";"";"";"";"";"";"";"";"";"";"";"";"";"";"";""
"336";"Drawings///Charcoal Sketches";"en";"Art";"";"871";"01 Jul 2025 00:00:00";"A";"0";"https://is2or.com/images/detailed/14/Sketches.jpg#{[ar]:;[en]:;}";"";"default";"0";"";"";"https://is2or.com/drawings/charcoal-sketches/";"charcoal-sketches";"D";"";"";"";"";"";"";"";"";"";"";"";"N";"{""set"":""all"",""set_value"":""1""}"
"";"الرسومات///رسومات بالفحم";"ar";"";"";"";"";"";"";"";"";"";"";"";"";"";"";"";"";"";"";"";"";"";"";"";"";"";"";"";""
"337";"Drawings///Colored Pencil / Pastel Drawings";"en";"Art";"";"872";"02 Jul 2025 05:29:58";"A";"0";"";"";"default";"0";"";"";"https://is2or.com/drawings/colored-pencil-pastel-drawings/";"colored-pencil-pastel-drawings";"D";"";"";"";"";"";"";"";"";"";"";"";"N";"{""set"":""all"",""set_value"":""1""}"
"";"الرسومات///رسومات بأقلام ملونة / باستيل";"ar";"";"";"";"";"";"";"";"";"";"";"";"";"";"";"";"";"";"";"";"";"";"";"";"";"";"";"";""
"338";"Drawings///Minimal Line Art";"en";"Art";"";"873";"02 Jul 2025 05:30:26";"A";"0";"";"";"default";"0";"";"";"https://is2or.com/drawings/minimal-line-art/";"minimal-line-art";"D";"";"";"";"";"";"";"";"";"";"";"";"N";"{""set"":""all"",""set_value"":""1""}"
"";"الرسومات///فن الخطوط البسيطة";"ar";"";"";"";"";"";"";"";"";"";"";"";"";"";"";"";"";"";"";"";"";"";"";"";"";"";"";"";""
"339";"Drawings///Illustration-Style Drawings";"en";"Art";"";"874";"02 Jul 2025 05:30:55";"A";"0";"";"";"default";"0";"";"";"https://is2or.com/drawings/illustration-style-drawings/";"illustration-style-drawings";"D";"";"";"";"";"";"";"";"";"";"";"";"N";"{""set"":""all"",""set_value"":""1""}"
"";"الرسومات///رسومات بأسلوب التوضيح";"ar";"";"";"";"";"";"";"";"";"";"";"";"";"";"";"";"";"";"";"";"";"";"";"";"";"";"";"";""
"340";"Drawings///Figure Studies & Anatomy";"en";"Art";"";"875";"02 Jul 2025 05:30:13";"A";"0";"";"";"default";"0";"";"";"https://is2or.com/drawings/figure-studies-and-anatomy/";"figure-studies-and-anatomy";"D";"";"";"";"";"";"";"";"";"";"";"";"N";"{""set"":""all"",""set_value"":""1""}"
"";"الرسومات///دراسات الشكل والتشريح";"ar";"";"";"";"";"";"";"";"";"";"";"";"";"";"";"";"";"";"";"";"";"";"";"";"";"";"";"";""
"341";"Drawings///Abstract Sketches";"en";"Art";"";"876";"02 Jul 2025 05:29:20";"A";"0";"";"";"default";"0";"";"";"https://is2or.com/drawings/abstract-sketches/";"abstract-sketches";"D";"";"";"";"";"";"";"";"";"";"";"";"N";"{""set"":""all"",""set_value"":""1""}"
"";"الرسومات///رسومات تجريدية";"ar";"";"";"";"";"";"";"";"";"";"";"";"";"";"";"";"";"";"";"";"";"";"";"";"";"";"";"";""
"342";"Handicraft///Embroidered Wall Art";"en";"Art";"";"877";"01 Jul 2025 00:00:00";"A";"0";"";"";"default";"0";"";"";"https://is2or.com/handicraft/embroidered-wall-art/";"embroidered-wall-art";"D";"";"";"";"";"";"";"";"";"";"";"";"N";"{""set"":""all"",""set_value"":""1""}"
"";"الحرف اليدوية///فن الجداريات المطرزة";"ar";"";"";"";"";"";"";"";"";"";"";"";"";"";"";"";"";"";"";"";"";"";"";"";"";"";"";"";""
"343";"Handicraft///Hand-Painted Ceramics";"en";"Art";"";"878";"02 Jul 2025 05:31:32";"A";"0";"";"";"default";"0";"";"";"https://is2or.com/handicraft/hand-painted-ceramics/";"hand-painted-ceramics";"D";"";"";"";"";"";"";"";"";"";"";"";"N";"{""set"":""all"",""set_value"":""1""}"
"";"الحرف اليدوية///سيراميك مطلي يدويًا";"ar";"";"";"";"";"";"";"";"";"";"";"";"";"";"";"";"";"";"";"";"";"";"";"";"";"";"";"";""
"344";"Handicraft///Mosaic & Tile-Inspired Art";"en";"Art";"";"879";"02 Jul 2025 05:32:35";"A";"0";"";"";"default";"0";"";"";"https://is2or.com/handicraft/mosaic-and-tile-inspired-art/";"mosaic-and-tile-inspired-art";"D";"";"";"";"";"";"";"";"";"";"";"";"N";"{""set"":""all"",""set_value"":""1""}"
"";"الحرف اليدوية///فن مستوحى من الفسيفساء والبلاط";"ar";"";"";"";"";"";"";"";"";"";"";"";"";"";"";"";"";"";"";"";"";"";"";"";"";"";"";"";""
"345";"Handicraft///Woven Wall Hangings";"en";"Art";"";"880";"02 Jul 2025 05:31:43";"A";"0";"";"";"default";"0";"";"";"https://is2or.com/handicraft/woven-wall-hangings/";"woven-wall-hangings";"D";"";"";"";"";"";"";"";"";"";"";"";"N";"{""set"":""all"",""set_value"":""1""}"
"";"الحرف اليدوية///الستائر المنسوجة";"ar";"";"";"";"";"";"";"";"";"";"";"";"";"";"";"";"";"";"";"";"";"";"";"";"";"";"";"";""
"346";"Handicraft///Handmade Art Frames";"en";"Art";"";"881";"02 Jul 2025 05:33:01";"A";"0";"";"";"default";"0";"";"";"https://is2or.com/handicraft/handmade-art-frames/";"handmade-art-frames";"D";"";"";"";"";"";"";"";"";"";"";"";"N";"{""set"":""all"",""set_value"":""1""}"
"";"الحرف اليدوية///إطارات فنية مصنوعة يدويًا";"ar";"";"";"";"";"";"";"";"";"";"";"";"";"";"";"";"";"";"";"";"";"";"";"";"";"";"";"";""
"347";"Handicraft///Painted Pottery";"en";"Art";"";"882";"02 Jul 2025 05:32:22";"A";"0";"";"";"default";"0";"";"";"https://is2or.com/handicraft/painted-pottery/";"painted-pottery";"D";"";"";"";"";"";"";"";"";"";"";"";"N";"{""set"":""all"",""set_value"":""1""}"
"";"الحرف اليدوية///الفخار المطلي";"ar";"";"";"";"";"";"";"";"";"";"";"";"";"";"";"";"";"";"";"";"";"";"";"";"";"";"";"";""
"348";"Handicraft///Wooden Calligraphy Decor";"en";"Art";"";"883";"02 Jul 2025 05:31:57";"A";"0";"";"";"default";"0";"";"";"https://is2or.com/handicraft/wooden-calligraphy-decor/";"wooden-calligraphy-decor";"D";"";"";"";"";"";"";"";"";"";"";"";"N";"{""set"":""all"",""set_value"":""1""}"
"";"الحرف اليدوية///ديكور خشبي للخط العربي";"ar";"";"";"";"";"";"";"";"";"";"";"";"";"";"";"";"";"";"";"";"";"";"";"";"";"";"";"";""
"349";"Handicraft///Recycled Art & Eco Craft";"en";"Art";"";"884";"02 Jul 2025 05:32:09";"A";"0";"";"";"default";"0";"";"";"https://is2or.com/handicraft/recycled-art-and-eco-craft/";"recycled-art-and-eco-craft";"D";"";"";"";"";"";"";"";"";"";"";"";"N";"{""set"":""all"",""set_value"":""1""}"
"";"الحرف اليدوية///الفن المعاد تدويره والحرف البيئية";"ar";"";"";"";"";"";"";"";"";"";"";"";"";"";"";"";"";"";"";"";"";"";"";"";"";"";"";"";""
"350";"Handicraft///Heritage Craft Inspired";"en";"Art";"";"885";"02 Jul 2025 05:32:48";"A";"0";"";"";"default";"0";"";"";"https://is2or.com/handicraft/heritage-craft-inspired/";"heritage-craft-inspired";"D";"";"";"";"";"";"";"";"";"";"";"";"N";"{""set"":""all"",""set_value"":""1""}"
"";"الحرف اليدوية///مستوحاة من الحرف التراثية";"ar";"";"";"";"";"";"";"";"";"";"";"";"";"";"";"";"";"";"";"";"";"";"";"";"";"";"";"";""
"886";"Paintings///Abstract";"en";"Art";"";"886";"01 Jul 2025 00:00:00";"A";"10";"";"";"default";"0";"";"";"https://is2or.com/paintings/abstract/";"abstract";"D";"";"";"";"";"";"";"";"";"";"";"";"N";"{""set"":""all"",""set_value"":""1""}"
"";"لوحات///ملخص";"ar";"";"";"";"";"";"";"";"";"";"";"";"";"";"";"";"";"";"";"";"";"";"";"";"";"";"";"";""
"887";"Calligraphy///Arabic Calligraphy";"en";"Art";"";"887";"01 Jul 2025 00:00:00";"A";"10";"";"";"default";"0";"";"";"https://is2or.com/calligraphy/arabic-calligraphy/";"arabic-calligraphy";"D";"";"";"";"";"";"";"";"";"";"";"";"N";"{""set"":""all"",""set_value"":""1""}"
"";"الخط///الخط العربي";"ar";"";"";"";"";"";"";"";"";"";"";"";"";"";"";"";"";"";"";"";"";"";"";"";"";"";"";"";""
"888";"Prints///Canvas Prints";"en";"Art";"";"888";"01 Jul 2025 00:00:00";"A";"10";"";"";"default";"0";"";"";"https://is2or.com/prints/canvas-prints/";"canvas-prints";"D";"";"";"";"";"";"";"";"";"";"";"";"N";"{""set"":""all"",""set_value"":""1""}"
"";"مطبوعات///طباعة على قماش";"ar";"";"";"";"";"";"";"";"";"";"";"";"";"";"";"";"";"";"";"";"";"";"";"";"";"";"";"";""
"889";"Photography///Black & White";"en";"Art";"";"889";"01 Jul 2025 00:00:00";"A";"10";"";"";"default";"0";"";"";"https://is2or.com/photography/black-and-white/";"black-and-white";"D";"";"";"";"";"";"";"";"";"";"";"";"N";"{""set"":""all"",""set_value"":""1""}"
"";"التصوير الفوتوغرافي///أسود وأبيض";"ar";"";"";"";"";"";"";"";"";"";"";"";"";"";"";"";"";"";"";"";"";"";"";"";"";"";"";"";""
"422";"Electronics & Digital Products///Digital Products///Ebooks";"en";"Is2or";"";"422";"21 Jan 2025 00:00:00";"A";"10";"";"";"default";"0";"";"";"https://is2or.com/electronics/digital-products/ebooks/";"ebooks";"D";"6.10";"";"6.10";"";"6.10";"";"6.10";"";"6.10";"";"";"N";""
"";"الإلكترونيات والمنتجات الرقمية///المنتجات الرقمية///الكتب الإلكترونية";"ar";"";"";"";"";"";"";"";"";"";"";"";"";"";"";"";"";"";"";"";"";"";"";"";"";"";"";"";""
"423";"Electronics & Digital Products///Digital Products///Software";"en";"Is2or";"";"423";"21 Jan 2025 00:00:00";"A";"20";"";"";"default";"0";"";"";"https://is2or.com/electronics/digital-products/software/";"software";"D";"6.10";"";"6.10";"";"6.10";"";"6.10";"";"6.10";"";"";"N";""
"";"الإلكترونيات والمنتجات الرقمية///المنتجات الرقمية///البرمجيات";"ar";"";"";"";"";"";"";"";"";"";"";"";"";"";"";"";"";"";"";"";"";"";"";"";"";"";"";"";""
"424";"Electronics & Digital Products///Digital Products///Membership";"en";"Is2or";"";"424";"21 Jan 2025 00:00:00";"A";"30";"";"";"default";"0";"";"";"https://is2or.com/electronics/digital-products/membership/";"membership";"D";"6.10";"";"6.10";"";"6.10";"";"6.10";"";"6.10";"";"";"N";""
"";"الإلكترونيات والمنتجات الرقمية///المنتجات الرقمية///العضويات";"ar";"";"";"";"";"";"";"";"";"";"";"";"";"";"";"";"";"";"";"";"";"";"";"";"";"";"";"";""
"425";"Electronics & Digital Products///Digital Products///Audio books";"en";"Is2or";"";"425";"21 Jan 2025 00:00:00";"A";"40";"";"";"default";"0";"";"";"https://is2or.com/electronics/digital-products/audio-books/";"audio-books";"D";"6.10";"";"6.10";"";"6.10";"";"6.10";"";"6.10";"";"";"N";""
"";"الإلكترونيات والمنتجات الرقمية///المنتجات الرقمية///الكتب الصوتية";"ar";"";"";"";"";"";"";"";"";"";"";"";"";"";"";"";"";"";"";"";"";"";"";"";"";"";"";"";""
"426";"Electronics & Digital Products///Electronics///Mobile Phones";"en";"Is2or";"";"426";"21 Jan 2025 00:00:00";"A";"10";"";"";"default";"0";"";"";"https://is2or.com/electronics/electronics/mobile-phones/";"mobile-phones";"D";"5.60";"";"5.60";"";"5.60";"";"5.60";"";"5.60";"";"";"N";""
"";"الإلكترونيات والمنتجات الرقمية///الإلكترونيات///الهواتف المحمولة";"ar";"";"";"";"";"";"";"";"";"";"";"";"";"";"";"";"";"";"";"";"";"";"";"";"";"";"";"";""
"427";"Electronics & Digital Products///Electronics///Computers";"en";"Is2or";"";"427";"21 Jan 2025 00:00:00";"A";"20";"";"";"default";"0";"";"";"https://is2or.com/electronics/electronics/computers/";"computers";"D";"5.00";"";"5.00";"";"5.00";"";"5.00";"";"5.00";"";"";"N";""
"";"الإلكترونيات والمنتجات الرقمية///الإلكترونيات///أجهزة الكمبيوتر";"ar";"";"";"";"";"";"";"";"";"";"";"";"";"";"";"";"";"";"";"";"";"";"";"";"";"";"";"";""
"428";"Electronics & Digital Products///Electronics///Tablets & Accessories";"en";"Is2or";"";"428";"21 Jan 2025 00:00:00";"A";"30";"";"";"default";"0";"";"";"https://is2or.com/electronics/electronics/tablets-and-accessories/";"tablets-and-accessories";"D";"5.60";"";"5.60";"";"5.60";"";"5.60";"";"5.60";"";"";"N";""
"";"الإلكترونيات والمنتجات الرقمية///الإلكترونيات///الأجهزة اللوحية والإكسسوارات";"ar";"";"";"";"";"";"";"";"";"";"";"";"";"";"";"";"";"";"";"";"";"";"";"";"";"";"";"";""
"429";"Electronics & Digital Products///Electronics///Security & Surveillance";"en";"Is2or";"";"429";"21 Jan 2025 00:00:00";"A";"40";"";"";"default";"0";"";"";"https://is2or.com/electronics/electronics/security-and-surveillance/";"security-and-surveillance";"D";"7.60";"";"7.60";"";"7.60";"";"7.60";"";"7.60";"";"";"N";""
"";"الإلكترونيات والمنتجات الرقمية///الإلكترونيات///الأمن والمراقبة";"ar";"";"";"";"";"";"";"";"";"";"";"";"";"";"";"";"";"";"";"";"";"";"";"";"";"";"";"";""
"430";"Electronics & Digital Products///Electronics///Wearables";"en";"Is2or";"";"430";"21 Jan 2025 00:00:00";"A";"50";"";"";"default";"0";"";"";"https://is2or.com/electronics/electronics/wearables/";"wearables";"D";"7.30";"";"7.30";"";"7.30";"";"7.30";"";"7.30";"";"";"N";""
"";"الإلكترونيات والمنتجات الرقمية///الإلكترونيات///الأجهزة القابلة للارتداء";"ar";"";"";"";"";"";"";"";"";"";"";"";"";"";"";"";"";"";"";"";"";"";"";"";"";"";"";"";""
"431";"Electronics & Digital Products///Electronics///Television";"en";"Is2or";"";"431";"21 Jan 2025 00:00:00";"A";"60";"";"";"default";"0";"";"";"https://is2or.com/electronics/electronics/television/";"television";"D";"7.60";"";"7.60";"";"7.60";"";"7.60";"";"7.60";"";"";"N";""
"";"الإلكترونيات والمنتجات الرقمية///الإلكترونيات///التلفزيون";"ar";"";"";"";"";"";"";"";"";"";"";"";"";"";"";"";"";"";"";"";"";"";"";"";"";"";"";"";""
"433";"Electronics & Digital Products///Electronics///E-scooter";"en";"Is2or";"";"433";"21 Jan 2025 00:00:00";"A";"80";"";"";"default";"0";"";"";"https://is2or.com/electronics/electronics/e-scooter/";"e-scooter";"D";"12.50";"";"12.50";"";"12.50";"";"12.50";"";"12.50";"";"";"N";""
"";"الإلكترونيات والمنتجات الرقمية///الإلكترونيات///السكوتر الكهربائي";"ar";"";"";"";"";"";"";"";"";"";"";"";"";"";"";"";"";"";"";"";"";"";"";"";"";"";"";"";""
"434";"Electronics & Digital Products///Gaming///X-box";"en";"Is2or";"";"434";"21 Jan 2025 00:00:00";"A";"10";"";"";"default";"0";"";"";"https://is2or.com/electronics/gaming/x-box/";"x-box";"D";"8.60";"";"8.60";"";"8.60";"";"8.60";"";"8.60";"";"";"N";""
"";"الإلكترونيات والمنتجات الرقمية///ألعاب إلكترونية///إكس بوكس";"ar";"";"";"";"";"";"";"";"";"";"";"";"";"";"";"";"";"";"";"";"";"";"";"";"";"";"";"";""
"435";"Electronics & Digital Products///Gaming///Playstation";"en";"Is2or";"";"435";"21 Jan 2025 00:00:00";"A";"20";"";"";"default";"0";"";"";"https://is2or.com/electronics/gaming/playstation/";"playstation";"D";"8.60";"";"8.60";"";"8.60";"";"8.60";"";"8.60";"";"";"N";""
"";"الإلكترونيات والمنتجات الرقمية///ألعاب إلكترونية///بلايستيشن";"ar";"";"";"";"";"";"";"";"";"";"";"";"";"";"";"";"";"";"";"";"";"";"";"";"";"";"";"";""
"436";"Electronics & Digital Products///Gaming///Nintendo";"en";"Is2or";"";"436";"21 Jan 2025 00:00:00";"A";"30";"";"";"default";"0";"";"";"https://is2or.com/electronics/gaming/nintendo/";"nintendo";"D";"8.60";"";"8.60";"";"8.60";"";"8.60";"";"8.60";"";"";"N";""
"";"الإلكترونيات والمنتجات الرقمية///ألعاب إلكترونية///نينتندو";"ar";"";"";"";"";"";"";"";"";"";"";"";"";"";"";"";"";"";"";"";"";"";"";"";"";"";"";"";""
"437";"Electronics & Digital Products///Gaming///PC gaming";"en";"Is2or";"";"437";"21 Jan 2025 00:00:00";"A";"40";"";"";"default";"0";"";"";"https://is2or.com/electronics/gaming/pc-gaming/";"pc-gaming";"D";"8.60";"";"8.60";"";"8.60";"";"8.60";"";"8.60";"";"";"N";""
"";"الإلكترونيات والمنتجات الرقمية///ألعاب إلكترونية///ألعاب الكمبيوتر";"ar";"";"";"";"";"";"";"";"";"";"";"";"";"";"";"";"";"";"";"";"";"";"";"";"";"";"";"";""
"438";"Electronics & Digital Products///Gaming///Accessories";"en";"Is2or";"";"438";"21 Jan 2025 00:00:00";"A";"50";"";"";"default";"0";"";"";"https://is2or.com/electronics/gaming/accessories/";"accessories";"D";"8.60";"";"8.60";"";"8.60";"";"8.60";"";"8.60";"";"";"N";""
"";"الإلكترونيات والمنتجات الرقمية///ألعاب إلكترونية///الإكسسوارات";"ar";"";"";"";"";"";"";"";"";"";"";"";"";"";"";"";"";"";"";"";"";"";"";"";"";"";"";"";""
"443";"Fashion & Jewelry///Man///Clothes";"en";"Is2or";"";"443";"21 Jan 2025 00:00:00";"A";"10";"";"";"default";"0";"";"";"https://is2or.com/fashion-and-jewelry/man/clothes/";"clothes";"D";"13.90";"";"13.90";"";"13.90";"";"13.90";"";"13.90";"";"";"N";""
"";"الأزياء والمجوهرات///الرجل///الملابس";"ar";"";"";"";"";"";"";"";"";"";"";"";"";"";"";"";"";"";"";"";"";"";"";"";"";"";"";"";""
"444";"Fashion & Jewelry///Man///Shoes";"en";"Is2or";"";"444";"21 Jan 2025 00:00:00";"A";"20";"";"";"default";"0";"";"";"https://is2or.com/fashion-and-jewelry/man/shoes/";"shoes";"D";"13.10";"";"13.10";"";"13.10";"";"13.10";"";"13.10";"";"";"N";""
"";"الأزياء والمجوهرات///الرجل///الأحذية";"ar";"";"";"";"";"";"";"";"";"";"";"";"";"";"";"";"";"";"";"";"";"";"";"";"";"";"";"";""
"445";"Fashion & Jewelry///Man///Accessories";"en";"Is2or";"";"445";"21 Jan 2025 00:00:00";"A";"30";"";"";"default";"0";"";"";"https://is2or.com/fashion-and-jewelry/man/accessories/";"accessories";"D";"14.80";"";"14.80";"";"14.80";"";"14.80";"";"14.80";"";"";"N";""
"";"الأزياء والمجوهرات///الرجل///الإكسسوارات";"ar";"";"";"";"";"";"";"";"";"";"";"";"";"";"";"";"";"";"";"";"";"";"";"";"";"";"";"";""
"446";"Fashion & Jewelry///Woman///Clothes";"en";"Is2or";"";"446";"21 Jan 2025 00:00:00";"A";"10";"";"";"default";"0";"";"";"https://is2or.com/fashion-and-jewelry/woman/clothes/";"clothes";"D";"13.90";"";"13.90";"";"13.90";"";"13.90";"";"13.90";"";"";"N";""
"";"الأزياء والمجوهرات///المرأة///الملابس";"ar";"";"";"";"";"";"";"";"";"";"";"";"";"";"";"";"";"";"";"";"";"";"";"";"";"";"";"";""
"447";"Fashion & Jewelry///Woman///Hand Bag";"en";"Is2or";"";"447";"21 Jan 2025 00:00:00";"A";"20";"";"";"default";"0";"";"";"https://is2or.com/fashion-and-jewelry/woman/hand-bag/";"hand-bag";"D";"14.30";"";"14.30";"";"14.30";"";"14.30";"";"14.30";"";"";"N";""
"";"الأزياء والمجوهرات///المرأة///حقائب اليد";"ar";"";"";"";"";"";"";"";"";"";"";"";"";"";"";"";"";"";"";"";"";"";"";"";"";"";"";"";""
"448";"Fashion & Jewelry///Woman///Shoes";"en";"Is2or";"";"448";"21 Jan 2025 00:00:00";"A";"30";"";"";"default";"0";"";"";"https://is2or.com/fashion-and-jewelry/woman/shoes/";"shoes";"D";"13.10";"";"13.10";"";"13.10";"";"13.10";"";"13.10";"";"";"N";""
"";"الأزياء والمجوهرات///المرأة///الأحذية";"ar";"";"";"";"";"";"";"";"";"";"";"";"";"";"";"";"";"";"";"";"";"";"";"";"";"";"";"";""
"449";"Fashion & Jewelry///Woman///Wedding";"en";"Is2or";"";"449";"21 Jan 2025 00:00:00";"A";"40";"";"";"default";"0";"";"";"https://is2or.com/fashion-and-jewelry/woman/wedding/";"wedding";"D";"14.80";"";"14.80";"";"14.80";"";"14.80";"";"14.80";"";"";"N";""
"";"الأزياء والمجوهرات///المرأة///الزفاف";"ar";"";"";"";"";"";"";"";"";"";"";"";"";"";"";"";"";"";"";"";"";"";"";"";"";"";"";"";""
"450";"Fashion & Jewelry///Woman///Traditional Costume";"en";"Is2or";"";"450";"21 Jan 2025 00:00:00";"A";"50";"";"";"default";"0";"";"";"https://is2or.com/fashion-and-jewelry/woman/traditional-costume/";"traditional-costume";"D";"14.80";"";"14.80";"";"14.80";"";"14.80";"";"14.80";"";"";"N";""
"";"الأزياء والمجوهرات///المرأة///الأزياء التقليدية";"ar";"";"";"";"";"";"";"";"";"";"";"";"";"";"";"";"";"";"";"";"";"";"";"";"";"";"";"";""
"451";"Fashion & Jewelry///Woman///Accessories";"en";"Is2or";"";"451";"21 Jan 2025 00:00:00";"A";"60";"";"";"default";"0";"";"";"https://is2or.com/fashion-and-jewelry/woman/accessories/";"accessories";"D";"14.80";"";"14.80";"";"14.80";"";"14.80";"";"14.80";"";"";"N";""
"";"الأزياء والمجوهرات///المرأة///الإكسسوارات";"ar";"";"";"";"";"";"";"";"";"";"";"";"";"";"";"";"";"";"";"";"";"";"";"";"";"";"";"";""
"452";"Fashion & Jewelry///Kids///Clothes";"en";"Is2or";"";"452";"21 Jan 2025 00:00:00";"A";"10";"";"";"default";"0";"";"";"https://is2or.com/fashion-and-jewelry/kids/clothes/";"clothes";"D";"13.90";"";"13.90";"";"13.90";"";"13.90";"";"13.90";"";"";"N";""
"";"الأزياء والمجوهرات///الأطفال///الملابس";"ar";"";"";"";"";"";"";"";"";"";"";"";"";"";"";"";"";"";"";"";"";"";"";"";"";"";"";"";""
"453";"Fashion & Jewelry///Kids///Shoes";"en";"Is2or";"";"453";"21 Jan 2025 00:00:00";"A";"20";"";"";"default";"0";"";"";"https://is2or.com/fashion-and-jewelry/kids/shoes/";"shoes";"D";"14.80";"";"14.80";"";"14.80";"";"14.80";"";"14.80";"";"";"N";""
"";"الأزياء والمجوهرات///الأطفال///الأحذية";"ar";"";"";"";"";"";"";"";"";"";"";"";"";"";"";"";"";"";"";"";"";"";"";"";"";"";"";"";""
"454";"Fashion & Jewelry///Jewllery///Diamond";"en";"Is2or";"";"454";"21 Jan 2025 00:00:00";"A";"10";"";"";"default";"0";"";"";"https://is2or.com/fashion-and-jewelry/jewllery/diamond/";"diamond";"D";"14.90";"";"14.90";"";"14.90";"";"14.90";"";"14.90";"";"";"N";""
"";"الأزياء والمجوهرات///المجوهرات///الماس";"ar";"";"";"";"";"";"";"";"";"";"";"";"";"";"";"";"";"";"";"";"";"";"";"";"";"";"";"";""
"455";"Fashion & Jewelry///Jewllery///Gold";"en";"Is2or";"";"455";"21 Jan 2025 00:00:00";"A";"20";"";"";"default";"0";"";"";"https://is2or.com/fashion-and-jewelry/jewllery/gold/";"gold";"D";"14.90";"";"14.90";"";"14.90";"";"14.90";"";"14.90";"";"";"N";""
"";"الأزياء والمجوهرات///المجوهرات///الذهب";"ar";"";"";"";"";"";"";"";"";"";"";"";"";"";"";"";"";"";"";"";"";"";"";"";"";"";"";"";""
"456";"Fashion & Jewelry///Jewllery///Silver";"en";"Is2or";"";"456";"21 Jan 2025 00:00:00";"A";"30";"";"";"default";"0";"";"";"https://is2or.com/fashion-and-jewelry/jewllery/silver/";"silver";"D";"14.90";"";"14.90";"";"14.90";"";"14.90";"";"14.90";"";"";"N";""
"";"الأزياء والمجوهرات///المجوهرات///الفضة";"ar";"";"";"";"";"";"";"";"";"";"";"";"";"";"";"";"";"";"";"";"";"";"";"";"";"";"";"";""
"457";"Fashion & Jewelry///Jewllery///Accessories";"en";"Is2or";"";"457";"21 Jan 2025 00:00:00";"A";"40";"";"";"default";"0";"";"";"https://is2or.com/fashion-and-jewelry/jewllery/accessories/";"accessories";"D";"14.90";"";"14.90";"";"14.90";"";"14.90";"";"14.90";"";"";"N";""
"";"الأزياء والمجوهرات///المجوهرات///الإكسسوارات";"ar";"";"";"";"";"";"";"";"";"";"";"";"";"";"";"";"";"";"";"";"";"";"";"";"";"";"";"";""
"460";"Sports & Hobbies///Sports///Camping";"en";"Is2or";"";"460";"21 Jan 2025 00:00:00";"A";"10";"";"";"default";"0";"";"";"https://is2or.com/sports-and-hobbies/sports/camping/";"camping";"D";"11.50";"";"11.50";"";"11.50";"";"11.50";"";"11.50";"";"";"N";""
"";"الأزياء الرياضية///الرياضة///التخييم";"ar";"";"";"";"";"";"";"";"";"";"";"";"";"";"";"";"";"";"";"";"";"";"";"";"";"";"";"";""
"461";"Sports & Hobbies///Sports///Beach & Pool";"en";"Is2or";"";"461";"21 Jan 2025 00:00:00";"A";"20";"";"";"default";"0";"";"";"https://is2or.com/sports-and-hobbies/sports/beach-and-pool/";"beach-and-pool";"D";"11.50";"";"11.50";"";"11.50";"";"11.50";"";"11.50";"";"";"N";""
"";"الأزياء الرياضية///الرياضة///الشاطئ والمسبح";"ar";"";"";"";"";"";"";"";"";"";"";"";"";"";"";"";"";"";"";"";"";"";"";"";"";"";"";"";""
"462";"Sports & Hobbies///Sports///Sports";"en";"Is2or";"";"462";"21 Jan 2025 00:00:00";"A";"30";"";"";"default";"0";"";"";"https://is2or.com/sports-and-hobbies/sports/sports/";"sports";"D";"8.80";"";"8.80";"";"8.80";"";"8.80";"";"8.80";"";"";"N";""
"";"الأزياء الرياضية///الرياضة///الرياضة";"ar";"";"";"";"";"";"";"";"";"";"";"";"";"";"";"";"";"";"";"";"";"";"";"";"";"";"";"";""
"463";"Sports & Hobbies///Sports///Pets";"en";"Is2or";"";"463";"21 Jan 2025 00:00:00";"A";"40";"";"";"default";"0";"";"";"https://is2or.com/sports-and-hobbies/sports/pets/";"pets";"D";"14.10";"";"14.10";"";"14.10";"";"14.10";"";"14.10";"";"";"N";""
"";"الأزياء الرياضية///الرياضة///الحيوانات الأليفة";"ar";"";"";"";"";"";"";"";"";"";"";"";"";"";"";"";"";"";"";"";"";"";"";"";"";"";"";"";""
"464";"Sports & Hobbies///Sports///Gym Equipment";"en";"Is2or";"";"464";"21 Jan 2025 00:00:00";"A";"50";"";"";"default";"0";"";"";"https://is2or.com/sports-and-hobbies/sports/gym-equipment/";"gym-equipment";"D";"11.50";"";"11.50";"";"11.50";"";"11.50";"";"11.50";"";"";"N";""
"";"الأزياء الرياضية///الرياضة///معدات الجيم";"ar";"";"";"";"";"";"";"";"";"";"";"";"";"";"";"";"";"";"";"";"";"";"";"";"";"";"";"";""
"465";"Sports & Hobbies///Sports///Biking & E-Bikes";"en";"Is2or";"";"465";"21 Jan 2025 00:00:00";"A";"60";"";"";"default";"0";"";"";"https://is2or.com/sports-and-hobbies/sports/biking-and-e-bikes/";"biking-and-e-bikes";"D";"11.50";"";"11.50";"";"11.50";"";"11.50";"";"11.50";"";"";"N";""
"";"الأزياء الرياضية///الرياضة///الدراجات والدراجات الكهربائية";"ar";"";"";"";"";"";"";"";"";"";"";"";"";"";"";"";"";"";"";"";"";"";"";"";"";"";"";"";""
"466";"Sports & Hobbies///Sports///Athletic Fashion";"en";"Is2or";"";"466";"21 Jan 2025 00:00:00";"A";"70";"";"";"default";"0";"";"";"https://is2or.com/sports-and-hobbies/sports/athletic-fashion/";"athletic-fashion";"D";"10.90";"";"10.90";"";"10.90";"";"10.90";"";"10.90";"";"";"N";""
"";"الأزياء الرياضية///الرياضة///الأزياء الرياضية";"ar";"";"";"";"";"";"";"";"";"";"";"";"";"";"";"";"";"";"";"";"";"";"";"";"";"";"";"";""
"467";"Sports & Hobbies///Sports///DIY";"en";"Is2or";"";"467";"21 Jan 2025 00:00:00";"A";"80";"";"";"default";"0";"";"";"https://is2or.com/sports-and-hobbies/sports/diy/";"diy";"D";"11.50";"";"11.50";"";"11.50";"";"11.50";"";"11.50";"";"";"N";""
"";"الأزياء الرياضية///الرياضة///الأعمال اليدوية";"ar";"";"";"";"";"";"";"";"";"";"";"";"";"";"";"";"";"";"";"";"";"";"";"";"";"";"";"";""
"468";"Sports & Hobbies///Sports///Fishing";"en";"Is2or";"";"468";"21 Jan 2025 00:00:00";"A";"90";"";"";"default";"0";"";"";"https://is2or.com/sports-and-hobbies/sports/fishing/";"fishing";"D";"11.50";"";"11.50";"";"11.50";"";"11.50";"";"11.50";"";"";"N";""
"";"الأزياء الرياضية///الرياضة///صيد السمك";"ar";"";"";"";"";"";"";"";"";"";"";"";"";"";"";"";"";"";"";"";"";"";"";"";"";"";"";"";""
"469";"Sports & Hobbies///Sports///Free Time";"en";"Is2or";"";"469";"21 Jan 2025 00:00:00";"A";"100";"";"";"default";"0";"";"";"https://is2or.com/sports-and-hobbies/sports/free-time/";"free-time";"D";"11.50";"";"11.50";"";"11.50";"";"11.50";"";"11.50";"";"";"N";""
"";"الأزياء الرياضية///الرياضة///وقت الفراغ";"ar";"";"";"";"";"";"";"";"";"";"";"";"";"";"";"";"";"";"";"";"";"";"";"";"";"";"";"";""
"470";"Sports & Hobbies///Toys///Plushies";"en";"Is2or";"";"470";"21 Jan 2025 00:00:00";"A";"10";"";"";"default";"0";"";"";"https://is2or.com/sports-and-hobbies/toys/plushies/";"plushies";"D";"12.00";"";"12.00";"";"12.00";"";"12.00";"";"12.00";"";"";"N";""
"";"الأزياء الرياضية///الألعاب///القطيفة";"ar";"";"";"";"";"";"";"";"";"";"";"";"";"";"";"";"";"";"";"";"";"";"";"";"";"";"";"";""
"471";"Sports & Hobbies///Toys///Learning Sets";"en";"Is2or";"";"471";"21 Jan 2025 00:00:00";"A";"20";"";"";"default";"0";"";"";"https://is2or.com/sports-and-hobbies/toys/learning-sets/";"learning-sets";"D";"12.00";"";"12.00";"";"12.00";"";"12.00";"";"12.00";"";"";"N";""
"";"الأزياء الرياضية///الألعاب///مجموعات التعلم";"ar";"";"";"";"";"";"";"";"";"";"";"";"";"";"";"";"";"";"";"";"";"";"";"";"";"";"";"";""
"472";"Sports & Hobbies///Toys///Remote Control Toys";"en";"Is2or";"";"472";"21 Jan 2025 00:00:00";"A";"30";"";"";"default";"0";"";"";"https://is2or.com/sports-and-hobbies/toys/remote-control-toys/";"remote-control-toys";"D";"12.00";"";"12.00";"";"12.00";"";"12.00";"";"12.00";"";"";"N";""
"";"الأزياء الرياضية///الألعاب///ألعاب التحكم عن بعد";"ar";"";"";"";"";"";"";"";"";"";"";"";"";"";"";"";"";"";"";"";"";"";"";"";"";"";"";"";""
"476";"Health & Beauty///Health///Food Supplements";"en";"Is2or";"";"476";"21 Jan 2025 00:00:00";"A";"10";"";"";"default";"0";"";"";"https://is2or.com/heath-and-beauty/health/food-supplements/";"food-supplements";"D";"8.20";"";"8.20";"";"8.20";"";"8.20";"";"8.20";"";"";"N";""
"";"الصحة والجمال///الصحة///المكملات الغذائية";"ar";"";"";"";"";"";"";"";"";"";"";"";"";"";"";"";"";"";"";"";"";"";"";"";"";"";"";"";""
"477";"Health & Beauty///Health///Diet meals";"en";"Is2or";"";"477";"21 Jan 2025 00:00:00";"A";"20";"";"";"default";"0";"";"";"https://is2or.com/heath-and-beauty/health/diet-meals/";"diet-meals";"D";"8.20";"";"8.20";"";"8.20";"";"8.20";"";"8.20";"";"";"N";""
"";"الصحة والجمال///الصحة///وجبات الحمية الغذائية";"ar";"";"";"";"";"";"";"";"";"";"";"";"";"";"";"";"";"";"";"";"";"";"";"";"";"";"";"";""
"478";"Health & Beauty///Beauty///Fragrance";"en";"Is2or";"";"478";"21 Jan 2025 00:00:00";"A";"10";"";"";"default";"0";"";"";"https://is2or.com/heath-and-beauty/beauty/fragrance/";"fragrance";"D";"9.90";"";"9.90";"";"9.90";"";"9.90";"";"9.90";"";"";"N";""
"";"الصحة والجمال///الجمال///العطر";"ar";"";"";"";"";"";"";"";"";"";"";"";"";"";"";"";"";"";"";"";"";"";"";"";"";"";"";"";""
"479";"Health & Beauty///Beauty///Pharmaceuticals";"en";"Is2or";"";"479";"21 Jan 2025 00:00:00";"A";"20";"";"";"default";"0";"";"";"https://is2or.com/heath-and-beauty/beauty/pharmaceuticals/";"pharmaceuticals";"D";"8.20";"";"8.20";"";"8.20";"";"8.20";"";"8.20";"";"";"N";"{""set"":""all"",""set_value"":""1""}"
"";"الصحة والجمال///الجمال///المستحضرات الطبية";"ar";"";"";"";"";"";"";"";"";"";"";"";"";"";"";"";"";"";"";"";"";"";"";"";"";"";"";"";""
"480";"Health & Beauty///Beauty///Hair Care";"en";"Is2or";"";"480";"21 Jan 2025 00:00:00";"A";"30";"";"";"default";"0";"";"";"https://is2or.com/heath-and-beauty/beauty/hair-care/";"hair-care";"D";"9.90";"";"9.90";"";"9.90";"";"9.90";"";"9.90";"";"";"N";""
"";"الصحة والجمال///الجمال///العناية بالشعر";"ar";"";"";"";"";"";"";"";"";"";"";"";"";"";"";"";"";"";"";"";"";"";"";"";"";"";"";"";""
"481";"Health & Beauty///Beauty///Personal Grooming";"en";"Is2or";"";"481";"21 Jan 2025 00:00:00";"A";"40";"";"";"default";"0";"";"";"https://is2or.com/heath-and-beauty/beauty/personal-grooming/";"personal-grooming";"D";"9.90";"";"9.90";"";"9.90";"";"9.90";"";"9.90";"";"";"N";""
"";"الصحة والجمال///الجمال///العناية الشخصية";"ar";"";"";"";"";"";"";"";"";"";"";"";"";"";"";"";"";"";"";"";"";"";"";"";"";"";"";"";""
"482";"Health & Beauty///Beauty///Make up";"en";"Is2or";"";"482";"21 Jan 2025 00:00:00";"A";"50";"";"";"default";"0";"";"";"https://is2or.com/heath-and-beauty/beauty/make-up/";"make-up";"D";"10.30";"";"10.30";"";"10.30";"";"10.30";"";"10.30";"";"";"N";""
"";"الصحة والجمال///الجمال///المكياج";"ar";"";"";"";"";"";"";"";"";"";"";"";"";"";"";"";"";"";"";"";"";"";"";"";"";"";"";"";""
"483";"Health & Beauty///Beauty///Medical Supplies";"en";"Is2or";"";"483";"21 Jan 2025 00:00:00";"A";"60";"";"";"default";"0";"";"";"https://is2or.com/heath-and-beauty/beauty/medical-supplies/";"medical-supplies";"D";"8.20";"";"8.20";"";"8.20";"";"8.20";"";"8.20";"";"";"N";""
"";"الصحة والجمال///الجمال///اللوازم الطبية";"ar";"";"";"";"";"";"";"";"";"";"";"";"";"";"";"";"";"";"";"";"";"";"";"";"";"";"";"";""
"487";"Home & Gardening///Home///Tools";"en";"Is2or";"";"487";"21 Jan 2025 00:00:00";"A";"20";"";"";"default";"0";"";"";"https://is2or.com/home-and-gradening/home/tools/";"tools";"D";"10.30";"";"10.30";"";"10.30";"";"10.30";"";"10.30";"";"";"N";""
"";"المنزل والحدائق///المنزل///الأدوات";"ar";"";"";"";"";"";"";"";"";"";"";"";"";"";"";"";"";"";"";"";"";"";"";"";"";"";"";"";""
"488";"Home & Gardening///Home///Furnitures";"en";"Is2or";"";"488";"21 Jan 2025 00:00:00";"A";"30";"";"";"default";"0";"";"";"https://is2or.com/home-and-gradening/home/furnitures/";"furnitures";"D";"8.90";"";"8.90";"";"8.90";"";"8.90";"";"8.90";"";"";"N";""
"";"المنزل والحدائق///المنزل///المفروشات";"ar";"";"";"";"";"";"";"";"";"";"";"";"";"";"";"";"";"";"";"";"";"";"";"";"";"";"";"";""
"489";"Home & Gardening///Home///Lighting";"en";"Is2or";"";"489";"21 Jan 2025 00:00:00";"A";"40";"";"";"default";"0";"";"";"https://is2or.com/home-and-gradening/home/lighting/";"lighting";"D";"11.80";"";"11.80";"";"11.80";"";"11.80";"";"11.80";"";"";"N";""
"";"المنزل والحدائق///المنزل///الإضاءة";"ar";"";"";"";"";"";"";"";"";"";"";"";"";"";"";"";"";"";"";"";"";"";"";"";"";"";"";"";""
"490";"Home & Gardening///Home///Cleaning Products";"en";"Is2or";"";"490";"21 Jan 2025 00:00:00";"A";"50";"";"";"default";"0";"";"";"https://is2or.com/home-and-gradening/home/cleaning-products/";"cleaning-products";"D";"14.40";"";"14.40";"";"14.40";"";"14.40";"";"14.40";"";"";"N";""
"";"المنزل والحدائق///المنزل///منتجات التنظيف";"ar";"";"";"";"";"";"";"";"";"";"";"";"";"";"";"";"";"";"";"";"";"";"";"";"";"";"";"";""
"491";"Home & Gardening///Home///Kitchen Items";"en";"Is2or";"";"491";"21 Jan 2025 00:00:00";"A";"60";"";"";"default";"0";"";"";"https://is2or.com/home-and-gradening/home/kitchen-items/";"kitchen-items";"D";"10.90";"";"10.90";"";"10.90";"";"10.90";"";"10.90";"";"";"N";""
"";"المنزل والحدائق///المنزل///أدوات المطبخ";"ar";"";"";"";"";"";"";"";"";"";"";"";"";"";"";"";"";"";"";"";"";"";"";"";"";"";"";"";""
"492";"Home & Gardening///Home///Linen Items";"en";"Is2or";"";"492";"21 Jan 2025 00:00:00";"A";"70";"";"";"default";"0";"";"";"https://is2or.com/home-and-gradening/home/linen-items/";"linen-items";"D";"10.30";"";"10.30";"";"10.30";"";"10.30";"";"10.30";"";"";"N";""
"";"المنزل والحدائق///المنزل///عناصر الكتان";"ar";"";"";"";"";"";"";"";"";"";"";"";"";"";"";"";"";"";"";"";"";"";"";"";"";"";"";"";""
"493";"Home & Gardening///Home///Security";"en";"Is2or";"";"493";"21 Jan 2025 00:00:00";"A";"80";"";"";"default";"0";"";"";"https://is2or.com/home-and-gradening/home/security/";"security";"D";"12.00";"";"12.00";"";"12.00";"";"12.00";"";"12.00";"";"";"N";""
"";"المنزل والحدائق///المنزل///الأمن";"ar";"";"";"";"";"";"";"";"";"";"";"";"";"";"";"";"";"";"";"";"";"";"";"";"";"";"";"";""
"494";"Home & Gardening///Home///Bathroom Equipment";"en";"Is2or";"";"494";"21 Jan 2025 00:00:00";"A";"90";"";"";"default";"0";"";"";"https://is2or.com/home-and-gradening/home/bathroom-equipment/";"bathroom-equipment";"D";"12.40";"";"12.40";"";"12.40";"";"12.40";"";"12.40";"";"";"N";""
"";"المنزل والحدائق///المنزل///معدات الحمامات";"ar";"";"";"";"";"";"";"";"";"";"";"";"";"";"";"";"";"";"";"";"";"";"";"";"";"";"";"";""
"495";"Home & Gardening///Home///Office Equipment";"en";"Is2or";"";"495";"21 Jan 2025 00:00:00";"A";"100";"";"";"default";"0";"";"";"https://is2or.com/home-and-gradening/home/office-equipment/";"office-equipment";"D";"10.00";"";"10.00";"";"10.00";"";"10.00";"";"10.00";"";"";"N";""
"";"المنزل والحدائق///المنزل///معدات مكتبية";"ar";"";"";"";"";"";"";"";"";"";"";"";"";"";"";"";"";"";"";"";"";"";"";"";"";"";"";"";""
"496";"Home & Gardening///Home///Automations";"en";"Is2or";"";"496";"21 Jan 2025 00:00:00";"A";"110";"";"";"default";"0";"";"";"https://is2or.com/home-and-gradening/home/automations/";"automations";"D";"14.40";"";"14.40";"";"14.40";"";"14.40";"";"14.40";"";"";"N";""
"";"المنزل والحدائق///المنزل///الأتمتة";"ar";"";"";"";"";"";"";"";"";"";"";"";"";"";"";"";"";"";"";"";"";"";"";"";"";"";"";"";""
"497";"Home & Gardening///Gardenin///Plants & Seeds";"en";"Is2or";"";"497";"21 Jan 2025 00:00:00";"A";"10";"";"";"default";"0";"";"";"https://is2or.com/home-and-gradening/gardenin/plants-and-seeds/";"plants-and-seeds";"D";"10.00";"";"10.00";"";"10.00";"";"10.00";"";"10.00";"";"";"N";""
"";"المنزل والحدائق///الحدائق///النباتات والبذور";"ar";"";"";"";"";"";"";"";"";"";"";"";"";"";"";"";"";"";"";"";"";"";"";"";"";"";"";"";""
"498";"Home & Gardening///Gardenin///Tools";"en";"Is2or";"";"498";"21 Jan 2025 00:00:00";"A";"20";"";"";"default";"0";"";"";"https://is2or.com/home-and-gradening/gardenin/tools/";"tools";"D";"10.30";"";"10.30";"";"10.30";"";"10.30";"";"10.30";"";"";"N";""
"";"المنزل والحدائق///الحدائق///الأدوات";"ar";"";"";"";"";"";"";"";"";"";"";"";"";"";"";"";"";"";"";"";"";"";"";"";"";"";"";"";""
"499";"Home & Gardening///Home///Lawn Care";"en";"Is2or";"";"499";"21 Jan 2025 00:00:00";"A";"30";"";"";"default";"0";"";"";"https://is2or.com/home-and-gradening/home/lawn-care/";"lawn-care";"D";"10.30";"";"10.30";"";"10.30";"";"10.30";"";"10.30";"";"";"N";""
"";"المنزل والحدائق///المنزل///العناية بالحديقة";"ar";"";"";"";"";"";"";"";"";"";"";"";"";"";"";"";"";"";"";"";"";"";"";"";"";"";"";"";""
"500";"Home & Gardening///Gardenin///Furnitures";"en";"Is2or";"";"500";"21 Jan 2025 00:00:00";"A";"40";"";"";"default";"0";"";"";"https://is2or.com/home-and-gradening/gardenin/furnitures/";"furnitures";"D";"8.90";"";"8.90";"";"8.90";"";"8.90";"";"8.90";"";"";"N";""
"";"المنزل والحدائق///الحدائق///الأثاث";"ar";"";"";"";"";"";"";"";"";"";"";"";"";"";"";"";"";"";"";"";"";"";"";"";"";"";"";"";""
"501";"Home & Gardening///Gardenin///Lighting";"en";"Is2or";"";"501";"21 Jan 2025 00:00:00";"A";"50";"";"";"default";"0";"";"";"https://is2or.com/home-and-gradening/gardenin/lighting/";"lighting";"D";"11.10";"";"11.10";"";"11.10";"";"11.10";"";"11.10";"";"";"N";""
"";"المنزل والحدائق///الحدائق///الإضاءة";"ar";"";"";"";"";"";"";"";"";"";"";"";"";"";"";"";"";"";"";"";"";"";"";"";"";"";"";"";""
"502";"Home & Gardening///Gardenin///Bathroom Equipment";"en";"Is2or";"";"502";"21 Jan 2025 00:00:00";"A";"60";"";"";"default";"0";"";"";"https://is2or.com/home-and-gradening/gardenin/bathroom-equipment/";"bathroom-equipment";"D";"12.40";"";"12.40";"";"12.40";"";"12.40";"";"12.40";"";"";"N";""
"";"المنزل والحدائق///الحدائق///تجهيزات الحمام";"ar";"";"";"";"";"";"";"";"";"";"";"";"";"";"";"";"";"";"";"";"";"";"";"";"";"";"";"";""
"503";"Home & Gardening///Gardenin///Office Equipment";"en";"Is2or";"";"503";"21 Jan 2025 00:00:00";"A";"70";"";"";"default";"0";"";"";"https://is2or.com/home-and-gradening/gardenin/office-equipment/";"office-equipment";"D";"10.00";"";"10.00";"";"10.00";"";"10.00";"";"10.00";"";"";"N";""
"";"المنزل والحدائق///الحدائق///معدات مكتبية";"ar";"";"";"";"";"";"";"";"";"";"";"";"";"";"";"";"";"";"";"";"";"";"";"";"";"";"";"";""
"507";"Fresh & Local///Homemade Meals///Main Dish";"en";"Is2or";"";"507";"21 Jan 2025 00:00:00";"A";"10";"";"";"default";"0";"";"";"https://is2or.com/fresh-and-local/homemade-meals/main-dish/";"main-dish";"D";"10.50";"";"10.50";"";"10.50";"";"10.50";"";"10.50";"";"";"N";""
"";"منتجات طازجة ومحلية///وجبات منزلية///الطبق الرئيسي";"ar";"";"";"";"";"";"";"";"";"";"";"";"";"";"";"";"";"";"";"";"";"";"";"";"";"";"";"";""
"508";"Fresh & Local///Homemade Meals///Classic Sweets";"en";"Is2or";"";"508";"21 Jan 2025 00:00:00";"A";"20";"";"";"default";"0";"";"";"https://is2or.com/fresh-and-local/homemade-meals/classic-sweets/";"classic-sweets";"D";"10.50";"";"10.50";"";"10.50";"";"10.50";"";"10.50";"";"";"N";""
"";"منتجات طازجة ومحلية///وجبات منزلية///الحلويات التقليدية";"ar";"";"";"";"";"";"";"";"";"";"";"";"";"";"";"";"";"";"";"";"";"";"";"";"";"";"";"";""
"509";"Fresh & Local///Fruits from farms///Dates";"en";"Is2or";"";"509";"21 Jan 2025 00:00:00";"A";"10";"";"";"default";"0";"";"";"https://is2or.com/fresh-and-local/fruits-from-farms/dates/";"dates";"D";"10.50";"";"10.50";"";"10.50";"";"10.50";"";"10.50";"";"";"N";""
"";"منتجات طازجة ومحلية///فواكه من المزارع///التمور";"ar";"";"";"";"";"";"";"";"";"";"";"";"";"";"";"";"";"";"";"";"";"";"";"";"";"";"";"";""
"510";"Fresh & Local///Fruits from farms///Honey";"en";"Is2or";"";"510";"21 Jan 2025 00:00:00";"A";"20";"";"";"default";"0";"";"";"https://is2or.com/fresh-and-local/fruits-from-farms/honey/";"honey";"D";"10.50";"";"10.50";"";"10.50";"";"10.50";"";"10.50";"";"";"N";""
"";"منتجات طازجة ومحلية///فواكه من المزارع///العسل";"ar";"";"";"";"";"";"";"";"";"";"";"";"";"";"";"";"";"";"";"";"";"";"";"";"";"";"";"";""
"511";"Fresh & Local///Fruits from farms///Ghee";"en";"Is2or";"";"511";"21 Jan 2025 00:00:00";"A";"30";"";"";"default";"0";"";"";"https://is2or.com/fresh-and-local/fruits-from-farms/ghee/";"ghee";"D";"10.50";"";"10.50";"";"10.50";"";"10.50";"";"10.50";"";"";"N";""
"";"منتجات طازجة ومحلية///فواكه من المزارع///السمن";"ar";"";"";"";"";"";"";"";"";"";"";"";"";"";"";"";"";"";"";"";"";"";"";"";"";"";"";"";""
"512";"Fresh & Local///Nuts & Spices///Mixed Nuts";"en";"Is2or";"";"512";"21 Jan 2025 00:00:00";"A";"10";"";"";"default";"0";"";"";"https://is2or.com/fresh-and-local/nuts-and-spices/mixed-nuts/";"mixed-nuts";"D";"10.50";"";"10.50";"";"10.50";"";"10.50";"";"10.50";"";"";"N";"{""set"":""all"",""set_value"":""1""}"
"";"منتجات طازجة ومحلية///المكسرات والتوابل///مكسرات متنوعة";"ar";"";"";"";"";"";"";"";"";"";"";"";"";"";"";"";"";"";"";"";"";"";"";"";"";"";"";"";""
"513";"Fresh & Local///Nuts & Spices///Spices";"en";"Is2or";"";"513";"21 Jan 2025 00:00:00";"A";"20";"";"";"default";"0";"";"";"https://is2or.com/fresh-and-local/nuts-and-spices/spices/";"spices";"D";"10.50";"";"10.50";"";"10.50";"";"10.50";"";"10.50";"";"";"N";""
"";"منتجات طازجة ومحلية///المكسرات والتوابل///التوابل";"ar";"";"";"";"";"";"";"";"";"";"";"";"";"";"";"";"";"";"";"";"";"";"";"";"";"";"";"";""
"516";"Supermarket///Wholesale & Bulk///Dairy";"en";"Is2or";"";"516";"21 Jan 2025 00:00:00";"A";"10";"";"";"default";"0";"";"";"https://is2or.com/supermarket/wholesale-and-bulk/dairy/";"dairy";"D";"9.70";"";"9.70";"";"9.70";"";"9.70";"";"9.70";"";"";"N";""
"";"سوبر ماركت///بيع بالجملة///منتجات الألبان";"ar";"";"";"";"";"";"";"";"";"";"";"";"";"";"";"";"";"";"";"";"";"";"";"";"";"";"";"";""
"517";"Supermarket///Wholesale & Bulk///Beverages";"en";"Is2or";"";"517";"21 Jan 2025 00:00:00";"A";"20";"";"";"default";"0";"";"";"https://is2or.com/supermarket/wholesale-and-bulk/beverages/";"beverages";"D";"9.70";"";"9.70";"";"9.70";"";"9.70";"";"9.70";"";"";"N";""
"";"سوبر ماركت///بيع بالجملة///المشروبات";"ar";"";"";"";"";"";"";"";"";"";"";"";"";"";"";"";"";"";"";"";"";"";"";"";"";"";"";"";""
"518";"Supermarket///Wholesale & Bulk///Cleaning Products";"en";"Is2or";"";"518";"21 Jan 2025 00:00:00";"A";"30";"";"";"default";"0";"";"";"https://is2or.com/supermarket/wholesale-and-bulk/cleaning-products/";"cleaning-products";"D";"10.00";"";"10.00";"";"10.00";"";"10.00";"";"10.00";"";"";"N";""
"";"سوبر ماركت///بيع بالجملة///منتجات التنظيف";"ar";"";"";"";"";"";"";"";"";"";"";"";"";"";"";"";"";"";"";"";"";"";"";"";"";"";"";"";""
"519";"Supermarket///Retail///Fruits & Vegetables";"en";"Is2or";"";"519";"21 Jan 2025 00:00:00";"A";"10";"";"";"default";"0";"";"";"https://is2or.com/supermarket/retail/fruits-and-vegetables/";"fruits-and-vegetables";"D";"10.50";"";"10.50";"";"10.50";"";"10.50";"";"10.50";"";"";"N";"{""set"":""all"",""set_value"":""1""}"
"";"سوبر ماركت///المخبوزات///الفواكه والخضروات";"ar";"";"";"";"";"";"";"";"";"";"";"";"";"";"";"";"";"";"";"";"";"";"";"";"";"";"";"";""
"520";"Supermarket///Retail///Cheese & Cold Cuts";"en";"Is2or";"";"520";"21 Jan 2025 00:00:00";"A";"20";"";"";"default";"0";"";"";"https://is2or.com/supermarket/retail/cheese-and-cold-cuts/";"cheese-and-cold-cuts";"D";"10.50";"";"10.50";"";"10.50";"";"10.50";"";"10.50";"";"";"N";""
"";"سوبر ماركت///المخبوزات///الجبن والقطع الباردة";"ar";"";"";"";"";"";"";"";"";"";"";"";"";"";"";"";"";"";"";"";"";"";"";"";"";"";"";"";""
"521";"Supermarket///Retail///Breakfast & Snacks";"en";"Is2or";"";"521";"21 Jan 2025 00:00:00";"A";"30";"";"";"default";"0";"";"";"https://is2or.com/supermarket/retail/breakfast-and-snacks/";"breakfast-and-snacks";"D";"10.50";"";"10.50";"";"10.50";"";"10.50";"";"10.50";"";"";"N";""
"";"سوبر ماركت///المخبوزات///الفطور والوجبات الخفيفة";"ar";"";"";"";"";"";"";"";"";"";"";"";"";"";"";"";"";"";"";"";"";"";"";"";"";"";"";"";""
"522";"Supermarket///Retail///Packaged Products";"en";"Is2or";"";"522";"21 Jan 2025 00:00:00";"A";"40";"";"";"default";"0";"";"";"https://is2or.com/supermarket/retail/packaged-products/";"packaged-products";"D";"10.50";"";"10.50";"";"10.50";"";"10.50";"";"10.50";"";"";"N";""
"";"سوبر ماركت///المخبوزات///المنتجات المعبأة";"ar";"";"";"";"";"";"";"";"";"";"";"";"";"";"";"";"";"";"";"";"";"";"";"";"";"";"";"";""
"523";"Supermarket///Retail///Bakery";"en";"Is2or";"";"523";"21 Jan 2025 00:00:00";"A";"50";"";"";"default";"0";"";"";"https://is2or.com/supermarket/retail/bakery/";"bakery";"D";"10.50";"";"10.50";"";"10.50";"";"10.50";"";"10.50";"";"";"N";""
"";"سوبر ماركت///المخبوزات///المشروبات";"ar";"";"";"";"";"";"";"";"";"";"";"";"";"";"";"";"";"";"";"";"";"";"";"";"";"";"";"";""
"524";"Supermarket///Retail///Dairy";"en";"Is2or";"";"524";"21 Jan 2025 00:00:00";"A";"60";"";"";"default";"0";"";"";"https://is2or.com/supermarket/retail/dairy/";"dairy";"D";"10.50";"";"10.50";"";"10.50";"";"10.50";"";"10.50";"";"";"N";""
"";"سوبر ماركت///المخبوزات///منتجات الألبان";"ar";"";"";"";"";"";"";"";"";"";"";"";"";"";"";"";"";"";"";"";"";"";"";"";"";"";"";"";""
"525";"Supermarket///Retail///Beverages";"en";"Is2or";"";"525";"21 Jan 2025 00:00:00";"A";"70";"";"";"default";"0";"";"";"https://is2or.com/supermarket/retail/beverages/";"beverages";"D";"10.50";"";"10.50";"";"10.50";"";"10.50";"";"10.50";"";"";"N";""
"";"سوبر ماركت///المخبوزات///العناية والنظافة الشخصية";"ar";"";"";"";"";"";"";"";"";"";"";"";"";"";"";"";"";"";"";"";"";"";"";"";"";"";"";"";""
"526";"Supermarket///Retail///Cleaning Products";"en";"Is2or";"";"526";"21 Jan 2025 00:00:00";"A";"80";"";"";"default";"0";"";"";"https://is2or.com/supermarket/retail/cleaning-products/";"cleaning-products";"D";"10.50";"";"10.50";"";"10.50";"";"10.50";"";"10.50";"";"";"N";""
"";"سوبر ماركت///المخبوزات///منتجات التنظيف";"ar";"";"";"";"";"";"";"";"";"";"";"";"";"";"";"";"";"";"";"";"";"";"";"";"";"";"";"";""
"527";"Supermarket///Retail///Household Products";"en";"Is2or";"";"527";"21 Jan 2025 00:00:00";"A";"90";"";"";"default";"0";"";"";"https://is2or.com/supermarket/retail/household-products/";"household-products";"D";"12.00";"";"12.00";"";"12.00";"";"12.00";"";"12.00";"";"";"N";""
"";"سوبر ماركت///المخبوزات///منتجات منزلية";"ar";"";"";"";"";"";"";"";"";"";"";"";"";"";"";"";"";"";"";"";"";"";"";"";"";"";"";"";""
"528";"Supermarket///Retail///Care And Hygiene";"en";"Is2or";"";"528";"21 Jan 2025 00:00:00";"A";"100";"";"";"default";"0";"";"";"https://is2or.com/supermarket/retail/care-and-hygiene/";"care-and-hygiene";"D";"9.00";"";"9.00";"";"9.00";"";"9.00";"";"9.00";"";"";"N";""
"";"سوبر ماركت///المخبوزات///الجبن واللحوم الباردة";"ar";"";"";"";"";"";"";"";"";"";"";"";"";"";"";"";"";"";"";"";"";"";"";"";"";"";"";"";""
"529";"Supermarket///Retail///Clothing";"en";"Is2or";"";"529";"21 Jan 2025 00:00:00";"A";"110";"";"";"default";"0";"";"";"https://is2or.com/supermarket/retail/clothing/";"clothing";"D";"13.90";"";"13.90";"";"13.90";"";"13.90";"";"13.90";"";"";"N";""
"";"سوبر ماركت///المخبوزات///ملابس";"ar";"";"";"";"";"";"";"";"";"";"";"";"";"";"";"";"";"";"";"";"";"";"";"";"";"";"";"";""
"531";"Supermarket///Retail///Pet Products";"en";"Is2or";"";"531";"21 Jan 2025 00:00:00";"A";"130";"";"";"default";"0";"";"";"https://is2or.com/supermarket/retail/pet-products/";"pet-products";"D";"14.10";"";"14.10";"";"14.10";"";"14.10";"";"14.10";"";"";"N";""
"";"سوبر ماركت///المخبوزات///منتجات الحيوانات الأليفة";"ar";"";"";"";"";"";"";"";"";"";"";"";"";"";"";"";"";"";"";"";"";"";"";"";"";"";"";"";""
"532";"Supermarket///Retail///Seasonal Products";"en";"Is2or";"";"532";"21 Jan 2025 00:00:00";"A";"140";"";"";"default";"0";"";"";"https://is2or.com/supermarket/retail/seasonal-products/";"seasonal-products";"D";"15.60";"";"15.60";"";"15.60";"";"15.60";"";"15.60";"";"";"N";""
"";"سوبر ماركت///المخبوزات///منتجات موسمية";"ar";"";"";"";"";"";"";"";"";"";"";"";"";"";"";"";"";"";"";"";"";"";"";"";"";"";"";"";""
"535";"Automotive///Car Parts///Engine Parts";"en";"Is2or";"";"535";"21 Jan 2025 00:00:00";"A";"10";"";"";"default";"0";"";"";"https://is2or.com/automotive/car-parts/engine-parts/";"engine-parts";"D";"12.00";"";"12.00";"";"12.00";"";"12.00";"";"12.00";"";"";"N";""
"";"السيارات///قطع غيار السيارات///قطع غيار المحرك";"ar";"";"";"";"";"";"";"";"";"";"";"";"";"";"";"";"";"";"";"";"";"";"";"";"";"";"";"";""
"536";"Automotive///Car Parts///Brake Systems";"en";"Is2or";"";"536";"21 Jan 2025 00:00:00";"A";"20";"";"";"default";"0";"";"";"https://is2or.com/automotive/car-parts/brake-systems/";"brake-systems";"D";"12.00";"";"12.00";"";"12.00";"";"12.00";"";"12.00";"";"";"N";""
"";"السيارات///قطع غيار السيارات///أنظمة الفرامل";"ar";"";"";"";"";"";"";"";"";"";"";"";"";"";"";"";"";"";"";"";"";"";"";"";"";"";"";"";""
"537";"Automotive///Car Parts///Transmission Parts";"en";"Is2or";"";"537";"21 Jan 2025 00:00:00";"A";"30";"";"";"default";"0";"";"";"https://is2or.com/automotive/car-parts/transmission-parts/";"transmission-parts";"D";"12.00";"";"12.00";"";"12.00";"";"12.00";"";"12.00";"";"";"N";""
"";"السيارات///قطع غيار السيارات///قطع غيار ناقل الحركة";"ar";"";"";"";"";"";"";"";"";"";"";"";"";"";"";"";"";"";"";"";"";"";"";"";"";"";"";"";""
"538";"Automotive///Car Parts///Electrical Parts";"en";"Is2or";"";"538";"21 Jan 2025 00:00:00";"A";"40";"";"";"default";"0";"";"";"https://is2or.com/automotive/car-parts/electrical-parts/";"electrical-parts";"D";"12.00";"";"12.00";"";"12.00";"";"12.00";"";"12.00";"";"";"N";""
"";"السيارات///قطع غيار السيارات///قطع غيار كهربائية";"ar";"";"";"";"";"";"";"";"";"";"";"";"";"";"";"";"";"";"";"";"";"";"";"";"";"";"";"";""
"539";"Automotive///Car Parts///Filters & Fluids";"en";"Is2or";"";"539";"21 Jan 2025 00:00:00";"A";"50";"";"";"default";"0";"";"";"https://is2or.com/automotive/car-parts/filters-and-fluids/";"filters-and-fluids";"D";"12.00";"";"12.00";"";"12.00";"";"12.00";"";"12.00";"";"";"N";""
"";"السيارات///قطع غيار السيارات///الفلاتر والسوائل";"ar";"";"";"";"";"";"";"";"";"";"";"";"";"";"";"";"";"";"";"";"";"";"";"";"";"";"";"";""
"540";"Automotive///Car Parts///Body Parts";"en";"Is2or";"";"540";"21 Jan 2025 00:00:00";"A";"60";"";"";"default";"0";"";"";"https://is2or.com/automotive/car-parts/body-parts/";"body-parts";"D";"12.00";"";"12.00";"";"12.00";"";"12.00";"";"12.00";"";"";"N";""
"";"السيارات///قطع غيار السيارات///قطع غيار الهيكل";"ar";"";"";"";"";"";"";"";"";"";"";"";"";"";"";"";"";"";"";"";"";"";"";"";"";"";"";"";""
"541";"Automotive///Auto Accessories///Care Products";"en";"Is2or";"";"541";"21 Jan 2025 00:00:00";"A";"10";"";"";"default";"0";"";"";"https://is2or.com/automotive/auto-accessories/care-products/";"care-products";"D";"11.50";"";"11.50";"";"11.50";"";"11.50";"";"11.50";"";"";"N";""
"";"السيارات///اكسسوارات السيارات///منتجات العناية";"ar";"";"";"";"";"";"";"";"";"";"";"";"";"";"";"";"";"";"";"";"";"";"";"";"";"";"";"";""
"542";"Automotive///Auto Accessories///Tools & Equipment";"en";"Is2or";"";"542";"21 Jan 2025 00:00:00";"A";"20";"";"";"default";"0";"";"";"https://is2or.com/automotive/auto-accessories/tools-and-equipment/";"tools-and-equipment";"D";"11.50";"";"11.50";"";"11.50";"";"11.50";"";"11.50";"";"";"N";""
"";"السيارات///اكسسوارات السيارات///أدوات ومعدات";"ar";"";"";"";"";"";"";"";"";"";"";"";"";"";"";"";"";"";"";"";"";"";"";"";"";"";"";"";""
"543";"Automotive///Auto Accessories///Car Electronics";"en";"Is2or";"";"543";"21 Jan 2025 00:00:00";"A";"30";"";"";"default";"0";"";"";"https://is2or.com/automotive/auto-accessories/car-electronics/";"car-electronics";"D";"11.50";"";"11.50";"";"11.50";"";"11.50";"";"11.50";"";"";"N";""
"";"السيارات///اكسسوارات السيارات///إلكترونيات السيارات";"ar";"";"";"";"";"";"";"";"";"";"";"";"";"";"";"";"";"";"";"";"";"";"";"";"";"";"";"";""
"544";"Automotive///Auto Accessories///Interior Accessories";"en";"Is2or";"";"544";"21 Jan 2025 00:00:00";"A";"40";"";"";"default";"0";"";"";"https://is2or.com/automotive/auto-accessories/interior-accessories/";"interior-accessories";"D";"11.50";"";"11.50";"";"11.50";"";"11.50";"";"11.50";"";"";"N";""
"";"السيارات///اكسسوارات السيارات///اكسسوارات داخلية";"ar";"";"";"";"";"";"";"";"";"";"";"";"";"";"";"";"";"";"";"";"";"";"";"";"";"";"";"";""
"545";"Automotive///Auto Accessories///Exterior Accessories";"en";"Is2or";"";"545";"21 Jan 2025 00:00:00";"A";"50";"";"";"default";"0";"";"";"https://is2or.com/automotive/auto-accessories/exterior-accessories/";"exterior-accessories";"D";"11.50";"";"11.50";"";"11.50";"";"11.50";"";"11.50";"";"";"N";""
"";"السيارات///اكسسوارات السيارات///اكسسوارات خارجية";"ar";"";"";"";"";"";"";"";"";"";"";"";"";"";"";"";"";"";"";"";"";"";"";"";"";"";"";"";""
"546";"Automotive///Auto Accessories///Maintenance Items";"en";"Is2or";"";"546";"21 Jan 2025 00:00:00";"A";"60";"";"";"default";"0";"";"";"https://is2or.com/automotive/auto-accessories/maintenance-items/";"maintenance-items";"D";"11.50";"";"11.50";"";"11.50";"";"11.50";"";"11.50";"";"";"N";""
"";"السيارات///اكسسوارات السيارات///مستلزمات الصيانة";"ar";"";"";"";"";"";"";"";"";"";"";"";"";"";"";"";"";"";"";"";"";"";"";"";"";"";"";"";""
"547";"Electronics & Digital Products///Digital Products///E-Learning";"en";"Is2or";"";"547";"21 Jan 2025 00:00:00";"A";"50";"";"";"default";"0";"";"";"https://is2or.com/electronics/digital-products/e-learning/";"e-learning";"D";"6.10";"";"6.10";"";"6.10";"";"6.10";"";"6.10";"";"";"N";""
"";"الإلكترونيات والمنتجات الرقمية///المنتجات الرقمية///التعلم الإلكتروني";"ar";"";"";"";"";"";"";"";"";"";"";"";"";"";"";"";"";"";"";"";"";"";"";"";"";"";"";"";""
"548";"Electronics & Digital Products///Digital Products///Art Gallery";"en";"Is2or";"";"548";"21 Jan 2025 00:00:00";"A";"60";"";"";"default";"0";"";"";"https://is2or.com/electronics/digital-products/art-gallery/";"art-gallery";"D";"6.10";"";"6.10";"";"6.10";"";"6.10";"";"6.10";"";"";"N";""
"";"الإلكترونيات والمنتجات الرقمية///المنتجات الرقمية///معرض الفن";"ar";"";"";"";"";"";"";"";"";"";"";"";"";"";"";"";"";"";"";"";"";"";"";"";"";"";"";"";""
"549";"Fresh & Local///Fruits from farms///Fruites";"en";"Is2or";"";"549";"21 Jan 2025 00:00:00";"A";"40";"";"";"default";"0";"";"";"https://is2or.com/fresh-and-local/fruits-from-farms/fruites/";"fruites";"D";"10.50";"";"10.50";"";"10.50";"";"10.50";"";"10.50";"";"";"N";""
"";"منتجات طازجة ومحلية///فواكه من المزارع///فواكه";"ar";"";"";"";"";"";"";"";"";"";"";"";"";"";"";"";"";"";"";"";"";"";"";"";"";"";"";"";""
