language,product_code,product_name,category,brand,description,short_description,product_price,display_price,unit,weight,quantity,tax,image
en,DAN-49142,Opp Clear Packing Tape 100m PT48100C,Supermarket///Retail///Packaged Products,Opp,Opp Clear Packing Tape 100m PT48100C,Opp Clear Packing Tape 100m PT48100C,9.0,9.0 SAR,piece,0.32,1,0.0,https://d1c124wpoew66.cloudfront.net/spree/images/attachments/000/090/359/product/42266895.jpg
ar,DAN-49142,اوب شريط لاصق تغليف شفاف ١٠٠ متر PT48100C,Supermarket///Retail///Packaged Products,اوب,اوب شريط لاصق تغليف شفاف ١٠٠ متر PT48100C,Opp Clear Packing Tape 100m PT48100C,9.0,9.0 SAR,piece,0.32,1,0.0,https://d1c124wpoew66.cloudfront.net/spree/images/attachments/000/090/359/product/42266895.jpg
en,DAN-49156,Opp Brown Packing Tape Brown 50m SC-136-D,Supermarket///Retail///Packaged Products,Opp,Opp Brown Packing Tape Brown 50m SC-136-D,Opp Brown Packing Tape Brown 50m SC-136-D,6.0,6.0 SAR,piece,0.32,1,0.0,https://d1c124wpoew66.cloudfront.net/spree/images/attachments/000/090/372/product/42266925.jpg
ar,DAN-49156,اوب شريط لاصق تغليف بني ٥٠ متر SC-136-D,Supermarket///Retail///Packaged Products,اوب,اوب شريط لاصق تغليف بني ٥٠ متر SC-136-D,Opp Brown Packing Tape Brown 50m SC-136-D,6.0,6.0 SAR,piece,0.32,1,0.0,https://d1c124wpoew66.cloudfront.net/spree/images/attachments/000/090/372/product/42266925.jpg
en,DAN-49413,Packing Tape Clear 48mm*50M SI-06-1,Supermarket///Retail///Packaged Products,,Packing Tape Clear 48mm*50M SI-06-1,Packing Tape Clear 48mm*50M SI-06-1,6.0,6.0 SAR,piece,0.45,1,0.0,https://d1c124wpoew66.cloudfront.net/spree/images/attachments/000/090/848/product/44002565.jpg
ar,DAN-49413,شريط لاصق شفاف ٤٨ مم *٥٠ متر SI-06-1,Supermarket///Retail///Packaged Products,,شريط لاصق شفاف ٤٨ مم *٥٠ متر SI-06-1,Packing Tape Clear 48mm*50M SI-06-1,6.0,6.0 SAR,piece,0.45,1,0.0,https://d1c124wpoew66.cloudfront.net/spree/images/attachments/000/090/848/product/44002565.jpg
en,DAN-49414,Packing Tape Clear 48mm*100m SI-06-2,Supermarket///Retail///Packaged Products,,Packing Tape Clear 48mm*100m SI-06-2,Packing Tape Clear 48mm*100m SI-06-2,9.0,9.0 SAR,piece,0.45,1,0.0,https://d1c124wpoew66.cloudfront.net/spree/images/attachments/000/090/849/product/44002575.jpg
ar,DAN-49414,شريط لاصق شفاف ٤٨ مم * ١٠٠متر  SI-06-2,Supermarket///Retail///Packaged Products,,شريط لاصق شفاف ٤٨ مم * ١٠٠متر  SI-06-2,Packing Tape Clear 48mm*100m SI-06-2,9.0,9.0 SAR,piece,0.45,1,0.0,https://d1c124wpoew66.cloudfront.net/spree/images/attachments/000/090/849/product/44002575.jpg
en,DAN-49416,Stationery Tape 1 PCS Tape Dispenser 01STXK01YN-1,Supermarket///Retail///Packaged Products,,Stationery Tape 1 PCS Tape Dispenser 01STXK01YN-1,Stationery Tape 1 PCS Tape Dispenser 01STXK01YN-1,5.0,5.0 SAR,piece,0.45,1,0.0,https://d1c124wpoew66.cloudfront.net/spree/images/attachments/000/090/852/product/44025395.jpg
ar,DAN-49416,قطاعة شريط لاصق مع شريط لاصق قطعة واحدة  01STXK01YN-1,Supermarket///Retail///Packaged Products,,قطاعة شريط لاصق مع شريط لاصق قطعة واحدة  01STXK01YN-1,Stationery Tape 1 PCS Tape Dispenser 01STXK01YN-1,5.0,5.0 SAR,piece,0.45,1,0.0,https://d1c124wpoew66.cloudfront.net/spree/images/attachments/000/090/852/product/44025395.jpg
en,DAN-49408,Packing Tape 6 Pieces Brown 100m SC-136-B,Supermarket///Retail///Packaged Products,,Packing Tape 6 Pieces Brown 100m SC-136-B,Packing Tape 6 Pieces Brown 100m SC-136-B,8.0,8.0 SAR,piece,0.45,1,0.0,https://d1c124wpoew66.cloudfront.net/spree/images/attachments/000/090/842/product/42266905.jpg
ar,DAN-49408,شريط لاصق بني ٦ قطع ١٠٠ متر,Supermarket///Retail///Packaged Products,,شريط لاصق بني ٦ قطع ١٠٠ متر,Packing Tape 6 Pieces Brown 100m SC-136-B,8.0,8.0 SAR,piece,0.45,1,0.0,https://d1c124wpoew66.cloudfront.net/spree/images/attachments/000/090/842/product/42266905.jpg
en,DAN-49160,Clear Packing Tape 50m PT4850C,Supermarket///Retail///Packaged Products,,Clear Packing Tape 50m PT4850C,Clear Packing Tape 50m PT4850C,6.0,6.0 SAR,piece,0.79,1,0.0,https://d1c124wpoew66.cloudfront.net/spree/images/attachments/000/090/378/product/42266915.jpg
ar,DAN-49160,شريط لاصق تغليف شفاف ٥٠ متر PT4850C,Supermarket///Retail///Packaged Products,,شريط لاصق تغليف شفاف ٥٠ متر PT4850C,Clear Packing Tape 50m PT4850C,6.0,6.0 SAR,piece,0.79,1,0.0,https://d1c124wpoew66.cloudfront.net/spree/images/attachments/000/090/378/product/42266915.jpg
en,DAN-49407,Packing Tape 6 Pieces Clear 100m PT48100C/6,Supermarket///Retail///Packaged Products,,Packing Tape 6 Pieces Clear 100m PT48100C/6,Packing Tape 6 Pieces Clear 100m PT48100C/6,52.0,52.0 SAR,piece,0.45,1,0.0,https://d1c124wpoew66.cloudfront.net/spree/images/attachments/000/090/841/product/42266890.jpg
ar,DAN-49407,شريط لاصق شفاف ٦ قطع ١٠٠ متر,Supermarket///Retail///Packaged Products,,شريط لاصق شفاف ٦ قطع ١٠٠ متر,Packing Tape 6 Pieces Clear 100m PT48100C/6,52.0,52.0 SAR,piece,0.45,1,0.0,https://d1c124wpoew66.cloudfront.net/spree/images/attachments/000/090/841/product/42266890.jpg
en,DAN-17844,Leroy Salmon Fillet 4x140g,Supermarket///Retail///Cheese & Cold Cuts,Leroy,Leroy Salmon Fillet 4x140g,Leroy Salmon Fillet 4x140g,89.0,89.0 SAR,piece,0.56,1,0.0,https://d1c124wpoew66.cloudfront.net/spree/images/attachments/000/021/345/product/703335225151.jpg
ar,DAN-17844,ليروي سالمون فيليه ٤*١٤٠غرام,Supermarket///Retail///Cheese & Cold Cuts,ليروي,ليروي سالمون فيليه ٤*١٤٠غرام,Leroy Salmon Fillet 4x140g,89.0,89.0 SAR,piece,0.56,1,0.0,https://d1c124wpoew66.cloudfront.net/spree/images/attachments/000/021/345/product/703335225151.jpg
en,DAN-33671,Arrowhead Beef Bacon Slices 340g,Supermarket///Retail///Cheese & Cold Cuts,Arrowhead,Arrowhead Beef Bacon Slices 340g,Arrowhead Beef Bacon Slices 340g,41.5,41.5 SAR,piece,0.33,1,0.0,https://d1c124wpoew66.cloudfront.net/spree/images/attachments/000/096/862/product/629110336279.jpg
ar,DAN-33671,آروهيد شرائح لحم بقري بيكن ٣٤٠غرام,Supermarket///Retail///Cheese & Cold Cuts,آروهيد,آروهيد شرائح لحم بقري بيكن ٣٤٠غرام,Arrowhead Beef Bacon Slices 340g,41.5,41.5 SAR,piece,0.33,1,0.0,https://d1c124wpoew66.cloudfront.net/spree/images/attachments/000/096/862/product/629110336279.jpg
en,DAN-35269,Miratorg Frozen Vegetables Italian Mix 400g,Supermarket///Retail///Fruits & Vegetables,Miratorg,Miratorg Frozen Vegetables Italian Mix 400g,Miratorg Frozen Vegetables Italian Mix 400g,12.5,12.5 SAR,piece,0.4,1,0.0,https://d1c124wpoew66.cloudfront.net/spree/images/attachments/000/060/131/product/461008595303.png
ar,DAN-35269,ميراتورج خضار مجمدة إيطالية ٤٠٠غرام,Supermarket///Retail///Fruits & Vegetables,ميراتورج,ميراتورج خضار مجمدة إيطالية ٤٠٠غرام,Miratorg Frozen Vegetables Italian Mix 400g,12.5,12.5 SAR,piece,0.4,1,0.0,https://d1c124wpoew66.cloudfront.net/spree/images/attachments/000/060/131/product/461008595303.png
en,DAN-35270,Miratorg Frozen Vegetables Spanish Mix with Riviera Sauce 400g,Supermarket///Retail///Fruits & Vegetables,Miratorg,Miratorg Frozen Vegetables Spanish Mix with Riviera Sauce 400g,Miratorg Frozen Vegetables Spanish Mix with Riviera Sauce 400g,14.25,14.25 SAR,piece,0.4,1,0.0,https://d1c124wpoew66.cloudfront.net/spree/images/attachments/000/060/132/product/461008595301.png
ar,DAN-35270,ميراتورج خضار مجمدة اسبانية مع صوص الريفييرا ٤٠٠غرام,Supermarket///Retail///Fruits & Vegetables,ميراتورج,ميراتورج خضار مجمدة اسبانية مع صوص الريفييرا ٤٠٠غرام,Miratorg Frozen Vegetables Spanish Mix with Riviera Sauce 400g,14.25,14.25 SAR,piece,0.4,1,0.0,https://d1c124wpoew66.cloudfront.net/spree/images/attachments/000/060/132/product/461008595301.png
en,DAN-35268,Miratorg Frozen Vegetables Mexican Mix 400g,Supermarket///Retail///Fruits & Vegetables,Miratorg,Miratorg Frozen Vegetables Mexican Mix 400g,Miratorg Frozen Vegetables Mexican Mix 400g,10.95,10.95 SAR,piece,0.4,1,0.0,https://d1c124wpoew66.cloudfront.net/spree/images/attachments/000/060/130/product/461008595302.png
ar,DAN-35268,ميراتورج خضار مجمدة مكسيكية ٤٠٠غرام,Supermarket///Retail///Fruits & Vegetables,ميراتورج,ميراتورج خضار مجمدة مكسيكية ٤٠٠غرام,Miratorg Frozen Vegetables Mexican Mix 400g,10.95,10.95 SAR,piece,0.4,1,0.0,https://d1c124wpoew66.cloudfront.net/spree/images/attachments/000/060/130/product/461008595302.png
en,DAN-47582,Salud Avocado Halves 500g,Supermarket///Retail///Fruits & Vegetables,Salud,Salud Avocado Halves 500g,Salud Avocado Halves 500g,29.95,29.95 SAR,piece,0.75,1,0.0,https://d1c124wpoew66.cloudfront.net/spree/images/attachments/000/086/749/product/93AVC12K500_-_Avocado_halves_1920px_10441695.jpg
ar,DAN-47582,سالود افوكادو انصاف مجمد ٥٠٠غرام,Supermarket///Retail///Fruits & Vegetables,سالود,سالود افوكادو انصاف مجمد ٥٠٠غرام,Salud Avocado Halves 500g,29.95,29.95 SAR,piece,0.75,1,0.0,https://d1c124wpoew66.cloudfront.net/spree/images/attachments/000/086/749/product/93AVC12K500_-_Avocado_halves_1920px_10441695.jpg
en,DAN-35272,Miratorg Marbled Beef Dumplings Black Angus 800g,Supermarket///Retail///Packaged Products,Miratorg,Miratorg Marbled Beef Dumplings Black Angus 800g,Miratorg Marbled Beef Dumplings Black Angus 800g,38.75,38.75 SAR,piece,1.04,1,0.0,https://d1c124wpoew66.cloudfront.net/spree/images/attachments/000/060/134/product/461009548117.png
ar,DAN-35272,ميراتورج زلابية بلحم الانجوس ٨٠٠غرام,Supermarket///Retail///Packaged Products,ميراتورج,ميراتورج زلابية بلحم الانجوس ٨٠٠غرام,Miratorg Marbled Beef Dumplings Black Angus 800g,38.75,38.75 SAR,piece,1.04,1,0.0,https://d1c124wpoew66.cloudfront.net/spree/images/attachments/000/060/134/product/461009548117.png
en,DAN-35271,Miratorg Veal Dumplings 800g,Supermarket///Retail///Packaged Products,Miratorg,Miratorg Veal Dumplings 800g,Miratorg Veal Dumplings 800g,40.25,40.25 SAR,piece,1.04,1,0.0,https://d1c124wpoew66.cloudfront.net/spree/images/attachments/000/060/133/product/461009548114.png
ar,DAN-35271,ميراتورج زلابية بلحم العجل ٨٠٠غرام,Supermarket///Retail///Packaged Products,ميراتورج,ميراتورج زلابية بلحم العجل ٨٠٠غرام,Miratorg Veal Dumplings 800g,40.25,40.25 SAR,piece,1.04,1,0.0,https://d1c124wpoew66.cloudfront.net/spree/images/attachments/000/060/133/product/461009548114.png
en,DAN-13585,Mbeauty Foot Pack Intensive Treatment 1pc,Health & Beauty///Beauty///Personal Grooming,Mbeauty,Mbeauty Foot Pack Intensive Treatment 1pc,Mbeauty Foot Pack Intensive Treatment 1pc,13.75,13.75 SAR,piece,0.02,1,0.0,https://d1c124wpoew66.cloudfront.net/spree/images/attachments/000/015/426/product/880927316012.jpg
ar,DAN-13585,ام بيوتي جوارب المعالجة المكثفة للقدم ١قطعة,Health & Beauty///Beauty///Personal Grooming,ام بيوتي,ام بيوتي جوارب المعالجة المكثفة للقدم ١قطعة,Mbeauty Foot Pack Intensive Treatment 1pc,13.75,13.75 SAR,piece,0.02,1,0.0,https://d1c124wpoew66.cloudfront.net/spree/images/attachments/000/015/426/product/880927316012.jpg
en,DAN-45220,Vaseline Foot Cream Deep Moisture 55g,Health & Beauty///Beauty///Personal Grooming,Vaseline,Vaseline Foot Cream Deep Moisture 55g,Vaseline Foot Cream Deep Moisture 55g,23.0,23.0 SAR,piece,0.04,1,0.0,https://d1c124wpoew66.cloudfront.net/spree/images/attachments/000/078/536/product/880161904827.jpg
ar,DAN-45220,فازلين كريم القدمين ترطيب عميق ٥٥غرام,Health & Beauty///Beauty///Personal Grooming,فازلين,فازلين كريم القدمين ترطيب عميق ٥٥غرام,Vaseline Foot Cream Deep Moisture 55g,23.0,23.0 SAR,piece,0.04,1,0.0,https://d1c124wpoew66.cloudfront.net/spree/images/attachments/000/078/536/product/880161904827.jpg
en,DAN-13586,Mbeauty Exfoliating Magic Foot 2*20g,Health & Beauty///Beauty///Personal Grooming,Mbeauty,Mbeauty Exfoliating Magic Foot 2*20g,Mbeauty Exfoliating Magic Foot 2*20g,34.5,34.5 SAR,piece,0.06,1,0.0,https://d1c124wpoew66.cloudfront.net/spree/images/attachments/000/015/427/product/880927316014.jpg
ar,DAN-13586,ام بيوتي الجوارب السحرية لتقشير ٢*٢٠غرام,Health & Beauty///Beauty///Personal Grooming,ام بيوتي,ام بيوتي الجوارب السحرية لتقشير ٢*٢٠غرام,Mbeauty Exfoliating Magic Foot 2*20g,34.5,34.5 SAR,piece,0.06,1,0.0,https://d1c124wpoew66.cloudfront.net/spree/images/attachments/000/015/427/product/880927316014.jpg
en,DAN-28305,Purederm Exfoliating Foot Mask 1pair,Health & Beauty///Beauty///Personal Grooming,Purederm,Purederm Exfoliating Foot Mask 1pair,Purederm Exfoliating Foot Mask 1pair,33.5,33.5 SAR,piece,0.06,1,0.0,https://d1c124wpoew66.cloudfront.net/spree/images/attachments/000/044/417/product/880905258851.jpg
ar,DAN-28305,بيورديرم قناع تقشير القدم ١مجموعة,Health & Beauty///Beauty///Personal Grooming,بيورديرم,بيورديرم قناع تقشير القدم ١مجموعة,Purederm Exfoliating Foot Mask 1pair,33.5,33.5 SAR,piece,0.06,1,0.0,https://d1c124wpoew66.cloudfront.net/spree/images/attachments/000/044/417/product/880905258851.jpg
en,DAN-34154,Himalaya Foot Care Cream with Fenugreek & Turmeric 125ml,Health & Beauty///Beauty///Personal Grooming,Himalaya,Himalaya Foot Care Cream with Fenugreek & Turmeric 125ml,Himalaya Foot Care Cream with Fenugreek & Turmeric 125ml,25.5,25.5 SAR,piece,0.12,1,0.0,https://d1c124wpoew66.cloudfront.net/spree/images/attachments/000/056/684/product/890113850596.jpg
ar,DAN-34154,هيمالايا كريم العناية بالقدمين بالحلبة و الكركم ١٢٥مل,Health & Beauty///Beauty///Personal Grooming,هيمالايا,هيمالايا كريم العناية بالقدمين بالحلبة و الكركم ١٢٥مل,Himalaya Foot Care Cream with Fenugreek & Turmeric 125ml,25.5,25.5 SAR,piece,0.12,1,0.0,https://d1c124wpoew66.cloudfront.net/spree/images/attachments/000/056/684/product/890113850596.jpg
en,DAN-58985,Nano Glass Foot Grinder,Health & Beauty///Beauty///Personal Grooming,,Nano Glass Foot Grinder,Nano Glass Foot Grinder,1.0,1.0 SAR,piece,0.0,1,0.0,https://d1c124wpoew66.cloudfront.net/spree/images/attachments/000/111/090/product/200047602795.jpg
ar,DAN-58985,جهاز صنفرة القدم بزجاج النانو,Health & Beauty///Beauty///Personal Grooming,,جهاز صنفرة القدم بزجاج النانو,Nano Glass Foot Grinder,1.0,1.0 SAR,piece,0.0,1,0.0,https://d1c124wpoew66.cloudfront.net/spree/images/attachments/000/111/090/product/200047602795.jpg
en,DAN-58900,Bindawood Lavender Foot Care 4 in 1 Set,Health & Beauty///Beauty///Personal Grooming,Bindawood,Bindawood Lavender Foot Care 4 in 1 Set,Bindawood Lavender Foot Care 4 in 1 Set,9.95,9.95 SAR,piece,0.0,1,0.0,https://d1c124wpoew66.cloudfront.net/spree/images/attachments/000/110/930/product/200047506105-1.jpg
ar,DAN-58900,بن داوود مجموعة العناية بالقدمين ٤ في ١ باللافندر,Health & Beauty///Beauty///Personal Grooming,بن داوود,بن داوود مجموعة العناية بالقدمين ٤ في ١ باللافندر,Bindawood Lavender Foot Care 4 in 1 Set,9.95,9.95 SAR,piece,0.0,1,0.0,https://d1c124wpoew66.cloudfront.net/spree/images/attachments/000/110/930/product/200047506105-1.jpg
en,DAN-58899,Bindawood Crystal Jelly Spa Lavender Foot Jelly & Salt Set,Health & Beauty///Beauty///Personal Grooming,Bindawood,Bindawood Crystal Jelly Spa Lavender Foot Jelly & Salt Set,Bindawood Crystal Jelly Spa Lavender Foot Jelly & Salt Set,9.95,9.95 SAR,piece,0.0,1,0.0,https://d1c124wpoew66.cloudfront.net/spree/images/attachments/000/110/928/product/200047506085-1.jpg
ar,DAN-58899,بن داوود مجموعة سبا القدمين كريستال جيلي باللافندر مع الملح,Health & Beauty///Beauty///Personal Grooming,بن داوود,بن داوود مجموعة سبا القدمين كريستال جيلي باللافندر مع الملح,Bindawood Crystal Jelly Spa Lavender Foot Jelly & Salt Set,9.95,9.95 SAR,piece,0.0,1,0.0,https://d1c124wpoew66.cloudfront.net/spree/images/attachments/000/110/928/product/200047506085-1.jpg
en,DAN-46829,Lux Bar Soap Tempting Musk 2*170 g,Supermarket///Retail///Packaged Products,,Lux Bar Soap Tempting Musk 2*170 g,Lux Bar Soap Tempting Musk 2*170 g,16.5,16.5 SAR,piece,0.0,1,0.0,https://d1c124wpoew66.cloudfront.net/spree/images/attachments/000/108/045/product/lux-bar-soap-tempting-musk-170g.png
ar,DAN-46829,لوكس صابون المسك الساحر ٢*١٧٠ غرام,Supermarket///Retail///Packaged Products,,لوكس صابون المسك الساحر ٢*١٧٠ غرام,Lux Bar Soap Tempting Musk 2*170 g,16.5,16.5 SAR,piece,0.0,1,0.0,https://d1c124wpoew66.cloudfront.net/spree/images/attachments/000/108/045/product/lux-bar-soap-tempting-musk-170g.png
en,DAN-46827,Lux Bar Velvet Jasmine 2*170 g,Supermarket///Retail///Packaged Products,,Lux Bar Velvet Jasmine 2*170 g,Lux Bar Velvet Jasmine 2*170 g,16.5,16.5 SAR,piece,0.0,1,0.0,https://d1c124wpoew66.cloudfront.net/spree/images/attachments/000/108/046/product/lux-soap-velvet-touch-170g.png
ar,DAN-46827,لوكس صابون الياسمين المخملي ٢*١٧٠ غرام,Supermarket///Retail///Packaged Products,,لوكس صابون الياسمين المخملي ٢*١٧٠ غرام,Lux Bar Velvet Jasmine 2*170 g,16.5,16.5 SAR,piece,0.0,1,0.0,https://d1c124wpoew66.cloudfront.net/spree/images/attachments/000/108/046/product/lux-soap-velvet-touch-170g.png
en,DAN-46825,Lux Bar Soap Creamy Perfection 2*170 g,Supermarket///Retail///Packaged Products,,Lux Bar Soap Creamy Perfection 2*170 g,Lux Bar Soap Creamy Perfection 2*170 g,17.0,17.0 SAR,piece,0.0,1,0.0,https://d1c124wpoew66.cloudfront.net/spree/images/attachments/000/084/328/product/lux-soap-creamy-perfection-170g.jpg
ar,DAN-46825,لوكس صابون الكريمة الغنية ٢*١٧٠ غرام,Supermarket///Retail///Packaged Products,,لوكس صابون الكريمة الغنية ٢*١٧٠ غرام,Lux Bar Soap Creamy Perfection 2*170 g,17.0,17.0 SAR,piece,0.0,1,0.0,https://d1c124wpoew66.cloudfront.net/spree/images/attachments/000/084/328/product/lux-soap-creamy-perfection-170g.jpg
en,DAN-46826,Lux Bar Soap Soft Rose 2*170 g,Supermarket///Retail///Packaged Products,,Lux Bar Soap Soft Rose 2*170 g,Lux Bar Soap Soft Rose 2*170 g,16.5,16.5 SAR,piece,0.0,1,0.0,https://d1c124wpoew66.cloudfront.net/spree/images/attachments/000/084/293/product/lux-soap-soft-touch-170g.jpg
ar,DAN-46826,لوكس صابون الورد الناعم ٢*١٧٠ غرام,Supermarket///Retail///Packaged Products,,لوكس صابون الورد الناعم ٢*١٧٠ غرام,Lux Bar Soap Soft Rose 2*170 g,16.5,16.5 SAR,piece,0.0,1,0.0,https://d1c124wpoew66.cloudfront.net/spree/images/attachments/000/084/293/product/lux-soap-soft-touch-170g.jpg
en,DAN-46828,Lux Bar Gardenia Blossom 2*170 g,Supermarket///Retail///Packaged Products,,Lux Bar Gardenia Blossom 2*170 g,Lux Bar Gardenia Blossom 2*170 g,14.5,14.5 SAR,piece,0.0,1,0.0,https://d1c124wpoew66.cloudfront.net/spree/images/attachments/000/108/047/product/lux-soap-silk-sensation-170g.png
ar,DAN-46828,لوكس صابون زهر الغاردينيا ٢*١٧٠ غرام,Supermarket///Retail///Packaged Products,,لوكس صابون زهر الغاردينيا ٢*١٧٠ غرام,Lux Bar Gardenia Blossom 2*170 g,14.5,14.5 SAR,piece,0.0,1,0.0,https://d1c124wpoew66.cloudfront.net/spree/images/attachments/000/108/047/product/lux-soap-silk-sensation-170g.png
en,DAN-55081,Pantene Pro-V Curlastic Step 1 Sulfate Free Shampoo 2*400ml,Supermarket///Retail///Packaged Products,,Pantene Pro-V Curlastic Step 1 Sulfate Free Shampoo 2*400ml,Pantene Pro-V Curlastic Step 1 Sulfate Free Shampoo 2*400ml,39.0,39.0 SAR,piece,0.0,1,0.0,https://d1c124wpoew66.cloudfront.net/spree/images/attachments/000/101/500/product/pantene-pro-v-curlastic-step-1-sulfate-free-shampoo-400ml-20.jpg
ar,DAN-55081,بانتين برو-في كيرلي الخطوة ١ شامبو خالي من السلفات ٢*٤٠٠ مل,Supermarket///Retail///Packaged Products,,بانتين برو-في كيرلي الخطوة ١ شامبو خالي من السلفات ٢*٤٠٠ مل,Pantene Pro-V Curlastic Step 1 Sulfate Free Shampoo 2*400ml,39.0,39.0 SAR,piece,0.0,1,0.0,https://d1c124wpoew66.cloudfront.net/spree/images/attachments/000/101/500/product/pantene-pro-v-curlastic-step-1-sulfate-free-shampoo-400ml-20.jpg
en,DAN-55082,Pantene Pro-V Curlastic Step 2 Moisturizing Conditioner 2*360ml,Supermarket///Retail///Packaged Products,,Pantene Pro-V Curlastic Step 2 Moisturizing Conditioner 2*360ml,Pantene Pro-V Curlastic Step 2 Moisturizing Conditioner 2*360ml,39.0,39.0 SAR,piece,0.0,1,0.0,https://d1c124wpoew66.cloudfront.net/spree/images/attachments/000/101/501/product/pantene-pro-v-curlastic-step-2-moisturizing-conditioner-360ml-20.jpg
ar,DAN-55082,بانتين برو-في كيرلي الخطوة ٢ بلسم يرطب بعمق ٢*٣٦٠ مل,Supermarket///Retail///Packaged Products,,بانتين برو-في كيرلي الخطوة ٢ بلسم يرطب بعمق ٢*٣٦٠ مل,Pantene Pro-V Curlastic Step 2 Moisturizing Conditioner 2*360ml,39.0,39.0 SAR,piece,0.0,1,0.0,https://d1c124wpoew66.cloudfront.net/spree/images/attachments/000/101/501/product/pantene-pro-v-curlastic-step-2-moisturizing-conditioner-360ml-20.jpg
en,DAN-17686,Frico Mild Edam Cheese 1kg,Supermarket///Retail///Cheese & Cold Cuts,Frico,Frico Mild Edam Cheese 1kg,Frico Mild Edam Cheese 1kg,89.95,89.95 SAR,piece,0.0,1,0.0,https://d1c124wpoew66.cloudfront.net/spree/images/attachments/000/081/871/product/280305700000.jpg
ar,DAN-17686,فريكو جبن إدام معتدل ١كغم,Supermarket///Retail///Cheese & Cold Cuts,فريكو,فريكو جبن إدام معتدل ١كغم,Frico Mild Edam Cheese 1kg,89.95,89.95 SAR,piece,0.0,1,0.0,https://d1c124wpoew66.cloudfront.net/spree/images/attachments/000/081/871/product/280305700000.jpg
en,DAN-45412,Frico Gouda Cheese 1kg,Supermarket///Retail///Cheese & Cold Cuts,Frico,Frico Gouda Cheese 1kg,Frico Gouda Cheese 1kg,89.95,89.95 SAR,piece,0.0,1,0.0,https://d1c124wpoew66.cloudfront.net/spree/images/attachments/000/081/865/product/280305600000.jpg
ar,DAN-45412,فريكو جبنة جودا ١كغم,Supermarket///Retail///Cheese & Cold Cuts,فريكو,فريكو جبنة جودا ١كغم,Frico Gouda Cheese 1kg,89.95,89.95 SAR,piece,0.0,1,0.0,https://d1c124wpoew66.cloudfront.net/spree/images/attachments/000/081/865/product/280305600000.jpg
en,DAN-45416,Danube Smoked Cheese Herbs 1kg,Supermarket///Retail///Cheese & Cold Cuts,Danube,Danube Smoked Cheese Herbs 1kg,Danube Smoked Cheese Herbs 1kg,65.5,65.5 SAR,piece,0.0,1,0.0,https://d1c124wpoew66.cloudfront.net/spree/images/attachments/000/081/819/product/280353400000-2.jpg
ar,DAN-45416,الدانوب جبنة مدخنة بالأعشاب ١كغم,Supermarket///Retail///Cheese & Cold Cuts,الدانوب,الدانوب جبنة مدخنة بالأعشاب ١كغم,Danube Smoked Cheese Herbs 1kg,65.5,65.5 SAR,piece,0.0,1,0.0,https://d1c124wpoew66.cloudfront.net/spree/images/attachments/000/081/819/product/280353400000-2.jpg
en,DAN-45413,Frico Gouda Cumin Cheese 1kg,Supermarket///Retail///Cheese & Cold Cuts,Frico,Frico Gouda Cumin Cheese 1kg,Frico Gouda Cumin Cheese 1kg,99.95,99.95 SAR,piece,0.0,1,0.0,https://d1c124wpoew66.cloudfront.net/spree/images/attachments/000/081/864/product/280387700000.jpg
ar,DAN-45413,فريكو جبنة جودا بالكمون ١كغم,Supermarket///Retail///Cheese & Cold Cuts,فريكو,فريكو جبنة جودا بالكمون ١كغم,Frico Gouda Cumin Cheese 1kg,99.95,99.95 SAR,piece,0.0,1,0.0,https://d1c124wpoew66.cloudfront.net/spree/images/attachments/000/081/864/product/280387700000.jpg
en,DAN-45415,Danube Cheese Smoked Plain 1kg,Supermarket///Retail///Cheese & Cold Cuts,Danube,Danube Cheese Smoked Plain 1kg,Danube Cheese Smoked Plain 1kg,65.5,65.5 SAR,piece,0.0,1,0.0,https://d1c124wpoew66.cloudfront.net/spree/images/attachments/000/081/817/product/280353300000-2.jpg
ar,DAN-45415,الدانوب جبن مدخن سادة ١كغم,Supermarket///Retail///Cheese & Cold Cuts,الدانوب,الدانوب جبن مدخن سادة ١كغم,Danube Cheese Smoked Plain 1kg,65.5,65.5 SAR,piece,0.0,1,0.0,https://d1c124wpoew66.cloudfront.net/spree/images/attachments/000/081/817/product/280353300000-2.jpg
en,DAN-45417,Royal Orange Edam Mild Cheese 1kg,Supermarket///Retail///Cheese & Cold Cuts,Royal Orange,Royal Orange Edam Mild Cheese 1kg,Royal Orange Edam Mild Cheese 1kg,72.0,72.0 SAR,piece,0.0,1,0.0,https://d1c124wpoew66.cloudfront.net/spree/images/attachments/000/081/831/product/280501200000.jpg
ar,DAN-45417,رويال أورانج جبنة إيدام معتدلة ١كغم,Supermarket///Retail///Cheese & Cold Cuts,رويال أورانج,رويال أورانج جبنة إيدام معتدلة ١كغم,Royal Orange Edam Mild Cheese 1kg,72.0,72.0 SAR,piece,0.0,1,0.0,https://d1c124wpoew66.cloudfront.net/spree/images/attachments/000/081/831/product/280501200000.jpg
en,DAN-45414,Danube Goat Cheese 1kg,Supermarket///Retail///Cheese & Cold Cuts,Danube,Danube Goat Cheese 1kg,Danube Goat Cheese 1kg,159.95,159.95 SAR,piece,0.0,1,0.0,https://d1c124wpoew66.cloudfront.net/spree/images/attachments/000/080/917/product/280395200000.jpg
ar,DAN-45414,الدانوب جبن ماعز ١كغم,Supermarket///Retail///Cheese & Cold Cuts,الدانوب,الدانوب جبن ماعز ١كغم,Danube Goat Cheese 1kg,159.95,159.95 SAR,piece,0.0,1,0.0,https://d1c124wpoew66.cloudfront.net/spree/images/attachments/000/080/917/product/280395200000.jpg
en,DAN-45674,Sony PlayStation 5 BluRay CFI-1216A01Y,Electronics & Digital///Gaming,Sony,Sony PlayStation 5 BluRay CFI-1216A01Y,Sony PlayStation 5 BluRay CFI-1216A01Y,2299.0,2299.0 SAR,piece,6.0,1,0.0,https://d1c124wpoew66.cloudfront.net/spree/images/attachments/000/080/020/product/60003135.jpg
ar,DAN-45674,سوني بلايستيشن 5 بلو راي CFI-1216A01Y,Electronics & Digital///Gaming,سوني,سوني بلايستيشن 5 بلو راي CFI-1216A01Y,Sony PlayStation 5 BluRay CFI-1216A01Y,2299.0,2299.0 SAR,piece,6.0,1,0.0,https://d1c124wpoew66.cloudfront.net/spree/images/attachments/000/080/020/product/60003135.jpg
en,DAN-49888,Playstation 5 Disc With G.O.W Ragnarok Voucher 337533,Electronics & Digital///Gaming,Playstation,Playstation 5 Disc With G.O.W Ragnarok Voucher 337533,Playstation 5 Disc With G.O.W Ragnarok Voucher 337533,2599.0,2599.0 SAR,piece,0.0,1,0.0,https://d1c124wpoew66.cloudfront.net/spree/images/attachments/000/091/821/product/60548965.png
ar,DAN-49888,بلايستيشن 5 مع قسيمة لعبة G.O.W Ragnarok مجاناً 337533,Electronics & Digital///Gaming,بلايستيشن,بلايستيشن 5 مع قسيمة لعبة G.O.W Ragnarok مجاناً 337533,Playstation 5 Disc With G.O.W Ragnarok Voucher 337533,2599.0,2599.0 SAR,piece,0.0,1,0.0,https://d1c124wpoew66.cloudfront.net/spree/images/attachments/000/091/821/product/60548965.png
en,DAN-47447,Sony PlayStation 5 Slim Digital Edition CFI-2016B01Y,Electronics & Digital///Gaming,Sony,Sony PlayStation 5 Slim Digital Edition CFI-2016B01Y,Sony PlayStation 5 Slim Digital Edition CFI-2016B01Y,2079.0,2079.0 SAR,piece,5.0,1,0.0,https://d1c124wpoew66.cloudfront.net/spree/images/attachments/000/086/302/product/60568095.jpg
ar,DAN-47447,سوني بلايستيشن 5 نحيف ديجيتال CFI-2016B01Y,Electronics & Digital///Gaming,سوني,سوني بلايستيشن 5 نحيف ديجيتال CFI-2016B01Y,Sony PlayStation 5 Slim Digital Edition CFI-2016B01Y,2079.0,2079.0 SAR,piece,5.0,1,0.0,https://d1c124wpoew66.cloudfront.net/spree/images/attachments/000/086/302/product/60568095.jpg
en,DAN-47446,Sony PlayStation 5 Slim With Blu-Ray Disc CFI-2016A01Y,Electronics & Digital///Gaming,Sony,Sony PlayStation 5 Slim With Blu-Ray Disc CFI-2016A01Y,Sony PlayStation 5 Slim With Blu-Ray Disc CFI-2016A01Y,2299.0,2299.0 SAR,piece,10.0,1,0.0,https://d1c124wpoew66.cloudfront.net/spree/images/attachments/000/086/301/product/60568085.jpg
ar,DAN-47446,سوني بلايستيشن 5 نحيف قارئ اقراص CFI-2016A01Y,Electronics & Digital///Gaming,سوني,سوني بلايستيشن 5 نحيف قارئ اقراص CFI-2016A01Y,Sony PlayStation 5 Slim With Blu-Ray Disc CFI-2016A01Y,2299.0,2299.0 SAR,piece,10.0,1,0.0,https://d1c124wpoew66.cloudfront.net/spree/images/attachments/000/086/301/product/60568085.jpg
en,DAN-46917,Sony PlayStation 5 with EA Sports FC 24 Game Voucher,Electronics & Digital///Gaming,Sony,Sony PlayStation 5 with EA Sports FC 24 Game Voucher,Sony PlayStation 5 with EA Sports FC 24 Game Voucher,2549.0,2549.0 SAR,piece,6.0,1,0.0,https://d1c124wpoew66.cloudfront.net/spree/images/attachments/000/084/412/product/60566675.jpg
ar,DAN-46917,سوني بلاي ستيشن 5 مع قسيمة لعبة EA Sports FC 24,Electronics & Digital///Gaming,سوني,سوني بلاي ستيشن 5 مع قسيمة لعبة EA Sports FC 24,Sony PlayStation 5 with EA Sports FC 24 Game Voucher,2549.0,2549.0 SAR,piece,6.0,1,0.0,https://d1c124wpoew66.cloudfront.net/spree/images/attachments/000/084/412/product/60566675.jpg
en,DAN-45675,Sony Playstation 5 Disc With Wireless Pulse 3D Headset CFI-1116A-CFI-Z,Electronics & Digital///Gaming,Sony,Sony Playstation 5 Disc With Wireless Pulse 3D Headset CFI-1116A-CFI-Z,Sony Playstation 5 Disc With Wireless Pulse 3D Headset CFI-1116A-CFI-Z,2749.0,2749.0 SAR,piece,0.0,1,0.0,https://d1c124wpoew66.cloudfront.net/spree/images/attachments/000/080/021/product/60546525.jpg
ar,DAN-45675,سوني بلايستيشن 5 مع سماعة رأس بولس 3 دي CFI-1116A-CFI-Z,Electronics & Digital///Gaming,سوني,سوني بلايستيشن 5 مع سماعة رأس بولس 3 دي CFI-1116A-CFI-Z,Sony Playstation 5 Disc With Wireless Pulse 3D Headset CFI-1116A-CFI-Z,2749.0,2749.0 SAR,piece,0.0,1,0.0,https://d1c124wpoew66.cloudfront.net/spree/images/attachments/000/080/021/product/60546525.jpg
en,DAN-45673,Sony PlayStation 5 Digital with G.O.W Ragnarok Voucher CFI-1216B-GOWVC,Electronics & Digital///Gaming,Sony,Sony PlayStation 5 Digital with G.O.W Ragnarok Voucher CFI-1216B-GOWVC,Sony PlayStation 5 Digital with G.O.W Ragnarok Voucher CFI-1216B-GOWVC,2119.0,2119.0 SAR,piece,6.0,1,0.0,https://d1c124wpoew66.cloudfront.net/spree/images/attachments/000/080/019/product/11673295.JPG
ar,DAN-45673,سوني بلايستيشن 5 نسخة الديجيتال مع قسيمة لعبة G.O.W Ragnarok CFI-1216B-GOWVC,Electronics & Digital///Gaming,سوني,سوني بلايستيشن 5 نسخة الديجيتال مع قسيمة لعبة G.O.W Ragnarok CFI-1216B-GOWVC,Sony PlayStation 5 Digital with G.O.W Ragnarok Voucher CFI-1216B-GOWVC,2119.0,2119.0 SAR,piece,6.0,1,0.0,https://d1c124wpoew66.cloudfront.net/spree/images/attachments/000/080/019/product/11673295.JPG
en,DAN-50919,Lenovo Tab M10 3rd 4GB 64GB WIFI Folio Case and Film TB328FU,Electronics & Digital///Electronics///Tablets & Accessories,Lenovo,Lenovo Tab M10 3rd 4GB 64GB WIFI Folio Case and Film TB328FU,Lenovo Tab M10 3rd 4GB 64GB WIFI Folio Case and Film TB328FU,649.0,649.0 SAR,piece,1.07,1,0.0,https://d1c124wpoew66.cloudfront.net/spree/images/attachments/000/094/160/product/60589335.PNG
ar,DAN-50919,لينوفو تاب M10 الجيل الثالث 10 انش رمادي معالج يونيسوك T610 OC 1.8 جيجاهرتز 4GB RAM 64GB واي فاي 5000 mAh بطارية مع حافظة وحماية للشاشة ZAAE0075SA TB328FU,Electronics & Digital///Electronics///Tablets & Accessories,لينوفو,لينوفو تاب M10 الجيل الثالث 10 انش رمادي معالج يونيسوك T610 OC 1.8 جيجاهرتز 4GB RAM 64GB واي فاي 5000 mAh بطارية مع حافظة وحماية للشاشة ZAAE0075SA TB328FU,Lenovo Tab M10 3rd 4GB 64GB WIFI Folio Case and Film TB328FU,649.0,649.0 SAR,piece,1.07,1,0.0,https://d1c124wpoew66.cloudfront.net/spree/images/attachments/000/094/160/product/60589335.PNG
en,DAN-49218,"Apple iPad 10th Gen, Wi-Fi, 10.9 inch, 64GB,Blue MPQ13AB/A",Electronics & Digital///Electronics///Tablets & Accessories,Apple,Apple iPad 10th Gen  Wi-Fi  10.9 inch  64GB Blue MPQ13AB/A,Apple iPad 10th Gen  Wi-Fi  10.9 inch  64GB Blue MPQ13AB/A,2049.0,2049.0 SAR,piece,0.81,1,0.0,https://d1c124wpoew66.cloudfront.net/spree/images/attachments/000/090/596/product/60566555.jpg
ar,DAN-49218,ابل آيباد الجيل العاشر واي فاي 10.9 بوصة 64 GB أزرق MPQ13AB/A,Electronics & Digital///Electronics///Tablets & Accessories,ابل,ابل آيباد الجيل العاشر واي فاي 10.9 بوصة 64 GB أزرق MPQ13AB/A,Apple iPad 10th Gen  Wi-Fi  10.9 inch  64GB Blue MPQ13AB/A,2049.0,2049.0 SAR,piece,0.81,1,0.0,https://d1c124wpoew66.cloudfront.net/spree/images/attachments/000/090/596/product/60566555.jpg
en,DAN-58132,Tecno Megapad 10 128GB Grey T1001GY-128GB,Electronics & Digital///Electronics///Tablets & Accessories,Tecno,Tecno Megapad 10 128GB Grey T1001GY-128GB,Tecno Megapad 10 128GB Grey T1001GY-128GB,549.0,549.0 SAR,piece,0.0,1,0.0,https://d1c124wpoew66.cloudfront.net/spree/images/attachments/000/108/744/product/11718305.png
ar,DAN-58132,تكنو تابلت 10 بوصة T1001GY-128GB,Electronics & Digital///Electronics///Tablets & Accessories,تكنو,تكنو تابلت 10 بوصة T1001GY-128GB,Tecno Megapad 10 128GB Grey T1001GY-128GB,549.0,549.0 SAR,piece,0.0,1,0.0,https://d1c124wpoew66.cloudfront.net/spree/images/attachments/000/108/744/product/11718305.png
en,DAN-50918,Lenovo Tab M9 9inch  3GB RAM 32GB 4G LTE Grey TB310XU,Electronics & Digital///Electronics///Tablets & Accessories,Lenovo,Lenovo Tab M9 9inch  3GB RAM 32GB 4G LTE Grey TB310XU,Lenovo Tab M9 9inch  3GB RAM 32GB 4G LTE Grey TB310XU,599.0,599.0 SAR,piece,0.67,1,0.0,https://d1c124wpoew66.cloudfront.net/spree/images/attachments/000/094/159/product/60589325.jpg
ar,DAN-50918,لينوفو تاب M9 9 انش رمادي ميديا تيك® G80 OC 2 جيجاهيرتز 4GB RAM 64GB مع خاصية الاتصال الجيل الرابع ال تي اي 5100 mAh بطارية ZAC50103SA اي بشريحتين تاب ام 9 الجيل الرابع ال تي اي TB310XU,Electronics & Digital///Electronics///Tablets & Accessories,لينوفو,لينوفو تاب M9 9 انش رمادي ميديا تيك® G80 OC 2 جيجاهيرتز 4GB RAM 64GB مع خاصية الاتصال الجيل الرابع ال تي اي 5100 mAh بطارية ZAC50103SA اي بشريحتين تاب ام 9 الجيل الرابع ال تي اي TB310XU,Lenovo Tab M9 9inch  3GB RAM 32GB 4G LTE Grey TB310XU,599.0,599.0 SAR,piece,0.67,1,0.0,https://d1c124wpoew66.cloudfront.net/spree/images/attachments/000/094/159/product/60589325.jpg
en,DAN-49220,"Apple iPad 10th Gen, Wi-Fi, 10.9 inch, 64GB, Pink MPQ33AB/A",Electronics & Digital///Electronics///Tablets & Accessories,Apple,Apple iPad 10th Gen  Wi-Fi  10.9 inch  64GB  Pink MPQ33AB/A,Apple iPad 10th Gen  Wi-Fi  10.9 inch  64GB  Pink MPQ33AB/A,2049.0,2049.0 SAR,piece,0.0,1,0.0,https://d1c124wpoew66.cloudfront.net/spree/images/attachments/000/090/598/product/60566575.jpg
ar,DAN-49220,ابل آيباد الجيل العاشر واي فاي 10.9 بوصة 64 GB وردي MPQ33AB/A,Electronics & Digital///Electronics///Tablets & Accessories,ابل,ابل آيباد الجيل العاشر واي فاي 10.9 بوصة 64 GB وردي MPQ33AB/A,Apple iPad 10th Gen  Wi-Fi  10.9 inch  64GB  Pink MPQ33AB/A,2049.0,2049.0 SAR,piece,0.0,1,0.0,https://d1c124wpoew66.cloudfront.net/spree/images/attachments/000/090/598/product/60566575.jpg
en,DAN-49219,"Apple iPad 10th Gen, Wi-Fi, 10.9 inch, 64GB, Yellow MPQ23AB/A",Electronics & Digital///Electronics///Tablets & Accessories,Apple,Apple iPad 10th Gen  Wi-Fi  10.9 inch  64GB  Yellow MPQ23AB/A,Apple iPad 10th Gen  Wi-Fi  10.9 inch  64GB  Yellow MPQ23AB/A,2049.0,2049.0 SAR,piece,0.0,1,0.0,https://d1c124wpoew66.cloudfront.net/spree/images/attachments/000/090/597/product/60566565.jpg
ar,DAN-49219,ابل آيباد الجيل العاشر واي فاي 10.9 بوصة 64 GB أصفر MPQ23AB/A,Electronics & Digital///Electronics///Tablets & Accessories,ابل,ابل آيباد الجيل العاشر واي فاي 10.9 بوصة 64 GB أصفر MPQ23AB/A,Apple iPad 10th Gen  Wi-Fi  10.9 inch  64GB  Yellow MPQ23AB/A,2049.0,2049.0 SAR,piece,0.0,1,0.0,https://d1c124wpoew66.cloudfront.net/spree/images/attachments/000/090/597/product/60566565.jpg
en,DAN-49217,"Apple iPad 10th Gen, Wi-Fi, 10.9 inch, 64GB,Silver MPQ03AB/A",Electronics & Digital///Electronics///Tablets & Accessories,Apple,Apple iPad 10th Gen  Wi-Fi  10.9 inch  64GB Silver MPQ03AB/A,Apple iPad 10th Gen  Wi-Fi  10.9 inch  64GB Silver MPQ03AB/A,2049.0,2049.0 SAR,piece,0.81,1,0.0,https://d1c124wpoew66.cloudfront.net/spree/images/attachments/000/090/595/product/60566545.jpg
ar,DAN-49217,ابل آيباد الجيل العاشر واي فاي 10.9 بوصة 64 GB فضي MPQ03AB/A,Electronics & Digital///Electronics///Tablets & Accessories,ابل,ابل آيباد الجيل العاشر واي فاي 10.9 بوصة 64 GB فضي MPQ03AB/A,Apple iPad 10th Gen  Wi-Fi  10.9 inch  64GB Silver MPQ03AB/A,2049.0,2049.0 SAR,piece,0.81,1,0.0,https://d1c124wpoew66.cloudfront.net/spree/images/attachments/000/090/595/product/60566545.jpg
en,DAN-24885,Emdico Tv Stand,Electronics & Digital///Electronics///Television,Emdico,Emdico Tv Stand,Emdico Tv Stand,99.0,99.0 SAR,piece,1.05,1,0.0,https://d1c124wpoew66.cloudfront.net/spree/images/attachments/000/035/833/product/60465485.jpg
ar,DAN-24885,إمديكو حامل تلفزيون,Electronics & Digital///Electronics///Television,إمديكو,إمديكو حامل تلفزيون,Emdico Tv Stand,99.0,99.0 SAR,piece,1.05,1,0.0,https://d1c124wpoew66.cloudfront.net/spree/images/attachments/000/035/833/product/60465485.jpg
en,DAN-51567,UGreen 4K HDMI Cable 2M 10129,Electronics & Digital///Electronics///Television,UGreen,UGreen 4K HDMI Cable 2M 10129,UGreen 4K HDMI Cable 2M 10129,49.0,49.0 SAR,piece,0.4,1,0.0,https://d1c124wpoew66.cloudfront.net/spree/images/attachments/000/095/577/product/60585975.jpg
ar,DAN-51567,يوجرين كابل HDMI بطول 2 متر 4K 10129,Electronics & Digital///Electronics///Television,يوجرين,يوجرين كابل HDMI بطول 2 متر 4K 10129,UGreen 4K HDMI Cable 2M 10129,49.0,49.0 SAR,piece,0.4,1,0.0,https://d1c124wpoew66.cloudfront.net/spree/images/attachments/000/095/577/product/60585975.jpg
en,DAN-46332,Emdico Tv Wall Bracket 26-60 inches VAN26-63,Electronics & Digital///Electronics///Television,Emdico,Emdico Tv Wall Bracket 26-60 inches VAN26-63,Emdico Tv Wall Bracket 26-60 inches VAN26-63,89.0,89.0 SAR,piece,1.24,1,0.0,https://d1c124wpoew66.cloudfront.net/spree/images/attachments/000/082/816/product/60465475.jpg
ar,DAN-46332,إمديكو حامل جداري للتلفزيون ٢٦-٦٠ بوصة VAN26-63,Electronics & Digital///Electronics///Television,إمديكو,إمديكو حامل جداري للتلفزيون ٢٦-٦٠ بوصة VAN26-63,Emdico Tv Wall Bracket 26-60 inches VAN26-63,89.0,89.0 SAR,piece,1.24,1,0.0,https://d1c124wpoew66.cloudfront.net/spree/images/attachments/000/082/816/product/60465475.jpg
en,DAN-46333,Emdico Tv Wall Bracket 42-90 inches EMDICO V-90,Electronics & Digital///Electronics///Television,Emdico,Emdico Tv Wall Bracket 42-90 inches EMDICO V-90,Emdico Tv Wall Bracket 42-90 inches EMDICO V-90,199.0,199.0 SAR,piece,4.05,1,0.0,https://d1c124wpoew66.cloudfront.net/spree/images/attachments/000/082/817/product/11674225.jpg
ar,DAN-46333,إمديكو حامل جداري للتلفزيون ٤٢-٩٠ بوصة EMDICO V-90,Electronics & Digital///Electronics///Television,إمديكو,إمديكو حامل جداري للتلفزيون ٤٢-٩٠ بوصة EMDICO V-90,Emdico Tv Wall Bracket 42-90 inches EMDICO V-90,199.0,199.0 SAR,piece,4.05,1,0.0,https://d1c124wpoew66.cloudfront.net/spree/images/attachments/000/082/817/product/11674225.jpg
en,DAN-51568,UGreen 4K HDMI Cable 3M 10130,Electronics & Digital///Electronics///Television,UGreen,UGreen 4K HDMI Cable 3M 10130,UGreen 4K HDMI Cable 3M 10130,59.0,59.0 SAR,piece,0.4,1,0.0,https://d1c124wpoew66.cloudfront.net/spree/images/attachments/000/095/578/product/60585985.jpg
ar,DAN-51568,يوجرين كابل HDMI بطول 3 متر 4K 10130,Electronics & Digital///Electronics///Television,يوجرين,يوجرين كابل HDMI بطول 3 متر 4K 10130,UGreen 4K HDMI Cable 3M 10130,59.0,59.0 SAR,piece,0.4,1,0.0,https://d1c124wpoew66.cloudfront.net/spree/images/attachments/000/095/578/product/60585985.jpg
en,DAN-51569,UGreen 4K HDMI Cable Braided 5M 40103,Electronics & Digital///Electronics///Television,UGreen,UGreen 4K HDMI Cable Braided 5M 40103,UGreen 4K HDMI Cable Braided 5M 40103,79.0,79.0 SAR,piece,0.39,1,0.0,https://d1c124wpoew66.cloudfront.net/spree/images/attachments/000/095/579/product/60585995.jpg
ar,DAN-51569,يوجرين كابل HDMI مضفر بطول 5 متر 4K 40103,Electronics & Digital///Electronics///Television,يوجرين,يوجرين كابل HDMI مضفر بطول 5 متر 4K 40103,UGreen 4K HDMI Cable Braided 5M 40103,79.0,79.0 SAR,piece,0.39,1,0.0,https://d1c124wpoew66.cloudfront.net/spree/images/attachments/000/095/579/product/60585995.jpg
en,DAN-51542,"Emdico Wall Bracket From Top To Down, Size 32"" To 70"", Load Capacity 75Kg VAN-C55",Electronics & Digital///Electronics///Television,Emdico,"Emdico Wall Bracket From Top To Down  Size 32"" To 70""  Load Capacity 75Kg VAN-C55","Emdico Wall Bracket From Top To Down  Size 32"" To 70""  Load Capacity 75Kg VAN-C55",99.0,99.0 SAR,piece,0.0,1,0.0,https://d1c124wpoew66.cloudfront.net/spree/images/attachments/000/095/552/product/60566895.PNG
ar,DAN-51542,إمديكو ايمديكو حامل تلفزيون مقاس32 إلى 70 انش VAN-C55,Electronics & Digital///Electronics///Television,إمديكو,إمديكو ايمديكو حامل تلفزيون مقاس32 إلى 70 انش VAN-C55,"Emdico Wall Bracket From Top To Down  Size 32"" To 70""  Load Capacity 75Kg VAN-C55",99.0,99.0 SAR,piece,0.0,1,0.0,https://d1c124wpoew66.cloudfront.net/spree/images/attachments/000/095/552/product/60566895.PNG
en,DAN-44533,Geepas 43 Inch FHD Smart TV GLED4328SXHD,Electronics & Digital///Electronics///Television,Geepas,Geepas 43 Inch FHD Smart TV GLED4328SXHD,Geepas 43 Inch FHD Smart TV GLED4328SXHD,999.0,999.0 SAR,piece,15.0,1,0.0,https://d1c124wpoew66.cloudfront.net/spree/images/attachments/000/095/585/product/60535885.jpg
ar,DAN-44533,جيباس تلفزيون ذكي 43 بوصة GLED4328SXHD,Electronics & Digital///Electronics///Television,جيباس,جيباس تلفزيون ذكي 43 بوصة GLED4328SXHD,Geepas 43 Inch FHD Smart TV GLED4328SXHD,999.0,999.0 SAR,piece,15.0,1,0.0,https://d1c124wpoew66.cloudfront.net/spree/images/attachments/000/095/585/product/60535885.jpg
en,DAN-53005,Geepas 55 Inch 4K Android LED TV GLED5508SFHD,Electronics & Digital///Electronics///Television,Geepas,Geepas 55 Inch 4K Android LED TV GLED5508SFHD,Geepas 55 Inch 4K Android LED TV GLED5508SFHD,1699.0,1699.0 SAR,piece,17.0,1,0.0,https://d1c124wpoew66.cloudfront.net/spree/images/attachments/000/097/467/product/60591925.JPG
ar,DAN-53005,جيباس تلفزيون ٥٥ بوصة اندرويد GLED5508SFHD,Electronics & Digital///Electronics///Television,جيباس,جيباس تلفزيون ٥٥ بوصة اندرويد GLED5508SFHD,Geepas 55 Inch 4K Android LED TV GLED5508SFHD,1699.0,1699.0 SAR,piece,17.0,1,0.0,https://d1c124wpoew66.cloudfront.net/spree/images/attachments/000/097/467/product/60591925.JPG
en,DAN-42200,"Geepas 32"" HD Smart LED TV GLED3202SEHD",Electronics & Digital///Electronics///Television,Geepas,"Geepas 32"" HD Smart LED TV GLED3202SEHD","Geepas 32"" HD Smart LED TV GLED3202SEHD",649.0,649.0 SAR,piece,14.0,1,0.0,https://d1c124wpoew66.cloudfront.net/spree/images/attachments/000/089/403/product/60447135.jpg
ar,DAN-42200,جيباس تلفزيون ٣٢ بوصة ذكي GLED3202SEHD,Electronics & Digital///Electronics///Television,جيباس,جيباس تلفزيون ٣٢ بوصة ذكي GLED3202SEHD,"Geepas 32"" HD Smart LED TV GLED3202SEHD",649.0,649.0 SAR,piece,14.0,1,0.0,https://d1c124wpoew66.cloudfront.net/spree/images/attachments/000/089/403/product/60447135.jpg
en,DAN-53003,TCL 65 Inch Google TV 4K  65P69B,Electronics & Digital///Electronics///Television,TCL,TCL 65 Inch Google TV 4K  65P69B,TCL 65 Inch Google TV 4K  65P69B,2999.0,2999.0 SAR,piece,20.0,1,0.0,https://d1c124wpoew66.cloudfront.net/spree/images/attachments/000/097/465/product/60591015.jpg
ar,DAN-53003,تي سي ال تلفزيون ٦٥ بوصة عالي الدقة 65P69B,Electronics & Digital///Electronics///Television,تي سي ال,تي سي ال تلفزيون ٦٥ بوصة عالي الدقة 65P69B,TCL 65 Inch Google TV 4K  65P69B,2999.0,2999.0 SAR,piece,20.0,1,0.0,https://d1c124wpoew66.cloudfront.net/spree/images/attachments/000/097/465/product/60591015.jpg
en,DAN-42198,"Geepas 32"" LED TV GLED3201EHD",Electronics & Digital///Electronics///Television,Geepas,"Geepas 32"" LED TV GLED3201EHD","Geepas 32"" LED TV GLED3201EHD",599.0,599.0 SAR,piece,13.0,1,0.0,https://d1c124wpoew66.cloudfront.net/spree/images/attachments/000/089/402/product/60447125.jpg
ar,DAN-42198,جيباس تلفزيون ٣٢ بوصة ليد GLED3201EHD,Electronics & Digital///Electronics///Television,جيباس,جيباس تلفزيون ٣٢ بوصة ليد GLED3201EHD,"Geepas 32"" LED TV GLED3201EHD",599.0,599.0 SAR,piece,13.0,1,0.0,https://d1c124wpoew66.cloudfront.net/spree/images/attachments/000/089/402/product/60447125.jpg
en,DAN-53004,TCL 75 Inch Google TV 4K  75P69B,Electronics & Digital///Electronics///Television,TCL,TCL 75 Inch Google TV 4K  75P69B,TCL 75 Inch Google TV 4K  75P69B,4799.0,4799.0 SAR,piece,20.0,1,0.0,https://d1c124wpoew66.cloudfront.net/spree/images/attachments/000/097/466/product/60591025.jpg
ar,DAN-53004,تي سي ال تلفزيون ٧٥ بوصة عالي الدقة 75P69B,Electronics & Digital///Electronics///Television,تي سي ال,تي سي ال تلفزيون ٧٥ بوصة عالي الدقة 75P69B,TCL 75 Inch Google TV 4K  75P69B,4799.0,4799.0 SAR,piece,20.0,1,0.0,https://d1c124wpoew66.cloudfront.net/spree/images/attachments/000/097/466/product/60591025.jpg
en,DAN-46326,Impex 32 Inch HD TV Android 11/Dvbt2 GLORIA 32 SMART,Electronics & Digital///Electronics///Television,Impex,Impex 32 Inch HD TV Android 11/Dvbt2 GLORIA 32 SMART,Impex 32 Inch HD TV Android 11/Dvbt2 GLORIA 32 SMART,699.0,699.0 SAR,piece,6.5,1,0.0,https://d1c124wpoew66.cloudfront.net/spree/images/attachments/000/082/810/product/60562625.JPG
ar,DAN-46326,امبكس تلفزيون 32 بوصة اتش دي أندرويد 11 GLORIA 32 SMART,Electronics & Digital///Electronics///Television,امبكس,امبكس تلفزيون 32 بوصة اتش دي أندرويد 11 GLORIA 32 SMART,Impex 32 Inch HD TV Android 11/Dvbt2 GLORIA 32 SMART,699.0,699.0 SAR,piece,6.5,1,0.0,https://d1c124wpoew66.cloudfront.net/spree/images/attachments/000/082/810/product/60562625.JPG
en,DAN-24742,Sony DualSense®5 Wireless Controller White,Electronics & Digital///Gaming///Accessories,Sony,Sony DualSense®5 Wireless Controller White,Sony DualSense®5 Wireless Controller White,369.0,369.0 SAR,piece,0.36,1,0.0,https://d1c124wpoew66.cloudfront.net/spree/images/attachments/000/053/887/product/60482635.jpg
ar,DAN-24742,سوني يد تحكم لا سلكي أبيض,Electronics & Digital///Gaming///Accessories,سوني,سوني يد تحكم لا سلكي أبيض,Sony DualSense®5 Wireless Controller White,369.0,369.0 SAR,piece,0.36,1,0.0,https://d1c124wpoew66.cloudfront.net/spree/images/attachments/000/053/887/product/60482635.jpg
en,DAN-32940,Sony DualSense Wireless Controller Red,Electronics & Digital///Gaming///Accessories,Sony,Sony DualSense Wireless Controller Red,Sony DualSense Wireless Controller Red,369.0,369.0 SAR,piece,0.45,1,0.0,https://d1c124wpoew66.cloudfront.net/spree/images/attachments/000/053/863/product/60499055.jpg
ar,DAN-32940,سوني يد تحكم لا سلكي أحمر,Electronics & Digital///Gaming///Accessories,سوني,سوني يد تحكم لا سلكي أحمر,Sony DualSense Wireless Controller Red,369.0,369.0 SAR,piece,0.45,1,0.0,https://d1c124wpoew66.cloudfront.net/spree/images/attachments/000/053/863/product/60499055.jpg
en,DAN-24743,Sony PlayStation® 5 HD Camera,Electronics & Digital///Gaming///Accessories,Sony,Sony PlayStation® 5 HD Camera,Sony PlayStation® 5 HD Camera,299.0,299.0 SAR,piece,0.36,1,0.0,https://d1c124wpoew66.cloudfront.net/spree/images/attachments/000/053/888/product/60482645.jpg
ar,DAN-24743,سوني بلايستيشن ٥ كاميرا اتش دي,Electronics & Digital///Gaming///Accessories,سوني,سوني بلايستيشن ٥ كاميرا اتش دي,Sony PlayStation® 5 HD Camera,299.0,299.0 SAR,piece,0.36,1,0.0,https://d1c124wpoew66.cloudfront.net/spree/images/attachments/000/053/888/product/60482645.jpg
en,DAN-24745,Sony PlayStation 5 Media Remote,Electronics & Digital///Gaming///Accessories,Sony,Sony PlayStation 5 Media Remote,Sony PlayStation 5 Media Remote,149.0,149.0 SAR,piece,0.36,1,0.0,https://d1c124wpoew66.cloudfront.net/spree/images/attachments/000/053/891/product/60482665.jpg
ar,DAN-24745,سوني بلايستيشن ٥ جهاز التحكم في الوسائط,Electronics & Digital///Gaming///Accessories,سوني,سوني بلايستيشن ٥ جهاز التحكم في الوسائط,Sony PlayStation 5 Media Remote,149.0,149.0 SAR,piece,0.36,1,0.0,https://d1c124wpoew66.cloudfront.net/spree/images/attachments/000/053/891/product/60482665.jpg
en,DAN-32943,Sony Wireless Pulse 3D Headset Black,Electronics & Digital///Gaming///Accessories,Sony,Sony Wireless Pulse 3D Headset Black,Sony Wireless Pulse 3D Headset Black,499.0,499.0 SAR,piece,0.45,1,0.0,https://d1c124wpoew66.cloudfront.net/spree/images/attachments/000/053/866/product/60519385.jpg
ar,DAN-32943,سوني سماعة راس بلوتوث للألعاب لون أسود,Electronics & Digital///Gaming///Accessories,سوني,سوني سماعة راس بلوتوث للألعاب لون أسود,Sony Wireless Pulse 3D Headset Black,499.0,499.0 SAR,piece,0.45,1,0.0,https://d1c124wpoew66.cloudfront.net/spree/images/attachments/000/053/866/product/60519385.jpg
en,DAN-32942,Sony Playstation 5 Nioh Collection Game,Electronics & Digital///Gaming///Accessories,Sony,Sony Playstation 5 Nioh Collection Game,Sony Playstation 5 Nioh Collection Game,129.0,129.0 SAR,piece,0.0,1,0.0,https://d1c124wpoew66.cloudfront.net/spree/images/attachments/000/053/865/product/60493885.jpg
ar,DAN-32942,سوني بلايستيشن ٥ لعبة نيوه,Electronics & Digital///Gaming///Accessories,سوني,سوني بلايستيشن ٥ لعبة نيوه,Sony Playstation 5 Nioh Collection Game,129.0,129.0 SAR,piece,0.0,1,0.0,https://d1c124wpoew66.cloudfront.net/spree/images/attachments/000/053/865/product/60493885.jpg
en,DAN-32937,Sony Playstation 5 Deathloop Game,Electronics & Digital///Gaming,Sony,Sony Playstation 5 Deathloop Game,Sony Playstation 5 Deathloop Game,129.0,129.0 SAR,piece,0.0,1,0.0,https://d1c124wpoew66.cloudfront.net/spree/images/attachments/000/053/860/product/60519375.jpg
ar,DAN-32937,سوني بلايستيشن ٥ لعبة ديث لوب,Electronics & Digital///Gaming,سوني,سوني بلايستيشن ٥ لعبة ديث لوب,Sony Playstation 5 Deathloop Game,129.0,129.0 SAR,piece,0.0,1,0.0,https://d1c124wpoew66.cloudfront.net/spree/images/attachments/000/053/860/product/60519375.jpg
en,DAN-15746,Danube Low Fat Cheese With Black Seed 1kg,Supermarket///Retail///Cheese & Cold Cuts,Danube,Danube Low Fat Cheese With Black Seed 1kg,Danube Low Fat Cheese With Black Seed 1kg,40.0,40.0 SAR,piece,0.0,1,0.0,https://d1c124wpoew66.cloudfront.net/spree/images/attachments/000/081/836/product/280670500000.jpg
ar,DAN-15746,الدانوب جبنة قليلة الدسم بحبة البركة ١كغم,Supermarket///Retail///Cheese & Cold Cuts,الدانوب,الدانوب جبنة قليلة الدسم بحبة البركة ١كغم,Danube Low Fat Cheese With Black Seed 1kg,40.0,40.0 SAR,piece,0.0,1,0.0,https://d1c124wpoew66.cloudfront.net/spree/images/attachments/000/081/836/product/280670500000.jpg
en,DAN-16155,Danube Low Salt Akawi Cheese 1kg,Supermarket///Retail///Cheese & Cold Cuts,Danube,Danube Low Salt Akawi Cheese 1kg,Danube Low Salt Akawi Cheese 1kg,54.95,54.95 SAR,piece,0.0,1,0.0,https://d1c124wpoew66.cloudfront.net/spree/images/attachments/000/081/824/product/280354300000.jpg
ar,DAN-16155,الدانوب جبنة عكاوي ملح خفيف ١كغم,Supermarket///Retail///Cheese & Cold Cuts,الدانوب,الدانوب جبنة عكاوي ملح خفيف ١كغم,Danube Low Salt Akawi Cheese 1kg,54.95,54.95 SAR,piece,0.0,1,0.0,https://d1c124wpoew66.cloudfront.net/spree/images/attachments/000/081/824/product/280354300000.jpg
en,DAN-45392,Danube Salad with Cheese 1kg,Supermarket///Retail///Cheese & Cold Cuts,Danube,Danube Salad with Cheese 1kg,Danube Salad with Cheese 1kg,34.0,34.0 SAR,piece,0.0,1,0.0,https://d1c124wpoew66.cloudfront.net/spree/images/attachments/000/081/869/product/280301900000.jpg
ar,DAN-45392,الدانوب سلطة مع جبنة ١كغم,Supermarket///Retail///Cheese & Cold Cuts,الدانوب,الدانوب سلطة مع جبنة ١كغم,Danube Salad with Cheese 1kg,34.0,34.0 SAR,piece,0.0,1,0.0,https://d1c124wpoew66.cloudfront.net/spree/images/attachments/000/081/869/product/280301900000.jpg
en,DAN-17690,Danube Nabulsi Cheese 1kg,Supermarket///Retail///Cheese & Cold Cuts,Danube,Danube Nabulsi Cheese 1kg,Danube Nabulsi Cheese 1kg,54.95,54.95 SAR,piece,0.0,1,0.0,https://d1c124wpoew66.cloudfront.net/spree/images/attachments/000/081/812/product/280311200000.jpg
ar,DAN-17690,الدانوب جبن نابلسي ١كغم,Supermarket///Retail///Cheese & Cold Cuts,الدانوب,الدانوب جبن نابلسي ١كغم,Danube Nabulsi Cheese 1kg,54.95,54.95 SAR,piece,0.0,1,0.0,https://d1c124wpoew66.cloudfront.net/spree/images/attachments/000/081/812/product/280311200000.jpg
en,DAN-23710,Danube Shelal Cheese 1kg,Supermarket///Retail///Cheese & Cold Cuts,Danube,Danube Shelal Cheese 1kg,Danube Shelal Cheese 1kg,66.0,66.0 SAR,piece,0.0,1,0.0,https://d1c124wpoew66.cloudfront.net/spree/images/attachments/000/081/826/product/280367800000.jpg
ar,DAN-23710,الدانوب جبنة شلل ١كغم,Supermarket///Retail///Cheese & Cold Cuts,الدانوب,الدانوب جبنة شلل ١كغم,Danube Shelal Cheese 1kg,66.0,66.0 SAR,piece,0.0,1,0.0,https://d1c124wpoew66.cloudfront.net/spree/images/attachments/000/081/826/product/280367800000.jpg
en,DAN-12203,Forsana Analogue Mozzarella Cheese 1kg,Supermarket///Retail///Cheese & Cold Cuts,Forsana,Forsana Analogue Mozzarella Cheese 1kg,Forsana Analogue Mozzarella Cheese 1kg,49.95,49.95 SAR,piece,0.0,1,0.0,https://d1c124wpoew66.cloudfront.net/spree/images/attachments/000/082/173/product/280667700000_%282%29.jpg
ar,DAN-12203,فرسانا شبية جبنة موزاريلا ١كغم,Supermarket///Retail///Cheese & Cold Cuts,فرسانا,فرسانا شبية جبنة موزاريلا ١كغم,Forsana Analogue Mozzarella Cheese 1kg,49.95,49.95 SAR,piece,0.0,1,0.0,https://d1c124wpoew66.cloudfront.net/spree/images/attachments/000/082/173/product/280667700000_%282%29.jpg
en,DAN-23653,Danube Gift Card SR 100,Supermarket///Retail///Packaged Products,Danube,Danube Gift Card SR 100,Danube Gift Card SR 100,0.0,0.0 SAR,piece,0.1,1,0.0,https://d1c124wpoew66.cloudfront.net/spree/images/attachments/000/032/964/product/Danube_Card_0100.jpg
ar,DAN-23653,الدانوب بطاقة هدايا ١٠٠ ر.س,Supermarket///Retail///Packaged Products,الدانوب,الدانوب بطاقة هدايا ١٠٠ ر.س,Danube Gift Card SR 100,0.0,0.0 SAR,piece,0.1,1,0.0,https://d1c124wpoew66.cloudfront.net/spree/images/attachments/000/032/964/product/Danube_Card_0100.jpg
en,DAN-23656,Danube Gift Card SR 250,Supermarket///Retail///Packaged Products,Danube,Danube Gift Card SR 250,Danube Gift Card SR 250,0.0,0.0 SAR,piece,0.1,1,0.0,https://d1c124wpoew66.cloudfront.net/spree/images/attachments/000/032/967/product/Danube_Card_0250.jpg
ar,DAN-23656,الدانوب بطاقة هدايا ٢٥٠ ر.س,Supermarket///Retail///Packaged Products,الدانوب,الدانوب بطاقة هدايا ٢٥٠ ر.س,Danube Gift Card SR 250,0.0,0.0 SAR,piece,0.1,1,0.0,https://d1c124wpoew66.cloudfront.net/spree/images/attachments/000/032/967/product/Danube_Card_0250.jpg
en,DAN-23658,Danube Gift Card SR 500,Supermarket///Retail///Packaged Products,Danube,Danube Gift Card SR 500,Danube Gift Card SR 500,0.0,0.0 SAR,piece,0.1,1,0.0,https://d1c124wpoew66.cloudfront.net/spree/images/attachments/000/032/969/product/Danube_Card_0500.jpg
ar,DAN-23658,الدانوب بطاقة هدايا ٥٠٠ ر.س,Supermarket///Retail///Packaged Products,الدانوب,الدانوب بطاقة هدايا ٥٠٠ ر.س,Danube Gift Card SR 500,0.0,0.0 SAR,piece,0.1,1,0.0,https://d1c124wpoew66.cloudfront.net/spree/images/attachments/000/032/969/product/Danube_Card_0500.jpg
en,DAN-23652,Danube Gift Card SR 50,Supermarket///Retail///Packaged Products,Danube,Danube Gift Card SR 50,Danube Gift Card SR 50,0.0,0.0 SAR,piece,0.1,1,0.0,https://d1c124wpoew66.cloudfront.net/spree/images/attachments/000/032/963/product/Danube_Card_0050.jpg
ar,DAN-23652,الدانوب بطاقة هدايا ٥٠ ر.س,Supermarket///Retail///Packaged Products,الدانوب,الدانوب بطاقة هدايا ٥٠ ر.س,Danube Gift Card SR 50,0.0,0.0 SAR,piece,0.1,1,0.0,https://d1c124wpoew66.cloudfront.net/spree/images/attachments/000/032/963/product/Danube_Card_0050.jpg
en,DAN-23655,Danube Gift Card SR 200,Supermarket///Retail///Packaged Products,Danube,Danube Gift Card SR 200,Danube Gift Card SR 200,0.0,0.0 SAR,piece,0.1,1,0.0,https://d1c124wpoew66.cloudfront.net/spree/images/attachments/000/032/966/product/Danube_Card_0200.jpg
ar,DAN-23655,الدانوب بطاقة هدايا ٢٠٠ ر.س,Supermarket///Retail///Packaged Products,الدانوب,الدانوب بطاقة هدايا ٢٠٠ ر.س,Danube Gift Card SR 200,0.0,0.0 SAR,piece,0.1,1,0.0,https://d1c124wpoew66.cloudfront.net/spree/images/attachments/000/032/966/product/Danube_Card_0200.jpg
en,DAN-23654,Danube Gift Card SR 150,Supermarket///Retail///Packaged Products,Danube,Danube Gift Card SR 150,Danube Gift Card SR 150,0.0,0.0 SAR,piece,0.1,1,0.0,https://d1c124wpoew66.cloudfront.net/spree/images/attachments/000/032/965/product/Danube_Card_0150.jpg
ar,DAN-23654,الدانوب بطاقة هدايا ١٥٠ ر.س,Supermarket///Retail///Packaged Products,الدانوب,الدانوب بطاقة هدايا ١٥٠ ر.س,Danube Gift Card SR 150,0.0,0.0 SAR,piece,0.1,1,0.0,https://d1c124wpoew66.cloudfront.net/spree/images/attachments/000/032/965/product/Danube_Card_0150.jpg
en,DAN-33746,Danube Goat Marabi Meat 1kg,Supermarket///Retail///Packaged Products,Danube,Danube Goat Marabi Meat 1kg,Danube Goat Marabi Meat 1kg,895.0,895.0 SAR,piece,0.0,1,0.0,https://d1c124wpoew66.cloudfront.net/spree/images/attachments/000/055/189/product/%D8%AA%D9%8A%D8%B3_%D9%85%D8%B1%D8%A7%D8%A8%D9%8A.jpg
ar,DAN-33746,الدانوب تيس مرابي كامل ١كغم,Supermarket///Retail///Packaged Products,الدانوب,الدانوب تيس مرابي كامل ١كغم,Danube Goat Marabi Meat 1kg,895.0,895.0 SAR,piece,0.0,1,0.0,https://d1c124wpoew66.cloudfront.net/spree/images/attachments/000/055/189/product/%D8%AA%D9%8A%D8%B3_%D9%85%D8%B1%D8%A7%D8%A8%D9%8A.jpg
en,DAN-33748,Danube Whole Lamb Refeedi 1kg,Supermarket///Retail///Packaged Products,Danube,Danube Whole Lamb Refeedi 1kg,Danube Whole Lamb Refeedi 1kg,1199.0,1199.0 SAR,piece,0.0,1,0.0,https://d1c124wpoew66.cloudfront.net/spree/images/attachments/000/055/186/product/%D8%AE%D8%B1%D9%88%D9%81_%D8%B1%D9%81%D9%8A%D8%AF%D9%8A.jpg
ar,DAN-33748,الدانوب خروف رفيدي كامل ١كغم,Supermarket///Retail///Packaged Products,الدانوب,الدانوب خروف رفيدي كامل ١كغم,Danube Whole Lamb Refeedi 1kg,1199.0,1199.0 SAR,piece,0.0,1,0.0,https://d1c124wpoew66.cloudfront.net/spree/images/attachments/000/055/186/product/%D8%AE%D8%B1%D9%88%D9%81_%D8%B1%D9%81%D9%8A%D8%AF%D9%8A.jpg
en,DAN-33749,Danube Lamb Harry Whole 1kg,Supermarket///Retail///Packaged Products,Danube,Danube Lamb Harry Whole 1kg,Danube Lamb Harry Whole 1kg,1950.0,1950.0 SAR,piece,0.0,1,0.0,https://d1c124wpoew66.cloudfront.net/spree/images/attachments/000/055/185/product/%D8%AE%D8%B1%D9%88%D9%81_%D8%AD%D8%B1%D9%8A.jpg
ar,DAN-33749,الدانوب خروف حري كامل ١كغم,Supermarket///Retail///Packaged Products,الدانوب,الدانوب خروف حري كامل ١كغم,Danube Lamb Harry Whole 1kg,1950.0,1950.0 SAR,piece,0.0,1,0.0,https://d1c124wpoew66.cloudfront.net/spree/images/attachments/000/055/185/product/%D8%AE%D8%B1%D9%88%D9%81_%D8%AD%D8%B1%D9%8A.jpg
en,DAN-33745,Danube Whole Lamb Barbarri 1kg,Supermarket///Retail///Packaged Products,Danube,Danube Whole Lamb Barbarri 1kg,Danube Whole Lamb Barbarri 1kg,825.0,825.0 SAR,piece,0.0,1,0.0,https://d1c124wpoew66.cloudfront.net/spree/images/attachments/000/055/190/product/%D8%AE%D8%B1%D9%88%D9%81_%D8%A8%D8%B1%D8%A8%D8%B1%D9%8A.jpg
ar,DAN-33745,الدانوب خروف بربري كامل ١كغم,Supermarket///Retail///Packaged Products,الدانوب,الدانوب خروف بربري كامل ١كغم,Danube Whole Lamb Barbarri 1kg,825.0,825.0 SAR,piece,0.0,1,0.0,https://d1c124wpoew66.cloudfront.net/spree/images/attachments/000/055/190/product/%D8%AE%D8%B1%D9%88%D9%81_%D8%A8%D8%B1%D8%A8%D8%B1%D9%8A.jpg
en,DAN-33743,Danube Lamb Naeemi Whole 1kg,Supermarket///Retail///Packaged Products,Danube,Danube Lamb Naeemi Whole 1kg,Danube Lamb Naeemi Whole 1kg,1999.0,1999.0 SAR,piece,0.0,1,0.0,https://d1c124wpoew66.cloudfront.net/spree/images/attachments/000/055/192/product/%D8%AE%D8%B1%D9%88%D9%81_%D9%86%D8%B9%D9%8A%D9%85%D9%8A.jpg
ar,DAN-33743,الدانوب خروف نعيمي طازج ١كغم,Supermarket///Retail///Packaged Products,الدانوب,الدانوب خروف نعيمي طازج ١كغم,Danube Lamb Naeemi Whole 1kg,1999.0,1999.0 SAR,piece,0.0,1,0.0,https://d1c124wpoew66.cloudfront.net/spree/images/attachments/000/055/192/product/%D8%AE%D8%B1%D9%88%D9%81_%D9%86%D8%B9%D9%8A%D9%85%D9%8A.jpg
en,DAN-33744,Danube Whole Lamb Sawakni 1kg,Supermarket///Retail///Packaged Products,Danube,Danube Whole Lamb Sawakni 1kg,Danube Whole Lamb Sawakni 1kg,1550.0,1550.0 SAR,piece,0.0,1,0.0,https://d1c124wpoew66.cloudfront.net/spree/images/attachments/000/055/191/product/%D8%AE%D8%B1%D9%88%D9%81_%D8%B3%D9%88%D8%A7%D9%83%D9%86%D9%8A.jpg
ar,DAN-33744,الدانوب خروف سواكني ١كغم,Supermarket///Retail///Packaged Products,الدانوب,الدانوب خروف سواكني ١كغم,Danube Whole Lamb Sawakni 1kg,1550.0,1550.0 SAR,piece,0.0,1,0.0,https://d1c124wpoew66.cloudfront.net/spree/images/attachments/000/055/191/product/%D8%AE%D8%B1%D9%88%D9%81_%D8%B3%D9%88%D8%A7%D9%83%D9%86%D9%8A.jpg
en,DAN-51822,B & D Trash Can Middle Silver LD01-508B-1,Home & Gardening///Home///Cleaning Products,B & D,B & D Trash Can Middle Silver LD01-508B-1,B & D Trash Can Middle Silver LD01-508B-1,28.0,28.0 SAR,piece,0.0,1,0.0,https://d1c124wpoew66.cloudfront.net/spree/images/attachments/000/095/801/product/45113765.jpg
ar,DAN-51822,بي & دي سلة مهملات وسط فضي  LD01-508B-1,Home & Gardening///Home///Cleaning Products,بي & دي,بي & دي سلة مهملات وسط فضي  LD01-508B-1,B & D Trash Can Middle Silver LD01-508B-1,28.0,28.0 SAR,piece,0.0,1,0.0,https://d1c124wpoew66.cloudfront.net/spree/images/attachments/000/095/801/product/45113765.jpg
en,DAN-50031,Bindawood Basin Stainless Steel 28cm CSW-1M-28CM,Home & Gardening///Home///Cleaning Products,Bindawood,Bindawood Basin Stainless Steel 28cm CSW-1M-28CM,Bindawood Basin Stainless Steel 28cm CSW-1M-28CM,45.0,45.0 SAR,piece,1.06,1,0.0,https://d1c124wpoew66.cloudfront.net/spree/images/attachments/000/092/089/product/44049975.jpg
ar,DAN-50031,بن داوود زبدية ستانلس ستيل ٢٨ سم CSW-1M-28CM,Home & Gardening///Home///Cleaning Products,بن داوود,بن داوود زبدية ستانلس ستيل ٢٨ سم CSW-1M-28CM,Bindawood Basin Stainless Steel 28cm CSW-1M-28CM,45.0,45.0 SAR,piece,1.06,1,0.0,https://d1c124wpoew66.cloudfront.net/spree/images/attachments/000/092/089/product/44049975.jpg
en,DAN-51886,B & D Vacuum Broom BY901,Home & Gardening///Home///Cleaning Products,B & D,B & D Vacuum Broom BY901,B & D Vacuum Broom BY901,165.0,165.0 SAR,piece,0.0,1,0.0,https://d1c124wpoew66.cloudfront.net/spree/images/attachments/000/095/861/product/47486155.jpg
ar,DAN-51886,بي & دي مكنسة يدوية وكهربائية لاسلكية BY901,Home & Gardening///Home///Cleaning Products,بي & دي,بي & دي مكنسة يدوية وكهربائية لاسلكية BY901,B & D Vacuum Broom BY901,165.0,165.0 SAR,piece,0.0,1,0.0,https://d1c124wpoew66.cloudfront.net/spree/images/attachments/000/095/861/product/47486155.jpg
en,DAN-51338,Bindawood Storage Basket,Home & Gardening///Home///Cleaning Products,Bindawood,Bindawood Storage Basket,Bindawood Storage Basket,99.0,99.0 SAR,piece,0.0,1,0.0,https://d1c124wpoew66.cloudfront.net/spree/images/attachments/000/094/620/product/47484535.jpg
ar,DAN-51338,بن داوود سلة تخزين,Home & Gardening///Home///Cleaning Products,بن داوود,بن داوود سلة تخزين,Bindawood Storage Basket,99.0,99.0 SAR,piece,0.0,1,0.0,https://d1c124wpoew66.cloudfront.net/spree/images/attachments/000/094/620/product/47484535.jpg
en,DAN-51333,Bindawood 2 Tier Basket,Home & Gardening///Home///Cleaning Products,Bindawood,Bindawood 2 Tier Basket,Bindawood 2 Tier Basket,159.0,159.0 SAR,piece,0.0,1,0.0,https://d1c124wpoew66.cloudfront.net/spree/images/attachments/000/094/615/product/47484465.jpg
ar,DAN-51333,بن داوود سلة طبقتين,Home & Gardening///Home///Cleaning Products,بن داوود,بن داوود سلة طبقتين,Bindawood 2 Tier Basket,159.0,159.0 SAR,piece,0.0,1,0.0,https://d1c124wpoew66.cloudfront.net/spree/images/attachments/000/094/615/product/47484465.jpg
en,DAN-51332,Bindawood Basket,Home & Gardening///Home///Kitchen Items,Bindawood,Bindawood Basket,Bindawood Basket,85.0,85.0 SAR,piece,0.0,1,0.0,https://d1c124wpoew66.cloudfront.net/spree/images/attachments/000/094/614/product/47484455.jpg
ar,DAN-51332,بن داوود سلة,Home & Gardening///Home///Kitchen Items,بن داوود,بن داوود سلة,Bindawood Basket,85.0,85.0 SAR,piece,0.0,1,0.0,https://d1c124wpoew66.cloudfront.net/spree/images/attachments/000/094/614/product/47484455.jpg
en,DAN-49409,Bindawood Charcoal 30 PCS RCHC-2590-30,Supermarket///Retail///Packaged Products,Bindawood,Bindawood Charcoal 30 PCS RCHC-2590-30,Bindawood Charcoal 30 PCS RCHC-2590-30,6.0,6.0 SAR,piece,0.45,1,0.0,https://d1c124wpoew66.cloudfront.net/spree/images/attachments/000/090/843/product/42266930.jpg
ar,DAN-49409,بن داوود فحم ٣٠ قطعة RCHC-2590-30,Supermarket///Retail///Packaged Products,بن داوود,بن داوود فحم ٣٠ قطعة RCHC-2590-30,Bindawood Charcoal 30 PCS RCHC-2590-30,6.0,6.0 SAR,piece,0.45,1,0.0,https://d1c124wpoew66.cloudfront.net/spree/images/attachments/000/090/843/product/42266930.jpg
en,DAN-49150,Aluminium BBQ Lighter HB-001,Supermarket///Retail///Packaged Products,,Aluminium BBQ Lighter HB-001,Aluminium BBQ Lighter HB-001,8.0,8.0 SAR,piece,0.24,1,0.0,https://d1c124wpoew66.cloudfront.net/spree/images/attachments/000/090/366/product/45068495.jpg
ar,DAN-49150,ولاعة شواء ألومنيوم HB-001,Supermarket///Retail///Packaged Products,,ولاعة شواء ألومنيوم HB-001,Aluminium BBQ Lighter HB-001,8.0,8.0 SAR,piece,0.24,1,0.0,https://d1c124wpoew66.cloudfront.net/spree/images/attachments/000/090/366/product/45068495.jpg
en,DAN-49158,Charcoal Tablets Easy Lite 80 PC RC3510-H80,Supermarket///Retail///Packaged Products,,Charcoal Tablets Easy Lite 80 PC RC3510-H80,Charcoal Tablets Easy Lite 80 PC RC3510-H80,25.0,25.0 SAR,piece,0.45,1,0.0,https://d1c124wpoew66.cloudfront.net/spree/images/attachments/000/090/376/product/47430145.jpg
ar,DAN-49158,فحم سريع الأشتعال ٨٠ حبة RC3510-H80,Supermarket///Retail///Packaged Products,,فحم سريع الأشتعال ٨٠ حبة RC3510-H80,Charcoal Tablets Easy Lite 80 PC RC3510-H80,25.0,25.0 SAR,piece,0.45,1,0.0,https://d1c124wpoew66.cloudfront.net/spree/images/attachments/000/090/376/product/47430145.jpg
en,DAN-49153,Coconut Charcoal 25mm - 1kg,Supermarket///Retail///Packaged Products,,Coconut Charcoal 25mm - 1kg,Coconut Charcoal 25mm - 1kg,25.0,25.0 SAR,piece,0.45,1,0.0,https://d1c124wpoew66.cloudfront.net/spree/images/attachments/000/090/369/product/47124295.jpg
ar,DAN-49153,فحم جوز الهند 25mm - 1kg,Supermarket///Retail///Packaged Products,,فحم جوز الهند 25mm - 1kg,Coconut Charcoal 25mm - 1kg,25.0,25.0 SAR,piece,0.45,1,0.0,https://d1c124wpoew66.cloudfront.net/spree/images/attachments/000/090/369/product/47124295.jpg
en,DAN-49162,Charcoal Tablets Easy Lite 80 PC RC3310-80,Supermarket///Retail///Packaged Products,,Charcoal Tablets Easy Lite 80 PC RC3310-80,Charcoal Tablets Easy Lite 80 PC RC3310-80,25.0,25.0 SAR,piece,0.45,1,0.0,https://d1c124wpoew66.cloudfront.net/spree/images/attachments/000/090/379/product/47430125.jpg
ar,DAN-49162,فحم سريع الأشتعال ٨٠ حبة RC3310-80,Supermarket///Retail///Packaged Products,,فحم سريع الأشتعال ٨٠ حبة RC3310-80,Charcoal Tablets Easy Lite 80 PC RC3310-80,25.0,25.0 SAR,piece,0.45,1,0.0,https://d1c124wpoew66.cloudfront.net/spree/images/attachments/000/090/379/product/47430125.jpg
en,DAN-49410,Super Kima Charcoal DRCHC 1kg,Supermarket///Retail///Packaged Products,Super Kima,Super Kima Charcoal DRCHC 1kg,Super Kima Charcoal DRCHC 1kg,14.0,14.0 SAR,piece,0.45,1,0.0,https://d1c124wpoew66.cloudfront.net/spree/images/attachments/000/090/844/product/42266940.jpg
ar,DAN-49410,سوبر قمه فحم ١كغم,Supermarket///Retail///Packaged Products,سوبر قمه,سوبر قمه فحم ١كغم,Super Kima Charcoal DRCHC 1kg,14.0,14.0 SAR,piece,0.45,1,0.0,https://d1c124wpoew66.cloudfront.net/spree/images/attachments/000/090/844/product/42266940.jpg
en,DAN-4343,Makati Coconut Milk 397g,Supermarket///Retail///Packaged Products,Makati,Makati Coconut Milk 397g,Makati Coconut Milk 397g,5.95,5.95 SAR,piece,0.44,1,0.0,https://d1c124wpoew66.cloudfront.net/spree/images/attachments/000/003/952/product/open-uri20170531-4-1eyizam
ar,DAN-4343,مكاتي حليب جوز الهند ٣٩٧غرام,Supermarket///Retail///Packaged Products,مكاتي,مكاتي حليب جوز الهند ٣٩٧غرام,Makati Coconut Milk 397g,5.95,5.95 SAR,piece,0.44,1,0.0,https://d1c124wpoew66.cloudfront.net/spree/images/attachments/000/003/952/product/open-uri20170531-4-1eyizam
en,DAN-4075,Kikkoman Soy Sauce 150ml,Supermarket///Retail///Packaged Products,Kikkoman,Kikkoman Soy Sauce 150ml,Kikkoman Soy Sauce 150ml,14.95,14.95 SAR,piece,0.33,1,0.0,https://d1c124wpoew66.cloudfront.net/spree/images/attachments/000/104/574/product/490151511896.jpeg
ar,DAN-4075,كيكومان صلصة الصويا ١٥٠مل,Supermarket///Retail///Packaged Products,كيكومان,كيكومان صلصة الصويا ١٥٠مل,Kikkoman Soy Sauce 150ml,14.95,14.95 SAR,piece,0.33,1,0.0,https://d1c124wpoew66.cloudfront.net/spree/images/attachments/000/104/574/product/490151511896.jpeg
en,DAN-33600,Yopokki Jjajang Topokki (rice cake) 120g,Supermarket///Retail///Packaged Products,Yopokki,Yopokki Jjajang Topokki (rice cake) 120g,Yopokki Jjajang Topokki (rice cake) 120g,11.95,11.95 SAR,piece,0.14,1,0.0,https://d1c124wpoew66.cloudfront.net/spree/images/attachments/000/056/090/product/880905440185.jpg
ar,DAN-33600,يوبوكي كيكة الأرز جاجانج توبوكي ١٢٠غرام,Supermarket///Retail///Packaged Products,يوبوكي,يوبوكي كيكة الأرز جاجانج توبوكي ١٢٠غرام,Yopokki Jjajang Topokki (rice cake) 120g,11.95,11.95 SAR,piece,0.14,1,0.0,https://d1c124wpoew66.cloudfront.net/spree/images/attachments/000/056/090/product/880905440185.jpg
en,DAN-10585,Freshly Soy Sauce 16oz,Supermarket///Retail///Packaged Products,Freshly,Freshly Soy Sauce 16oz,Freshly Soy Sauce 16oz,15.0,15.0 SAR,piece,0.52,1,0.0,https://d1c124wpoew66.cloudfront.net/spree/images/attachments/000/097/566/product/628106388281.jpeg
ar,DAN-10585,فرشلي صلصة الصويا ١٦اونصه,Supermarket///Retail///Packaged Products,فرشلي,فرشلي صلصة الصويا ١٦اونصه,Freshly Soy Sauce 16oz,15.0,15.0 SAR,piece,0.52,1,0.0,https://d1c124wpoew66.cloudfront.net/spree/images/attachments/000/097/566/product/628106388281.jpeg
en,DAN-55438,Hanaa Coconut Milk 400g,Supermarket///Retail///Packaged Products,Hanaa,Hanaa Coconut Milk 400g,Hanaa Coconut Milk 400g,6.95,6.95 SAR,piece,0.46,1,0.0,https://d1c124wpoew66.cloudfront.net/spree/images/attachments/000/102/057/product/628105500251.jpeg
ar,DAN-55438,هناء حليب جوز الهند ٤٠٠غرام,Supermarket///Retail///Packaged Products,هناء,هناء حليب جوز الهند ٤٠٠غرام,Hanaa Coconut Milk 400g,6.95,6.95 SAR,piece,0.46,1,0.0,https://d1c124wpoew66.cloudfront.net/spree/images/attachments/000/102/057/product/628105500251.jpeg
en,DAN-57267,Joffrey's Turkish Coffee 500g,Supermarket///Retail///Beverages,Joffrey's,Joffrey's Turkish Coffee 500g,Joffrey's Turkish Coffee 500g,59.0,59.0 SAR,piece,0.0,1,0.0,https://d1c124wpoew66.cloudfront.net/spree/images/attachments/000/105/266/product/628110057033.png
ar,DAN-57267,جوفريز قهوة تركية ٥٠٠غرام,Supermarket///Retail///Beverages,جوفريز,جوفريز قهوة تركية ٥٠٠غرام,Joffrey's Turkish Coffee 500g,59.0,59.0 SAR,piece,0.0,1,0.0,https://d1c124wpoew66.cloudfront.net/spree/images/attachments/000/105/266/product/628110057033.png
en,DAN-57266,Joffrey's Hazelnut Coffee 500g,Supermarket///Retail///Beverages,Joffrey's,Joffrey's Hazelnut Coffee 500g,Joffrey's Hazelnut Coffee 500g,109.0,109.0 SAR,piece,0.0,1,0.0,https://d1c124wpoew66.cloudfront.net/spree/images/attachments/000/105/265/product/628110057016.png
ar,DAN-57266,جوفريز قهوة بنكهة البندق ٥٠٠غرام,Supermarket///Retail///Beverages,جوفريز,جوفريز قهوة بنكهة البندق ٥٠٠غرام,Joffrey's Hazelnut Coffee 500g,109.0,109.0 SAR,piece,0.0,1,0.0,https://d1c124wpoew66.cloudfront.net/spree/images/attachments/000/105/265/product/628110057016.png
en,DAN-57268,Joffrey's Italian Espresso 500g,Supermarket///Retail///Beverages,Joffrey's,Joffrey's Italian Espresso 500g,Joffrey's Italian Espresso 500g,99.0,99.0 SAR,piece,0.0,1,0.0,https://d1c124wpoew66.cloudfront.net/spree/images/attachments/000/105/267/product/628110057035.png
ar,DAN-57268,جوفريز اسبريسو إيطالي ٥٠٠غرام,Supermarket///Retail///Beverages,جوفريز,جوفريز اسبريسو إيطالي ٥٠٠غرام,Joffrey's Italian Espresso 500g,99.0,99.0 SAR,piece,0.0,1,0.0,https://d1c124wpoew66.cloudfront.net/spree/images/attachments/000/105/267/product/628110057035.png
en,DAN-57264,Joffrey's Ethiopian Coffee 500g,Supermarket///Retail///Beverages,Joffrey's,Joffrey's Ethiopian Coffee 500g,Joffrey's Ethiopian Coffee 500g,99.0,99.0 SAR,piece,0.0,1,0.0,https://d1c124wpoew66.cloudfront.net/spree/images/attachments/000/105/263/product/628110057003.png
ar,DAN-57264,جوفريز قهوة إثيوبية ٥٠٠غرام,Supermarket///Retail///Beverages,جوفريز,جوفريز قهوة إثيوبية ٥٠٠غرام,Joffrey's Ethiopian Coffee 500g,99.0,99.0 SAR,piece,0.0,1,0.0,https://d1c124wpoew66.cloudfront.net/spree/images/attachments/000/105/263/product/628110057003.png
en,DAN-57263,Joffrey's Colombian Coffee 500g,Supermarket///Retail///Beverages,Joffrey's,Joffrey's Colombian Coffee 500g,Joffrey's Colombian Coffee 500g,99.0,99.0 SAR,piece,0.0,1,0.0,https://d1c124wpoew66.cloudfront.net/spree/images/attachments/000/105/262/product/628110057038.png
ar,DAN-57263,جوفريز قهوة كولومبية ٥٠٠غرام,Supermarket///Retail///Beverages,جوفريز,جوفريز قهوة كولومبية ٥٠٠غرام,Joffrey's Colombian Coffee 500g,99.0,99.0 SAR,piece,0.0,1,0.0,https://d1c124wpoew66.cloudfront.net/spree/images/attachments/000/105/262/product/628110057038.png
en,DAN-57265,Joffrey's Raspberry Chocolate Coffee 500g,Supermarket///Retail///Beverages,Joffrey's,Joffrey's Raspberry Chocolate Coffee 500g,Joffrey's Raspberry Chocolate Coffee 500g,109.0,109.0 SAR,piece,0.0,1,0.0,https://d1c124wpoew66.cloudfront.net/spree/images/attachments/000/105/264/product/628110057012.png
ar,DAN-57265,جوفريز قهوة بنكهة التوت البري مع الشوكولاتة ٥٠٠غرام,Supermarket///Retail///Beverages,جوفريز,جوفريز قهوة بنكهة التوت البري مع الشوكولاتة ٥٠٠غرام,Joffrey's Raspberry Chocolate Coffee 500g,109.0,109.0 SAR,piece,0.0,1,0.0,https://d1c124wpoew66.cloudfront.net/spree/images/attachments/000/105/264/product/628110057012.png
en,DAN-12181,Danube Egyptian Romi Cheese 1kg,Supermarket///Retail///Cheese & Cold Cuts,Danube,Danube Egyptian Romi Cheese 1kg,Danube Egyptian Romi Cheese 1kg,49.95,49.95 SAR,piece,0.0,1,0.0,https://d1c124wpoew66.cloudfront.net/spree/images/attachments/000/082/641/product/280313300000.jpg
ar,DAN-12181,الدانوب جبنة رومي مصري ١كغم,Supermarket///Retail///Cheese & Cold Cuts,الدانوب,الدانوب جبنة رومي مصري ١كغم,Danube Egyptian Romi Cheese 1kg,49.95,49.95 SAR,piece,0.0,1,0.0,https://d1c124wpoew66.cloudfront.net/spree/images/attachments/000/082/641/product/280313300000.jpg
en,DAN-18051,Happy Land Garish Cheese 1kg,Supermarket///Retail///Cheese & Cold Cuts,Happy Land,Happy Land Garish Cheese 1kg,Happy Land Garish Cheese 1kg,29.95,29.95 SAR,piece,0.0,1,0.0,https://d1c124wpoew66.cloudfront.net/spree/images/attachments/000/081/870/product/280306500000.jpg
ar,DAN-18051,هابي لاند جبنة قريش ١كغم,Supermarket///Retail///Cheese & Cold Cuts,هابي لاند,هابي لاند جبنة قريش ١كغم,Happy Land Garish Cheese 1kg,29.95,29.95 SAR,piece,0.0,1,0.0,https://d1c124wpoew66.cloudfront.net/spree/images/attachments/000/081/870/product/280306500000.jpg
en,DAN-17700,Al Tayeb Low Salt Cheese 1kg,Supermarket///Retail///Cheese & Cold Cuts,Al Tayeb,Al Tayeb Low Salt Cheese 1kg,Al Tayeb Low Salt Cheese 1kg,49.95,49.95 SAR,piece,0.0,1,0.0,https://d1c124wpoew66.cloudfront.net/spree/images/attachments/000/081/829/product/280476300000.jpg
ar,DAN-17700,الطيب جبن قليل الملح ١كغم,Supermarket///Retail///Cheese & Cold Cuts,الطيب,الطيب جبن قليل الملح ١كغم,Al Tayeb Low Salt Cheese 1kg,49.95,49.95 SAR,piece,0.0,1,0.0,https://d1c124wpoew66.cloudfront.net/spree/images/attachments/000/081/829/product/280476300000.jpg
en,DAN-45395,Sanabel Al Khair Iskandrani Cheese 1kg,Supermarket///Retail///Cheese & Cold Cuts,Sanabel Al Khair,Sanabel Al Khair Iskandrani Cheese 1kg,Sanabel Al Khair Iskandrani Cheese 1kg,26.95,26.95 SAR,piece,0.0,1,0.0,https://d1c124wpoew66.cloudfront.net/spree/images/attachments/000/082/715/product/280495600000_%283%29.jpg
ar,DAN-45395,سنابل الخير جبنة اسكندراني ١كغم,Supermarket///Retail///Cheese & Cold Cuts,سنابل الخير,سنابل الخير جبنة اسكندراني ١كغم,Sanabel Al Khair Iskandrani Cheese 1kg,26.95,26.95 SAR,piece,0.0,1,0.0,https://d1c124wpoew66.cloudfront.net/spree/images/attachments/000/082/715/product/280495600000_%283%29.jpg
en,DAN-45396,Zina Low Salt Cheese Analogue 1kg,Supermarket///Retail///Cheese & Cold Cuts,Zina,Zina Low Salt Cheese Analogue 1kg,Zina Low Salt Cheese Analogue 1kg,31.75,31.75 SAR,piece,0.0,1,0.0,https://d1c124wpoew66.cloudfront.net/spree/images/attachments/000/081/868/product/280309400000.jpg
ar,DAN-45396,زينة شبيهة جبنة قليلة الملح ١كغم,Supermarket///Retail///Cheese & Cold Cuts,زينة,زينة شبيهة جبنة قليلة الملح ١كغم,Zina Low Salt Cheese Analogue 1kg,31.75,31.75 SAR,piece,0.0,1,0.0,https://d1c124wpoew66.cloudfront.net/spree/images/attachments/000/081/868/product/280309400000.jpg
en,DAN-24521,White Grapes 1kg,Supermarket///Retail///Fruits & Vegetables,,White Grapes 1kg,White Grapes 1kg,29.95,29.95 SAR,piece,0.0,1,0.0,https://d1c124wpoew66.cloudfront.net/spree/images/attachments/000/110/405/product/464.jpeg
ar,DAN-24521,عنب أبيض ١كغم,Supermarket///Retail///Fruits & Vegetables,,عنب أبيض ١كغم,White Grapes 1kg,29.95,29.95 SAR,piece,0.0,1,0.0,https://d1c124wpoew66.cloudfront.net/spree/images/attachments/000/110/405/product/464.jpeg
en,DAN-26108,Red Grapes 1kg,Supermarket///Retail///Fruits & Vegetables,,Red Grapes 1kg,Red Grapes 1kg,16.95,16.95 SAR,piece,0.0,1,0.0,https://d1c124wpoew66.cloudfront.net/spree/images/attachments/000/110/406/product/190.jpeg
ar,DAN-26108,عنب أحمر ١كغم,Supermarket///Retail///Fruits & Vegetables,,عنب أحمر ١كغم,Red Grapes 1kg,16.95,16.95 SAR,piece,0.0,1,0.0,https://d1c124wpoew66.cloudfront.net/spree/images/attachments/000/110/406/product/190.jpeg
en,DAN-58772,Cotton Candy Grapes 1kg,Supermarket///Retail///Fruits & Vegetables,,Cotton Candy Grapes 1kg,Cotton Candy Grapes 1kg,31.95,31.95 SAR,piece,0.0,1,0.0,https://d1c124wpoew66.cloudfront.net/spree/images/attachments/000/110/409/product/5951.jpeg
ar,DAN-58772,عنب كوتن كاندي ١كغم,Supermarket///Retail///Fruits & Vegetables,,عنب كوتن كاندي ١كغم,Cotton Candy Grapes 1kg,31.95,31.95 SAR,piece,0.0,1,0.0,https://d1c124wpoew66.cloudfront.net/spree/images/attachments/000/110/409/product/5951.jpeg
en,DAN-58773,Mango Fas (Carton) 2kg,Supermarket///Retail///Fruits & Vegetables,,Mango Fas (Carton) 2kg,Mango Fas (Carton) 2kg,69.95,69.95 SAR,piece,0.0,1,0.0,https://d1c124wpoew66.cloudfront.net/spree/images/attachments/000/110/407/product/501415.jpg
ar,DAN-58773,مانجو فص (كرتون) ٢كغم,Supermarket///Retail///Fruits & Vegetables,,مانجو فص (كرتون) ٢كغم,Mango Fas (Carton) 2kg,69.95,69.95 SAR,piece,0.0,1,0.0,https://d1c124wpoew66.cloudfront.net/spree/images/attachments/000/110/407/product/501415.jpg
en,DAN-58771,Black Grapes 1kg,Supermarket///Retail///Fruits & Vegetables,,Black Grapes 1kg,Black Grapes 1kg,24.95,24.95 SAR,piece,0.0,1,0.0,https://d1c124wpoew66.cloudfront.net/spree/images/attachments/000/110/408/product/465.jpeg
ar,DAN-58771,عنب أسود ١كغم,Supermarket///Retail///Fruits & Vegetables,,عنب أسود ١كغم,Black Grapes 1kg,24.95,24.95 SAR,piece,0.0,1,0.0,https://d1c124wpoew66.cloudfront.net/spree/images/attachments/000/110/408/product/465.jpeg
en,DAN-190,Dac Crystal Drain Opener 500ml,Home & Gardening///Home///Cleaning Products,Dac,Dac Crystal Drain Opener 500ml,Dac Crystal Drain Opener 500ml,15.95,15.95 SAR,piece,0.53,1,0.0,https://d1c124wpoew66.cloudfront.net/spree/images/attachments/000/028/312/product/628103106100.jpg
ar,DAN-190,داك حبيبات مسلك البالوعات ٥٠٠مل,Home & Gardening///Home///Cleaning Products,داك,داك حبيبات مسلك البالوعات ٥٠٠مل,Dac Crystal Drain Opener 500ml,15.95,15.95 SAR,piece,0.53,1,0.0,https://d1c124wpoew66.cloudfront.net/spree/images/attachments/000/028/312/product/628103106100.jpg
en,DAN-10945,Contac Drain Opener 500gm,Home & Gardening///Home///Cleaning Products,Contac,Contac Drain Opener 500gm,Contac Drain Opener 500gm,12.95,12.95 SAR,piece,0.55,1,0.0,https://d1c124wpoew66.cloudfront.net/spree/images/attachments/000/039/752/product/625300921106.jpg
ar,DAN-10945,كونتك مسحوق تسليك البالوعات ٥٠٠غرام,Home & Gardening///Home///Cleaning Products,كونتك,كونتك مسحوق تسليك البالوعات ٥٠٠غرام,Contac Drain Opener 500gm,12.95,12.95 SAR,piece,0.55,1,0.0,https://d1c124wpoew66.cloudfront.net/spree/images/attachments/000/039/752/product/625300921106.jpg
en,DAN-191,Dac Crystal Drain Opener 1kg,Home & Gardening///Home///Cleaning Products,Dac,Dac Crystal Drain Opener 1kg,Dac Crystal Drain Opener 1kg,24.95,24.95 SAR,piece,1.02,1,0.0,https://d1c124wpoew66.cloudfront.net/spree/images/attachments/000/028/313/product/628103106101.jpg
ar,DAN-191,داك حبيبات مسلك البالوعات ١كغم,Home & Gardening///Home///Cleaning Products,داك,داك حبيبات مسلك البالوعات ١كغم,Dac Crystal Drain Opener 1kg,24.95,24.95 SAR,piece,1.02,1,0.0,https://d1c124wpoew66.cloudfront.net/spree/images/attachments/000/028/313/product/628103106101.jpg
en,DAN-49069,Harpic Powerful Drain Opener 1L,Home & Gardening///Home///Cleaning Products,Harpic,Harpic Powerful Drain Opener 1L,Harpic Powerful Drain Opener 1L,28.95,28.95 SAR,piece,1.09,1,0.0,https://d1c124wpoew66.cloudfront.net/spree/images/attachments/000/105/957/product/6295120048214_1.jpg
ar,DAN-49069,هاربيك مسلك البالوعات القوي ١لتر,Home & Gardening///Home///Cleaning Products,هاربيك,هاربيك مسلك البالوعات القوي ١لتر,Harpic Powerful Drain Opener 1L,28.95,28.95 SAR,piece,1.09,1,0.0,https://d1c124wpoew66.cloudfront.net/spree/images/attachments/000/105/957/product/6295120048214_1.jpg
en,DAN-4640,Family Train Drain Opener 1Kg,Home & Gardening///Home///Cleaning Products,Family Train,Family Train Drain Opener 1Kg,Family Train Drain Opener 1Kg,15.95,15.95 SAR,piece,0.0,1,0.0,https://d1c124wpoew66.cloudfront.net/spree/images/attachments/000/004/216/product/open-uri20170531-4-zm2vh
ar,DAN-4640,قطار العائلة مسلك البالوعات ١كغم,Home & Gardening///Home///Cleaning Products,قطار العائلة,قطار العائلة مسلك البالوعات ١كغم,Family Train Drain Opener 1Kg,15.95,15.95 SAR,piece,0.0,1,0.0,https://d1c124wpoew66.cloudfront.net/spree/images/attachments/000/004/216/product/open-uri20170531-4-zm2vh
en,DAN-1133,L'usine Brown Sliced Bread 600g,Supermarket///Retail///Bakery,L'usine,L'usine Brown Sliced Bread 600g,L'usine Brown Sliced Bread 600g,6.0,6.0 SAR,piece,0.6,1,0.0,https://d1c124wpoew66.cloudfront.net/spree/images/attachments/000/107/303/product/628110008102.jpeg
ar,DAN-1133,لوزين خبز التوست بر ٦٠٠غرام,Supermarket///Retail///Bakery,لوزين,لوزين خبز التوست بر ٦٠٠غرام,L'usine Brown Sliced Bread 600g,6.0,6.0 SAR,piece,0.6,1,0.0,https://d1c124wpoew66.cloudfront.net/spree/images/attachments/000/107/303/product/628110008102.jpeg
en,DAN-35088,L'usine Cheese Puff 5+1*70g,Supermarket///Retail///Bakery,L'usine,L'usine Cheese Puff 5+1*70g,L'usine Cheese Puff 5+1*70g,10.0,10.0 SAR,piece,0.45,1,0.0,https://d1c124wpoew66.cloudfront.net/spree/images/attachments/000/059/851/product/628100705522.png
ar,DAN-35088,لوزين فطيرة الجبنة ٥+١*٧٠غرام,Supermarket///Retail///Bakery,لوزين,لوزين فطيرة الجبنة ٥+١*٧٠غرام,L'usine Cheese Puff 5+1*70g,10.0,10.0 SAR,piece,0.45,1,0.0,https://d1c124wpoew66.cloudfront.net/spree/images/attachments/000/059/851/product/628100705522.png
en,DAN-58106,L'usine Tortilla Wraps Plain 240g,Supermarket///Retail///Bakery,L'usine,L'usine Tortilla Wraps Plain 240g,L'usine Tortilla Wraps Plain 240g,8.5,8.5 SAR,piece,0.0,1,0.0,https://d1c124wpoew66.cloudfront.net/spree/images/attachments/000/108/707/product/628100706878.jpg
ar,DAN-58106,لوزين خبز التورتيلا سادة ٢٤٠غرام,Supermarket///Retail///Bakery,لوزين,لوزين خبز التورتيلا سادة ٢٤٠غرام,L'usine Tortilla Wraps Plain 240g,8.5,8.5 SAR,piece,0.0,1,0.0,https://d1c124wpoew66.cloudfront.net/spree/images/attachments/000/108/707/product/628100706878.jpg
en,DAN-58108,L'usine Tortilla Wraps Whole Wheat 240g,Supermarket///Retail///Bakery,L'usine,L'usine Tortilla Wraps Whole Wheat 240g,L'usine Tortilla Wraps Whole Wheat 240g,9.0,9.0 SAR,piece,0.0,1,0.0,https://d1c124wpoew66.cloudfront.net/spree/images/attachments/000/108/711/product/628100706880.jpeg
ar,DAN-58108,لوزين خبز التورتيلا بالقمح الكامل ٢٤٠غرام,Supermarket///Retail///Bakery,لوزين,لوزين خبز التورتيلا بالقمح الكامل ٢٤٠غرام,L'usine Tortilla Wraps Whole Wheat 240g,9.0,9.0 SAR,piece,0.0,1,0.0,https://d1c124wpoew66.cloudfront.net/spree/images/attachments/000/108/711/product/628100706880.jpeg
en,DAN-58107,L'usine Tortilla Wraps Multigrain 240g,Supermarket///Retail///Bakery,L'usine,L'usine Tortilla Wraps Multigrain 240g,L'usine Tortilla Wraps Multigrain 240g,9.0,9.0 SAR,piece,0.0,1,0.0,https://d1c124wpoew66.cloudfront.net/spree/images/attachments/000/108/709/product/628100706881.jpeg
ar,DAN-58107,لوزين خبز التورتيلا بالحبوب ٢٤٠غرام,Supermarket///Retail///Bakery,لوزين,لوزين خبز التورتيلا بالحبوب ٢٤٠غرام,L'usine Tortilla Wraps Multigrain 240g,9.0,9.0 SAR,piece,0.0,1,0.0,https://d1c124wpoew66.cloudfront.net/spree/images/attachments/000/108/709/product/628100706881.jpeg
en,DAN-54504,Milaf Sukkari Dates 250g,Fresh & Local///Fruits from farms///Dates,Milaf,Milaf Sukkari Dates 250g,Milaf Sukkari Dates 250g,16.5,16.5 SAR,piece,0.0,1,0.0,https://d1c124wpoew66.cloudfront.net/spree/images/attachments/000/100/630/product/628800400052.jpeg
ar,DAN-54504,ميلاف تمر سكري ٢٥٠غرام,Fresh & Local///Fruits from farms///Dates,ميلاف,ميلاف تمر سكري ٢٥٠غرام,Milaf Sukkari Dates 250g,16.5,16.5 SAR,piece,0.0,1,0.0,https://d1c124wpoew66.cloudfront.net/spree/images/attachments/000/100/630/product/628800400052.jpeg
en,DAN-54501,Milaf Segai Dates 500g,Fresh & Local///Fruits from farms///Dates,Milaf,Milaf Segai Dates 500g,Milaf Segai Dates 500g,29.95,29.95 SAR,piece,0.0,1,0.0,https://d1c124wpoew66.cloudfront.net/spree/images/attachments/000/100/627/product/628800400046.jpeg
ar,DAN-54501,ميلاف تمر صقعي ٥٠٠غرام,Fresh & Local///Fruits from farms///Dates,ميلاف,ميلاف تمر صقعي ٥٠٠غرام,Milaf Segai Dates 500g,29.95,29.95 SAR,piece,0.0,1,0.0,https://d1c124wpoew66.cloudfront.net/spree/images/attachments/000/100/627/product/628800400046.jpeg
en,DAN-54503,Milaf Safawi Dates 500g,Fresh & Local///Fruits from farms///Dates,Milaf,Milaf Safawi Dates 500g,Milaf Safawi Dates 500g,29.95,29.95 SAR,piece,0.0,1,0.0,https://d1c124wpoew66.cloudfront.net/spree/images/attachments/000/100/629/product/628800400048.jpeg
ar,DAN-54503,ميلاف تمر صفاوي ٥٠٠غرام,Fresh & Local///Fruits from farms///Dates,ميلاف,ميلاف تمر صفاوي ٥٠٠غرام,Milaf Safawi Dates 500g,29.95,29.95 SAR,piece,0.0,1,0.0,https://d1c124wpoew66.cloudfront.net/spree/images/attachments/000/100/629/product/628800400048.jpeg
en,DAN-54502,Milaf Khudri Dates 500g,Fresh & Local///Fruits from farms///Dates,Milaf,Milaf Khudri Dates 500g,Milaf Khudri Dates 500g,29.95,29.95 SAR,piece,0.0,1,0.0,https://d1c124wpoew66.cloudfront.net/spree/images/attachments/000/100/628/product/628800400047.jpeg
ar,DAN-54502,ميلاف تمر خضري ٥٠٠غرام,Fresh & Local///Fruits from farms///Dates,ميلاف,ميلاف تمر خضري ٥٠٠غرام,Milaf Khudri Dates 500g,29.95,29.95 SAR,piece,0.0,1,0.0,https://d1c124wpoew66.cloudfront.net/spree/images/attachments/000/100/628/product/628800400047.jpeg
en,DAN-58623,Milaf Ajwa Al Madinah Dates 400g,Fresh & Local///Fruits from farms///Dates,Milaf,Milaf Ajwa Al Madinah Dates 400g,Milaf Ajwa Al Madinah Dates 400g,39.98,39.98 SAR,piece,0.52,1,0.0,https://d1c124wpoew66.cloudfront.net/spree/images/attachments/000/110/042/product/628800400127.jpg
ar,DAN-58623,ميلاف تمر عجوة المدينة ٤٠٠غرام,Fresh & Local///Fruits from farms///Dates,ميلاف,ميلاف تمر عجوة المدينة ٤٠٠غرام,Milaf Ajwa Al Madinah Dates 400g,39.98,39.98 SAR,piece,0.52,1,0.0,https://d1c124wpoew66.cloudfront.net/spree/images/attachments/000/110/042/product/628800400127.jpg
en,DAN-8624,Nadec Organic Extra Virgin Olive Oil 500ml,Supermarket///Retail///Packaged Products,Nadec,Nadec Organic Extra Virgin Olive Oil 500ml,Nadec Organic Extra Virgin Olive Oil 500ml,34.95,34.95 SAR,piece,0.88,1,0.0,https://d1c124wpoew66.cloudfront.net/spree/images/attachments/000/107/912/product/628105710047.jpeg
ar,DAN-8624,نادك زيت زيتون بكر ممتاز عضوي ٥٠٠مل,Supermarket///Retail///Packaged Products,نادك,نادك زيت زيتون بكر ممتاز عضوي ٥٠٠مل,Nadec Organic Extra Virgin Olive Oil 500ml,34.95,34.95 SAR,piece,0.88,1,0.0,https://d1c124wpoew66.cloudfront.net/spree/images/attachments/000/107/912/product/628105710047.jpeg
en,DAN-8625,Nadec Organic Extra Virgin Olive Oil 250ml,Health & Beauty///Health///Diet meals,Nadec,Nadec Organic Extra Virgin Olive Oil 250ml,Nadec Organic Extra Virgin Olive Oil 250ml,17.95,17.95 SAR,piece,0.46,1,0.0,https://d1c124wpoew66.cloudfront.net/spree/images/attachments/000/107/290/product/628105700124.jpeg
ar,DAN-8625,نادك زيت زيتون بكر ممتاز عضوي ٢٥٠مل,Health & Beauty///Health///Diet meals,نادك,نادك زيت زيتون بكر ممتاز عضوي ٢٥٠مل,Nadec Organic Extra Virgin Olive Oil 250ml,17.95,17.95 SAR,piece,0.46,1,0.0,https://d1c124wpoew66.cloudfront.net/spree/images/attachments/000/107/290/product/628105700124.jpeg
en,DAN-21858,Nadec Organic Extra Virgin Olive Oil 1L,Health & Beauty///Health///Diet meals,Nadec,Nadec Organic Extra Virgin Olive Oil 1L,Nadec Organic Extra Virgin Olive Oil 1L,68.95,68.95 SAR,piece,1.0,1,0.0,https://d1c124wpoew66.cloudfront.net/spree/images/attachments/000/086/494/product/628105726000.png
ar,DAN-21858,نادك زيت زيتون بكر ممتاز عضوي ١لتر,Health & Beauty///Health///Diet meals,نادك,نادك زيت زيتون بكر ممتاز عضوي ١لتر,Nadec Organic Extra Virgin Olive Oil 1L,68.95,68.95 SAR,piece,1.0,1,0.0,https://d1c124wpoew66.cloudfront.net/spree/images/attachments/000/086/494/product/628105726000.png
en,DAN-21854,Nadec Organic Extra Virgin Olive Oil 2L,Health & Beauty///Health///Diet meals,Nadec,Nadec Organic Extra Virgin Olive Oil 2L,Nadec Organic Extra Virgin Olive Oil 2L,134.95,134.95 SAR,piece,2.0,1,0.0,https://d1c124wpoew66.cloudfront.net/spree/images/attachments/000/086/493/product/628105726009.png
ar,DAN-21854,نادك زيت زيتون بكر ممتاز عضوي ٢لتر,Health & Beauty///Health///Diet meals,نادك,نادك زيت زيتون بكر ممتاز عضوي ٢لتر,Nadec Organic Extra Virgin Olive Oil 2L,134.95,134.95 SAR,piece,2.0,1,0.0,https://d1c124wpoew66.cloudfront.net/spree/images/attachments/000/086/493/product/628105726009.png
en,DAN-21859,Nadec Organic Olive Oil Extra Virgin First Extraction 4L,Health & Beauty///Health///Diet meals,Nadec,Nadec Organic Olive Oil Extra Virgin First Extraction 4L,Nadec Organic Olive Oil Extra Virgin First Extraction 4L,267.5,267.5 SAR,piece,3.85,1,0.0,https://d1c124wpoew66.cloudfront.net/spree/images/attachments/000/089/461/product/628105726004.png
ar,DAN-21859,نادك زيت زيتون عضوي بكر ممتاز عصرة أولى ٤لتر,Health & Beauty///Health///Diet meals,نادك,نادك زيت زيتون عضوي بكر ممتاز عصرة أولى ٤لتر,Nadec Organic Olive Oil Extra Virgin First Extraction 4L,267.5,267.5 SAR,piece,3.85,1,0.0,https://d1c124wpoew66.cloudfront.net/spree/images/attachments/000/089/461/product/628105726004.png
en,DAN-30389,Nivea Sun Intense Bronze Tanning Oil Spray with Carotene SPF 6 200ml,Health & Beauty///Beauty///Personal Grooming,Nivea,Nivea Sun Intense Bronze Tanning Oil Spray with Carotene SPF 6 200ml,Nivea Sun Intense Bronze Tanning Oil Spray with Carotene SPF 6 200ml,56.25,56.25 SAR,piece,0.27,1,0.0,https://d1c124wpoew66.cloudfront.net/spree/images/attachments/000/049/487/product/400590027786.jpg
ar,DAN-30389,نيفيا صن بخاخ زيت التسمير المكثف بخلاصة الجزر SPF ٦ ٢٠٠مل,Health & Beauty///Beauty///Personal Grooming,نيفيا,نيفيا صن بخاخ زيت التسمير المكثف بخلاصة الجزر SPF ٦ ٢٠٠مل,Nivea Sun Intense Bronze Tanning Oil Spray with Carotene SPF 6 200ml,56.25,56.25 SAR,piece,0.27,1,0.0,https://d1c124wpoew66.cloudfront.net/spree/images/attachments/000/049/487/product/400590027786.jpg
en,DAN-45198,Beesline Suntan Oil 150 ml + Ultrascreen Cream SPF 50+ 150+60ml,Health & Beauty///Beauty///Personal Grooming,Beesline,Beesline Suntan Oil 150 ml + Ultrascreen Cream SPF 50+ 150+60ml,Beesline Suntan Oil 150 ml + Ultrascreen Cream SPF 50+ 150+60ml,61.5,61.5 SAR,piece,0.15,1,0.0,https://d1c124wpoew66.cloudfront.net/spree/images/attachments/000/078/510/product/528101809063.jpg
ar,DAN-45198,بيزلين زيت التسمير ١٥٠ مل + كريم ألترا سكرين SPF ٥٠+ ١٥٠+٦٠مل,Health & Beauty///Beauty///Personal Grooming,بيزلين,بيزلين زيت التسمير ١٥٠ مل + كريم ألترا سكرين SPF ٥٠+ ١٥٠+٦٠مل,Beesline Suntan Oil 150 ml + Ultrascreen Cream SPF 50+ 150+60ml,61.5,61.5 SAR,piece,0.15,1,0.0,https://d1c124wpoew66.cloudfront.net/spree/images/attachments/000/078/510/product/528101809063.jpg
en,DAN-45199,Beesline Carrot Suntan Oil 150ml,Health & Beauty///Beauty///Personal Grooming,Beesline,Beesline Carrot Suntan Oil 150ml,Beesline Carrot Suntan Oil 150ml,61.5,61.5 SAR,piece,0.07,1,0.0,https://d1c124wpoew66.cloudfront.net/spree/images/attachments/000/078/511/product/528101888112.jpg
ar,DAN-45199,بيزلين زيت التسمير بالجزر ١٥٠مل,Health & Beauty///Beauty///Personal Grooming,بيزلين,بيزلين زيت التسمير بالجزر ١٥٠مل,Beesline Carrot Suntan Oil 150ml,61.5,61.5 SAR,piece,0.07,1,0.0,https://d1c124wpoew66.cloudfront.net/spree/images/attachments/000/078/511/product/528101888112.jpg
en,DAN-56149,Nivea Sun Intense Bronze Tanning Lotion SPF 6 200ml,Health & Beauty///Beauty///Personal Grooming,Nivea,Nivea Sun Intense Bronze Tanning Lotion SPF 6 200ml,Nivea Sun Intense Bronze Tanning Lotion SPF 6 200ml,56.5,56.5 SAR,piece,0.0,1,0.0,https://d1c124wpoew66.cloudfront.net/spree/images/attachments/000/103/059/product/400580843925.jpeg
ar,DAN-56149,نيفيا صن لوشن التسمير المكثف SPF ٦ ٢٠٠مل,Health & Beauty///Beauty///Personal Grooming,نيفيا,نيفيا صن لوشن التسمير المكثف SPF ٦ ٢٠٠مل,Nivea Sun Intense Bronze Tanning Lotion SPF 6 200ml,56.5,56.5 SAR,piece,0.0,1,0.0,https://d1c124wpoew66.cloudfront.net/spree/images/attachments/000/103/059/product/400580843925.jpeg
en,DAN-45197,Beesline Suntan Oil Gold 200 ml + Ultrascreen Cream SPF 50+ 200+60ml,Health & Beauty///Beauty///Personal Grooming,Beesline,Beesline Suntan Oil Gold 200 ml + Ultrascreen Cream SPF 50+ 200+60ml,Beesline Suntan Oil Gold 200 ml + Ultrascreen Cream SPF 50+ 200+60ml,165.95,165.95 SAR,piece,0.24,1,0.0,https://d1c124wpoew66.cloudfront.net/spree/images/attachments/000/078/509/product/528101809064.jpg
ar,DAN-45197,بيزلين زيت التسمير جولد ٢٠٠ مل + كريم ألترا سكرين SPF ٥٠+ ٢٠٠+٦٠مل,Health & Beauty///Beauty///Personal Grooming,بيزلين,بيزلين زيت التسمير جولد ٢٠٠ مل + كريم ألترا سكرين SPF ٥٠+ ٢٠٠+٦٠مل,Beesline Suntan Oil Gold 200 ml + Ultrascreen Cream SPF 50+ 200+60ml,165.95,165.95 SAR,piece,0.24,1,0.0,https://d1c124wpoew66.cloudfront.net/spree/images/attachments/000/078/509/product/528101809064.jpg
en,DAN-51532,Delsey Academie 3-Piece School Trolley Bag + Pencil Case + Lunch Bag Set Beige,Fashion & Jewelry,Delsey,Delsey Academie 3-Piece School Trolley Bag + Pencil Case + Lunch Bag Set Beige,Delsey Academie 3-Piece School Trolley Bag + Pencil Case + Lunch Bag Set Beige,695.0,695.0 SAR,piece,5.0,1,0.0,https://d1c124wpoew66.cloudfront.net/spree/images/attachments/000/095/013/product/7134640_%281%29.jpg
ar,DAN-51532,دلسي حقيبة مدرسية بعجلات مكونة من 3 قطع + مقلمة + مجموعة حقيبة غداء بيج,Fashion & Jewelry,دلسي,دلسي حقيبة مدرسية بعجلات مكونة من 3 قطع + مقلمة + مجموعة حقيبة غداء بيج,Delsey Academie 3-Piece School Trolley Bag + Pencil Case + Lunch Bag Set Beige,695.0,695.0 SAR,piece,5.0,1,0.0,https://d1c124wpoew66.cloudfront.net/spree/images/attachments/000/095/013/product/7134640_%281%29.jpg
en,DAN-51503,Delsey Academie 3-Piece School Trolley Bag + Pencil Case + Lunch Bag Set Mint,Fashion & Jewelry,Delsey,Delsey Academie 3-Piece School Trolley Bag + Pencil Case + Lunch Bag Set Mint,Delsey Academie 3-Piece School Trolley Bag + Pencil Case + Lunch Bag Set Mint,695.0,695.0 SAR,piece,5.0,1,0.0,https://d1c124wpoew66.cloudfront.net/spree/images/attachments/000/108/064/product/7134630__1.png
ar,DAN-51503,دلسي حقيبة مدرسية بعجلات مكونة من 3 قطع + مقلمة + مجموعة حقيبة غداء منت,Fashion & Jewelry,دلسي,دلسي حقيبة مدرسية بعجلات مكونة من 3 قطع + مقلمة + مجموعة حقيبة غداء منت,Delsey Academie 3-Piece School Trolley Bag + Pencil Case + Lunch Bag Set Mint,695.0,695.0 SAR,piece,5.0,1,0.0,https://d1c124wpoew66.cloudfront.net/spree/images/attachments/000/108/064/product/7134630__1.png
en,DAN-51502,Delsey Academie 3-Piece School Trolley Bag + Pencil Case + Lunch Bag Set Light Grey,Fashion & Jewelry,Delsey,Delsey Academie 3-Piece School Trolley Bag + Pencil Case + Lunch Bag Set Light Grey,Delsey Academie 3-Piece School Trolley Bag + Pencil Case + Lunch Bag Set Light Grey,695.0,695.0 SAR,piece,0.0,1,0.0,https://d1c124wpoew66.cloudfront.net/spree/images/attachments/000/094/857/product/delsey-delsey-academie-00338945201-00-01.jpg
ar,DAN-51502,دلسي حقيبة مدرسية بعجلات مكونة من 3 قطع + مقلمة + مجموعة حقيبة غداء رمادي فاتح,Fashion & Jewelry,دلسي,دلسي حقيبة مدرسية بعجلات مكونة من 3 قطع + مقلمة + مجموعة حقيبة غداء رمادي فاتح,Delsey Academie 3-Piece School Trolley Bag + Pencil Case + Lunch Bag Set Light Grey,695.0,695.0 SAR,piece,0.0,1,0.0,https://d1c124wpoew66.cloudfront.net/spree/images/attachments/000/094/857/product/delsey-delsey-academie-00338945201-00-01.jpg
en,DAN-51533,Delsey Academie 3-Piece School Trolley Bag + Pencil Case + Lunch Bag Set Lilac,Fashion & Jewelry,Delsey,Delsey Academie 3-Piece School Trolley Bag + Pencil Case + Lunch Bag Set Lilac,Delsey Academie 3-Piece School Trolley Bag + Pencil Case + Lunch Bag Set Lilac,695.0,695.0 SAR,piece,5.0,1,0.0,https://d1c124wpoew66.cloudfront.net/spree/images/attachments/000/108/068/product/7134650__1.png
ar,DAN-51533,دلسي حقيبة مدرسية بعجلات مكونة من 3 قطع + مقلمة + مجموعة حقيبة غداء أرجواني,Fashion & Jewelry,دلسي,دلسي حقيبة مدرسية بعجلات مكونة من 3 قطع + مقلمة + مجموعة حقيبة غداء أرجواني,Delsey Academie 3-Piece School Trolley Bag + Pencil Case + Lunch Bag Set Lilac,695.0,695.0 SAR,piece,5.0,1,0.0,https://d1c124wpoew66.cloudfront.net/spree/images/attachments/000/108/068/product/7134650__1.png
en,DAN-32328,Sunbulah Chicken Strips 750g,Supermarket///Retail///Packaged Products,Sunbulah,Sunbulah Chicken Strips 750g,Sunbulah Chicken Strips 750g,32.5,32.5 SAR,piece,0.98,1,0.0,https://d1c124wpoew66.cloudfront.net/spree/images/attachments/000/052/934/product/628107313203.jpg
ar,DAN-32328,السنبلة ستربس الدجاج ٧٥٠غرام,Supermarket///Retail///Packaged Products,السنبلة,السنبلة ستربس الدجاج ٧٥٠غرام,Sunbulah Chicken Strips 750g,32.5,32.5 SAR,piece,0.98,1,0.0,https://d1c124wpoew66.cloudfront.net/spree/images/attachments/000/052/934/product/628107313203.jpg
en,DAN-32212,Sunbulah Spicy Chicken Strips 750g,Supermarket///Retail///Packaged Products,Sunbulah,Sunbulah Spicy Chicken Strips 750g,Sunbulah Spicy Chicken Strips 750g,32.5,32.5 SAR,piece,0.73,1,0.0,https://d1c124wpoew66.cloudfront.net/spree/images/attachments/000/052/748/product/628107313205.jpg
ar,DAN-32212,السنبلة ستربس الدجاج حار ٧٥٠غرام,Supermarket///Retail///Packaged Products,السنبلة,السنبلة ستربس الدجاج حار ٧٥٠غرام,Sunbulah Spicy Chicken Strips 750g,32.5,32.5 SAR,piece,0.73,1,0.0,https://d1c124wpoew66.cloudfront.net/spree/images/attachments/000/052/748/product/628107313205.jpg
en,DAN-32210,Sunbulah Chicken Bites 750g,Supermarket///Retail///Packaged Products,Sunbulah,Sunbulah Chicken Bites 750g,Sunbulah Chicken Bites 750g,32.5,32.5 SAR,piece,0.73,1,0.0,https://d1c124wpoew66.cloudfront.net/spree/images/attachments/000/052/744/product/628107313069.jpg
ar,DAN-32210,السنبلة بايتس الدجاج ٧٥٠غرام,Supermarket///Retail///Packaged Products,السنبلة,السنبلة بايتس الدجاج ٧٥٠غرام,Sunbulah Chicken Bites 750g,32.5,32.5 SAR,piece,0.73,1,0.0,https://d1c124wpoew66.cloudfront.net/spree/images/attachments/000/052/744/product/628107313069.jpg
en,DAN-42865,Sunbulah Chicken Bites Spicy 750g,Supermarket///Retail///Packaged Products,Sunbulah,Sunbulah Chicken Bites Spicy 750g,Sunbulah Chicken Bites Spicy 750g,32.5,32.5 SAR,piece,0.71,1,0.0,https://d1c124wpoew66.cloudfront.net/spree/images/attachments/000/074/438/product/628107313075.jpg
ar,DAN-42865,السنبلة بايتس الدجاج حار ٧٥٠غرام,Supermarket///Retail///Packaged Products,السنبلة,السنبلة بايتس الدجاج حار ٧٥٠غرام,Sunbulah Chicken Bites Spicy 750g,32.5,32.5 SAR,piece,0.71,1,0.0,https://d1c124wpoew66.cloudfront.net/spree/images/attachments/000/074/438/product/628107313075.jpg
en,DAN-53136,Glint Hookah Liquid Cleaner 500ml,Home & Gardening///Home///Cleaning Products,Glint,Glint Hookah Liquid Cleaner 500ml,Glint Hookah Liquid Cleaner 500ml,38.0,38.0 SAR,piece,0.0,1,0.0,https://d1c124wpoew66.cloudfront.net/spree/images/attachments/000/097/870/product/9057755.jpeg
ar,DAN-53136,جلينت منظف عشبي للشيشة ٥٠٠مل,Home & Gardening///Home///Cleaning Products,جلينت,جلينت منظف عشبي للشيشة ٥٠٠مل,Glint Hookah Liquid Cleaner 500ml,38.0,38.0 SAR,piece,0.0,1,0.0,https://d1c124wpoew66.cloudfront.net/spree/images/attachments/000/097/870/product/9057755.jpeg
en,DAN-53135,Glint Baby General Cleaner ( Fabric Stain Remover ) 500ml,Home & Gardening///Home///Cleaning Products,Glint,Glint Baby General Cleaner ( Fabric Stain Remover ) 500ml,Glint Baby General Cleaner ( Fabric Stain Remover ) 500ml,38.0,38.0 SAR,piece,0.0,1,0.0,https://d1c124wpoew66.cloudfront.net/spree/images/attachments/000/097/869/product/9057745.jpeg
ar,DAN-53135,جلينت منظف عام للأطفال ( مزيل بقع القماش ) ٥٠٠مل,Home & Gardening///Home///Cleaning Products,جلينت,جلينت منظف عام للأطفال ( مزيل بقع القماش ) ٥٠٠مل,Glint Baby General Cleaner ( Fabric Stain Remover ) 500ml,38.0,38.0 SAR,piece,0.0,1,0.0,https://d1c124wpoew66.cloudfront.net/spree/images/attachments/000/097/869/product/9057745.jpeg
en,DAN-53134,Glint Car Cleaner Spray 500ml,Home & Gardening///Home///Cleaning Products,Glint,Glint Car Cleaner Spray 500ml,Glint Car Cleaner Spray 500ml,38.0,38.0 SAR,piece,0.0,1,0.0,https://d1c124wpoew66.cloudfront.net/spree/images/attachments/000/097/868/product/9057735.jpeg
ar,DAN-53134,جلينت منظف السيارة بخاخ ٥٠٠مل,Home & Gardening///Home///Cleaning Products,جلينت,جلينت منظف السيارة بخاخ ٥٠٠مل,Glint Car Cleaner Spray 500ml,38.0,38.0 SAR,piece,0.0,1,0.0,https://d1c124wpoew66.cloudfront.net/spree/images/attachments/000/097/868/product/9057735.jpeg
en,DAN-53133,Glint Herbal Cleaner Spray 500ml,Home & Gardening///Home///Cleaning Products,Glint,Glint Herbal Cleaner Spray 500ml,Glint Herbal Cleaner Spray 500ml,38.0,38.0 SAR,piece,0.0,1,0.0,https://d1c124wpoew66.cloudfront.net/spree/images/attachments/000/097/867/product/9057725.jpeg
ar,DAN-53133,جلينت بخاخ منظف عشبي ٥٠٠مل,Home & Gardening///Home///Cleaning Products,جلينت,جلينت بخاخ منظف عشبي ٥٠٠مل,Glint Herbal Cleaner Spray 500ml,38.0,38.0 SAR,piece,0.0,1,0.0,https://d1c124wpoew66.cloudfront.net/spree/images/attachments/000/097/867/product/9057725.jpeg
en,DAN-43577,Impex 7 KG Semi Automatic Washing Machine WM 4204,Supermarket///Retail///Packaged Products,Impex,Impex 7 KG Semi Automatic Washing Machine WM 4204,Impex 7 KG Semi Automatic Washing Machine WM 4204,799.0,799.0 SAR,piece,10.0,1,0.0,https://d1c124wpoew66.cloudfront.net/spree/images/attachments/000/076/168/product/60559775.png
ar,DAN-43577,امبكس غسالة 7 كجم عادي شبه آلى WM 4204,Supermarket///Retail///Packaged Products,امبكس,امبكس غسالة 7 كجم عادي شبه آلى WM 4204,Impex 7 KG Semi Automatic Washing Machine WM 4204,799.0,799.0 SAR,piece,10.0,1,0.0,https://d1c124wpoew66.cloudfront.net/spree/images/attachments/000/076/168/product/60559775.png
en,DAN-51552,Geepas Semi Auto Washing Machine 7 Kgs GSWM6493,Supermarket///Retail///Packaged Products,Geepas,Geepas Semi Auto Washing Machine 7 Kgs GSWM6493,Geepas Semi Auto Washing Machine 7 Kgs GSWM6493,799.0,799.0 SAR,piece,8.0,1,0.0,https://d1c124wpoew66.cloudfront.net/spree/images/attachments/000/095/562/product/60584285.jpg
ar,DAN-51552,جيباس غسالة نصف أوتوماتيك 7 كجم GSWM6493,Supermarket///Retail///Packaged Products,جيباس,جيباس غسالة نصف أوتوماتيك 7 كجم GSWM6493,Geepas Semi Auto Washing Machine 7 Kgs GSWM6493,799.0,799.0 SAR,piece,8.0,1,0.0,https://d1c124wpoew66.cloudfront.net/spree/images/attachments/000/095/562/product/60584285.jpg
en,DAN-43576,Impex 10 KG Semi Automatic Washing Machine WM 4202,Supermarket///Retail///Packaged Products,Impex,Impex 10 KG Semi Automatic Washing Machine WM 4202,Impex 10 KG Semi Automatic Washing Machine WM 4202,1199.0,1199.0 SAR,piece,10.0,1,0.0,https://d1c124wpoew66.cloudfront.net/spree/images/attachments/000/076/167/product/60559765.jpg
ar,DAN-43576,امبكس غسالة 10 كجم عادي شبه آلى WM 4202,Supermarket///Retail///Packaged Products,امبكس,امبكس غسالة 10 كجم عادي شبه آلى WM 4202,Impex 10 KG Semi Automatic Washing Machine WM 4202,1199.0,1199.0 SAR,piece,10.0,1,0.0,https://d1c124wpoew66.cloudfront.net/spree/images/attachments/000/076/167/product/60559765.jpg
en,DAN-51553,Geepas Semi Auto Wash Machine / Ripple Pulsator 10 Kgs GSWM18026,Supermarket///Retail///Packaged Products,Geepas,Geepas Semi Auto Wash Machine / Ripple Pulsator 10 Kgs GSWM18026,Geepas Semi Auto Wash Machine / Ripple Pulsator 10 Kgs GSWM18026,999.0,999.0 SAR,piece,10.0,1,0.0,https://d1c124wpoew66.cloudfront.net/spree/images/attachments/000/095/563/product/60584295.jpg
ar,DAN-51553,جيباس غسالة نصف أوتوماتيك 10 كجم GSWM18026,Supermarket///Retail///Packaged Products,جيباس,جيباس غسالة نصف أوتوماتيك 10 كجم GSWM18026,Geepas Semi Auto Wash Machine / Ripple Pulsator 10 Kgs GSWM18026,999.0,999.0 SAR,piece,10.0,1,0.0,https://d1c124wpoew66.cloudfront.net/spree/images/attachments/000/095/563/product/60584295.jpg
en,DAN-17144,Pedigree Adult Dog Food 3kg,Sports & Hobbies///Sports///Pets,Pedigree,Pedigree Adult Dog Food 3kg,Pedigree Adult Dog Food 3kg,80.0,80.0 SAR,piece,2.93,1,0.0,https://d1c124wpoew66.cloudfront.net/spree/images/attachments/000/086/118/product/933421402296.jpg
ar,DAN-17144,بيديجري طعام للكلاب البالغة ٣كغم,Sports & Hobbies///Sports///Pets,بيديجري,بيديجري طعام للكلاب البالغة ٣كغم,Pedigree Adult Dog Food 3kg,80.0,80.0 SAR,piece,2.93,1,0.0,https://d1c124wpoew66.cloudfront.net/spree/images/attachments/000/086/118/product/933421402296.jpg
en,DAN-17143,Pedigree Dog Food (Small Breed) 1.5kg,Sports & Hobbies///Sports///Pets,Pedigree,Pedigree Dog Food (Small Breed) 1.5kg,Pedigree Dog Food (Small Breed) 1.5kg,42.95,42.95 SAR,piece,1.44,1,0.0,https://d1c124wpoew66.cloudfront.net/spree/images/attachments/000/078/268/product/885330189371.jpg
ar,DAN-17143,بيديجري طعام للكلاب صغيرة الحجم ١.٥كغم,Sports & Hobbies///Sports///Pets,بيديجري,بيديجري طعام للكلاب صغيرة الحجم ١.٥كغم,Pedigree Dog Food (Small Breed) 1.5kg,42.95,42.95 SAR,piece,1.44,1,0.0,https://d1c124wpoew66.cloudfront.net/spree/images/attachments/000/078/268/product/885330189371.jpg
en,DAN-17142,Pedigree Junior Dog Food 1.3kg,Sports & Hobbies///Sports///Pets,Pedigree,Pedigree Junior Dog Food 1.3kg,Pedigree Junior Dog Food 1.3kg,42.95,42.95 SAR,piece,1.47,1,0.0,https://d1c124wpoew66.cloudfront.net/spree/images/attachments/000/037/050/product/931002253070.jpg
ar,DAN-17142,بيديجري طعام للجراء ١.٣كغم,Sports & Hobbies///Sports///Pets,بيديجري,بيديجري طعام للجراء ١.٣كغم,Pedigree Junior Dog Food 1.3kg,42.95,42.95 SAR,piece,1.47,1,0.0,https://d1c124wpoew66.cloudfront.net/spree/images/attachments/000/037/050/product/931002253070.jpg
en,DAN-53122,Purina Dentalife Dog Small 115g,Sports & Hobbies///Sports///Pets,Purina,Purina Dentalife Dog Small 115g,Purina Dentalife Dog Small 115g,11.5,11.5 SAR,piece,0.0,1,0.0,https://d1c124wpoew66.cloudfront.net/spree/images/attachments/000/097/845/product/761303537981.jpg
ar,DAN-53122,بورينا دينتالايف للكلاب الصغيرة ١١٥غرام,Sports & Hobbies///Sports///Pets,بورينا,بورينا دينتالايف للكلاب الصغيرة ١١٥غرام,Purina Dentalife Dog Small 115g,11.5,11.5 SAR,piece,0.0,1,0.0,https://d1c124wpoew66.cloudfront.net/spree/images/attachments/000/097/845/product/761303537981.jpg
en,DAN-25189,Delsey Esplanade 1C Cabin Trolley Boardc Pc Protection 1pc,Fashion & Jewelry,Delsey,Delsey Esplanade 1C Cabin Trolley Boardc Pc Protection 1pc,Delsey Esplanade 1C Cabin Trolley Boardc Pc Protection 1pc,455.0,455.0 SAR,piece,2.39,1,0.0,https://d1c124wpoew66.cloudfront.net/spree/images/attachments/000/036/252/product/321911042043.jpg
ar,DAN-25189,دلسي ايسبلاناد حقيبة لاب توب بعجلات للسفر ١قطعة,Fashion & Jewelry,دلسي,دلسي ايسبلاناد حقيبة لاب توب بعجلات للسفر ١قطعة,Delsey Esplanade 1C Cabin Trolley Boardc Pc Protection 1pc,455.0,455.0 SAR,piece,2.39,1,0.0,https://d1c124wpoew66.cloudfront.net/spree/images/attachments/000/036/252/product/321911042043.jpg
en,DAN-57358,"Delsey Christine Trolley Luggage 2 Piece Set 82cm, 55cm - Klein Blue",Fashion & Jewelry,Delsey,Delsey Christine Trolley Luggage 2 Piece Set 82cm  55cm - Klein Blue,Delsey Christine Trolley Luggage 2 Piece Set 82cm  55cm - Klein Blue,1125.0,1125.0 SAR,piece,0.0,1,0.0,https://d1c124wpoew66.cloudfront.net/spree/images/attachments/000/106/688/product/00389497502-ME.jpg
ar,DAN-57358,دلسي كريستين طقم حقائب بعجلات قطعتين ٨٢ سم، ٥٥ سم - كلاين بلو,Fashion & Jewelry,دلسي,دلسي كريستين طقم حقائب بعجلات قطعتين ٨٢ سم، ٥٥ سم - كلاين بلو,Delsey Christine Trolley Luggage 2 Piece Set 82cm  55cm - Klein Blue,1125.0,1125.0 SAR,piece,0.0,1,0.0,https://d1c124wpoew66.cloudfront.net/spree/images/attachments/000/106/688/product/00389497502-ME.jpg
en,DAN-25188,"Delsey Parvis + Wps Laptop Cabin Trolley 17.3"" 1pc",Fashion & Jewelry,Delsey,"Delsey Parvis + Wps Laptop Cabin Trolley 17.3"" 1pc","Delsey Parvis + Wps Laptop Cabin Trolley 17.3"" 1pc",845.0,845.0 SAR,piece,2.39,1,0.0,https://d1c124wpoew66.cloudfront.net/spree/images/attachments/000/036/251/product/321911045815.jpg
ar,DAN-25188,دلسي بارفيس بلس حقيبة لاب توب بعجلات للسفر ١٧.٣ بوصة ١قطعة,Fashion & Jewelry,دلسي,دلسي بارفيس بلس حقيبة لاب توب بعجلات للسفر ١٧.٣ بوصة ١قطعة,"Delsey Parvis + Wps Laptop Cabin Trolley 17.3"" 1pc",845.0,845.0 SAR,piece,2.39,1,0.0,https://d1c124wpoew66.cloudfront.net/spree/images/attachments/000/036/251/product/321911045815.jpg
en,DAN-18840,Danube Double Cream White Hungarian Cheese 1kg,Supermarket///Retail///Cheese & Cold Cuts,Danube,Danube Double Cream White Hungarian Cheese 1kg,Danube Double Cream White Hungarian Cheese 1kg,23.95,23.95 SAR,piece,0.0,1,0.0,https://d1c124wpoew66.cloudfront.net/spree/images/attachments/000/081/814/product/280322200000.jpg
ar,DAN-18840,الدانوب جبنة هنغاري دبل كريم ١كغم,Supermarket///Retail///Cheese & Cold Cuts,الدانوب,الدانوب جبنة هنغاري دبل كريم ١كغم,Danube Double Cream White Hungarian Cheese 1kg,23.95,23.95 SAR,piece,0.0,1,0.0,https://d1c124wpoew66.cloudfront.net/spree/images/attachments/000/081/814/product/280322200000.jpg
en,DAN-15742,Hungarita Kashkaval Original Cheese 1kg,Supermarket///Retail///Cheese & Cold Cuts,Hungarita,Hungarita Kashkaval Original Cheese 1kg,Hungarita Kashkaval Original Cheese 1kg,69.95,69.95 SAR,piece,0.0,1,0.0,https://d1c124wpoew66.cloudfront.net/spree/images/attachments/000/081/813/product/280322100000.jpg
ar,DAN-15742,هنغاريتا جبن قشقوان بقري ١كغم,Supermarket///Retail///Cheese & Cold Cuts,هنغاريتا,هنغاريتا جبن قشقوان بقري ١كغم,Hungarita Kashkaval Original Cheese 1kg,69.95,69.95 SAR,piece,0.0,1,0.0,https://d1c124wpoew66.cloudfront.net/spree/images/attachments/000/081/813/product/280322100000.jpg
en,DAN-45402,Danube Kashkaval Low Fat Cheese 1kg,Supermarket///Retail///Cheese & Cold Cuts,Danube,Danube Kashkaval Low Fat Cheese 1kg,Danube Kashkaval Low Fat Cheese 1kg,79.95,79.95 SAR,piece,0.0,1,0.0,https://d1c124wpoew66.cloudfront.net/spree/images/attachments/000/081/837/product/280689500000.jpg
ar,DAN-45402,الدانوب جبن قشقوان قليل الدسم ١كغم,Supermarket///Retail///Cheese & Cold Cuts,الدانوب,الدانوب جبن قشقوان قليل الدسم ١كغم,Danube Kashkaval Low Fat Cheese 1kg,79.95,79.95 SAR,piece,0.0,1,0.0,https://d1c124wpoew66.cloudfront.net/spree/images/attachments/000/081/837/product/280689500000.jpg
en,DAN-50915,Canon PIXMA Printer TS3440,Electronics & Digital///Electronics///Computers,Canon,Canon PIXMA Printer TS3440,Canon PIXMA Printer TS3440,229.0,229.0 SAR,piece,6.0,1,0.0,https://d1c124wpoew66.cloudfront.net/spree/images/attachments/000/094/156/product/60584055.jpg
ar,DAN-50915,كانون بيكسما ‎الكل في واحد مسح ضوئي‎/‎طابعة متعددة الوظائف نسخ/طباعة (واي فاي) TS3440,Electronics & Digital///Electronics///Computers,كانون,كانون بيكسما ‎الكل في واحد مسح ضوئي‎/‎طابعة متعددة الوظائف نسخ/طباعة (واي فاي) TS3440,Canon PIXMA Printer TS3440,229.0,229.0 SAR,piece,6.0,1,0.0,https://d1c124wpoew66.cloudfront.net/spree/images/attachments/000/094/156/product/60584055.jpg
en,DAN-50916,Canon PIXMA Printer G3410,Electronics & Digital///Electronics///Computers,Canon,Canon PIXMA Printer G3410,Canon PIXMA Printer G3410,729.0,729.0 SAR,piece,3.74,1,0.0,https://d1c124wpoew66.cloudfront.net/spree/images/attachments/000/094/157/product/60584075.jpg
ar,DAN-50916,كانون بيكسما طباعة مدمجة ومتصلة عالية الإنتاجية نسخ ومسح ضوئي اسود حقن للحبر G3410,Electronics & Digital///Electronics///Computers,كانون,كانون بيكسما طباعة مدمجة ومتصلة عالية الإنتاجية نسخ ومسح ضوئي اسود حقن للحبر G3410,Canon PIXMA Printer G3410,729.0,729.0 SAR,piece,3.74,1,0.0,https://d1c124wpoew66.cloudfront.net/spree/images/attachments/000/094/157/product/60584075.jpg
en,DAN-50914,Canon PIXMA Printer MG2540S,Electronics & Digital///Electronics///Computers,Canon,Canon PIXMA Printer MG2540S,Canon PIXMA Printer MG2540S,139.0,139.0 SAR,piece,0.0,1,0.0,https://d1c124wpoew66.cloudfront.net/spree/images/attachments/000/094/155/product/60584045.jpg
ar,DAN-50914,كانون بيكسما آلة نسخ/طباعة/مسح ضوئي متعددة الوظائف طباعة نافثة للحبر MG2540S,Electronics & Digital///Electronics///Computers,كانون,كانون بيكسما آلة نسخ/طباعة/مسح ضوئي متعددة الوظائف طباعة نافثة للحبر MG2540S,Canon PIXMA Printer MG2540S,139.0,139.0 SAR,piece,0.0,1,0.0,https://d1c124wpoew66.cloudfront.net/spree/images/attachments/000/094/155/product/60584045.jpg
en,DAN-56791,Salam E-voucher 20 SAR,Supermarket///Retail///Packaged Products,,Salam E-voucher 20 SAR,Salam E-voucher 20 SAR,20.0,20.0 SAR,piece,0.0,1,0.0,https://d1c124wpoew66.cloudfront.net/spree/images/attachments/000/104/400/product/SC_20_SAR.PNG
ar,DAN-56791,سلام موبايل 20 ريال إلكتروني,Supermarket///Retail///Packaged Products,,سلام موبايل 20 ريال إلكتروني,Salam E-voucher 20 SAR,20.0,20.0 SAR,piece,0.0,1,0.0,https://d1c124wpoew66.cloudfront.net/spree/images/attachments/000/104/400/product/SC_20_SAR.PNG
en,DAN-56793,Salam E-voucher 50 SAR,Supermarket///Retail///Packaged Products,,Salam E-voucher 50 SAR,Salam E-voucher 50 SAR,50.0,50.0 SAR,piece,0.0,1,0.0,https://d1c124wpoew66.cloudfront.net/spree/images/attachments/000/104/402/product/SC_50_SAR.PNG
ar,DAN-56793,سلام موبايل 50 ريال إلكتروني,Supermarket///Retail///Packaged Products,,سلام موبايل 50 ريال إلكتروني,Salam E-voucher 50 SAR,50.0,50.0 SAR,piece,0.0,1,0.0,https://d1c124wpoew66.cloudfront.net/spree/images/attachments/000/104/402/product/SC_50_SAR.PNG
en,DAN-56788,Salam E-voucher 100 SAR,Supermarket///Retail///Packaged Products,,Salam E-voucher 100 SAR,Salam E-voucher 100 SAR,100.0,100.0 SAR,piece,0.0,1,0.0,https://d1c124wpoew66.cloudfront.net/spree/images/attachments/000/104/398/product/SC_100_SAR.PNG
ar,DAN-56788,سلام موبايل 100 ريال إلكتروني,Supermarket///Retail///Packaged Products,,سلام موبايل 100 ريال إلكتروني,Salam E-voucher 100 SAR,100.0,100.0 SAR,piece,0.0,1,0.0,https://d1c124wpoew66.cloudfront.net/spree/images/attachments/000/104/398/product/SC_100_SAR.PNG
en,DAN-12186,Danube Berry Jam 1kg,Supermarket///Retail///Packaged Products,Danube,Danube Berry Jam 1kg,Danube Berry Jam 1kg,19.95,19.95 SAR,piece,0.0,1,0.0,https://d1c124wpoew66.cloudfront.net/spree/images/attachments/000/012/959/product/280368600000.jpg
ar,DAN-12186,الدانوب مربى توت ١كغم,Supermarket///Retail///Packaged Products,الدانوب,الدانوب مربى توت ١كغم,Danube Berry Jam 1kg,19.95,19.95 SAR,piece,0.0,1,0.0,https://d1c124wpoew66.cloudfront.net/spree/images/attachments/000/012/959/product/280368600000.jpg
en,DAN-17699,Danube Fig Jam 1kg,Supermarket///Retail///Packaged Products,Danube,Danube Fig Jam 1kg,Danube Fig Jam 1kg,19.95,19.95 SAR,piece,0.0,1,0.0,https://d1c124wpoew66.cloudfront.net/spree/images/attachments/000/021/136/product/280390000000.jpg
ar,DAN-17699,الدانوب مربى تين ١كغم,Supermarket///Retail///Packaged Products,الدانوب,الدانوب مربى تين ١كغم,Danube Fig Jam 1kg,19.95,19.95 SAR,piece,0.0,1,0.0,https://d1c124wpoew66.cloudfront.net/spree/images/attachments/000/021/136/product/280390000000.jpg
en,DAN-17696,Danube Apricot Jam 1kg,Supermarket///Retail///Packaged Products,Danube,Danube Apricot Jam 1kg,Danube Apricot Jam 1kg,19.95,19.95 SAR,piece,0.0,1,0.0,https://d1c124wpoew66.cloudfront.net/spree/images/attachments/000/021/133/product/280383200000.jpg
ar,DAN-17696,الدانوب مربى مشمش ١كغم,Supermarket///Retail///Packaged Products,الدانوب,الدانوب مربى مشمش ١كغم,Danube Apricot Jam 1kg,19.95,19.95 SAR,piece,0.0,1,0.0,https://d1c124wpoew66.cloudfront.net/spree/images/attachments/000/021/133/product/280383200000.jpg
en,DAN-51545,B & D Safe Locker 170X230X170 17DB-C,Supermarket///Retail///Packaged Products,B & D,B & D Safe Locker 170X230X170 17DB-C,B & D Safe Locker 170X230X170 17DB-C,199.0,199.0 SAR,piece,17.0,1,0.0,https://d1c124wpoew66.cloudfront.net/spree/images/attachments/000/095/555/product/47603860.png
ar,DAN-51545,بي & دي خزانة آمنة 170X230X170 17DB-C,Supermarket///Retail///Packaged Products,بي & دي,بي & دي خزانة آمنة 170X230X170 17DB-C,B & D Safe Locker 170X230X170 17DB-C,199.0,199.0 SAR,piece,17.0,1,0.0,https://d1c124wpoew66.cloudfront.net/spree/images/attachments/000/095/555/product/47603860.png
en,DAN-51546,B & D Safe Locker 250X350X250 25DK-C,Supermarket///Retail///Packaged Products,B & D,B & D Safe Locker 250X350X250 25DK-C,B & D Safe Locker 250X350X250 25DK-C,299.0,299.0 SAR,piece,15.0,1,0.0,https://d1c124wpoew66.cloudfront.net/spree/images/attachments/000/095/556/product/47603870.png
ar,DAN-51546,بي & دي خزانة آمنة 250X350X250 25DK-C,Supermarket///Retail///Packaged Products,بي & دي,بي & دي خزانة آمنة 250X350X250 25DK-C,B & D Safe Locker 250X350X250 25DK-C,299.0,299.0 SAR,piece,15.0,1,0.0,https://d1c124wpoew66.cloudfront.net/spree/images/attachments/000/095/556/product/47603870.png
en,DAN-51547,B & D Safe Locker 250X350X250 25DID-C,Supermarket///Retail///Packaged Products,B & D,B & D Safe Locker 250X350X250 25DID-C,B & D Safe Locker 250X350X250 25DID-C,399.0,399.0 SAR,piece,20.0,1,0.0,https://d1c124wpoew66.cloudfront.net/spree/images/attachments/000/095/557/product/47603880.png
ar,DAN-51547,بي & دي خزانة آمنة 250X350X250 25DID-C,Supermarket///Retail///Packaged Products,بي & دي,بي & دي خزانة آمنة 250X350X250 25DID-C,B & D Safe Locker 250X350X250 25DID-C,399.0,399.0 SAR,piece,20.0,1,0.0,https://d1c124wpoew66.cloudfront.net/spree/images/attachments/000/095/557/product/47603880.png
en,DAN-49164,B & D Microfiber Cleaning Mitt GL-003,Supermarket///Retail///Packaged Products,B & D,B & D Microfiber Cleaning Mitt GL-003,B & D Microfiber Cleaning Mitt GL-003,14.0,14.0 SAR,piece,0.18,1,0.0,https://d1c124wpoew66.cloudfront.net/spree/images/attachments/000/090/381/product/47455725.jpg
ar,DAN-49164,بي & دي قفاز تنظيف ميكروفايبر GL-003,Supermarket///Retail///Packaged Products,بي & دي,بي & دي قفاز تنظيف ميكروفايبر GL-003,B & D Microfiber Cleaning Mitt GL-003,14.0,14.0 SAR,piece,0.18,1,0.0,https://d1c124wpoew66.cloudfront.net/spree/images/attachments/000/090/381/product/47455725.jpg
en,DAN-49152,Microfiber Auto Cloths MC001,Supermarket///Retail///Packaged Products,,Microfiber Auto Cloths MC001,Microfiber Auto Cloths MC001,9.0,9.0 SAR,piece,0.93,1,0.0,https://d1c124wpoew66.cloudfront.net/spree/images/attachments/000/090/368/product/47455715_%282%29.jpg
ar,DAN-49152,فوط مايكروفايبر لتنظيف السيارة MC001,Supermarket///Retail///Packaged Products,,فوط مايكروفايبر لتنظيف السيارة MC001,Microfiber Auto Cloths MC001,9.0,9.0 SAR,piece,0.93,1,0.0,https://d1c124wpoew66.cloudfront.net/spree/images/attachments/000/090/368/product/47455715_%282%29.jpg
en,DAN-49165,B & D Easy-Grip Microfiber Sponge 18QT-02,Supermarket///Retail///Packaged Products,B & D,B & D Easy-Grip Microfiber Sponge 18QT-02,B & D Easy-Grip Microfiber Sponge 18QT-02,14.0,14.0 SAR,piece,0.18,1,0.0,https://d1c124wpoew66.cloudfront.net/spree/images/attachments/000/090/382/product/47455785.jpg
ar,DAN-49165,بي & دي إسفنجة ميكروفايبر سهلة الإمساك 18QT-02,Supermarket///Retail///Packaged Products,بي & دي,بي & دي إسفنجة ميكروفايبر سهلة الإمساك 18QT-02,B & D Easy-Grip Microfiber Sponge 18QT-02,14.0,14.0 SAR,piece,0.18,1,0.0,https://d1c124wpoew66.cloudfront.net/spree/images/attachments/000/090/382/product/47455785.jpg
en,DAN-51565,"Geepas Refrigerator 3.1cft,Defrost Single Door GRF110SPE",Supermarket///Retail///Packaged Products,Geepas,Geepas Refrigerator 3.1cft Defrost Single Door GRF110SPE,Geepas Refrigerator 3.1cft Defrost Single Door GRF110SPE,599.0,599.0 SAR,piece,0.0,1,0.0,https://d1c124wpoew66.cloudfront.net/spree/images/attachments/000/095/575/product/60585895.jpg
ar,DAN-51565,جيباس ثلاجة 3.1 قدم باب واحد GRF110SPE,Supermarket///Retail///Packaged Products,جيباس,جيباس ثلاجة 3.1 قدم باب واحد GRF110SPE,Geepas Refrigerator 3.1cft Defrost Single Door GRF110SPE,599.0,599.0 SAR,piece,0.0,1,0.0,https://d1c124wpoew66.cloudfront.net/spree/images/attachments/000/095/575/product/60585895.jpg
en,DAN-47573,Impex Single Door Refrigerator 84L IMRF-140,Supermarket///Retail///Packaged Products,Impex,Impex Single Door Refrigerator 84L IMRF-140,Impex Single Door Refrigerator 84L IMRF-140,649.0,649.0 SAR,piece,0.0,1,0.0,https://d1c124wpoew66.cloudfront.net/spree/images/attachments/000/086/739/product/60567905.jpg
ar,DAN-47573,امبكس ثلاجة باب واحد 84 لتر IMRF-140,Supermarket///Retail///Packaged Products,امبكس,امبكس ثلاجة باب واحد 84 لتر IMRF-140,Impex Single Door Refrigerator 84L IMRF-140,649.0,649.0 SAR,piece,0.0,1,0.0,https://d1c124wpoew66.cloudfront.net/spree/images/attachments/000/086/739/product/60567905.jpg
en,DAN-51566,"Geepas Refrigerator 8.9cft ,Nofrost, Doubledoor Inoxsilvr, 251L GRF3309SSXN",Supermarket///Retail///Packaged Products,Geepas,Geepas Refrigerator 8.9cft  Nofrost  Doubledoor Inoxsilvr  251L GRF3309SSXN,Geepas Refrigerator 8.9cft  Nofrost  Doubledoor Inoxsilvr  251L GRF3309SSXN,1499.0,1499.0 SAR,piece,0.0,1,0.0,https://d1c124wpoew66.cloudfront.net/spree/images/attachments/000/095/576/product/60585905.PNG
ar,DAN-51566,جيباس ثلاجة 8.9 قدم 251 لتر GRF3309SSXN,Supermarket///Retail///Packaged Products,جيباس,جيباس ثلاجة 8.9 قدم 251 لتر GRF3309SSXN,Geepas Refrigerator 8.9cft  Nofrost  Doubledoor Inoxsilvr  251L GRF3309SSXN,1499.0,1499.0 SAR,piece,0.0,1,0.0,https://d1c124wpoew66.cloudfront.net/spree/images/attachments/000/095/576/product/60585905.PNG
en,DAN-3649,Dettol Original Instant Hand Sanitizer 50ml,Health & Beauty///Health,Dettol,Dettol Original Instant Hand Sanitizer 50ml,Dettol Original Instant Hand Sanitizer 50ml,16.5,16.5 SAR,piece,0.04,1,0.0,https://d1c124wpoew66.cloudfront.net/spree/images/attachments/000/106/322/product/95508184_1.jpg
ar,DAN-3649,ديتول معقم فوري لليدين بالرائحة الأصلية ٥٠مل,Health & Beauty///Health,ديتول,ديتول معقم فوري لليدين بالرائحة الأصلية ٥٠مل,Dettol Original Instant Hand Sanitizer 50ml,16.5,16.5 SAR,piece,0.04,1,0.0,https://d1c124wpoew66.cloudfront.net/spree/images/attachments/000/106/322/product/95508184_1.jpg
en,DAN-3648,Dettol Hand Sanitizer Original 200ml,Health & Beauty///Health,Dettol,Dettol Hand Sanitizer Original 200ml,Dettol Hand Sanitizer Original 200ml,42.95,42.95 SAR,piece,0.14,1,0.0,https://d1c124wpoew66.cloudfront.net/spree/images/attachments/000/106/442/product/9556111634821_1.jpg
ar,DAN-3648,ديتول معقم فوري لليدين بالرائحة الأصلي ٢٠٠مل,Health & Beauty///Health,ديتول,ديتول معقم فوري لليدين بالرائحة الأصلي ٢٠٠مل,Dettol Hand Sanitizer Original 200ml,42.95,42.95 SAR,piece,0.14,1,0.0,https://d1c124wpoew66.cloudfront.net/spree/images/attachments/000/106/442/product/9556111634821_1.jpg
en,DAN-3645,Dettol Hand Sanitizer Skin Care 200ml,Health & Beauty///Health,Dettol,Dettol Hand Sanitizer Skin Care 200ml,Dettol Hand Sanitizer Skin Care 200ml,42.95,42.95 SAR,piece,0.2,1,0.0,https://d1c124wpoew66.cloudfront.net/spree/images/attachments/000/106/337/product/6295120005187.jpg
ar,DAN-3645,ديتول معقم لليدين العناية بالبشرة ٢٠٠مل,Health & Beauty///Health,ديتول,ديتول معقم لليدين العناية بالبشرة ٢٠٠مل,Dettol Hand Sanitizer Skin Care 200ml,42.95,42.95 SAR,piece,0.2,1,0.0,https://d1c124wpoew66.cloudfront.net/spree/images/attachments/000/106/337/product/6295120005187.jpg
en,DAN-58004,B & D Lunch Bag - Girl Power,Sports & Hobbies///Toys///Learning Sets,B & D,B & D Lunch Bag - Girl Power,B & D Lunch Bag - Girl Power,39.0,39.0 SAR,piece,0.0,1,0.0,https://d1c124wpoew66.cloudfront.net/spree/images/attachments/000/108/573/product/47840475.jpg
ar,DAN-58004,بي & دي حقيبة غداء تصميم جيرل باور,Sports & Hobbies///Toys///Learning Sets,بي & دي,بي & دي حقيبة غداء تصميم جيرل باور,B & D Lunch Bag - Girl Power,39.0,39.0 SAR,piece,0.0,1,0.0,https://d1c124wpoew66.cloudfront.net/spree/images/attachments/000/108/573/product/47840475.jpg
en,DAN-58003,B & D Lunch Bag - Cute Donuts,Sports & Hobbies///Toys///Learning Sets,B & D,B & D Lunch Bag - Cute Donuts,B & D Lunch Bag - Cute Donuts,39.0,39.0 SAR,piece,0.0,1,0.0,https://d1c124wpoew66.cloudfront.net/spree/images/attachments/000/108/572/product/47840485.jpg
ar,DAN-58003,بي & دي حقيبة غداء تصميم دونات لطيفة,Sports & Hobbies///Toys///Learning Sets,بي & دي,بي & دي حقيبة غداء تصميم دونات لطيفة,B & D Lunch Bag - Cute Donuts,39.0,39.0 SAR,piece,0.0,1,0.0,https://d1c124wpoew66.cloudfront.net/spree/images/attachments/000/108/572/product/47840485.jpg
en,DAN-57850,B & D Lunch Bag - Cute Donuts,Sports & Hobbies///Toys///Learning Sets,B & D,B & D Lunch Bag - Cute Donuts,B & D Lunch Bag - Cute Donuts,39.0,39.0 SAR,piece,0.0,1,0.0,https://d1c124wpoew66.cloudfront.net/spree/images/attachments/000/108/407/product/47840445.jpg
ar,DAN-57850,بي & دي حقيبة غداء تصميم دونات لطيفة,Sports & Hobbies///Toys///Learning Sets,بي & دي,بي & دي حقيبة غداء تصميم دونات لطيفة,B & D Lunch Bag - Cute Donuts,39.0,39.0 SAR,piece,0.0,1,0.0,https://d1c124wpoew66.cloudfront.net/spree/images/attachments/000/108/407/product/47840445.jpg
en,DAN-3650,Dettol Spring Fresh Instant Hand Sanitizer 50ml,Health & Beauty///Health,Dettol,Dettol Spring Fresh Instant Hand Sanitizer 50ml,Dettol Spring Fresh Instant Hand Sanitizer 50ml,16.5,16.5 SAR,piece,0.05,1,0.0,https://d1c124wpoew66.cloudfront.net/spree/images/attachments/000/106/327/product/6295120005156_1.jpg
ar,DAN-3650,ديتول معقم فوري لليدين برائحة انتعاش الربيع ٥٠مل,Health & Beauty///Health,ديتول,ديتول معقم فوري لليدين برائحة انتعاش الربيع ٥٠مل,Dettol Spring Fresh Instant Hand Sanitizer 50ml,16.5,16.5 SAR,piece,0.05,1,0.0,https://d1c124wpoew66.cloudfront.net/spree/images/attachments/000/106/327/product/6295120005156_1.jpg
en,DAN-21836,Dettol Original Hand Sanitizer with Jacket 50 ml 50ml,Health & Beauty///Health,Dettol,Dettol Original Hand Sanitizer with Jacket 50 ml 50ml,Dettol Original Hand Sanitizer with Jacket 50 ml 50ml,20.95,20.95 SAR,piece,0.07,1,0.0,https://d1c124wpoew66.cloudfront.net/spree/images/attachments/000/106/332/product/6295120027363_1.jpg
ar,DAN-21836,ديتول معقم اليدين الأصلي بغلاف ٥٠مل,Health & Beauty///Health,ديتول,ديتول معقم اليدين الأصلي بغلاف ٥٠مل,Dettol Original Hand Sanitizer with Jacket 50 ml 50ml,20.95,20.95 SAR,piece,0.07,1,0.0,https://d1c124wpoew66.cloudfront.net/spree/images/attachments/000/106/332/product/6295120027363_1.jpg
en,DAN-22191,Kleenex Silk Soft Tissues 3*50 Tissue,Supermarket///Retail///Packaged Products,,Kleenex Silk Soft Tissues 3*50 Tissue,Kleenex Silk Soft Tissues 3*50 Tissue,15.75,15.75 SAR,piece,0.34,1,0.0,https://d1c124wpoew66.cloudfront.net/spree/images/attachments/000/029/577/product/kleenex-silk-soft-tissues-54-tissue.jpg
ar,DAN-22191,كلينكس سيلك - مناديل ناعمة ٣*٥٠ منديل,Supermarket///Retail///Packaged Products,,كلينكس سيلك - مناديل ناعمة ٣*٥٠ منديل,Kleenex Silk Soft Tissues 3*50 Tissue,15.75,15.75 SAR,piece,0.34,1,0.0,https://d1c124wpoew66.cloudfront.net/spree/images/attachments/000/029/577/product/kleenex-silk-soft-tissues-54-tissue.jpg
en,DAN-25865,Grand Star Hight Thickness Paper Cups (89ml) 3*40 pc,Supermarket///Retail///Packaged Products,,Grand Star Hight Thickness Paper Cups (89ml) 3*40 pc,Grand Star Hight Thickness Paper Cups (89ml) 3*40 pc,13.5,13.5 SAR,piece,0.35,1,0.0,https://d1c124wpoew66.cloudfront.net/spree/images/attachments/000/037/560/product/grand-star-paper-cups-3oz-40-cups.jpg
ar,DAN-25865,جراند ستار - أكواب ورقية عالية السماكة (٨٩ مل) ٣*٤٠ قطعة,Supermarket///Retail///Packaged Products,,جراند ستار - أكواب ورقية عالية السماكة (٨٩ مل) ٣*٤٠ قطعة,Grand Star Hight Thickness Paper Cups (89ml) 3*40 pc,13.5,13.5 SAR,piece,0.35,1,0.0,https://d1c124wpoew66.cloudfront.net/spree/images/attachments/000/037/560/product/grand-star-paper-cups-3oz-40-cups.jpg
en,DAN-17692,Food Store Yellow Cheddar Cheese 1kg,Supermarket///Retail///Cheese & Cold Cuts,Food Store,Food Store Yellow Cheddar Cheese 1kg,Food Store Yellow Cheddar Cheese 1kg,69.95,69.95 SAR,piece,0.0,1,0.0,https://d1c124wpoew66.cloudfront.net/spree/images/attachments/000/086/865/product/280352200000_%281%29.jpg
ar,DAN-17692,فود ستور جبن شيدر أصفر ١كغم,Supermarket///Retail///Cheese & Cold Cuts,فود ستور,فود ستور جبن شيدر أصفر ١كغم,Food Store Yellow Cheddar Cheese 1kg,69.95,69.95 SAR,piece,0.0,1,0.0,https://d1c124wpoew66.cloudfront.net/spree/images/attachments/000/086/865/product/280352200000_%281%29.jpg
en,DAN-40761,Food Store White Cheddar Cheese 1kg,Supermarket///Retail///Cheese & Cold Cuts,Food Store,Food Store White Cheddar Cheese 1kg,Food Store White Cheddar Cheese 1kg,69.95,69.95 SAR,piece,0.0,1,0.0,https://d1c124wpoew66.cloudfront.net/spree/images/attachments/000/086/866/product/280352300000_%281%29.jpg
ar,DAN-40761,فود ستور جبن شيدر أبيض ١كغم,Supermarket///Retail///Cheese & Cold Cuts,فود ستور,فود ستور جبن شيدر أبيض ١كغم,Food Store White Cheddar Cheese 1kg,69.95,69.95 SAR,piece,0.0,1,0.0,https://d1c124wpoew66.cloudfront.net/spree/images/attachments/000/086/866/product/280352300000_%281%29.jpg
en,DAN-21271,Danube Feta Cheese 1kg,Supermarket///Retail///Cheese & Cold Cuts,Danube,Danube Feta Cheese 1kg,Danube Feta Cheese 1kg,21.0,21.0 SAR,piece,0.0,1,0.0,https://d1c124wpoew66.cloudfront.net/spree/images/attachments/000/081/838/product/280694500000.jpg
ar,DAN-21271,الدانوب جبنة فيتا ١كغم,Supermarket///Retail///Cheese & Cold Cuts,الدانوب,الدانوب جبنة فيتا ١كغم,Danube Feta Cheese 1kg,21.0,21.0 SAR,piece,0.0,1,0.0,https://d1c124wpoew66.cloudfront.net/spree/images/attachments/000/081/838/product/280694500000.jpg
en,DAN-45408,The Three Cows Mozzarella Cheese Analogue 1kg,Supermarket///Retail///Cheese & Cold Cuts,The Three Cows,The Three Cows Mozzarella Cheese Analogue 1kg,The Three Cows Mozzarella Cheese Analogue 1kg,47.0,47.0 SAR,piece,0.0,1,0.0,https://d1c124wpoew66.cloudfront.net/spree/images/attachments/000/082/716/product/280308800000_%282%29.jpg
ar,DAN-45408,البقرات الثلاث شبيه جبنة موزاريلا ١كغم,Supermarket///Retail///Cheese & Cold Cuts,البقرات الثلاث,البقرات الثلاث شبيه جبنة موزاريلا ١كغم,The Three Cows Mozzarella Cheese Analogue 1kg,47.0,47.0 SAR,piece,0.0,1,0.0,https://d1c124wpoew66.cloudfront.net/spree/images/attachments/000/082/716/product/280308800000_%282%29.jpg
en,DAN-17687,Valbreso French Cheese 1kg,Supermarket///Retail///Cheese & Cold Cuts,Valbreso,Valbreso French Cheese 1kg,Valbreso French Cheese 1kg,79.95,79.95 SAR,piece,0.0,1,0.0,https://d1c124wpoew66.cloudfront.net/spree/images/attachments/000/081/810/product/280306900000.jpg
ar,DAN-17687,فالبريسو جبن فرنسي ١كغم,Supermarket///Retail///Cheese & Cold Cuts,فالبريسو,فالبريسو جبن فرنسي ١كغم,Valbreso French Cheese 1kg,79.95,79.95 SAR,piece,0.0,1,0.0,https://d1c124wpoew66.cloudfront.net/spree/images/attachments/000/081/810/product/280306900000.jpg
en,DAN-15743,L’emmenfield French Emmentaler Cheese 1kg,Supermarket///Retail///Cheese & Cold Cuts,L’emmenfield,L’emmenfield French Emmentaler Cheese 1kg,L’emmenfield French Emmentaler Cheese 1kg,69.95,69.95 SAR,piece,0.0,1,0.0,https://d1c124wpoew66.cloudfront.net/spree/images/attachments/000/081/816/product/280353200000_.jpg
ar,DAN-15743,ليمينفيلد جبنة امنتال فرنسي ١كغم,Supermarket///Retail///Cheese & Cold Cuts,ليمينفيلد,ليمينفيلد جبنة امنتال فرنسي ١كغم,L’emmenfield French Emmentaler Cheese 1kg,69.95,69.95 SAR,piece,0.0,1,0.0,https://d1c124wpoew66.cloudfront.net/spree/images/attachments/000/081/816/product/280353200000_.jpg
en,DAN-45403,Avonmore Cheddar Cheese Red 1kg,Supermarket///Retail///Cheese & Cold Cuts,Avonmore,Avonmore Cheddar Cheese Red 1kg,Avonmore Cheddar Cheese Red 1kg,69.95,69.95 SAR,piece,0.0,1,0.0,https://d1c124wpoew66.cloudfront.net/spree/images/attachments/000/081/832/product/280635200000.jpg
ar,DAN-45403,أفونمور جبنة شيدر حمراء ١كغم,Supermarket///Retail///Cheese & Cold Cuts,أفونمور,أفونمور جبنة شيدر حمراء ١كغم,Avonmore Cheddar Cheese Red 1kg,69.95,69.95 SAR,piece,0.0,1,0.0,https://d1c124wpoew66.cloudfront.net/spree/images/attachments/000/081/832/product/280635200000.jpg
en,DAN-45404,Avonmore Cheddar Cheese White 1kg,Supermarket///Retail///Cheese & Cold Cuts,Avonmore,Avonmore Cheddar Cheese White 1kg,Avonmore Cheddar Cheese White 1kg,69.95,69.95 SAR,piece,0.0,1,0.0,https://d1c124wpoew66.cloudfront.net/spree/images/attachments/000/081/833/product/280635300000.jpg
ar,DAN-45404,أفونمور جبنة شيدر بيضاء ١كغم,Supermarket///Retail///Cheese & Cold Cuts,أفونمور,أفونمور جبنة شيدر بيضاء ١كغم,Avonmore Cheddar Cheese White 1kg,69.95,69.95 SAR,piece,0.0,1,0.0,https://d1c124wpoew66.cloudfront.net/spree/images/attachments/000/081/833/product/280635300000.jpg
en,DAN-50917,"ASUS Vivobook / Intel® Celeron® N4020  / 4GB RAM DDR4 / 128 SSD Hard / 15.6"" HD Anti-Glare / WIN11+ Office 365/AR-EN Kyeboard E510MA-BR633WS",Electronics & Digital///Electronics///Computers,ASUS,"ASUS Vivobook / Intel® Celeron® N4020  / 4GB RAM DDR4 / 128 SSD Hard / 15.6"" HD Anti-Glare / WIN11+ Office 365/AR-EN Kyeboard E510MA-BR633WS","ASUS Vivobook / Intel® Celeron® N4020  / 4GB RAM DDR4 / 128 SSD Hard / 15.6"" HD Anti-Glare / WIN11+ Office 365/AR-EN Kyeboard E510MA-BR633WS",1399.0,1399.0 SAR,piece,2.3,1,0.0,https://d1c124wpoew66.cloudfront.net/spree/images/attachments/000/094/158/product/60575675.jpg
ar,DAN-50917,اسوس أسوس لاب توب فيفوبوك / انتل سيليرون-N4020 / 4GB RAM DDR4 / هارد 128 SSD / 15.6 انش HD مضاد للتوهج / ويندوز 11+ اوفيس 365/كيبورد عربي-انجليزي E510MA-BR633WS,Electronics & Digital///Electronics///Computers,اسوس,اسوس أسوس لاب توب فيفوبوك / انتل سيليرون-N4020 / 4GB RAM DDR4 / هارد 128 SSD / 15.6 انش HD مضاد للتوهج / ويندوز 11+ اوفيس 365/كيبورد عربي-انجليزي E510MA-BR633WS,"ASUS Vivobook / Intel® Celeron® N4020  / 4GB RAM DDR4 / 128 SSD Hard / 15.6"" HD Anti-Glare / WIN11+ Office 365/AR-EN Kyeboard E510MA-BR633WS",1399.0,1399.0 SAR,piece,2.3,1,0.0,https://d1c124wpoew66.cloudfront.net/spree/images/attachments/000/094/158/product/60575675.jpg
en,DAN-46380,ASUS VivoBook Go 14 Flip Intel Celeron N4500 4RAM 128SSD BL SPEN TP1400KA-BZ0562,Electronics & Digital///Electronics///Computers,ASUS,ASUS VivoBook Go 14 Flip Intel Celeron N4500 4RAM 128SSD BL SPEN TP1400KA-BZ0562,ASUS VivoBook Go 14 Flip Intel Celeron N4500 4RAM 128SSD BL SPEN TP1400KA-BZ0562,1749.0,1749.0 SAR,piece,2.3,1,0.0,https://d1c124wpoew66.cloudfront.net/spree/images/attachments/000/082/884/product/60548425.jpg
ar,DAN-46380,اسوس فيفو بوك 14 لابتوب 2 في 1 متحول 4RAM 128SSD TP1400KA-BZ0562,Electronics & Digital///Electronics///Computers,اسوس,اسوس فيفو بوك 14 لابتوب 2 في 1 متحول 4RAM 128SSD TP1400KA-BZ0562,ASUS VivoBook Go 14 Flip Intel Celeron N4500 4RAM 128SSD BL SPEN TP1400KA-BZ0562,1749.0,1749.0 SAR,piece,2.3,1,0.0,https://d1c124wpoew66.cloudfront.net/spree/images/attachments/000/082/884/product/60548425.jpg
en,DAN-41142,FoodSaf Salad Wash 32Tablets,Home & Gardening///Home///Cleaning Products,FoodSaf,FoodSaf Salad Wash 32Tablets,FoodSaf Salad Wash 32Tablets,29.95,29.95 SAR,piece,0.49,1,0.0,https://d1c124wpoew66.cloudfront.net/spree/images/attachments/000/070/490/product/501656439021.jpg
ar,DAN-41142,فود ساف مطهر لغسل السلطة ٣٢قرص,Home & Gardening///Home///Cleaning Products,فود ساف,فود ساف مطهر لغسل السلطة ٣٢قرص,FoodSaf Salad Wash 32Tablets,29.95,29.95 SAR,piece,0.49,1,0.0,https://d1c124wpoew66.cloudfront.net/spree/images/attachments/000/070/490/product/501656439021.jpg
en,DAN-54425,Go Green Fruits & Vegetables Cleaner & Sterilizer 1L,Home & Gardening///Home///Cleaning Products,Go Green,Go Green Fruits & Vegetables Cleaner & Sterilizer 1L,Go Green Fruits & Vegetables Cleaner & Sterilizer 1L,23.0,23.0 SAR,piece,0.0,1,0.0,https://d1c124wpoew66.cloudfront.net/spree/images/attachments/000/100/526/product/628701168183.jpg
ar,DAN-54425,غو غرين منظف و معقم الخضار و الفواكه ١لتر,Home & Gardening///Home///Cleaning Products,غو غرين,غو غرين منظف و معقم الخضار و الفواكه ١لتر,Go Green Fruits & Vegetables Cleaner & Sterilizer 1L,23.0,23.0 SAR,piece,0.0,1,0.0,https://d1c124wpoew66.cloudfront.net/spree/images/attachments/000/100/526/product/628701168183.jpg
en,DAN-51152,Bindawood Flower Pot,Supermarket///Retail///Packaged Products,Bindawood,Bindawood Flower Pot,Bindawood Flower Pot,15.0,15.0 SAR,piece,0.0,1,0.0,https://d1c124wpoew66.cloudfront.net/spree/images/attachments/000/094/434/product/45109965.jpg
ar,DAN-51152,بن داوود اناء للزهور,Supermarket///Retail///Packaged Products,بن داوود,بن داوود اناء للزهور,Bindawood Flower Pot,15.0,15.0 SAR,piece,0.0,1,0.0,https://d1c124wpoew66.cloudfront.net/spree/images/attachments/000/094/434/product/45109965.jpg
en,DAN-51089,Bindawood Diy Inflatable Clock Asst Design,Supermarket///Retail///Packaged Products,Bindawood,Bindawood Diy Inflatable Clock Asst Design,Bindawood Diy Inflatable Clock Asst Design,29.0,29.0 SAR,piece,0.0,1,0.0,https://d1c124wpoew66.cloudfront.net/spree/images/attachments/000/094/371/product/45064975.jpg
ar,DAN-51089,بن داوود تصميم ساعة قابل للنفخ,Supermarket///Retail///Packaged Products,بن داوود,بن داوود تصميم ساعة قابل للنفخ,Bindawood Diy Inflatable Clock Asst Design,29.0,29.0 SAR,piece,0.0,1,0.0,https://d1c124wpoew66.cloudfront.net/spree/images/attachments/000/094/371/product/45064975.jpg
en,DAN-36083,L'Oréal Elvive Hyaluron Moisture Filling Shampoo 600ml,Health & Beauty///Beauty///Hair Care,L'Oréal,L'Oréal Elvive Hyaluron Moisture Filling Shampoo 600ml,L'Oréal Elvive Hyaluron Moisture Filling Shampoo 600ml,33.5,33.5 SAR,piece,0.62,1,0.0,https://d1c124wpoew66.cloudfront.net/spree/images/attachments/000/089/121/product/361034065528.JPG
ar,DAN-36083,لوريال إلفيف شامبو مرطب بحمض الهيالورونيك ٦٠٠مل,Health & Beauty///Beauty///Hair Care,لوريال,لوريال إلفيف شامبو مرطب بحمض الهيالورونيك ٦٠٠مل,L'Oréal Elvive Hyaluron Moisture Filling Shampoo 600ml,33.5,33.5 SAR,piece,0.62,1,0.0,https://d1c124wpoew66.cloudfront.net/spree/images/attachments/000/089/121/product/361034065528.JPG
en,DAN-42485,L'Oréal Elvive Total Repair Shampoo 600ml,Health & Beauty///Beauty///Hair Care,L'Oréal,L'Oréal Elvive Total Repair Shampoo 600ml,L'Oréal Elvive Total Repair Shampoo 600ml,32.0,32.0 SAR,piece,0.61,1,0.0,https://d1c124wpoew66.cloudfront.net/spree/images/attachments/000/094/131/product/361034065116.jpg
ar,DAN-42485,لوريال الفيف شامبو للشعر معالجة كاملة ٦٠٠مل,Health & Beauty///Beauty///Hair Care,لوريال,لوريال الفيف شامبو للشعر معالجة كاملة ٦٠٠مل,L'Oréal Elvive Total Repair Shampoo 600ml,32.0,32.0 SAR,piece,0.61,1,0.0,https://d1c124wpoew66.cloudfront.net/spree/images/attachments/000/094/131/product/361034065116.jpg
en,DAN-44887,Trill Budgie Seed Mix 500g,Sports & Hobbies///Sports///Pets,Trill,Trill Budgie Seed Mix 500g,Trill Budgie Seed Mix 500g,17.95,17.95 SAR,piece,0.5,1,0.0,https://d1c124wpoew66.cloudfront.net/spree/images/attachments/000/077/866/product/931001277229.jpg
ar,DAN-44887,ترل خليط حبوب لطائر الطيب ٥٠٠غرام,Sports & Hobbies///Sports///Pets,ترل,ترل خليط حبوب لطائر الطيب ٥٠٠غرام,Trill Budgie Seed Mix 500g,17.95,17.95 SAR,piece,0.5,1,0.0,https://d1c124wpoew66.cloudfront.net/spree/images/attachments/000/077/866/product/931001277229.jpg
en,DAN-44888,Trill Finch Seed Mix 500g,Sports & Hobbies///Sports///Pets,Trill,Trill Finch Seed Mix 500g,Trill Finch Seed Mix 500g,17.95,17.95 SAR,piece,0.5,1,0.0,https://d1c124wpoew66.cloudfront.net/spree/images/attachments/000/077/867/product/931001280005.jpg
ar,DAN-44888,ترل خليط حبوب لطائر الحسون ٥٠٠غرام,Sports & Hobbies///Sports///Pets,ترل,ترل خليط حبوب لطائر الحسون ٥٠٠غرام,Trill Finch Seed Mix 500g,17.95,17.95 SAR,piece,0.5,1,0.0,https://d1c124wpoew66.cloudfront.net/spree/images/attachments/000/077/867/product/931001280005.jpg
en,DAN-49956,Graduation Cap,Sports & Hobbies///Toys,,Graduation Cap,Graduation Cap,12.0,12.0 SAR,piece,0.45,1,0.0,https://d1c124wpoew66.cloudfront.net/spree/images/attachments/000/091/981/product/47643420.jpg
ar,DAN-49956,قبعة التخرج,Sports & Hobbies///Toys,,قبعة التخرج,Graduation Cap,12.0,12.0 SAR,piece,0.45,1,0.0,https://d1c124wpoew66.cloudfront.net/spree/images/attachments/000/091/981/product/47643420.jpg
en,DAN-49955,Graduation Cap,Sports & Hobbies///Toys,,Graduation Cap,Graduation Cap,9.0,9.0 SAR,piece,0.0,1,0.0,https://d1c124wpoew66.cloudfront.net/spree/images/attachments/000/091/980/product/47643410.jpg
ar,DAN-49955,قبعة التخرج,Sports & Hobbies///Toys,,قبعة التخرج,Graduation Cap,9.0,9.0 SAR,piece,0.0,1,0.0,https://d1c124wpoew66.cloudfront.net/spree/images/attachments/000/091/980/product/47643410.jpg
en,DAN-45845,Delsey Academie 2C Pencil Case Blue Printing,Fashion & Jewelry,Delsey,Delsey Academie 2C Pencil Case Blue Printing,Delsey Academie 2C Pencil Case Blue Printing,75.0,75.0 SAR,piece,0.22,1,0.0,https://d1c124wpoew66.cloudfront.net/spree/images/attachments/000/080/755/product/321911052385.jpg
ar,DAN-45845,دلسي أكاديمي مقلمية بجيبين لون أزرق,Fashion & Jewelry,دلسي,دلسي أكاديمي مقلمية بجيبين لون أزرق,Delsey Academie 2C Pencil Case Blue Printing,75.0,75.0 SAR,piece,0.22,1,0.0,https://d1c124wpoew66.cloudfront.net/spree/images/attachments/000/080/755/product/321911052385.jpg
en,DAN-23708,Danube Parmesan Cheese 1kg,Supermarket///Retail///Cheese & Cold Cuts,Danube,Danube Parmesan Cheese 1kg,Danube Parmesan Cheese 1kg,99.95,99.95 SAR,piece,0.0,1,0.0,https://d1c124wpoew66.cloudfront.net/spree/images/attachments/000/081/821/product/280353500000__%281%29.jpg
ar,DAN-23708,الدانوب جبنة بارميزان ١كغم,Supermarket///Retail///Cheese & Cold Cuts,الدانوب,الدانوب جبنة بارميزان ١كغم,Danube Parmesan Cheese 1kg,99.95,99.95 SAR,piece,0.0,1,0.0,https://d1c124wpoew66.cloudfront.net/spree/images/attachments/000/081/821/product/280353500000__%281%29.jpg
en,DAN-45419,Danube Crab Roll 1kg,Supermarket///Retail///Cheese & Cold Cuts,Danube,Danube Crab Roll 1kg,Danube Crab Roll 1kg,175.0,175.0 SAR,piece,0.0,1,0.0,https://d1c124wpoew66.cloudfront.net/spree/images/attachments/000/079/100/product/3216.jpg
ar,DAN-45419,الدانوب لفائف السلطعون ١كغم,Supermarket///Retail///Cheese & Cold Cuts,الدانوب,الدانوب لفائف السلطعون ١كغم,Danube Crab Roll 1kg,175.0,175.0 SAR,piece,0.0,1,0.0,https://d1c124wpoew66.cloudfront.net/spree/images/attachments/000/079/100/product/3216.jpg
en,DAN-51185,Bindawood Aloe In Ceramic Pot,Supermarket///Retail///Packaged Products,Bindawood,Bindawood Aloe In Ceramic Pot,Bindawood Aloe In Ceramic Pot,44.0,44.0 SAR,piece,0.44,1,0.0,https://d1c124wpoew66.cloudfront.net/spree/images/attachments/000/094/467/product/45120895.jpg
ar,DAN-51185,بن داوود نبات صبار في وعاء السيراميك,Supermarket///Retail///Packaged Products,بن داوود,بن داوود نبات صبار في وعاء السيراميك,Bindawood Aloe In Ceramic Pot,44.0,44.0 SAR,piece,0.44,1,0.0,https://d1c124wpoew66.cloudfront.net/spree/images/attachments/000/094/467/product/45120895.jpg
en,DAN-51239,Bindawood Paraffin Tealight Set,Supermarket///Retail///Packaged Products,Bindawood,Bindawood Paraffin Tealight Set,Bindawood Paraffin Tealight Set,11.0,11.0 SAR,piece,0.0,1,0.0,https://d1c124wpoew66.cloudfront.net/spree/images/attachments/000/094/521/product/47271895.jpg
ar,DAN-51239,بن داوود شموع بارافين,Supermarket///Retail///Packaged Products,بن داوود,بن داوود شموع بارافين,Bindawood Paraffin Tealight Set,11.0,11.0 SAR,piece,0.0,1,0.0,https://d1c124wpoew66.cloudfront.net/spree/images/attachments/000/094/521/product/47271895.jpg
en,DAN-47273,Portable Car Wash Set EAB-042-001,Supermarket///Retail///Packaged Products,,Portable Car Wash Set EAB-042-001,Portable Car Wash Set EAB-042-001,199.0,199.0 SAR,piece,0.1,1,0.0,https://d1c124wpoew66.cloudfront.net/spree/images/attachments/000/108/005/product/47573250.png
ar,DAN-47273,مجموعة غسيل السيارات المحمولة EAB-042-001,Supermarket///Retail///Packaged Products,,مجموعة غسيل السيارات المحمولة EAB-042-001,Portable Car Wash Set EAB-042-001,199.0,199.0 SAR,piece,0.1,1,0.0,https://d1c124wpoew66.cloudfront.net/spree/images/attachments/000/108/005/product/47573250.png
en,DAN-49146,Lint Roller 40 Straight Sheets A1LR12,Supermarket///Retail///Packaged Products,,Lint Roller 40 Straight Sheets A1LR12,Lint Roller 40 Straight Sheets A1LR12,9.0,9.0 SAR,piece,1.25,1,0.0,https://d1c124wpoew66.cloudfront.net/spree/images/attachments/000/090/362/product/45116855.jpg
ar,DAN-49146,رول إزالة الوبر ٤٠ ورقة مستقيمة A1LR12,Supermarket///Retail///Packaged Products,,رول إزالة الوبر ٤٠ ورقة مستقيمة A1LR12,Lint Roller 40 Straight Sheets A1LR12,9.0,9.0 SAR,piece,1.25,1,0.0,https://d1c124wpoew66.cloudfront.net/spree/images/attachments/000/090/362/product/45116855.jpg
en,DAN-55398,Danube Bakery Kuba 1pc,Supermarket///Retail///Bakery,Danube Bakery,Danube Bakery Kuba 1pc,Danube Bakery Kuba 1pc,1.95,1.95 SAR,piece,0.0,1,0.0,https://d1c124wpoew66.cloudfront.net/spree/images/attachments/000/110/399/product/290805000000.jpg
ar,DAN-55398,مخبز الدانوب كبة ١قطعة,Supermarket///Retail///Bakery,مخبز الدانوب,مخبز الدانوب كبة ١قطعة,Danube Bakery Kuba 1pc,1.95,1.95 SAR,piece,0.0,1,0.0,https://d1c124wpoew66.cloudfront.net/spree/images/attachments/000/110/399/product/290805000000.jpg
en,DAN-56181,B & D Paper Shredder Machine CB25M,Supermarket///Retail///Packaged Products,B & D,B & D Paper Shredder Machine CB25M,B & D Paper Shredder Machine CB25M,599.0,599.0 SAR,piece,0.0,1,0.0,https://d1c124wpoew66.cloudfront.net/spree/images/attachments/000/103/286/product/B_D_Paper_Crusher_44115745.jpg
ar,DAN-56181,بي & دي قطاعة ورق مكتبية CB25M,Supermarket///Retail///Packaged Products,بي & دي,بي & دي قطاعة ورق مكتبية CB25M,B & D Paper Shredder Machine CB25M,599.0,599.0 SAR,piece,0.0,1,0.0,https://d1c124wpoew66.cloudfront.net/spree/images/attachments/000/103/286/product/B_D_Paper_Crusher_44115745.jpg
en,DAN-21642,Vaseline Petroleum Jelly Baby 250ml,Health & Beauty///Beauty///Personal Grooming,Vaseline,Vaseline Petroleum Jelly Baby 250ml,Vaseline Petroleum Jelly Baby 250ml,24.5,24.5 SAR,piece,0.25,1,0.0,https://d1c124wpoew66.cloudfront.net/spree/images/attachments/000/090/436/product/628100640878.jpg
ar,DAN-21642,فازلين جلي للطفل ٢٥٠مل,Health & Beauty///Beauty///Personal Grooming,فازلين,فازلين جلي للطفل ٢٥٠مل,Vaseline Petroleum Jelly Baby 250ml,24.5,24.5 SAR,piece,0.25,1,0.0,https://d1c124wpoew66.cloudfront.net/spree/images/attachments/000/090/436/product/628100640878.jpg
en,DAN-40760,Gold Fish Salmon Fillet Portions 500g,Supermarket///Retail///Cheese & Cold Cuts,Gold Fish,Gold Fish Salmon Fillet Portions 500g,Gold Fish Salmon Fillet Portions 500g,79.95,79.95 SAR,piece,0.39,1,0.0,https://d1c124wpoew66.cloudfront.net/spree/images/attachments/000/069/682/product/704649222227.png
ar,DAN-40760,جولد فيش سمك سالمون فيليه مقطع ٥٠٠غرام,Supermarket///Retail///Cheese & Cold Cuts,جولد فيش,جولد فيش سمك سالمون فيليه مقطع ٥٠٠غرام,Gold Fish Salmon Fillet Portions 500g,79.95,79.95 SAR,piece,0.39,1,0.0,https://d1c124wpoew66.cloudfront.net/spree/images/attachments/000/069/682/product/704649222227.png
