language,product_code,product_name,category,brand,description,short_description,product_price,display_price,unit,weight,quantity,tax,image
en,ALRF-0001,Coffee Capsule Classic,Supermarket///Retail///Packaged Products,Al Rifai,"Enjoy the distinct taste of al rifai classic coffee capsule, which features a carefully crafted blend of perfectly roasted arabica and robusta coffee beans for a rich and delicious espresso shot perfect for coffee lovers.",Coffee Capsule Classic,26.0,26.0,pcs,100,10,0,https://images.deliveryhero.io/image/menu-import-gateway-prd/regions/ME/chains/HS-RIFA/da4df34db2580a22ba8a6bfb1eacb2d2.png
en,ALRF-0002,Coffee Capsule Brazil,Supermarket///Retail///Packaged Products,Al Rifai,"Savor the rich, robust taste of al rifai brazilian coffee capsule, which features single-origin ground coffee beans sourced from brazil's lush coffee regions and expertly roasted and ground for a bold, satisfying espresso shot perfect to start your day.",Coffee Capsule Brazil,26.0,26.0,pcs,100,10,0,https://images.deliveryhero.io/image/menu-import-gateway-prd/regions/ME/chains/HS-RIFA/46ce812896a8ce48176decf974e8a585.png
en,ALRF-0003,Coffee Capsule Colombia,Supermarket///Retail///Packaged Products,Al Rifai,"Enjoy the bold and balanced taste of al rifai's colombia coffee capsule, which features premium colombian coffee beans that are expertly roasted and ground for a distinctive espresso shot that is perfect for sipping and tasting.",Coffee Capsule Colombia,26.0,26.0,pcs,100,10,0,https://images.deliveryhero.io/image/menu-import-gateway-prd/regions/ME/chains/HS-RIFA/8824ede4fd17fe46f0c17c6709489bf0.png
en,ALRF-0004,Mini Dried Apple Chips 15g,Supermarket///Retail///Packaged Products,Al Rifai,"Al rifai dried apple chips are a healthy snack perfect for those who love the natural sweetness of apples. this 15g package contains thin slices of apple that have been carefully dried to preserve their crunch and delicious taste. perfect for a quick snack on the go, these chips offer a guilt-free way to satisfy your sweet tooth.",Mini Dried Apple Chips 15g,7.0,7.0,g,100,10,0,https://images.deliveryhero.io/image/menu-import-gateway-prd/regions/ME/chains/HS-RIFA/ae22ce5808b5365cf8e3f88b0a79f69f.jpg
en,ALRF-0005,Freeze Dried Ice Cream Chocolate & Vanilla,Supermarket///Retail///Packaged Products,Al Rifai,Freeze dried ice cream chocolate & vanilla,Freeze Dried Ice Cream Chocolate & Vanilla,28.0,28.0,pcs,100,10,0,https://images.deliveryhero.io/image/menu-import-gateway-prd/regions/ME/chains/HS-RIFA/b390e6847967e277a629482797be3020.jpeg
en,ALRF-0006,Baked Rice Crackers Mix 1 Kg,Supermarket///Retail///Packaged Products,Al Rifai,"Different and delicious variety, presented to you by al rifai to enjoy a healthy and delicious snack",Baked Rice Crackers Mix 1 Kg,72.0,72.0,pcs,100,10,0,https://images.deliveryhero.io/image/menu-import-gateway-prd/regions/ME/chains/HS-RIFA/dbefd0971a5d0dfa2a9e3dbb8125f24d.jpg
en,ALRF-0007,Brazilian Turkish Coffee,Supermarket///Retail///Beverages,Al Rifai,"Indulge in the rich, robust taste of al rifai brazilian turkish coffee, featuring finely ground coffee beans that are traditionally prepared to create the perfect mild-tasting beverage.",Brazilian Turkish Coffee,21.5,21.5,pcs,100,10,0,https://images.deliveryhero.io/image/menu-import-gateway-prd/regions/ME/chains/HS-RIFA/963eb509dd9430042d8746b06470bc60.jpg
en,ALRF-0008,Classic Turkish Coffee,Supermarket///Retail///Beverages,Al Rifai,"Enjoy the taste of classic coffee from al-rifai. classic coffee is characterized by its light and medium roasting, which gives it a distinctive taste and amazing aroma, presented to you by al-rifai, fresh and pure.",Classic Turkish Coffee,22.25,22.25,pcs,100,10,0,https://images.deliveryhero.io/image/menu-import-gateway-prd/regions/ME/chains/HS-RIFA/9cc5ee9d8c400ea8169a4360ef5f6d07.jpg
en,ALRF-0009,Premium Turkish Coffee,Supermarket///Retail///Beverages,Al Rifai,"Indulge in the rich, robust taste of al rifai premium turkish coffee, featuring finely ground coffee beans that are traditionally prepared to create the perfect mild-tasting beverage.",Premium Turkish Coffee,24.75,24.75,pcs,100,10,0,https://images.deliveryhero.io/image/menu-import-gateway-prd/regions/ME/chains/HS-RIFA/838c6a21e553972b213d0062018053d3.jpg
en,ALRF-0010,Espresso Coffee,Supermarket///Retail///Beverages,Al Rifai,"Indulge in the balanced taste of al rifai espresso coffee, which has a light and delicate taste ideal for those who prefer a milder espresso experience.",Espresso Coffee,24.25,24.25,pcs,100,10,0,https://images.deliveryhero.io/image/menu-import-gateway-prd/regions/ME/chains/HS-RIFA/01a165f4787c1e2e6c58f21623121e24.jpg
en,ALRF-0011,Coffee Capsule Classic,Supermarket///Retail///Beverages,Al Rifai,"Enjoy the distinct taste of al rifai classic coffee capsule, which features a carefully crafted blend of perfectly roasted arabica and robusta coffee beans for a rich and delicious espresso shot perfect for coffee lovers.",Coffee Capsule Classic,26.0,26.0,pcs,100,10,0,https://images.deliveryhero.io/image/menu-import-gateway-prd/regions/ME/chains/HS-RIFA/967be7e40b88b98f9cdf23ae1ef7a347.jpg
en,ALRF-0012,Coffee Capsule Brazil,Supermarket///Retail///Beverages,Al Rifai,"Savor the rich, robust taste of al rifai brazilian coffee capsule, which features single-origin ground coffee beans sourced from brazil's lush coffee regions and expertly roasted and ground for a bold, satisfying espresso shot perfect to start your day.",Coffee Capsule Brazil,26.0,26.0,pcs,100,10,0,https://images.deliveryhero.io/image/menu-import-gateway-prd/regions/ME/chains/HS-RIFA/6747f17b836525bd9c6720ba191d6912.jpg
en,ALRF-0013,Coffee Capsule Colombia,Supermarket///Retail///Beverages,Al Rifai,"Enjoy the bold and balanced taste of al rifai's colombia coffee capsule, which features premium colombian coffee beans that are expertly roasted and ground for a distinctive espresso shot that is perfect for sipping and tasting.",Coffee Capsule Colombia,26.0,26.0,pcs,100,10,0,https://images.deliveryhero.io/image/menu-import-gateway-prd/regions/ME/chains/HS-RIFA/b66dcc8a71b4baa25f8b35c1a9a5c56c.jpg
en,ALRF-0014,Speciality Coffee   Brew Bag,Supermarket///Retail///Beverages,Al Rifai,,Speciality Coffee   Brew Bag,16.0,16.0,pcs,100,10,0,https://images.deliveryhero.io/image/menu-import-gateway-prd/regions/ME/chains/HS-RIFA/9a80b322bc93cf56dcb6e00ab1a61ca3.jpg
en,ALRF-0015,Guji Uraga Coffee,Supermarket///Retail///Beverages,Al Rifai,,Guji Uraga Coffee,55.0,55.0,pcs,100,10,0,https://images.deliveryhero.io/image/menu-import-gateway-prd/regions/ME/chains/HS-RIFA/2d47659976b3c550dff51f5709a60309.jpg
en,ALRF-0016,Guji Hamabella Coffee,Supermarket///Retail///Beverages,Al Rifai,,Guji Hamabella Coffee,65.0,65.0,pcs,100,10,0,https://images.deliveryhero.io/image/menu-import-gateway-prd/regions/ME/chains/HS-RIFA/6214055c733f33945338dae5aaabaf42.jpg
en,ALRF-0017,Freeze Dried Gold Ethiopia/Brazil 100g,Supermarket///Retail///Beverages,Al Rifai,,Freeze Dried Gold Ethiopia/Brazil 100g,36.0,36.0,pcs,100,10,0,https://images.deliveryhero.io/image/menu-import-gateway-prd/regions/ME/chains/HS-RIFA/cd8eb1e5fd4476862e90ac8261af9947.jpg
en,ALRF-0018,Freeze Dried Gold 100% Arabica 100g,Supermarket///Retail///Beverages,Al Rifai,,Freeze Dried Gold 100% Arabica 100g,36.0,36.0,pcs,100,10,0,https://images.deliveryhero.io/image/menu-import-gateway-prd/regions/ME/chains/HS-RIFA/6240dc80b2eacc17f3522cc301d047ae.jpg
en,ALRF-0019,Freeze Dried Gold Decaf 100g,Supermarket///Retail///Beverages,Al Rifai,,Freeze Dried Gold Decaf 100g,36.0,36.0,pcs,100,10,0,https://images.deliveryhero.io/image/menu-import-gateway-prd/regions/ME/chains/HS-RIFA/38a2c480724c99a8acb724e34b874855.jpg
en,ALRF-0020,Saudi Coffee,Supermarket///Retail///Beverages,Al Rifai,Medium to high roasted coffee beans are carefully washed and prepared to taste authentic saudi coffee. enjoy an exceptional experience with al rifai coffee.,Saudi Coffee,22.25,22.25,pcs,100,10,0,https://images.deliveryhero.io/image/menu-import-gateway-prd/regions/ME/chains/HS-RIFA/357c2d11bb0b9f6cdebc107fa0dabf83.jpg
en,ALRF-0021,Hail Mixes 200g,Supermarket///Retail///Beverages,Al Rifai,"Hail mixture from al-rifai, inspired by the northern region. this mixture is distinguished by its dark color and distinctive taste 200g",Hail Mixes 200g,30.0,30.0,g,100,10,0,https://images.deliveryhero.io/image/menu-import-gateway-prd/regions/ME/chains/HS-RIFA/626ba2e45cf6894d881c01e3748eee99.jpg
en,ALRF-0022,Saudi Coffee 450 G,Supermarket///Retail///Beverages,Al Rifai,"Enjoy the distinctive taste of saudi coffee, allowing you to taste the rich taste and attractive aroma of saudi coffee whenever you want.",Saudi Coffee 450 G,52.0,52.0,pcs,100,10,0,https://images.deliveryhero.io/image/menu-import-gateway-prd/regions/ME/chains/HS-RIFA/ae44b5fa874c390d5c8aad9ce53d554a.png
en,ALRF-0023,Saudi Coffee Central Region 400g,Supermarket///Retail///Beverages,Al Rifai,Al-rifai saudi coffee is inspired by the central region and is characterized by a medium blend mixed with an ancient taste. the central region has medium roast 400g,Saudi Coffee Central Region 400g,48.0,48.0,g,100,10,0,https://images.deliveryhero.io/image/menu-import-gateway-prd/regions/ME/chains/HS-RIFA/3113e5e2e7cbca0ac613c0b4030ca91d.jpg
en,ALRF-0024,Saudi Coffee Northern Region 400g,Supermarket///Retail///Beverages,Al Rifai,"Al-rifai saudi coffee is inspired by the northern region, and this mixture is distinguished by its dark colour and distinctive taste. it is considered this is amazingcoffeeon the way the northern region has dark chickpeas 400 egp",Saudi Coffee Northern Region 400g,48.0,48.0,pcs,100,10,0,https://images.deliveryhero.io/image/menu-import-gateway-prd/regions/ME/chains/HS-RIFA/8b36e255cb13fbffe4e4bfcdc61b1632.jpg
en,ALRF-0025,Saudi Coffee Southern Region 400g,Supermarket///Retail///Beverages,Al Rifai,Al-rifai saudi coffee is inspired by the southern region and has been roasted light roast 400g,Saudi Coffee Southern Region 400g,48.0,48.0,g,100,10,0,https://images.deliveryhero.io/image/menu-import-gateway-prd/regions/ME/chains/HS-RIFA/b168b6f348db3555a1029918960da07e.jpg
en,ALRF-0026,Saudi Coffee Western Region 400g,Supermarket///Retail///Beverages,Al Rifai,Al-rifai saudi coffee is inspired by the western region and has been roasted this is amazing coffee on the way western region and it is considered coffee with light roast 400g,Saudi Coffee Western Region 400g,48.0,48.0,g,100,10,0,https://images.deliveryhero.io/image/menu-import-gateway-prd/regions/ME/chains/HS-RIFA/b23988b57a87b7b1050c931ad016faa6.jpg
en,ALRF-0027,Saudi Coffee Eastern Region 400g,Supermarket///Retail///Beverages,Al Rifai,Al-rifai saudi coffee is inspired by the eastern region and is characterized by a medium and distinct blend with medium roast 400g,Saudi Coffee Eastern Region 400g,48.0,48.0,g,100,10,0,https://images.deliveryhero.io/image/menu-import-gateway-prd/regions/ME/chains/HS-RIFA/6dcb4c3f100dc59e818c3af67caeeb25.jpg
en,ALRF-0028,Saudi Coffee   Brew Bag,Supermarket///Retail///Beverages,Al Rifai,,Saudi Coffee   Brew Bag,16.0,16.0,pcs,100,10,0,https://images.deliveryhero.io/image/menu-import-gateway-prd/regions/ME/chains/HS-RIFA/ced4407ccbd8c90b41a88413e1750c6f.jpg
en,ALRF-0029,Saudi Coffee Light,Supermarket///Retail///Beverages,Al Rifai,,Saudi Coffee Light,22.25,22.25,pcs,100,10,0,https://images.deliveryhero.io/image/menu-import-gateway-prd/regions/ME/chains/HS-RIFA/178633453d0ae763763e55639758d8c5.jpg
en,ALRF-0030,Decaf Saudi Coffee 250g,Supermarket///Retail///Beverages,Al Rifai,,Decaf Saudi Coffee 250g,50.0,50.0,pcs,100,10,0,https://images.deliveryhero.io/image/menu-import-gateway-prd/regions/ME/chains/HS-RIFA/f8a096a8edadc4f1cda5e314675d598e.png
en,ALRF-0031,Cashew Wasabi,Fresh & Local///Nuts & Spices///Mixed Nuts,Al Rifai,"Enjoy a unique combination with al rifai's cashew wasabi, which features crunchy cashew nuts coated with delicious wasabi seasoning for a light and spicy meal that has a distinctive and delicious taste.",Cashew Wasabi,28.75,28.75,pcs,100,10,0,https://images.deliveryhero.io/image/menu-import-gateway-prd/regions/ME/chains/HS-RIFA/8a890afd95c13888242e56446951a206.jpg
en,ALRF-0032,Cashew Jumbo,Fresh & Local///Nuts & Spices///Mixed Nuts,Al Rifai,"Enjoy al rifai's jumbo crunchy cashew nuts, which offer a delicious snack option and are packed with protein, fiber and essential nutrients for a healthy and nutritious treat.",Cashew Jumbo,34.5,34.5,pcs,100,10,0,https://images.deliveryhero.io/image/menu-import-gateway-prd/regions/ME/chains/HS-RIFA/f8e8bd45c51a31aa7d678b1aef90e03c.jpg
en,ALRF-0033,Cashew Cheese Jumbo,Fresh & Local///Nuts & Spices///Mixed Nuts,Al Rifai,"Enjoy the distinctive taste of al rifai jumbo cheese cashews, providing a satisfying snack option perfect for cheese lovers and cashew lovers alike.",Cashew Cheese Jumbo,34.5,34.5,pcs,100,10,0,https://images.deliveryhero.io/image/menu-import-gateway-prd/regions/ME/chains/HS-RIFA/649166238ef01753f203130cca48cff3.jpg
en,ALRF-0034,Dry Roast Cashew Jumbo Unsalted,Fresh & Local///Nuts & Spices///Mixed Nuts,Al Rifai,"Indulge in the taste of al rifai unsalted cashews, to allow the natural taste of the nuts to shine, providing a healthy and satisfying snack option.",Dry Roast Cashew Jumbo Unsalted,34.5,34.5,pcs,100,10,0,https://images.deliveryhero.io/image/menu-import-gateway-prd/regions/ME/chains/HS-RIFA/5be103bfbb5942f6ccd331235f943f90.jpg
en,ALRF-0035,Cashew Cheese,Fresh & Local///Nuts & Spices///Mixed Nuts,Al Rifai,"Try al rifai's delicious cashew cheese, providing the perfect delicious snack option at any time of the day.",Cashew Cheese,28.75,28.75,pcs,100,10,0,https://images.deliveryhero.io/image/menu-import-gateway-prd/regions/ME/chains/HS-RIFA/a04c6d191512967049f47b56a17059f6.jpg
en,ALRF-0036,Cashew,Fresh & Local///Nuts & Spices///Mixed Nuts,Al Rifai,"Enjoy the distinctive and wonderful taste of al rifai cashews. they are perfect for eating as a snack on their own, or incorporating them into your favourite recipes to get a luxurious taste.",Cashew,28.0,28.0,pcs,100,10,0,https://images.deliveryhero.io/image/menu-import-gateway-prd/regions/ME/chains/HS-RIFA/c7179ffaf69f34a5ca1864e892d7d282.jpg
en,ALRF-0037,Cashew Smoked,Fresh & Local///Nuts & Spices///Mixed Nuts,Al Rifai,"Enjoy al rifai smoked cashews, adding a delicious touch to the smoky taste of the nuts for a delicious snack option with a touch of smoke.",Cashew Smoked,28.75,28.75,pcs,100,10,0,https://images.deliveryhero.io/image/menu-import-gateway-prd/regions/ME/chains/HS-RIFA/2f3e2e8b3f7c26c647ca8fd772c4f165.jpg
en,ALRF-0038,Cashew Crunchy Salt & Vinegar,Fresh & Local///Nuts & Spices///Mixed Nuts,Al Rifai,"Enjoy the perfect balance of salty and tangy taste with al rifai salt & vinegar cashew nuts, which offer a satisfying, crunchy, delicious and completely addictive snack option.",Cashew Crunchy Salt & Vinegar,22.5,22.5,pcs,100,10,0,https://images.deliveryhero.io/image/menu-import-gateway-prd/regions/ME/chains/HS-RIFA/e3a20cf4eff02907cdeeeacd5ab2d03f.jpg
en,ALRF-0039,Cashew Crunchy Cheese,Fresh & Local///Nuts & Spices///Mixed Nuts,Al Rifai,"Indulge in the rich, delicious taste of al rifai cheese crunchy cashews, featuring crunchy cashews topped with cheese seasoning for a delicious and satisfying snack experience.",Cashew Crunchy Cheese,22.5,22.5,pcs,100,10,0,https://images.deliveryhero.io/image/menu-import-gateway-prd/regions/ME/chains/HS-RIFA/e0f39c80eba82937685a4552a6547dfb.jpg
en,ALRF-0040,Almond Roasted,Fresh & Local///Nuts & Spices///Mixed Nuts,Al Rifai,"Taste al rifai's crunchy roasted almonds, to enhance their natural taste and aroma, making them a healthy and satisfying snack option.",Almond Roasted,27.5,27.5,pcs,100,10,0,https://images.deliveryhero.io/image/menu-import-gateway-prd/regions/ME/chains/HS-RIFA/83be3b1621cf171d4b71f11c44acafd8.jpg
en,ALRF-0041,Almond Bbq,Fresh & Local///Nuts & Spices///Mixed Nuts,Al Rifai,"Indulge in the delicious, smoky and salty taste of al rifai grilled almonds, featuring crunchy almonds tossed in tangy barbecue spices for a mouth-watering snack option that will leave you craving for more.",Almond Bbq,28.75,28.75,pcs,100,10,0,https://images.deliveryhero.io/image/menu-import-gateway-prd/regions/ME/chains/HS-RIFA/85ce94e5891db2a04e655814af7c56e9.jpg
en,ALRF-0042,Almond Kri Kri,Fresh & Local///Nuts & Spices///Mixed Nuts,Al Rifai,"Enjoy the delicious taste of al-kurri almonds from al-rifai, to taste the distinctive taste of almonds.",Almond Kri Kri,27.5,27.5,pcs,100,10,0,https://images.deliveryhero.io/image/menu-import-gateway-prd/regions/ME/chains/HS-RIFA/6293692f5130ecafd8ccb44450d15761.jpg
en,ALRF-0043,Almond Smoked,Fresh & Local///Nuts & Spices///Mixed Nuts,Al Rifai,"Enjoy al rifai smoked almonds, which offer a delicious twist on traditional almonds with their irresistible smoked taste. they are perfect for snacking or adding to your favourite dishes for a distinctive taste.",Almond Smoked,28.75,28.75,pcs,100,10,0,https://images.deliveryhero.io/image/menu-import-gateway-prd/regions/ME/chains/HS-RIFA/a04bfb1f7e100b5c8849390d6bb61d02.jpg
en,ALRF-0044,Almond Lemon,Fresh & Local///Nuts & Spices///Mixed Nuts,Al Rifai,"Enjoy the authentic taste of almonds mixed with refreshing lemon from al rifai, which features almonds tossed in a refreshing lemon seasoning for a delicious and energizing snack option perfect for any time of the day.",Almond Lemon,27.5,27.5,pcs,100,10,0,https://images.deliveryhero.io/image/menu-import-gateway-prd/regions/ME/chains/HS-RIFA/53bf52f031215e36e8e5369f77d6532b.jpg
en,ALRF-0045,Almond Unsalted,Fresh & Local///Nuts & Spices///Mixed Nuts,Al Rifai,"Enjoy the natural benefits of al rifai unsalted almonds, featuring crunchy almonds without any added salt, perfect for snacking on their own or adding to your favourite recipes for a nutritious and satisfying meal.",Almond Unsalted,27.5,27.5,pcs,100,10,0,https://images.deliveryhero.io/image/menu-import-gateway-prd/regions/ME/chains/HS-RIFA/01373418e036f603361e1fb97955f37f.jpg
en,ALRF-0046,Almond Mix,Fresh & Local///Nuts & Spices///Mixed Nuts,Al Rifai,"Enjoy the distinctive taste of al rifai premium almonds. roasted almonds have a spicy taste and a drier, more fragile texture than raw almonds. roasting intensifies the basic almond flavor and adds salt and flavour. this great combination of taste and texture can make these nuts one of your favourite snacks",Almond Mix,28.75,28.75,pcs,100,10,0,https://images.deliveryhero.io/image/menu-import-gateway-prd/regions/ME/chains/HS-RIFA/88307dab7ea2ce09ea5ac7ca5dca6219.jpg
en,ALRF-0047,Peanut Kri Kos,Fresh & Local///Nuts & Spices///Mixed Nuts,Al Rifai,"Enjoy al rifai's delicious peanuts kri-kos, offering a crunchy and spicy snack",Peanut Kri Kos,11.0,11.0,pcs,100,10,0,https://images.deliveryhero.io/image/menu-import-gateway-prd/regions/ME/chains/HS-RIFA/ce016263e908efb51fd640744c61732c.jpg
en,ALRF-0048,Peanut Kri Kri,Fresh & Local///Nuts & Spices///Mixed Nuts,Al Rifai,"Enjoy the irresistibly crunchy taste of al rifai kri-kri peanuts, encased in a crunchy shell, providing a satisfying snacking experience with every bite.",Peanut Kri Kri,11.0,11.0,pcs,100,10,0,https://images.deliveryhero.io/image/menu-import-gateway-prd/regions/ME/chains/HS-RIFA/6abb5bdfc89d4473690758aaf86c8af4.jpg
en,ALRF-0049,Peanut Roasted,Fresh & Local///Nuts & Spices///Mixed Nuts,Al Rifai,"Enjoy the classic taste of al rifai roasted peanuts, making a delicious meal perfect for snacking",Peanut Roasted,10.5,10.5,pcs,100,10,0,https://images.deliveryhero.io/image/menu-import-gateway-prd/regions/ME/chains/HS-RIFA/815d0456bd5a9af8078321a311a0b76d.jpg
en,ALRF-0050,Peanut Salted,Fresh & Local///Nuts & Spices///Mixed Nuts,Al Rifai,"Taste al rifai salted peanuts, roasted with a touch of salt, providing a delicious and crunchy snack option.",Peanut Salted,10.5,10.5,pcs,100,10,0,https://images.deliveryhero.io/image/menu-import-gateway-prd/regions/ME/chains/HS-RIFA/638ac177eb55706100dd12fbe506d7f3.jpg
en,ALRF-0051,Macadamia,Fresh & Local///Nuts & Spices///Mixed Nuts,Al Rifai,"Treat yourself to the rich taste of al rifai macadamia, known for its texture and delicious taste, making it a luxurious and satisfying snack option.",Macadamia,49.75,49.75,pcs,100,10,0,https://images.deliveryhero.io/image/menu-import-gateway-prd/regions/ME/chains/HS-RIFA/adb1ce2485012a419daf772cd3d74942.jpg
en,ALRF-0052,Macadamia Cheese,Fresh & Local///Nuts & Spices///Mixed Nuts,Al Rifai,Enjoy the perfect blend of delicious taste with macadamia cheese from al rifai,Macadamia Cheese,49.75,49.75,pcs,100,10,0,https://images.deliveryhero.io/image/menu-import-gateway-prd/regions/ME/chains/HS-RIFA/cc9d8caa6dae5fd07e92673e5e2e59a9.jpg
en,ALRF-0053,Pecan Salt & Vinegar,Fresh & Local///Nuts & Spices///Mixed Nuts,Al Rifai,"Enjoy the perfect balance between salty and refreshing taste with al rifai pecan salt and vinegar, providing a unique and delicious twist on traditional snacks.",Pecan Salt & Vinegar,41.25,41.25,pcs,100,10,0,https://images.deliveryhero.io/image/menu-import-gateway-prd/regions/ME/chains/HS-RIFA/9faa82d45e6d7cde8bf8e7090cdcac28.jpg
en,ALRF-0054,Pecan,Fresh & Local///Nuts & Spices///Mixed Nuts,Al Rifai,"Enjoy the crunchy texture of rifai pecans, which are packed with nutrients like antioxidants, vitamins and minerals, making them a healthy and satisfying snack option.",Pecan,41.25,41.25,pcs,100,10,0,https://images.deliveryhero.io/image/menu-import-gateway-prd/regions/ME/chains/HS-RIFA/b02bd90de74c8c4bb23be5cd8c57d66c.jpg
en,ALRF-0055,Pistachio Flaming Hot Chili,Fresh & Local///Nuts & Spices///Mixed Nuts,Al Rifai,Enjoy a unique experience of delicious taste for lovers of hot spices added to pistachios from al-rifai,Pistachio Flaming Hot Chili,29.75,29.75,pcs,100,10,0,https://images.deliveryhero.io/image/menu-import-gateway-prd/regions/ME/chains/HS-RIFA/a5b9d27c2dd83e96699a9d1cc92a0de7.jpg
en,ALRF-0056,Pistachio Premium,Fresh & Local///Nuts & Spices///Mixed Nuts,Al Rifai,"Enjoy the irresistible taste of al rifai premium pistachios, carefully roasted with providing a delicious snacking experience.",Pistachio Premium,29.75,29.75,pcs,100,10,0,https://images.deliveryhero.io/image/menu-import-gateway-prd/regions/ME/chains/HS-RIFA/2ab871da8b0c2e38afffbb629226464e.jpg
en,ALRF-0057,Pistachio Premium Salted,Fresh & Local///Nuts & Spices///Mixed Nuts,Al Rifai,"Enjoy the irresistible taste of al rifai premium salted pistachios, carefully roasted to perfection and seasoned with just the right amount of salt, providing a delicious snacking experience.",Pistachio Premium Salted,29.75,29.75,pcs,100,10,0,https://images.deliveryhero.io/image/menu-import-gateway-prd/regions/ME/chains/HS-RIFA/e32909d5270a1975ab3318e6d13b21dd.jpg
en,ALRF-0058,Pistachio Premium Unsalted,Fresh & Local///Nuts & Spices///Mixed Nuts,Al Rifai,"Enjoy the natural taste of premium al rifai pistachios, which are packed with nutrients such as protein, fiber and healthy fats, making them a satisfying and nutritious snack option.",Pistachio Premium Unsalted,29.75,29.75,pcs,100,10,0,https://images.deliveryhero.io/image/menu-import-gateway-prd/regions/ME/chains/HS-RIFA/e94b481dbd597e54cdbcd0fa9119d5b7.jpg
en,ALRF-0059,Istanbuly Chickpea,Fresh & Local///Nuts & Spices///Mixed Nuts,Al Rifai,"Enjoy the delicious, crunchy taste of al rifai istanbul chickpeas, seasoned with a blend of spices for a delicious and satisfying snack option.",Istanbuly Chickpea,9.75,9.75,pcs,100,10,0,https://images.deliveryhero.io/image/menu-import-gateway-prd/regions/ME/chains/HS-RIFA/d82862b3ab0692f96cc00a3c499b6ee3.jpg
en,ALRF-0060,Cashew Bbq,Fresh & Local///Nuts & Spices///Mixed Nuts,Al Rifai,A savory and smoky blend of roasted cashews infused with bold barbeque flavor,Cashew Bbq,28.75,28.75,pcs,100,10,0,https://images.deliveryhero.io/image/menu-import-gateway-prd/regions/ME/chains/HS-RIFA/a893d6ad196a5f36227626c88d70ca2d.jpg
en,ALRF-0061,Almendrita Kri Kri,Fresh & Local///Nuts & Spices///Mixed Nuts,Al Rifai,Delightfully crispy and crunchy almond snack,Almendrita Kri Kri,22.25,22.25,pcs,100,10,0,https://images.deliveryhero.io/image/menu-import-gateway-prd/regions/ME/chains/HS-RIFA/feef22164ac2ab56036790968d16614f.jpg
en,ALRF-0062,Sunflower Kernel Seeds Salted Jar,Fresh & Local///Nuts & Spices///Mixed Nuts,Al Rifai,‭ ‬nutty and crunchy sunflower seeds perfect for snacking or adding texture to dishes,Sunflower Kernel Seeds Salted Jar,12.0,12.0,pcs,100,10,0,https://images.deliveryhero.io/image/menu-import-gateway-prd/regions/ME/chains/HS-RIFA/ce1ac397c4c67bc8951d491905c72dcc.jpg
en,ALRF-0063,Pumpkin Kernel Seeds Salted Jar,Fresh & Local///Nuts & Spices///Mixed Nuts,Al Rifai,Crunchy pumpkin seeds lightly salted for a savory snack‭.‬,Pumpkin Kernel Seeds Salted Jar,14.0,14.0,pcs,100,10,0,https://images.deliveryhero.io/image/menu-import-gateway-prd/regions/ME/chains/HS-RIFA/16a57e4d2a568c7e766eb47f8a66069f.jpg
en,ALRF-0064,Pistachio Mawardi,Fresh & Local///Nuts & Spices///Mixed Nuts,Al Rifai,"Premium halabi pistachios, carefully roasted and light in color, with a crispy texture and perfect light salty flavor",Pistachio Mawardi,49.75,49.75,pcs,100,10,0,https://images.deliveryhero.io/image/menu-import-gateway-prd/regions/ME/chains/HS-RIFA/111cf9b05067500b31c349534056ded4.jpg
en,ALRF-0065,Pistashio Saffron,Fresh & Local///Nuts & Spices///Mixed Nuts,Al Rifai,"Crispy pistachios coated with premium saffron flavor. distinct golden color and a rich, indulgent royal taste.",Pistashio Saffron,36.25,36.25,pcs,100,10,0,https://images.deliveryhero.io/image/menu-import-gateway-prd/regions/ME/chains/HS-RIFA/c0bed87dcd73465117f590ab6ad5ce17.jpg
en,ALRF-0066,Chickpea Yellow,Fresh & Local///Nuts & Spices///Mixed Nuts,Al Rifai,Crispy chickpeas roasted to perfection‭.‬,Chickpea Yellow,9.75,9.75,pcs,100,10,0,https://images.deliveryhero.io/image/menu-import-gateway-prd/regions/ME/chains/HS-RIFA/273172baa1ccb540be622d1a43a872c9.jpg
en,ALRF-0067,Brazillian Mix,Fresh & Local///Nuts & Spices///Mixed Nuts,Al Rifai,Rich and creamy brazilian nuts with a buttery texture,Brazillian Mix,32.0,32.0,pcs,100,10,0,https://images.deliveryhero.io/image/menu-import-gateway-prd/regions/ME/chains/HS-RIFA/2dc880d2cc370a014b3d5ad0d56063f8.png
en,ALRF-0068,Brazil Nuts,Fresh & Local///Nuts & Spices///Mixed Nuts,Al Rifai,Rich and creamy brazilian nuts with a buttery texture,Brazil Nuts,37.0,37.0,pcs,100,10,0,https://images.deliveryhero.io/image/menu-import-gateway-prd/regions/ME/chains/HS-RIFA/d6cedba90afc35d17ee692ee3305a287.jpg
en,ALRF-0069,Pumpkin Seed,Fresh & Local///Nuts & Spices///Mixed Nuts,Al Rifai,"Al rifai pumpkin seeds taste a nutritious snack option that is crunchy and loaded with protein, healthy fats and vitamins, perfect for boosting energy levels and snacking.",Pumpkin Seed,12.25,12.25,pcs,100,10,0,https://images.deliveryhero.io/image/menu-import-gateway-prd/regions/ME/chains/HS-RIFA/97e503a3538cb64260c54dd100b54449.jpg
en,ALRF-0070,Pumpkin Seed Unsalted,Fresh & Local///Nuts & Spices///Mixed Nuts,Al Rifai,"Al rifai unsalted pumpkin seeds are rich in antioxidants, fiber and essential minerals such as zinc and magnesium, ideal for snacks.",Pumpkin Seed Unsalted,12.25,12.25,pcs,100,10,0,https://images.deliveryhero.io/image/menu-import-gateway-prd/regions/ME/chains/HS-RIFA/cbb89e6448b650c224bfa53452160163.jpg
en,ALRF-0071,Melon Seed,Fresh & Local///Nuts & Spices///Mixed Nuts,Al Rifai,Enjoy the crunchy texture of al rifai melon seed. best choice as a snack,Melon Seed,19.5,19.5,pcs,100,10,0,https://images.deliveryhero.io/image/menu-import-gateway-prd/regions/ME/chains/HS-RIFA/a63abb6e4b66159753dcf310efc12167.jpg
en,ALRF-0072,Seed Smoked,Fresh & Local///Nuts & Spices///Mixed Nuts,Al Rifai,"Discover the distinctive taste of al rifai smoked cantaloupe, which offers a unique and delicious snack option",Seed Smoked,19.5,19.5,pcs,100,10,0,https://images.deliveryhero.io/image/menu-import-gateway-prd/regions/ME/chains/HS-RIFA/f4fb7d0302807775e8864f39170cb14c.jpg
en,ALRF-0073,Sunflower Seed,Fresh & Local///Nuts & Spices///Mixed Nuts,Al Rifai,"Al rifai sunflower seeds, rich in essential nutrients and antioxidants, are ideal for snacks",Sunflower Seed,8.75,8.75,pcs,100,10,0,https://images.deliveryhero.io/image/menu-import-gateway-prd/regions/ME/chains/HS-RIFA/b53b013b218a2509c9f02a9dc3cb99ae.jpg
en,ALRF-0074,Egyptian Seed,Fresh & Local///Nuts & Spices///Mixed Nuts,Al Rifai,"Enjoy the natural goodness of egyptian seeds from al rifai, a healthy snack option at any time of the day.",Egyptian Seed,10.5,10.5,pcs,100,10,0,https://images.deliveryhero.io/image/menu-import-gateway-prd/regions/ME/chains/HS-RIFA/4863735eaec5c6908a005fdcb925c862.jpg
en,ALRF-0075,Dafah Seed,Fresh & Local///Nuts & Spices///Mixed Nuts,Al Rifai,"Taste al rifai's crunchy and nutritious seeds, which offer the perfect healthy snack option to enjoy on the go",Dafah Seed,19.5,19.5,pcs,100,10,0,https://images.deliveryhero.io/image/menu-import-gateway-prd/regions/ME/chains/HS-RIFA/9d3ab89d0a26bb1f74037386989b2c6b.jpg
en,ALRF-0076,Egyptian Seed Smoked,Fresh & Local///Nuts & Spices///Mixed Nuts,Al Rifai,"Enjoy the distinctive taste of al rifai smoked egyptian seeds, which offer a unique twist on traditional seeds with their irresistible aroma and delicious taste.",Egyptian Seed Smoked,11.5,11.5,pcs,100,10,0,https://images.deliveryhero.io/image/menu-import-gateway-prd/regions/ME/chains/HS-RIFA/8ce590037a0b797f5021c586828e2861.jpg
en,ALRF-0077,Sunflower Seed Smoked,Fresh & Local///Nuts & Spices///Mixed Nuts,Al Rifai,Al rifai smoked sunflower seeds are delicious and perfect for snacks and gatherings,Sunflower Seed Smoked,10.5,10.5,pcs,100,10,0,https://images.deliveryhero.io/image/menu-import-gateway-prd/regions/ME/chains/HS-RIFA/46f1d5eb8de47262bc99afad79e09690.jpg
en,ALRF-0078,Extra Extra Mix,Fresh & Local///Nuts & Spices///Mixed Nuts,Al Rifai,"Indulge in al rifai extra extra mix, which includes a premium selection of nuts and seeds that are extremely crunchy and varied, perfect to satisfy your snack cravings.",Extra Extra Mix,34.5,34.5,pcs,100,10,0,https://images.deliveryhero.io/image/menu-import-gateway-prd/regions/ME/chains/HS-RIFA/09b217482dddf1a90dde759fc46e6ccd.jpg
en,ALRF-0079,Super Deluxe Mix Unsalted,Fresh & Local///Nuts & Spices///Mixed Nuts,Al Rifai,"Al rifai's luxurious assortment of mixed nuts, free of added salt, is a delicious snack",Super Deluxe Mix Unsalted,26.25,26.25,pcs,100,10,0,https://images.deliveryhero.io/image/menu-import-gateway-prd/regions/ME/chains/HS-RIFA/af396a32ef5c170ae077a31d59b878a3.jpg
en,ALRF-0080,Unsalted Gloubat Mix,Fresh & Local///Nuts & Spices///Mixed Nuts,Al Rifai,"Try our premium unsalted mix nuts that contain cashew, almonds, pistachio & hazelnuts",Unsalted Gloubat Mix,32.0,32.0,pcs,100,10,0,https://images.deliveryhero.io/image/menu-import-gateway-prd/regions/ME/chains/HS-RIFA/0df749b471bbc283f1e469455a1d8f49.jpg
en,ALRF-0081,Super Deluxe Mix,Fresh & Local///Nuts & Spices///Mixed Nuts,Al Rifai,"Al rifai's delicious blend of nuts and seeds, formulated to provide a snacking experience with a perfectly balanced texture",Super Deluxe Mix,24.75,24.75,pcs,100,10,0,https://images.deliveryhero.io/image/menu-import-gateway-prd/regions/ME/chains/HS-RIFA/14762daf2040ddaeb3f35c0d22981e9b.jpg
en,ALRF-0082,Gloubat Mix,Fresh & Local///Nuts & Spices///Mixed Nuts,Al Rifai,"Taste the distinctive mixture of a variety of pistachios, raw almonds, cashews and authentic pecans from al-rifai roasters with this special assortment, which is one of the best-selling items in al-rifai.",Gloubat Mix,32.0,32.0,pcs,100,10,0,https://images.deliveryhero.io/image/menu-import-gateway-prd/regions/ME/chains/HS-RIFA/3f6e8f23a16a171e23b35743f6f8fbaf.jpg
en,ALRF-0083,Gathering Mix,Fresh & Local///Nuts & Spices///Mixed Nuts,Al Rifai,"Enjoy a variety of distinctive nuts and seeds with al rifai gathering mix, which contains a mixture of nuts and seeds ideal for sharing with friends and family during gatherings or enjoying as a healthy snack.",Gathering Mix,14.75,14.75,pcs,100,10,0,https://images.deliveryhero.io/image/menu-import-gateway-prd/regions/ME/chains/HS-RIFA/c5391ca51fb14851c152c481ec5b132a.jpg
en,ALRF-0084,Gathering Mix Spicy,Fresh & Local///Nuts & Spices///Mixed Nuts,Al Rifai,"Add excitement to your gatherings with al rifai spicy gathering mix, which features a blend of nuts and seeds seasoned with a fiery spice blend, perfect for adding a twist to your snacking experience.",Gathering Mix Spicy,14.75,14.75,pcs,100,10,0,https://images.deliveryhero.io/image/menu-import-gateway-prd/regions/ME/chains/HS-RIFA/9c9e774bdc3cdbc652019b6ae552aa74.jpg
en,ALRF-0085,Assorted Mix,Fresh & Local///Nuts & Spices///Mixed Nuts,Al Rifai,A selection of the finest roasted nuts presented to you by al rifai for a light and filling experience.,Assorted Mix,19.75,19.75,pcs,100,10,0,https://images.deliveryhero.io/image/menu-import-gateway-prd/regions/ME/chains/HS-RIFA/e464d3cded756389aa2eeebe6b839f28.jpg
en,ALRF-0086,Energy Mix,Fresh & Local///Nuts & Spices///Mixed Nuts,Al Rifai,"Fuel your day with al rifai energy mix, which features a blend of nuts and seeds packed with protein, fiber and essential nutrients, providing a healthy and energizing snack option.",Energy Mix,32.0,32.0,pcs,100,10,0,https://images.deliveryhero.io/image/menu-import-gateway-prd/regions/ME/chains/HS-RIFA/1a29ca143c93ee2ec751b6c897e31a09.jpg
en,ALRF-0087,Keto Mix,Fresh & Local///Nuts & Spices///Mixed Nuts,Al Rifai,"Stay on track with your keto diet with al rifai keto mix, which features a blend of low-carb nuts and seeds perfect for satiating your hunger and keeping you energized throughout the day.",Keto Mix,32.0,32.0,pcs,100,10,0,https://images.deliveryhero.io/image/menu-import-gateway-prd/regions/ME/chains/HS-RIFA/f0719205faaa2c5cd6dd0153237b2c55.jpg
en,ALRF-0088,Omega Mix,Fresh & Local///Nuts & Spices///Mixed Nuts,Al Rifai,Try the omega blend which contains many essential nutrients al-rifai,Omega Mix,32.0,32.0,pcs,100,10,0,https://images.deliveryhero.io/image/menu-import-gateway-prd/regions/ME/chains/HS-RIFA/a5cbbf35eedf3186239329a3a0a59fda.jpg
en,ALRF-0089,Antioxidant Mix,Fresh & Local///Nuts & Spices///Mixed Nuts,Al Rifai,,Antioxidant Mix,32.0,32.0,pcs,100,10,0,https://images.deliveryhero.io/image/menu-import-gateway-prd/regions/ME/chains/HS-RIFA/a6ccd9be61baf50fb79432cfd4af3798.jpg
en,ALRF-0090,Raw Cashew 380g,Fresh & Local///Nuts & Spices///Mixed Nuts,Al Rifai,"Enjoy the taste of al rifai raw cashews, versatile to enjoy on their own, or use as a topping for different dishes.",Raw Cashew 380g,47.0,47.0,pcs,100,10,0,https://images.deliveryhero.io/image/menu-import-gateway-prd/regions/ME/chains/HS-RIFA/5dbc7915593c5c97b4a99536a6e0ad66.png
en,ALRF-0091,Raw Almond 400g,Fresh & Local///Nuts & Spices///Mixed Nuts,Al Rifai,"Al rifai raw almonds are packed with essential nutrients like vitamin e, magnesium and protein, making them a healthy and satisfying snack option.",Raw Almond 400g,49.0,49.0,pcs,100,10,0,https://images.deliveryhero.io/image/menu-import-gateway-prd/regions/ME/chains/HS-RIFA/0a3f21fed1cff13e90623be3d5e5e8d4.png
en,ALRF-0092,Raw Almond Sliced 150g,Fresh & Local///Nuts & Spices///Mixed Nuts,Al Rifai,"Sliced almonds, from al rifai, are ideal for adding nutrients to cereals, yoghurt and desserts while providing a rich source of protein, fiber and healthy fats.",Raw Almond Sliced 150g,20.0,20.0,pcs,100,10,0,https://images.deliveryhero.io/image/menu-import-gateway-prd/regions/ME/chains/HS-RIFA/977fbd7f454ce7f6d836f561859d979c.jpg
en,ALRF-0093,Raw Pecan 300g,Fresh & Local///Nuts & Spices///Mixed Nuts,Al Rifai,"Enjoy the health benefits of al rifai raw pecans, packed with heart-healthy fats, fiber and essential nutrients for a nutritious, satisfying snack option that's perfect for any time of the day.",Raw Pecan 300g,52.0,52.0,pcs,100,10,0,https://images.deliveryhero.io/image/menu-import-gateway-prd/regions/ME/chains/HS-RIFA/22a9c50beb57a71e8ef8b9ccd5524399.png
en,ALRF-0094,Raw Pistachio Kernels 200g,Fresh & Local///Nuts & Spices///Mixed Nuts,Al Rifai,"Enjoy the natural taste and crunch of al rifai raw pistachios, which feature premium pistachios that have been peeled and carefully selected for their quality, making them perfect for snacking or adding to your favourite recipes.",Raw Pistachio Kernels 200g,64.0,64.0,pcs,100,10,0,https://images.deliveryhero.io/image/menu-import-gateway-prd/regions/ME/chains/HS-RIFA/cca397dba4f575a614a3786d052e6b03.png
en,ALRF-0095,Raw Pinenuts 130g,Fresh & Local///Nuts & Spices///Mixed Nuts,Al Rifai,"Enjoy the taste of al rifai raw pine nuts, ideal for adding a touch of luxury to salads and desserts",Raw Pinenuts 130g,72.0,72.0,pcs,100,10,0,https://images.deliveryhero.io/image/menu-import-gateway-prd/regions/ME/chains/HS-RIFA/b09ab21906c970cfdc918ecbc96ff081.jpg
en,ALRF-0096,Almond Powder Jar,Fresh & Local///Nuts & Spices///Mixed Nuts,Al Rifai,"Very finely ground almonds. 100% natural and nutrient-rich for a healthy, full flavor",Almond Powder Jar,28.0,28.0,pcs,100,10,0,https://images.deliveryhero.io/image/menu-import-gateway-prd/regions/ME/chains/HS-RIFA/1b9b956428a9ddf4b8ba9275e2625b34.jpg
en,ALRF-0097,Quinoa Seeds 270g,Supermarket///Retail///Packaged Products,Al Rifai,"Discover the many nutritional benefits of al rifai quinoa seeds, which feature small seeds packed with protein, fibre, and essential vitamins and minerals, making them a nutritious and versatile ingredient for salads, stir-fries and grain bowls.",Quinoa Seeds 270g,29.0,29.0,pcs,100,10,0,https://images.deliveryhero.io/image/menu-import-gateway-prd/regions/ME/chains/HS-RIFA/89e24bfd7a61104931b47443d9b73cf1.jpg
en,ALRF-0098,Indian Cardamom 250g,Supermarket///Retail///Packaged Products,Al Rifai,"Elevate your culinary creativity with al rifai indian cardamom, available in convenient pack sizes to suit your cooking needs.",Indian Cardamom 250g,77.0,77.0,pcs,100,10,0,https://images.deliveryhero.io/image/menu-import-gateway-prd/regions/ME/chains/HS-RIFA/7237e8324f6397b96acb02e241c647c7.jpg
en,ALRF-0099,Honey Himalayan 240g,Supermarket///Retail///Packaged Products,Al Rifai,"Discover the unique taste of al rifai himalayan honey, featuring pure honey harvested from the pure himalayas for the perfect rich and delicious sweetener.",Honey Himalayan 240g,38.0,38.0,pcs,100,10,0,https://images.deliveryhero.io/image/menu-import-gateway-prd/regions/ME/chains/HS-RIFA/b6964b6d330ecb2e08ed103520a7a073.jpg
en,ALRF-0100,Pomegranate Molasses 500ml,Supermarket///Retail///Packaged Products,Al Rifai,"Add a touch of distinctive taste to your dishes with al rifai pomegranate molasses, a syrup made from concentrated pomegranate juice, ideal for marinades and sauces.",Pomegranate Molasses 500ml,25.0,25.0,pcs,100,10,0,https://images.deliveryhero.io/image/menu-import-gateway-prd/regions/ME/chains/HS-RIFA/f79315fa45998897a8ac457cd8425a3a.jpg
en,ALRF-0101,Rose Water 500ml,Supermarket///Retail///Packaged Products,Al Rifai,"Al rifai rose water has the perfect floral taste and aroma, ideal for enhancing desserts, drinks and savory dishes with its refreshing essence.",Rose Water 500ml,20.0,20.0,pcs,100,10,0,https://images.deliveryhero.io/image/menu-import-gateway-prd/regions/ME/chains/HS-RIFA/d51effa961fe6095b72ee978cc231f76.jpg
en,ALRF-0102,Special Halabi Thyme 450g,Supermarket///Retail///Packaged Products,Al Rifai,"A special blend of aleppo thyme from al rifai, selected and packaged with great care to preserve its freshness and properties, and enhance dishes with their distinctive taste.",Special Halabi Thyme 450g,32.0,32.0,pcs,100,10,0,https://images.deliveryhero.io/image/menu-import-gateway-prd/regions/ME/chains/HS-RIFA/8715910fa39eaa8fe34a5f659047058b.png
en,ALRF-0103,Premium Green Thyme 350g,Supermarket///Retail///Packaged Products,Al Rifai,"Discover the luxurious green thyme from al rifai. this 400g package delivers the taste of pure, vibrant green thyme, harvested at the peak of its maturity for maximum flavor.",Premium Green Thyme 350g,32.0,32.0,g,100,10,0,https://images.deliveryhero.io/image/menu-import-gateway-prd/regions/ME/chains/HS-RIFA/4cc7a897999acac09808d2aeeb99d331.png
en,ALRF-0104,Mix Pancakes & Waffles 250g,Supermarket///Retail///Packaged Products,Al Rifai,"Enjoy al rifai waffle and pancake mix, which features a versatile baking mix that makes it easy to prepare fluffy pancakes or crispy pancakes in minutes, making them perfect for a delicious and enjoyable breakfast or lunch.",Mix Pancakes & Waffles 250g,21.0,21.0,pcs,100,10,0,https://images.deliveryhero.io/image/menu-import-gateway-prd/regions/ME/chains/HS-RIFA/e9045621728451f7e552a311c0ea1aad.png
en,ALRF-0105,Mix Muffins 400g,Supermarket///Retail///Packaged Products,Al Rifai,"Indulge in the goodness of al rifai muffin mix, which features a versatile baking mix that allows you to create moist and delicious muffins.",Mix Muffins 400g,18.0,18.0,pcs,100,10,0,https://images.deliveryhero.io/image/menu-import-gateway-prd/regions/ME/chains/HS-RIFA/fffb8ba5be9edc08b0a980bac0ac85e9.png
en,ALRF-0106,Mix Bread Pizza 400g,Supermarket///Retail///Packaged Products,Al Rifai,"Make delicious pizza at home with al rifai bread and pizza mix, featuring a comforting bread mix that transforms into a delicious pizza crust when combined with your favourite toppings, perfect for a quick and easy dinner or snack.",Mix Bread Pizza 400g,20.0,20.0,pcs,100,10,0,https://images.deliveryhero.io/image/menu-import-gateway-prd/regions/ME/chains/HS-RIFA/bb0c71b7e8f15c13ec79406205f5c430.png
en,ALRF-0107,Mix Base Universal 450g,Supermarket///Retail///Packaged Products,Al Rifai,"Elevate your baking with al rifai all-purpose mix, which features a versatile batter mix that can be used as a base for a variety of sweet and savory recipes, from cakes and biscuits to sweet pies and savory tarts.",Mix Base Universal 450g,19.0,19.0,pcs,100,10,0,https://images.deliveryhero.io/image/menu-import-gateway-prd/regions/ME/chains/HS-RIFA/f92d6c3965efc5a4527870119000842b.png
en,ALRF-0108,Chia Seeds Jar,Supermarket///Retail///Packaged Products,Al Rifai,"Super-seeds packed with omega-3, fiber, and protein. perfect for boosting your energy and daily health.",Chia Seeds Jar,29.0,29.0,pcs,100,10,0,https://images.deliveryhero.io/image/menu-import-gateway-prd/regions/ME/chains/HS-RIFA/abb6f119864fc5a9049b9c41b291384c.jpg
en,ALRF-0109,Saffron 3g,Supermarket///Retail///Packaged Products,Al Rifai,"The red gold; luxurious threads with a fine aroma, unique flavor, and deep color. a royal touch for your dishes and beverages",Saffron 3g,75.0,75.0,pcs,100,10,0,https://images.deliveryhero.io/image/menu-import-gateway-prd/regions/ME/chains/HS-RIFA/0216e19f8531b76511aae57abb2ff208.jpg
en,ALRF-0110,French Coffee Vanilla,Supermarket///Retail///Beverages,Al Rifai,"Indulge in the distinctive taste of al rifai french vanilla coffee, which features a blend of premium coffee beans mixed with a rich and intense vanilla taste.",French Coffee Vanilla,24.0,24.0,pcs,100,10,0,https://images.deliveryhero.io/image/menu-import-gateway-prd/regions/ME/chains/HS-RIFA/1a09e8b02c4679a3332dfb5b81b19901.jpeg
en,ALRF-0111,French Coffee Hazelnut,Supermarket///Retail///Beverages,Al Rifai,"Taste the delicious and distinctive taste of al-rifai french hazelnut coffee, which is characterized by a mixture of premium coffee beans mixed with the delicious taste of hazelnuts.",French Coffee Hazelnut,26.25,26.25,pcs,100,10,0,https://images.deliveryhero.io/image/menu-import-gateway-prd/regions/ME/chains/HS-RIFA/634eccd6593fcf34fba73cb7aadd5310.jpg
en,ALRF-0112,French Coffee Hazelnut 250g,Supermarket///Retail///Beverages,Al Rifai,"Try al rifai hazelnut french coffee, which features premium coffee beans mixed with an irresistible hazelnut taste for a delightful coffee experience that is perfect at any time of the day.",French Coffee Hazelnut 250g,28.0,28.0,pcs,100,10,0,https://images.deliveryhero.io/image/menu-import-gateway-prd/regions/ME/chains/HS-RIFA/951ae79207f6c65d8613cdddc9540c14.jpg
en,ALRF-0113,Dried Ginger 250g,Supermarket///Retail///Breakfast & Snacks,Al Rifai,"Enjoy the spicy and refreshing taste of al rifai dried ginger, which features slices of ginger root that have been dried to intensify their taste and aroma, making them perfect for adding to tea, baked goods or savory dishes.",Dried Ginger 250g,25.0,25.0,pcs,100,10,0,https://images.deliveryhero.io/image/menu-import-gateway-prd/regions/ME/chains/HS-RIFA/ec2bbe5d9b53a125076d62919b71c8a4.jpg
en,ALRF-0114,Dried Pineapple 200g,Supermarket///Retail///Breakfast & Snacks,Al Rifai,"Indulge in the tropical sweetness of al rifai dried pineapple, featuring slices of dried pineapple to retain its natural taste and sweetness, making it a delicious and convenient snacking option on the go.",Dried Pineapple 200g,28.0,28.0,pcs,100,10,0,https://images.deliveryhero.io/image/menu-import-gateway-prd/regions/ME/chains/HS-RIFA/bb54970954648b992ede9bb8de9d44f2.jpg
en,ALRF-0115,Dried Mango 200g,Supermarket///Retail///Breakfast & Snacks,Al Rifai,"Al rifai dried mango, featuring slices of mango that have been dried to perfection for a chewy and delicious snack option packed with tropical taste and natural goodness.",Dried Mango 200g,28.0,28.0,pcs,100,10,0,https://images.deliveryhero.io/image/menu-import-gateway-prd/regions/ME/chains/HS-RIFA/7d5a60613e7fb51393e7011719bfec31.jpg
en,ALRF-0116,Dried Cranberry 250g,Supermarket///Retail///Breakfast & Snacks,Al Rifai,"Enjoy al rifai dried cranberries cranberries have been dried for a delicious and nutritious snack option perfect for adding to trail mix, salads or baked goods.",Dried Cranberry 250g,25.0,25.0,pcs,100,10,0,https://images.deliveryhero.io/image/menu-import-gateway-prd/regions/ME/chains/HS-RIFA/e2e524d8ee07c2c8d46707637abaea79.jpg
en,ALRF-0117,Black Raisin 250g,Supermarket///Retail///Breakfast & Snacks,Al Rifai,"Al rifai's signature black raisins, which have been dried for a naturally nutritious snack option",Black Raisin 250g,25.0,25.0,pcs,100,10,0,https://images.deliveryhero.io/image/menu-import-gateway-prd/regions/ME/chains/HS-RIFA/801c250a9e382bb8014b42256016cd58.jpg
en,ALRF-0118,Dried Apricot 250g,Supermarket///Retail///Breakfast & Snacks,Al Rifai,"Indulge in the al rifai dried apricot experience. it features apricots that have been dried to preserve their natural sweetness and flavour, making them a delicious and convenient snack option at any time of the day.",Dried Apricot 250g,32.0,32.0,pcs,100,10,0,https://images.deliveryhero.io/image/menu-import-gateway-prd/regions/ME/chains/HS-RIFA/3434b6b234809bb6c391554638f93114.jpg
en,ALRF-0119,Dried Figs 250g,Supermarket///Retail///Breakfast & Snacks,Al Rifai,"Al rifai dried figs, featuring, sweet figs that have been dried to perfection for a satisfying snack option packed with nutrients.",Dried Figs 250g,32.0,32.0,pcs,100,10,0,https://images.deliveryhero.io/image/menu-import-gateway-prd/regions/ME/chains/HS-RIFA/6bd0da1c20b7863f99acfb56304d1f2a.jpg
en,ALRF-0120,Coconut Chips Pineapple 40g,Supermarket///Retail///Breakfast & Snacks,Al Rifai,"Enjoy the tropical sweetness of our pineapple coconut chips, offering a delicious and exotic snack option perfect for satisfying your cravings for something sweet and fruity.",Coconut Chips Pineapple 40g,7.0,7.0,pcs,100,10,0,https://images.deliveryhero.io/image/menu-import-gateway-prd/regions/ME/chains/HS-RIFA/3aa854e26a2ca7b889b2b165321f2494.jpg
en,ALRF-0121,Coconut Chips Chocolate 40g,Supermarket///Retail///Breakfast & Snacks,Al Rifai,"Indulge in the exquisite combination of al rifai coconut flakes chocolate, which features a rich and distinct chocolate taste with a tropical coconut taste for a delightful snack experience.",Coconut Chips Chocolate 40g,7.0,7.0,pcs,100,10,0,https://images.deliveryhero.io/image/menu-import-gateway-prd/regions/ME/chains/HS-RIFA/25a4fc2ad2804969d1a82af1c98425c6.jpg
en,ALRF-0122,Dragon Fruit 200g,Supermarket///Retail///Breakfast & Snacks,Al Rifai,,Dragon Fruit 200g,28.0,28.0,pcs,100,10,0,https://images.deliveryhero.io/image/menu-import-gateway-prd/regions/ME/chains/HS-RIFA/77c04f5c7fea2d7e035e470f9dcdc122.jpg
en,ALRF-0123,Bora Bora Mix 400g,Supermarket///Retail///Breakfast & Snacks,Al Rifai,,Bora Bora Mix 400g,48.0,48.0,pcs,100,10,0,https://images.deliveryhero.io/image/menu-import-gateway-prd/regions/ME/chains/HS-RIFA/0384d4fed3478e009c726cfd63ed662e.jpg
en,ALRF-0124,Dried Persimmon 200g,Supermarket///Retail///Breakfast & Snacks,Al Rifai,,Dried Persimmon 200g,28.0,28.0,pcs,100,10,0,https://images.deliveryhero.io/image/menu-import-gateway-prd/regions/ME/chains/HS-RIFA/145a4e2a6d9efecfca9cb4cc46402d89.jpg
en,ALRF-0125,Berry Tropical Fd 60 G,Supermarket///Retail///Breakfast & Snacks,Al Rifai,,Berry Tropical Fd 60 G,25.0,25.0,pcs,100,10,0,https://images.deliveryhero.io/image/menu-import-gateway-prd/regions/ME/chains/HS-RIFA/044d508366cd3357ed29c0451f1080e2.jpg
en,ALRF-0126,Qamer Eldeen Strawberry 300g,Supermarket///Retail///Breakfast & Snacks,Al Rifai,,Qamer Eldeen Strawberry 300g,12.0,12.0,pcs,100,10,0,https://images.deliveryhero.io/image/menu-import-gateway-prd/regions/ME/chains/HS-RIFA/71a5d1b0c79ec36b9a1c389a4429e9a7.jpg
en,ALRF-0127,Qamer Eldeen Blackberry Veneto 300g,Supermarket///Retail///Breakfast & Snacks,Al Rifai,,Qamer Eldeen Blackberry Veneto 300g,12.0,12.0,pcs,100,10,0,https://images.deliveryhero.io/image/menu-import-gateway-prd/regions/ME/chains/HS-RIFA/7c18d6fc92a207fbf47b14daa4acf385.jpg
en,ALRF-0128,Dates Ajwa   7 Pcs,Supermarket///Retail///Breakfast & Snacks,Al Rifai,"Unique taste, soft texture, rich in antioxidants and benefits.",Dates Ajwa   7 Pcs,18.0,18.0,pcs,100,10,0,https://images.deliveryhero.io/image/menu-import-gateway-prd/regions/ME/chains/HS-RIFA/72d74ad1f7557d8e95ce16362747661b.jpg
en,ALRF-0129,Chestnuts,Supermarket///Retail///Breakfast & Snacks,Al Rifai,"Enjoy the rich, distinct taste of al rifai chestnuts, a versatile ingredient perfect for snacking on its own, adding to savory dishes, or incorporating into sweet desserts for a delicious signature taste.",Chestnuts,10.0,10.0,pcs,100,10,0,https://images.deliveryhero.io/image/menu-import-gateway-prd/regions/ME/chains/HS-RIFA/55441d284c67470bd6ccc926762fde0d.jpg
en,ALRF-0130,Popnuts Cashew,Supermarket///Retail///Breakfast & Snacks,Al Rifai,"Pop nuts popcorn with cashew crackers made with high quality ingredients, specially made to deliver the great taste of al rifai",Popnuts Cashew,15.0,15.0,pcs,100,10,0,https://images.deliveryhero.io/image/menu-import-gateway-prd/regions/ME/chains/HS-RIFA/3a996c280c12d8b3105b9f0e72b032a5.jpg
en,ALRF-0131,Popnuts Almonds,Supermarket///Retail///Breakfast & Snacks,Al Rifai,"Pop nutspopcorn with almond crackersmade with high quality ingredients, specially made to deliver the great taste of al rifai",Popnuts Almonds,15.0,15.0,pcs,100,10,0,https://images.deliveryhero.io/image/menu-import-gateway-prd/regions/ME/chains/HS-RIFA/7581d0f46aaa5c565a6ecc8b221ad4b2.jpg
en,ALRF-0132,Popnuts Peanuts,Supermarket///Retail///Breakfast & Snacks,Al Rifai,"Pop nutspopcorn with bean crackers sudanese ni with high quality ingredients, specially made to deliver the great taste of al rifai",Popnuts Peanuts,15.0,15.0,pcs,100,10,0,https://images.deliveryhero.io/image/menu-import-gateway-prd/regions/ME/chains/HS-RIFA/5f1e9ad203350dc2a8b1fe02b42adad3.jpeg
en,ALRF-0133,Mini Dried Apple Chips 15g,Supermarket///Retail///Breakfast & Snacks,Al Rifai,"Al rifai dried apple chips are a healthy snack perfect for those who love the natural sweetness of apples. this 15g package contains thin slices of apple that have been carefully dried to preserve their crunch and delicious taste. perfect for a quick snack on the go, these chips offer a guilt-free way to satisfy your sweet tooth.",Mini Dried Apple Chips 15g,7.0,7.0,g,100,10,0,https://images.deliveryhero.io/image/menu-import-gateway-prd/regions/ME/chains/HS-RIFA/ae22ce5808b5365cf8e3f88b0a79f69f.jpg
en,ALRF-0134,Mini Dried Strawberry Chips 15g,Supermarket///Retail///Breakfast & Snacks,Al Rifai,"Al rifai dried strawberry wafers are a delicious treat, offering the perfect blend of sweetness and tartness in a crunchy snack. this 15g pack contains slices of strawberries that have been dried to capture their essence and distinctive flavour. versatile as a delicious snack or a sweet addition to breakfast cereals or yogurt. these strawberry chips are a great option.",Mini Dried Strawberry Chips 15g,7.0,7.0,g,100,10,0,https://images.deliveryhero.io/image/menu-import-gateway-prd/regions/ME/chains/HS-RIFA/b37d41f2c3404bc66be50c7ff865c92d.jpg
en,ALRF-0135,Mini Dried Beetroot Chips 15g,Supermarket///Retail///Breakfast & Snacks,Al Rifai,"Al rifai dried beetroot chips are a vibrant and nutritious snack option that brings the sweet taste of beets in a crunchy and delicious form. this 15g packet captures the essence of beets, dried to perfection to preserve their nutritional value and flavour, perfect for those looking for a healthy and delicious snack.",Mini Dried Beetroot Chips 15g,7.0,7.0,g,100,10,0,https://images.deliveryhero.io/image/menu-import-gateway-prd/regions/ME/chains/HS-RIFA/ee686304be5750aeff54ce2b0fbd4805.jpg
en,ALRF-0136,Mini Dried Purple Sweet Potato Chips 15g,Supermarket///Retail///Breakfast & Snacks,Al Rifai,"Al rifai dried purple potato chips bring a splash of colour and a wealth of health benefits to your entertaining time. this 15g package contains slices of purple sweet potatoes, known for their antioxidant richness, dried to perfect crunch. these chips provide a unique taste experience, combining the natural sweetness of sweet potatoes with a delicious crunchy texture",Mini Dried Purple Sweet Potato Chips 15g,4.0,4.0,g,100,10,0,https://images.deliveryhero.io/image/menu-import-gateway-prd/regions/ME/chains/HS-RIFA/c5428276f0c5a5401aa77e806bb0b845.jpg
en,ALRF-0137,Malban Mix,Fresh & Local///Homemade Meals///Classic Sweets,Al Rifai,Taste al rifai’s distinctive selection of malban to suit your distinctive taste,Malban Mix,27.5,27.5,pcs,100,10,0,https://images.deliveryhero.io/image/menu-import-gateway-prd/regions/ME/chains/HS-RIFA/fd56d15241ba243aba22452d38d5bd32.jpg
en,ALRF-0138,Baked Rice Crackers Mix,Supermarket///Retail///Breakfast & Snacks,Al Rifai,"Different and delicious variety, presented to you by al rifai to enjoy a healthy and delicious snack",Baked Rice Crackers Mix,18.0,18.0,pcs,100,10,0,https://images.deliveryhero.io/image/menu-import-gateway-prd/regions/ME/chains/HS-RIFA/2898d6f4b4848780580bbf7036337a49.jpg
en,ALRF-0139,Soka Bei Cheese Crackers 100g,Supermarket///Retail///Breakfast & Snacks,Al Rifai,"Indulge in the distinctive taste of al rifai's suka bay cheese crackers, featuring crunchy rice crackers generously topped with cheese seasoning for a delicious and addictive snack experience.",Soka Bei Cheese Crackers 100g,10.0,10.0,pcs,100,10,0,https://images.deliveryhero.io/image/menu-import-gateway-prd/regions/ME/chains/HS-RIFA/a6200c1d8a82adcf01033bb5ca9c91a7.png
en,ALRF-0140,Soka Bei Spicy Crackers 100g,Supermarket///Retail///Breakfast & Snacks,Al Rifai,"Enjoy a snack with al rifai's spicy suka bay crackers, featuring crunchy rice crackers seasoned with a distinctive blend of spices for a delicious snack option that will leave you wanting more.",Soka Bei Spicy Crackers 100g,10.0,10.0,pcs,100,10,0,https://images.deliveryhero.io/image/menu-import-gateway-prd/regions/ME/chains/HS-RIFA/1277d315738d3597df887a8e2233f744.png
en,ALRF-0141,Maamoul Dates,Supermarket///Retail///Bakery,Al Rifai,"Enjoy the rich and sweet taste of al rifai date stuffed maamoul, which makes a delicious and delicious meal perfect for satisfying your sweet tooth.",Maamoul Dates,52.0,52.0,pcs,100,10,0,https://images.deliveryhero.io/image/menu-import-gateway-prd/regions/ME/chains/HS-RIFA/c7835e77ef861042263d9edcffbe8f0a.jpg
en,ALRF-0142,Barazik 500g,Supermarket///Retail///Bakery,Al Rifai,"Barazek is one of the very delicious types of biscuits that many people love because of its beautiful and distinctive taste and is rich in sesame, presented to you fresh by al rifai.",Barazik 500g,52.0,52.0,pcs,100,10,0,https://images.deliveryhero.io/image/menu-import-gateway-prd/regions/ME/chains/HS-RIFA/e5df9bd9586b9b54586a554f943914eb.jpg
en,ALRF-0143,Semsemiah Plate,Supermarket///Retail///Bakery,Al Rifai,"Al rifai semsimiya is a traditional oriental dish made from sesame seeds, expertly prepared into a crunchy snack.",Semsemiah Plate,41.0,41.0,pcs,100,10,0,https://images.deliveryhero.io/image/menu-import-gateway-prd/regions/ME/chains/HS-RIFA/843beae574f6ce8d46fce54c4843d434.jpg
en,ALRF-0144,Gouraiba 500g,Supermarket///Retail///Bakery,Al Rifai,"Indulge in al-rifai's irresistible ghariba sweetness, a traditional middle eastern pastry made from buttery ghariba dough and filled with dates or nuts for a delicious meal.",Gouraiba 500g,52.0,52.0,pcs,100,10,0,https://images.deliveryhero.io/image/menu-import-gateway-prd/regions/ME/chains/HS-RIFA/ace2b1270e66d3362484f46af85caaf3.jpeg
en,ALRF-0145,Maamoul Cranberry,Supermarket///Retail///Bakery,Al Rifai,"Enjoy the perfect taste of maamoul stuffed with cranberries from al rifai, which provides a delightful touch and distinctive taste to the original taste of maamoul.",Maamoul Cranberry,52.0,52.0,pcs,100,10,0,https://images.deliveryhero.io/image/menu-import-gateway-prd/regions/ME/chains/HS-RIFA/90710527a5c106a73fc3350dbe6b1762.jpg
en,ALRF-0146,Maamoul Mixed Pistachio Walnut,Supermarket///Retail///Bakery,Al Rifai,"Indulge in the irresistible sweetness of maamoul mixed with pistachios and walnuts from al rifai, offering a delicious and delicious meal perfect for enjoying with a cup of tea or coffee.",Maamoul Mixed Pistachio Walnut,58.0,58.0,pcs,100,10,0,https://images.deliveryhero.io/image/menu-import-gateway-prd/regions/ME/chains/HS-RIFA/8a49ee8181416f8baf6330da6d48e1d3.png
en,ALRF-0147,Assorted Baklawa 250g,Supermarket///Retail///Bakery,Al Rifai,"Treat yourself to al rifai's assorted baklava sweets, which feature layers of delicate sweets filled with mixed nuts and sweetened with syrup or honey for a delightful dessert experience.",Assorted Baklawa 250g,43.0,43.0,pcs,100,10,0,https://images.deliveryhero.io/image/menu-import-gateway-prd/regions/ME/chains/HS-RIFA/896a90b2b89572951592d162a66c20dd.jpg
en,ALRF-0148,Maamoul Pecan No Added Sugar 500g,Supermarket///Retail///Bakery,Al Rifai,"Indulge yourself with al rifai's no added sugar pecan maamoul, with natural ingredients, perfect for satisfying your sweet tooth without added sugar.",Maamoul Pecan No Added Sugar 500g,52.0,52.0,pcs,100,10,0,https://images.deliveryhero.io/image/menu-import-gateway-prd/regions/ME/chains/HS-RIFA/a151538d16daa9257f01104f0dc7beee.png
en,ALRF-0149,Maamoul Oat Dates No Added Sugar 500g,Supermarket///Retail///Bakery,Al Rifai,"Enjoy the healthy taste of al rifai no added sugar date oat maamoul, which features a distinctive oat mixture filled with delicious dates and sweetened with natural ingredients, making it a delicious and healthy treat at any time of the day.",Maamoul Oat Dates No Added Sugar 500g,48.0,48.0,pcs,100,10,0,https://images.deliveryhero.io/image/menu-import-gateway-prd/regions/ME/chains/HS-RIFA/599a95ef953b717132830a366b7e49e8.png
en,ALRF-0150,Tivoli Sugar Free 142g,Supermarket///Retail///Bakery,Al Rifai,,Tivoli Sugar Free 142g,22.0,22.0,pcs,100,10,0,https://images.deliveryhero.io/image/menu-import-gateway-prd/regions/ME/chains/HS-RIFA/5851c36361715b725caf0bf1c8b44245.png
en,ALRF-0151,Tivoli Gluten Free 142g,Supermarket///Retail///Bakery,Al Rifai,,Tivoli Gluten Free 142g,22.0,22.0,pcs,100,10,0,https://images.deliveryhero.io/image/menu-import-gateway-prd/regions/ME/chains/HS-RIFA/0828efc99cebcb8df1b6f3b9839b75da.png
en,ALRF-0152,Rakwh No3,Supermarket///Retail///Household Products,Al Rifai,It is one of the most famous tools used to prepare turkish coffee,Rakwh No3,40.0,40.0,pcs,100,10,0,https://images.deliveryhero.io/image/menu-import-gateway-prd/regions/ME/chains/HS-RIFA/3665b3ece8ec28d6071fdad80e07c651.jpg
en,ALRF-0153,Rakwh No4,Supermarket///Retail///Household Products,Al Rifai,It is one of the most famous tools used to prepare turkish coffee,Rakwh No4,44.0,44.0,pcs,100,10,0,https://images.deliveryhero.io/image/menu-import-gateway-prd/regions/ME/chains/HS-RIFA/6df600c7d7b3b24376cac14fa8feb7a5.jpg
en,ALRF-0154,Rakwh No5,Supermarket///Retail///Household Products,Al Rifai,It is one of the most famous tools used to prepare turkish coffee,Rakwh No5,48.0,48.0,pcs,100,10,0,https://images.deliveryhero.io/image/menu-import-gateway-prd/regions/ME/chains/HS-RIFA/cc347de0b6c48195a7d69af5f1dfba79.jpg
en,ALRF-0155,Minis 18oz Water Bottle,Supermarket///Retail///Household Products,Al Rifai,,Minis 18oz Water Bottle,45.0,45.0,pcs,100,10,0,https://images.deliveryhero.io/image/menu-import-gateway-prd/regions/ME/chains/HS-RIFA/b565b8ac6083b7d8a5321c3f0945dddf.jpg
en,ALRF-0156,Back To School Launch Box,Supermarket///Retail///Household Products,Al Rifai,,Back To School Launch Box,45.0,45.0,pcs,100,10,0,https://images.deliveryhero.io/image/menu-import-gateway-prd/regions/ME/chains/HS-RIFA/63a300350d95bdc0f01c1f394176f282.jpg
en,ALRF-0157,Saffron Drink With Green Tea,Supermarket///Retail///Beverages,Al Rifai,"Al rifai offers saffron green tea is a drink that combines the health benefits of green tea with the unique taste and potential health properties of saffron. both green tea and saffron have been associated with various health benefits, and their combination creates a distinctive and aromatic blend.",Saffron Drink With Green Tea,39.0,39.0,pcs,100,10,0,https://images.deliveryhero.io/image/menu-import-gateway-prd/regions/ME/chains/HS-RIFA/eae5e0ccb38fead4fa68bee17ea0973d.jpeg
en,ALRF-0158,Cup A Tea Black Cinnamon Spices,Supermarket///Retail///Beverages,Al Rifai,"Warm your senses with this cinnamon spice black tea cup, featuring vintage black tea infused with the sweet and spicy taste of cinnamon for a relaxing and aromatic tea experience.",Cup A Tea Black Cinnamon Spices,21.0,21.0,pcs,100,10,0,https://images.deliveryhero.io/image/menu-import-gateway-prd/regions/ME/chains/HS-RIFA/bbc015cc1cfe1bf0ff8e9245d6cc3f05.jpg
en,ALRF-0159,Cup A Tea Green Turmeric Herbs,Supermarket///Retail///Beverages,Al Rifai,"Refresh your senses with a cup of al rifai turmeric herbal green tea, which features a refreshing blend of green tea mixed with the warm taste of turmeric and aromatic herbs for a soothing and invigorating beverage experience.",Cup A Tea Green Turmeric Herbs,21.0,21.0,pcs,100,10,0,https://images.deliveryhero.io/image/menu-import-gateway-prd/regions/ME/chains/HS-RIFA/7619f4443080f57845dc10942bdf2273.jpg
en,ALRF-0160,Cup A Tea Green Rose Cardamom,Supermarket///Retail///Beverages,Al Rifai,"Enjoy the distinctive and exotic taste of al rifai green, rose and cardamom tea, which features delicate green tea mixed with rose petal flower extract and aromatic cardamom spices for a fragrant and enchanting tea experience.",Cup A Tea Green Rose Cardamom,21.0,21.0,pcs,100,10,0,https://images.deliveryhero.io/image/menu-import-gateway-prd/regions/ME/chains/HS-RIFA/39d15f912f5f466c9e64a810940a0a9a.jpg
en,ALRF-0161,Hibiscus Jar 250g,Supermarket///Retail///Beverages,Al Rifai,,Hibiscus Jar 250g,25.0,25.0,pcs,100,10,0,https://images.deliveryhero.io/image/menu-import-gateway-prd/regions/ME/chains/HS-RIFA/9ae1512ed63e543dab0455dba0ba7892.jpg
en,ALRF-0162,Green Tea Citrus With Natural Lemon Oil 50g,Supermarket///Retail///Beverages,Al Rifai,,Green Tea Citrus With Natural Lemon Oil 50g,30.0,30.0,pcs,100,10,0,https://images.deliveryhero.io/image/menu-import-gateway-prd/regions/ME/chains/HS-RIFA/eee3fba0d79a00e5ddbfc0414dabe153.jpg
en,ALRF-0163,Black Tea Citrus With Ginger Cinnamon And Lemon 50g,Supermarket///Retail///Beverages,Al Rifai,"Enjoy al rifai's black tea citrus with ginger, cinnamon, and lemon. this 50g pack has rich black tea, fresh citrus, spicy ginger, warm cinnamon, and natural lemon oil. perfect for a warm and refreshing tea.",Black Tea Citrus With Ginger Cinnamon And Lemon 50g,30.0,30.0,g,100,10,0,https://images.deliveryhero.io/image/menu-import-gateway-prd/regions/ME/chains/HS-RIFA/62d6e819cc5e6e1895d7ee7dcb5c78fa.png
en,ALRF-0164,Black Tea With Pineapple Apple And Sea Buckthorn 120g,Supermarket///Retail///Beverages,Al Rifai,,Black Tea With Pineapple Apple And Sea Buckthorn 120g,45.0,45.0,pcs,100,10,0,https://images.deliveryhero.io/image/menu-import-gateway-prd/regions/ME/chains/HS-RIFA/e8a25516e918e06addfb42eddb8f1be6.jpg
en,ALRF-0165,Black Tea With Pineapple And Mango 130g,Supermarket///Retail///Beverages,Al Rifai,"Enjoy al rifai's black tea with pineapple and mango. this 130g pack has rich black tea, sweet pineapple, and juicy mango. perfect for a tropical and refreshing tea.",Black Tea With Pineapple And Mango 130g,45.0,45.0,g,100,10,0,https://images.deliveryhero.io/image/menu-import-gateway-prd/regions/ME/chains/HS-RIFA/665cd465ffead271bef01a7676c3cdd8.png
en,ALRF-0166,Black Tea With Ginger And Lemongrass 100g,Supermarket///Retail///Beverages,Al Rifai,"Al rifai's black tea with ginger and lemongrass. this 100g pack has rich black tea, spicy ginger, and fresh lemongrass. perfect for a warm and soothing tea.",Black Tea With Ginger And Lemongrass 100g,45.0,45.0,g,100,10,0,https://images.deliveryhero.io/image/menu-import-gateway-prd/regions/ME/chains/HS-RIFA/91d26a0ca784aa31e7cde4c7b8a38aed.png
en,ALRF-0167,Organic Matcha Powder Tea 30g,Supermarket///Retail///Beverages,Al Rifai,"Experience the authentic taste of japan with al rifai's organic matcha powder tea. this 30g pack offers a rich and vibrant green tea, perfect for boosting energy and promoting relaxation. enjoy it as a hot tea, in smoothies, or as a unique ingredient in your favorite recipes.",Organic Matcha Powder Tea 30g,89.0,89.0,g,100,10,0,https://images.deliveryhero.io/image/menu-import-gateway-prd/regions/ME/chains/HS-RIFA/5befa39909a8621fc65501a1e192d5d6.png
en,ALRF-0168,Matteh 150g,Supermarket///Retail///Beverages,Al Rifai,Pure natural energy and powerful antioxidants to invigorate your day,Matteh 150g,19.0,19.0,pcs,100,10,0,https://images.deliveryhero.io/image/menu-import-gateway-prd/regions/ME/chains/HS-RIFA/394a692746d47996184a690c445cfb19.jpg
en,ALRF-0169,Sahlab Canister 1k G,Supermarket///Retail///Beverages,Al Rifai,"A classic warm winter drink with a luxurious creamy texture and a rich, comforting flavor. perfect for cold nights",Sahlab Canister 1k G,38.0,38.0,pcs,100,10,0,https://images.deliveryhero.io/image/menu-import-gateway-prd/regions/ME/chains/HS-RIFA/230120c7f8a1dbe798409ae21b1dcfe6.jpg
en,ALRF-0170,Green Tea With Ginger Orange And Raspberry 130g,Supermarket///Retail///Beverages,Al Rifai,,Green Tea With Ginger Orange And Raspberry 130g,45.0,45.0,pcs,100,10,0,https://images.deliveryhero.io/image/menu-import-gateway-prd/regions/ME/chains/HS-RIFA/aaa79b5a5d556b60d64757df66b51776.jpg
en,ALRF-0171,Athena Citrus & Herbs Seasoning 75g,Supermarket///Retail///Packaged Products,Al Rifai,,Athena Citrus & Herbs Seasoning 75g,16.0,16.0,pcs,100,10,0,https://images.deliveryhero.io/image/menu-import-gateway-prd/regions/ME/chains/HS-RIFA/fe7e5e7c6f1e5eab47c039e00605e422.jpg
en,ALRF-0172,Atlantic Sea Salt 85g,Supermarket///Retail///Packaged Products,Al Rifai,,Atlantic Sea Salt 85g,10.0,10.0,pcs,100,10,0,https://images.deliveryhero.io/image/menu-import-gateway-prd/regions/ME/chains/HS-RIFA/d81ecea49480f9449d47006747afd38c.jpg
en,ALRF-0173,Black Peppercorns 45g,Supermarket///Retail///Packaged Products,Al Rifai,,Black Peppercorns 45g,16.0,16.0,pcs,100,10,0,https://images.deliveryhero.io/image/menu-import-gateway-prd/regions/ME/chains/HS-RIFA/5af2b60aebe41245b2849754045355c1.jpg
en,ALRF-0174,Cayenne Pepper 65g,Supermarket///Retail///Packaged Products,Al Rifai,,Cayenne Pepper 65g,16.0,16.0,pcs,100,10,0,https://images.deliveryhero.io/image/menu-import-gateway-prd/regions/ME/chains/HS-RIFA/1def3269c1634db8354ab54f0d28b38b.jpg
en,ALRF-0175,Garlic Flakes 95g,Supermarket///Retail///Packaged Products,Al Rifai,,Garlic Flakes 95g,16.0,16.0,pcs,100,10,0,https://images.deliveryhero.io/image/menu-import-gateway-prd/regions/ME/chains/HS-RIFA/9ff9d69b4529d5a42f76cdb87279615a.jpg
en,ALRF-0176,Ground Cinnamon 65g,Supermarket///Retail///Packaged Products,Al Rifai,,Ground Cinnamon 65g,16.0,16.0,pcs,100,10,0,https://images.deliveryhero.io/image/menu-import-gateway-prd/regions/ME/chains/HS-RIFA/96ecf75a6e1a00fcf5ab6a11dcde6872.jpg
en,ALRF-0177,Himalayan Pink Salt 100g,Supermarket///Retail///Packaged Products,Al Rifai,,Himalayan Pink Salt 100g,10.0,10.0,pcs,100,10,0,https://images.deliveryhero.io/image/menu-import-gateway-prd/regions/ME/chains/HS-RIFA/d910dbb875680891710a69fa2a014ca0.jpg
en,ALRF-0178,Mumbai Tandoori Seasoning 75g,Supermarket///Retail///Packaged Products,Al Rifai,,Mumbai Tandoori Seasoning 75g,16.0,16.0,pcs,100,10,0,https://images.deliveryhero.io/image/menu-import-gateway-prd/regions/ME/chains/HS-RIFA/1ee1953b133675b398812714496bc835.jpg
en,ALRF-0179,Texas Bbq Seasoning 100g,Supermarket///Retail///Packaged Products,Al Rifai,,Texas Bbq Seasoning 100g,16.0,16.0,pcs,100,10,0,https://images.deliveryhero.io/image/menu-import-gateway-prd/regions/ME/chains/HS-RIFA/6139226e1aecf0c25a9b2328a2dd8a3c.jpg
en,ALRF-0180,Veggie Sticks Mix 50g,Fresh & Local///Homemade Meals///Classic Sweets,Al Rifai,,Veggie Sticks Mix 50g,10.0,10.0,pcs,100,10,0,https://images.deliveryhero.io/image/menu-import-gateway-prd/regions/ME/chains/HS-RIFA/875b3377eb296761a528d80a44ce0a45.png
en,ALRF-0181,Popnuts Mixed Nuts,Fresh & Local///Homemade Meals///Classic Sweets,Al Rifai,Salted caramel popcorn with nuts‭: ‬a sweet and salty mix for a delicious snack‭.‬,Popnuts Mixed Nuts,15.0,15.0,pcs,100,10,0,https://images.deliveryhero.io/image/menu-import-gateway-prd/regions/ME/chains/HS-RIFA/0fc8ef3233db5dfdcc0980cfbf1fbbd3.jpg
en,ALRF-0182,Freeze Dried Ice Cream Saffron 65 G,Fresh & Local///Homemade Meals///Classic Sweets,Al Rifai,"Saffron freeze-dried ice cream – the perfect fun snack on the go! inspired by astronaut space food, this delicious treat, making it an ideal choice for adventurous eaters everywhere",Freeze Dried Ice Cream Saffron 65 G,28.0,28.0,pcs,100,10,0,https://images.deliveryhero.io/image/menu-import-gateway-prd/regions/ME/chains/HS-RIFA/c8fd955bfd16747bd97ca118a15f6109.jpg
en,ALRF-0183,Pop Nuts Caramel 120g,Fresh & Local///Homemade Meals///Classic Sweets,Al Rifai,A perfect blend of sweet and salty for an irresistible flavor experience‭.‬,Pop Nuts Caramel 120g,15.0,15.0,pcs,100,10,0,https://images.deliveryhero.io/image/menu-import-gateway-prd/regions/ME/chains/HS-RIFA/1aa6758d5528f2e817eab83d7e36ed45.jpg
en,ALRF-0184,Mushroom Chips 50g,Fresh & Local///Homemade Meals///Classic Sweets,Al Rifai,,Mushroom Chips 50g,14.0,14.0,pcs,100,10,0,https://images.deliveryhero.io/image/menu-import-gateway-prd/regions/ME/chains/HS-RIFA/253399a188bb75c5ee8bbfb586701422.jpg
en,ALRF-0185,Broccoli Cauliflower Chips 40g,Fresh & Local///Homemade Meals///Classic Sweets,Al Rifai,,Broccoli Cauliflower Chips 40g,12.0,12.0,pcs,100,10,0,https://images.deliveryhero.io/image/menu-import-gateway-prd/regions/ME/chains/HS-RIFA/d99f76201f4193c9a44571c389d8e48b.jpg
en,ALRF-0186,Freeze Dried Ice Cream Chocolate & Vanilla,Fresh & Local///Homemade Meals///Classic Sweets,Al Rifai,Freeze dried ice cream chocolate & vanilla,Freeze Dried Ice Cream Chocolate & Vanilla,28.0,28.0,pcs,100,10,0,https://images.deliveryhero.io/image/menu-import-gateway-prd/regions/ME/chains/HS-RIFA/b390e6847967e277a629482797be3020.jpeg
en,ALRF-0187,Antioxidant Mix,Supermarket///Retail///Packaged Products,Al Rifai,,Antioxidant Mix,32.0,32.0,pcs,100,10,0,https://images.deliveryhero.io/image/menu-import-gateway-prd/regions/ME/chains/HS-RIFA/a6ccd9be61baf50fb79432cfd4af3798.jpg
en,ALRF-0188,Maamoul Ginger 500 G,Fresh & Local///Homemade Meals///Classic Sweets,Al Rifai,"Luxurious oriental pastry. a soft dough with a warm, spicy ginger flavor and a rich, natural date filling",Maamoul Ginger 500 G,52.0,52.0,pcs,100,10,0,https://images.deliveryhero.io/image/menu-import-gateway-prd/regions/ME/chains/HS-RIFA/d6f6aefb46339cca60cea53997c7ee8b.jpg
en,ALRF-0189,Pecan & Cinnamon Baklawa 500 G,Fresh & Local///Homemade Meals///Classic Sweets,Al Rifai,"Crispy layers of phyllo dough, filled with premium pecans, and bathed in light honey syrup. an irresistible delight.",Pecan & Cinnamon Baklawa 500 G,86.0,86.0,pcs,100,10,0,https://images.deliveryhero.io/image/menu-import-gateway-prd/regions/ME/chains/HS-RIFA/4f9a4aad377ed34f1d6a091aa0f705a9.jpg
en,ALRF-0190,Barnier Lollipop 14g,Supermarket///Retail///Breakfast & Snacks,Al Rifai,,Barnier Lollipop 14g,5.0,5.0,pcs,100,10,0,https://images.deliveryhero.io/image/menu-import-gateway-prd/regions/ME/chains/HS-RIFA/f4c750aa49b2ea6e0f4ec0e95d26bc6e.jpg
en,ALRF-0191,Brainy Mix 25g,Supermarket///Retail///Breakfast & Snacks,Al Rifai,"A super blend of cashews, pistachios, almonds, and delicious dried fruits. the perfect fuel to boost focus and energy",Brainy Mix 25g,5.0,5.0,pcs,100,10,0,https://images.deliveryhero.io/image/menu-import-gateway-prd/regions/ME/chains/HS-RIFA/d44551554ebabe6c044cd2d8344c3952.jpg
en,ALRF-0192,Hearty Mix 20g,Supermarket///Retail///Breakfast & Snacks,Al Rifai,"A dried fruit mix bursting with flavors; cranberry, strawberry, raisin, apricot, coconut, and pineapple. natural and delicious energy",Hearty Mix 20g,5.0,5.0,pcs,100,10,0,https://images.deliveryhero.io/image/menu-import-gateway-prd/regions/ME/chains/HS-RIFA/59e3fc58b30e256b17c4744d472269d2.jpg
en,ALRF-0193,Minis Cheese Bitey 15 G X 5 Pouch,Supermarket///Retail///Breakfast & Snacks,Al Rifai,"It’s not just a snack‭, ‬it’s an experience of a unique popping sensation delivering an irresistible‭, ‬satisfyingly cheesy flavor in every bite that kids can’t get enough of‭",Minis Cheese Bitey 15 G X 5 Pouch,15.0,15.0,pcs,100,10,0,https://images.deliveryhero.io/image/menu-import-gateway-prd/regions/ME/chains/HS-RIFA/c1d09ea80d83a624658a5165feef36f1.jpg
ar,ALRF-0001,كبسولات قهوة كلاسيك,Supermarket///Retail///Packaged Products,Al Rifai,استمتع بالمذاق المميز لكبسولة القهوة الكلاسيكية من الرفاعي، التي تتميز بمزيج مصنوع بعناية من حبوب قهوة أرابيكا وروبوستا المحمصة بشكل مثالي للحصول على جرعة إسبرسو غنية ولذيذة مثالية لعشاق القهوة.,كبسولات قهوة كلاسيك,26.0,26.0,pcs,100,10,0,https://images.deliveryhero.io/image/menu-import-gateway-prd/regions/ME/chains/HS-RIFA/da4df34db2580a22ba8a6bfb1eacb2d2.png
ar,ALRF-0002,كبسولات قهوة برازيلية,Supermarket///Retail///Packaged Products,Al Rifai,تذوق الطعم الغني والقوي لكبسولة القهوة البرازيلية من الرفاعي، والتي تتميز بحبوب قهوة مطحونة أحادية المصدر يتم الحصول عليها من مناطق القهوة الخصبة في البرازيل ويتم تحميصها وطحنها بخبرة للحصول على جرعة إسبرسو جريئة ومرضية مثالية لبدء يومك.,كبسولات قهوة برازيلية,26.0,26.0,pcs,100,10,0,https://images.deliveryhero.io/image/menu-import-gateway-prd/regions/ME/chains/HS-RIFA/46ce812896a8ce48176decf974e8a585.png
ar,ALRF-0003,كبسولات قهوة كولومبية,Supermarket///Retail///Packaged Products,Al Rifai,استمتع بالطعم الجريئ والمتوازن لكبسولة القهوة من كولومبيا من الرفاعي، التي تتميز بحبوب القهوة الكولومبية ا الفاخرة المحمصة والمطحونة بخبرة للحصول على جرعة إسبريسو مميزة ومثالية للاحتساء والتذوق.,كبسولات قهوة كولومبية,26.0,26.0,pcs,100,10,0,https://images.deliveryhero.io/image/menu-import-gateway-prd/regions/ME/chains/HS-RIFA/8824ede4fd17fe46f0c17c6709489bf0.png
ar,ALRF-0004,رقائق تفاح 15ج,Supermarket///Retail///Packaged Products,Al Rifai,تُعد رقائق التفاح المجففة من الرفاعي وجبة خفيفة صحية ومثالية لمن يحبون الحلاوة الطبيعية للتفاح. تحتوي هذه العبوة بوزن 15 غرام على شرائح رفيعة من التفاح تم تجفيفها بعناية للحفاظ على قرمشتها ومذاقها اللذيذ، مثالية لوجبة خفيفة سريعة أثناء التنقل، تقدم هذه الرقائق طريقة بدون شعور بالذنب لإرضاء رغباتك لأكل الحلويات.,رقائق تفاح 15ج,7.0,7.0,g,100,10,0,https://images.deliveryhero.io/image/menu-import-gateway-prd/regions/ME/chains/HS-RIFA/ae22ce5808b5365cf8e3f88b0a79f69f.jpg
ar,ALRF-0005,آيس كريم مجفف بنكهة الشوكولاتة والفانيليا,Supermarket///Retail///Packaged Products,Al Rifai,آيس كريم مجفف بنكهة الشوكولاتة والفانيليا,آيس كريم مجفف بنكهة الشوكولاتة والفانيليا,28.0,28.0,pcs,100,10,0,https://images.deliveryhero.io/image/menu-import-gateway-prd/regions/ME/chains/HS-RIFA/b390e6847967e277a629482797be3020.jpeg
ar,ALRF-0006,مشكل مقرمشات الأرز 1كجم,Supermarket///Retail///Packaged Products,Al Rifai,مقرمشات تايلندية بتشكيلة مختلفه وشهيه تقدمها لكم الرفاعي للاستمتاع بوجبة خفيفة صحية ولذيذة,مشكل مقرمشات الأرز 1كجم,72.0,72.0,pcs,100,10,0,https://images.deliveryhero.io/image/menu-import-gateway-prd/regions/ME/chains/HS-RIFA/dbefd0971a5d0dfa2a9e3dbb8125f24d.jpg
ar,ALRF-0007,قهوة برازيلية تركية,Supermarket///Retail///Beverages,Al Rifai,انغمس في الطعم الغني والقوي للقهوة التركية البرازيلية من الرفاعي، والتي تتميز بحبوب القهوة المطحونة جيدًا والتي يتم إعدادها تقليديًا لإنشاء مشروب مثالي للمذاق المعتدل .,قهوة برازيلية تركية,21.5,21.5,pcs,100,10,0,https://images.deliveryhero.io/image/menu-import-gateway-prd/regions/ME/chains/HS-RIFA/963eb509dd9430042d8746b06470bc60.jpg
ar,ALRF-0008,قهوة كلاسيك تركية,Supermarket///Retail///Beverages,Al Rifai,اسنمتع بطعم البن الكلاسيكي من الرفاعي .يمتاز البن الكلاسيكي بتحميصه الخفيف والمتوسط الذي يضفي عليها مذاق مميز ورائحة مذهلة تقدمها لكم الرفاعي طازجه ونقية,قهوة كلاسيك تركية,22.25,22.25,pcs,100,10,0,https://images.deliveryhero.io/image/menu-import-gateway-prd/regions/ME/chains/HS-RIFA/9cc5ee9d8c400ea8169a4360ef5f6d07.jpg
ar,ALRF-0009,قهوة ممتازة تركية,Supermarket///Retail///Beverages,Al Rifai,انغمس في الطعم الغني والقوي للقهوة التركية الفاخرة من الرفاعي، والتي تتميز بحبوب القهوة المطحونة جيدًا والتي يتم إعدادها تقليديًا لإنشاء مشروب مثالي للمذاق المعتدل .,قهوة ممتازة تركية,24.75,24.75,pcs,100,10,0,https://images.deliveryhero.io/image/menu-import-gateway-prd/regions/ME/chains/HS-RIFA/838c6a21e553972b213d0062018053d3.jpg
ar,ALRF-0010,قهوة إسبريسو,Supermarket///Retail///Beverages,Al Rifai,انغمس في الطعم المتوازن لقهوة ايسبريسو من الرفاعي، التي تتميز بمذاق خفيف ورقيق مثالي لأولئك الذين يفضلون تجربة إسبرسو أكثر اعتدالًا.,قهوة إسبريسو,24.25,24.25,pcs,100,10,0,https://images.deliveryhero.io/image/menu-import-gateway-prd/regions/ME/chains/HS-RIFA/01a165f4787c1e2e6c58f21623121e24.jpg
ar,ALRF-0011,كبسولات قهوة كلاسيك,Supermarket///Retail///Beverages,Al Rifai,استمتع بالمذاق المميز لكبسولة القهوة الكلاسيكية من الرفاعي، التي تتميز بمزيج مصنوع بعناية من حبوب قهوة أرابيكا وروبوستا المحمصة بشكل مثالي للحصول على جرعة إسبرسو غنية ولذيذة مثالية لعشاق القهوة.,كبسولات قهوة كلاسيك,26.0,26.0,pcs,100,10,0,https://images.deliveryhero.io/image/menu-import-gateway-prd/regions/ME/chains/HS-RIFA/967be7e40b88b98f9cdf23ae1ef7a347.jpg
ar,ALRF-0012,كبسولات قهوة برازيلية,Supermarket///Retail///Beverages,Al Rifai,تذوق الطعم الغني والقوي لكبسولة القهوة البرازيلية من الرفاعي، والتي تتميز بحبوب قهوة مطحونة أحادية المصدر يتم الحصول عليها من مناطق القهوة الخصبة في البرازيل ويتم تحميصها وطحنها بخبرة للحصول على جرعة إسبرسو جريئة ومرضية مثالية لبدء يومك.,كبسولات قهوة برازيلية,26.0,26.0,pcs,100,10,0,https://images.deliveryhero.io/image/menu-import-gateway-prd/regions/ME/chains/HS-RIFA/6747f17b836525bd9c6720ba191d6912.jpg
ar,ALRF-0013,كبسولات قهوة كولومبية,Supermarket///Retail///Beverages,Al Rifai,استمتع بالطعم الجريئ والمتوازن لكبسولة القهوة من كولومبيا من الرفاعي، التي تتميز بحبوب القهوة الكولومبية ا الفاخرة المحمصة والمطحونة بخبرة للحصول على جرعة إسبريسو مميزة ومثالية للاحتساء والتذوق.,كبسولات قهوة كولومبية,26.0,26.0,pcs,100,10,0,https://images.deliveryhero.io/image/menu-import-gateway-prd/regions/ME/chains/HS-RIFA/b66dcc8a71b4baa25f8b35c1a9a5c56c.jpg
ar,ALRF-0014,قهوة مختصة - فلتر,Supermarket///Retail///Beverages,Al Rifai,,قهوة مختصة - فلتر,16.0,16.0,pcs,100,10,0,https://images.deliveryhero.io/image/menu-import-gateway-prd/regions/ME/chains/HS-RIFA/9a80b322bc93cf56dcb6e00ab1a61ca3.jpg
ar,ALRF-0015,قهوة غوجي أوراغا جي,Supermarket///Retail///Beverages,Al Rifai,,قهوة غوجي أوراغا جي,55.0,55.0,pcs,100,10,0,https://images.deliveryhero.io/image/menu-import-gateway-prd/regions/ME/chains/HS-RIFA/2d47659976b3c550dff51f5709a60309.jpg
ar,ALRF-0016,قهوة غوجي هامبيلا,Supermarket///Retail///Beverages,Al Rifai,,قهوة غوجي هامبيلا,65.0,65.0,pcs,100,10,0,https://images.deliveryhero.io/image/menu-import-gateway-prd/regions/ME/chains/HS-RIFA/6214055c733f33945338dae5aaabaf42.jpg
ar,ALRF-0017,قهوة سريعة التحضير أثيوبية برازيلية 100 ج,Supermarket///Retail///Beverages,Al Rifai,,قهوة سريعة التحضير أثيوبية برازيلية 100 ج,36.0,36.0,pcs,100,10,0,https://images.deliveryhero.io/image/menu-import-gateway-prd/regions/ME/chains/HS-RIFA/cd8eb1e5fd4476862e90ac8261af9947.jpg
ar,ALRF-0018,قهوة سريعة التحضير 100% أرابيكا 100ج,Supermarket///Retail///Beverages,Al Rifai,,قهوة سريعة التحضير 100% أرابيكا 100ج,36.0,36.0,pcs,100,10,0,https://images.deliveryhero.io/image/menu-import-gateway-prd/regions/ME/chains/HS-RIFA/6240dc80b2eacc17f3522cc301d047ae.jpg
ar,ALRF-0019,قهوة سريعة التحضير بدون كافيين,Supermarket///Retail///Beverages,Al Rifai,,قهوة سريعة التحضير بدون كافيين,36.0,36.0,pcs,100,10,0,https://images.deliveryhero.io/image/menu-import-gateway-prd/regions/ME/chains/HS-RIFA/38a2c480724c99a8acb724e34b874855.jpg
ar,ALRF-0020,قهوة سعودية,Supermarket///Retail///Beverages,Al Rifai,"حبوب البن المحمصة بدرجة بين المتوسطة وعالية التحميص مغسولة و محضرة بعنايه لتذوق القهوة السعودية الأصيلة , استمتع بتجربة استثنائية مع قهوة الرفاعي .",قهوة سعودية,22.25,22.25,pcs,100,10,0,https://images.deliveryhero.io/image/menu-import-gateway-prd/regions/ME/chains/HS-RIFA/357c2d11bb0b9f6cdebc107fa0dabf83.jpg
ar,ALRF-0021,خلطة حائل 200ج,Supermarket///Retail///Beverages,Al Rifai,"خلطة حائل من الرفاعي , مستوحاه من المنطقه الشمالية وتتميز هذه الخلطه بلونها الغامق وبطعمها المميز 200 جم",خلطة حائل 200ج,30.0,30.0,pcs,100,10,0,https://images.deliveryhero.io/image/menu-import-gateway-prd/regions/ME/chains/HS-RIFA/626ba2e45cf6894d881c01e3748eee99.jpg
ar,ALRF-0022,قهوة سعودية 450ج,Supermarket///Retail///Beverages,Al Rifai,استمتع بالمذاق المميز للقهوة السعودية ، مما يسمح لك بتذوق الطعم الغني والرائحة الجذابة للقهوة السعودية وقتما تشاء.,قهوة سعودية 450ج,52.0,52.0,pcs,100,10,0,https://images.deliveryhero.io/image/menu-import-gateway-prd/regions/ME/chains/HS-RIFA/ae44b5fa874c390d5c8aad9ce53d554a.png
ar,ALRF-0023,قهوة سعودية المنطقة الوسطى 400ج,Supermarket///Retail///Beverages,Al Rifai,"قهوه الرفاعي السعوديه مستوحاه من المنطقه الوسطى وتتميز الخلطه متوسطه وممزوجة بالمذاق العتيق , وتعتبر هذه القهوة على طريقة المنطقة الوسطى ذات الحمصه متوسطه 400ج",قهوة سعودية المنطقة الوسطى 400ج,48.0,48.0,pcs,100,10,0,https://images.deliveryhero.io/image/menu-import-gateway-prd/regions/ME/chains/HS-RIFA/3113e5e2e7cbca0ac613c0b4030ca91d.jpg
ar,ALRF-0024,قهوة سعودية المنطقة الشمالية 400ج,Supermarket///Retail///Beverages,Al Rifai,قهوه الرفاعي السعوديه مستوحاه من المنطقه الشمالية وتتميز هذه الخلطه بلونها الغامق وبطعمها المميز وتعتبر هذه القهوة على طريقة المنطقة الشمالية ذات حمصه غامقه 400ج,قهوة سعودية المنطقة الشمالية 400ج,48.0,48.0,pcs,100,10,0,https://images.deliveryhero.io/image/menu-import-gateway-prd/regions/ME/chains/HS-RIFA/8b36e255cb13fbffe4e4bfcdc61b1632.jpg
ar,ALRF-0025,قهوة سعودية المنطقة الجنوبية 400ج,Supermarket///Retail///Beverages,Al Rifai,قهوه الرفاعي السعوديه مستوحاه من المنطقه الجنوبية تم تحميص هذه القهوة على طريقة المنطقة الغربية وتعتبر القهوة ذات حمصه فاتحه 400ج,قهوة سعودية المنطقة الجنوبية 400ج,48.0,48.0,pcs,100,10,0,https://images.deliveryhero.io/image/menu-import-gateway-prd/regions/ME/chains/HS-RIFA/b168b6f348db3555a1029918960da07e.jpg
ar,ALRF-0026,قهوة سعودية المنطقة الغربية 400ج,Supermarket///Retail///Beverages,Al Rifai,قهوه الرفاعي السعوديه مستوحاه من المنطقه الغربيه تم تحميص هذه القهوة على طريقة المنطقة الغربية وتعتبر القهوة ذات حمصه فاتحه 400ج,قهوة سعودية المنطقة الغربية 400ج,48.0,48.0,pcs,100,10,0,https://images.deliveryhero.io/image/menu-import-gateway-prd/regions/ME/chains/HS-RIFA/b23988b57a87b7b1050c931ad016faa6.jpg
ar,ALRF-0027,قهوة سعودية المنطقة الشرقية 400ج,Supermarket///Retail///Beverages,Al Rifai,"قهوه الرفاعي السعوديه مستوحاه من المنطقه الشرقيه وتتميز الخلطه متوسطه ومتميزة , وتعتبر هذه القهوة على طريقة المنطقة الشرقيه ذات حمصه متوسطه 400ج",قهوة سعودية المنطقة الشرقية 400ج,48.0,48.0,pcs,100,10,0,https://images.deliveryhero.io/image/menu-import-gateway-prd/regions/ME/chains/HS-RIFA/6dcb4c3f100dc59e818c3af67caeeb25.jpg
ar,ALRF-0028,قهوة سعودية - فلتر,Supermarket///Retail///Beverages,Al Rifai,,قهوة سعودية - فلتر,16.0,16.0,pcs,100,10,0,https://images.deliveryhero.io/image/menu-import-gateway-prd/regions/ME/chains/HS-RIFA/ced4407ccbd8c90b41a88413e1750c6f.jpg
ar,ALRF-0029,قهوة سعودية فاتحة,Supermarket///Retail///Beverages,Al Rifai,,قهوة سعودية فاتحة,22.25,22.25,pcs,100,10,0,https://images.deliveryhero.io/image/menu-import-gateway-prd/regions/ME/chains/HS-RIFA/178633453d0ae763763e55639758d8c5.jpg
ar,ALRF-0030,قهوة سعودية منزوعة الكافيين 250ج,Supermarket///Retail///Beverages,Al Rifai,,قهوة سعودية منزوعة الكافيين 250ج,50.0,50.0,pcs,100,10,0,https://images.deliveryhero.io/image/menu-import-gateway-prd/regions/ME/chains/HS-RIFA/f8a096a8edadc4f1cda5e314675d598e.png
ar,ALRF-0031,كاجو وسابي,Fresh & Local///Nuts & Spices///Mixed Nuts,Al Rifai,استمتع بمزيج فريد مع كاجو واسابي من الرفاعي، الذي يتميز بجوز الكاجو المقرمش والمغطى بتوابل الواسابي اللذيذة للحصول على وجبة خفيفة وحارة تحتوي على طعم مميز ولذيذ.,كاجو وسابي,28.75,28.75,pcs,100,10,0,https://images.deliveryhero.io/image/menu-import-gateway-prd/regions/ME/chains/HS-RIFA/8a890afd95c13888242e56446951a206.jpg
ar,ALRF-0032,كاجو جامبو,Fresh & Local///Nuts & Spices///Mixed Nuts,Al Rifai,استمتع بمكسرات الكاجو الكبيرة والمقرمشة من الرفاعي ، التي تقدم خيار وجبة خفيفة ولذيذة ومليئة بالبروتين والألياف والمواد المغذية الأساسية للحصول على علاج صحي ومغذي.,كاجو جامبو,34.5,34.5,pcs,100,10,0,https://images.deliveryhero.io/image/menu-import-gateway-prd/regions/ME/chains/HS-RIFA/f8e8bd45c51a31aa7d678b1aef90e03c.jpg
ar,ALRF-0033,كاجو جبنة جامبو,Fresh & Local///Nuts & Spices///Mixed Nuts,Al Rifai,استمتع بالطعم المميز لكاجو الجبنة الجامبو من الرفاعي، مما يوفر خيار وجبة خفيفة مرضية ومثالية لمحبي الجبن وعشاق الكاجوعلى حدٍ سواء.,كاجو جبنة جامبو,34.5,34.5,pcs,100,10,0,https://images.deliveryhero.io/image/menu-import-gateway-prd/regions/ME/chains/HS-RIFA/649166238ef01753f203130cca48cff3.jpg
ar,ALRF-0034,كاجو جامبو محمص بدون ملح,Fresh & Local///Nuts & Spices///Mixed Nuts,Al Rifai,انغمس في طعم الكاجو غير المملح من الرفاعي ، للسماح للطعم الطبيعي للمكسرات بالتألق، مما يوفر خيارًا صحيًا ومرضيًا للوجبات الخفيفة.,كاجو جامبو محمص بدون ملح,34.5,34.5,pcs,100,10,0,https://images.deliveryhero.io/image/menu-import-gateway-prd/regions/ME/chains/HS-RIFA/5be103bfbb5942f6ccd331235f943f90.jpg
ar,ALRF-0035,كاجو جبنة,Fresh & Local///Nuts & Spices///Mixed Nuts,Al Rifai,جرب كاجو الجبن اللذيذ من الرفاعي، مما يوفر خيار وجبة خفيفة لذيذة ومثالية في أي وقت من اليوم.,كاجو جبنة,28.75,28.75,pcs,100,10,0,https://images.deliveryhero.io/image/menu-import-gateway-prd/regions/ME/chains/HS-RIFA/a04c6d191512967049f47b56a17059f6.jpg
ar,ALRF-0036,كاجو,Fresh & Local///Nuts & Spices///Mixed Nuts,Al Rifai,استمتع بمذاق الكاجو المميز والرائع من الرفاعي، هو مثالي لتناوله كوجبة خفيفة بمفرده، أو دمجه في وصفاتك المفضلة للحصول على الطعم الفاخر.,كاجو,28.0,28.0,pcs,100,10,0,https://images.deliveryhero.io/image/menu-import-gateway-prd/regions/ME/chains/HS-RIFA/c7179ffaf69f34a5ca1864e892d7d282.jpg
ar,ALRF-0037,كاجو مدخن,Fresh & Local///Nuts & Spices///Mixed Nuts,Al Rifai,استمتع بالكاجو المدخن من الرفاعي، مع إضافة لمسة لذيذة إلى المذاق المدخن للمكسرات للحصول على خيار وجبة خفيفة لذيذة مع لمسة من الدخان.,كاجو مدخن,28.75,28.75,pcs,100,10,0,https://images.deliveryhero.io/image/menu-import-gateway-prd/regions/ME/chains/HS-RIFA/2f3e2e8b3f7c26c647ca8fd772c4f165.jpg
ar,ALRF-0038,كاجو كرنشي ملح و خل,Fresh & Local///Nuts & Spices///Mixed Nuts,Al Rifai,استمتع بالتوازن المثالي بين االمذاق المالح والمنعش مع كاجو الملح والخل المقرمش من الرفاعي، الذي يقدم خيار وجبة خفيفة مُرضية ومقرمشة ولذيذة ومسببة للإدمان تمامًا.,كاجو كرنشي ملح و خل,22.5,22.5,pcs,100,10,0,https://images.deliveryhero.io/image/menu-import-gateway-prd/regions/ME/chains/HS-RIFA/e3a20cf4eff02907cdeeeacd5ab2d03f.jpg
ar,ALRF-0039,كاجو كرنشي جبنه,Fresh & Local///Nuts & Spices///Mixed Nuts,Al Rifai,انغمس في المذاق الغني واللذيذ لكاجو الجبن المقرمش من الرفاعي، الذي يتميز بالكاجو المقرمش المغطى بتوابل الجبن لتجربة وجبة خفيفة لذيذة ومرضية.,كاجو كرنشي جبنه,22.5,22.5,pcs,100,10,0,https://images.deliveryhero.io/image/menu-import-gateway-prd/regions/ME/chains/HS-RIFA/e0f39c80eba82937685a4552a6547dfb.jpg
ar,ALRF-0040,لوز محمص,Fresh & Local///Nuts & Spices///Mixed Nuts,Al Rifai,تذوق اللوز المحمص المقرمش من الرفاعي، لتعزيز مذاقها ورائحتها الطبيعية، مما يجعلها خيارًا صحيًا ومرضيًا للوجبات الخفيفة.,لوز محمص,27.5,27.5,pcs,100,10,0,https://images.deliveryhero.io/image/menu-import-gateway-prd/regions/ME/chains/HS-RIFA/83be3b1621cf171d4b71f11c44acafd8.jpg
ar,ALRF-0041,لوز باربكيو,Fresh & Local///Nuts & Spices///Mixed Nuts,Al Rifai,انغمس في طعم اللوز المشوي والمدخن والمالح من الرفاعي، والتي تتميز باللوز المقرمش المغطى بتوابل الشواء المنعشة للحصول على خيار وجبة خفيفة شهية ستجعلك تتوق إلى المزيد.,لوز باربكيو,28.75,28.75,pcs,100,10,0,https://images.deliveryhero.io/image/menu-import-gateway-prd/regions/ME/chains/HS-RIFA/85ce94e5891db2a04e655814af7c56e9.jpg
ar,ALRF-0042,لوز كري-كري,Fresh & Local///Nuts & Spices///Mixed Nuts,Al Rifai,"استمتع بالطعم اللذيذ من اللوز الكري كري من الرفاعي , لتذوق المذاق المميز للوز .",لوز كري-كري,27.5,27.5,pcs,100,10,0,https://images.deliveryhero.io/image/menu-import-gateway-prd/regions/ME/chains/HS-RIFA/6293692f5130ecafd8ccb44450d15761.jpg
ar,ALRF-0043,لوز مدخن,Fresh & Local///Nuts & Spices///Mixed Nuts,Al Rifai,استمتع باللوز المدخن من الرفاعي، الذي يقدم لمسة لذيذة على اللوز التقليدي مع طعمه المدخن الذي لا يقاوم، وهو مثالي لتناول الوجبات الخفيفة أو إضافته إلى أطباقك المفضلة للحصول على طعم مميز.,لوز مدخن,28.75,28.75,pcs,100,10,0,https://images.deliveryhero.io/image/menu-import-gateway-prd/regions/ME/chains/HS-RIFA/a04bfb1f7e100b5c8849390d6bb61d02.jpg
ar,ALRF-0044,لوز ليمون,Fresh & Local///Nuts & Spices///Mixed Nuts,Al Rifai,استمتع بطعم اللوز الأصيل الممزوج بالليمون المنعش من الرفاعي، والتي تتميز باللوز المغطى بتوابل الليمون المنعش للحصول على خيار وجبة خفيفة لذيذة ومنشطة مثالية لأي وقت من اليوم.,لوز ليمون,27.5,27.5,pcs,100,10,0,https://images.deliveryhero.io/image/menu-import-gateway-prd/regions/ME/chains/HS-RIFA/53bf52f031215e36e8e5369f77d6532b.jpg
ar,ALRF-0045,لوز بدون ملح,Fresh & Local///Nuts & Spices///Mixed Nuts,Al Rifai,استمتع بالفوائد الطبيعية لللوز غير المملح من الرفاعي، الذي يتميز باللوز المقرمش بدون أي ملح مضاف، وهو مثالي لتناول الوجبات الخفيفة بمفرده أو إضافته إلى وصفاتك المفضلة للحصول على وجبة مغذية ومرضية.,لوز بدون ملح,27.5,27.5,pcs,100,10,0,https://images.deliveryhero.io/image/menu-import-gateway-prd/regions/ME/chains/HS-RIFA/01373418e036f603361e1fb97955f37f.jpg
ar,ALRF-0046,خلطة لوز,Fresh & Local///Nuts & Spices///Mixed Nuts,Al Rifai,"استمتع بالطعم المميز للوز الفاخر من الرفاعي, يتميز اللوز المحمص بالمذاق الحار على قوام أكثر جفاف وهشاشة من اللوز الخام. يعمل التحميص على تكثيف طعم اللوز الأساسي وإضافة الملح والطعم المميز . هذا المزيج الرائع من الطعم والملمس يمكن أن يجعل هذه المكسرات واحدة من وجباتك الخفيفة المفضلة",خلطة لوز,28.75,28.75,pcs,100,10,0,https://images.deliveryhero.io/image/menu-import-gateway-prd/regions/ME/chains/HS-RIFA/88307dab7ea2ce09ea5ac7ca5dca6219.jpg
ar,ALRF-0047,فول سوداني كري-كوز,Fresh & Local///Nuts & Spices///Mixed Nuts,Al Rifai,استمتع بالفول السوداني الكري-كوز اللذيذ من الرفاعي، الذي يقدم وجبة خفيفة مقرمشة وحارة,فول سوداني كري-كوز,11.0,11.0,pcs,100,10,0,https://images.deliveryhero.io/image/menu-import-gateway-prd/regions/ME/chains/HS-RIFA/ce016263e908efb51fd640744c61732c.jpg
ar,ALRF-0048,فول سوداني كري-كري,Fresh & Local///Nuts & Spices///Mixed Nuts,Al Rifai,استمتع بالمذاق المقرمش الذي لا يقاوم من فول سوداني الرفاعي كري-كري من الرفاعي، المغطى بقشرة مقرمشة، مما يوفر تجربة تناول وجبات خفيفة مرضية مع كل قضمة.,فول سوداني كري-كري,11.0,11.0,pcs,100,10,0,https://images.deliveryhero.io/image/menu-import-gateway-prd/regions/ME/chains/HS-RIFA/6abb5bdfc89d4473690758aaf86c8af4.jpg
ar,ALRF-0049,فول سوداني محمص,Fresh & Local///Nuts & Spices///Mixed Nuts,Al Rifai,استمتع بالطعم الكلاسيكي للفول السوداني المحمص من الرفاعي، مما يقدم وجبة لذيذة مثالية لتناول الوجبات الخفيفة,فول سوداني محمص,10.5,10.5,pcs,100,10,0,https://images.deliveryhero.io/image/menu-import-gateway-prd/regions/ME/chains/HS-RIFA/815d0456bd5a9af8078321a311a0b76d.jpg
ar,ALRF-0050,فول سوداني مالح,Fresh & Local///Nuts & Spices///Mixed Nuts,Al Rifai,تذوق الفول السوداني المملح من الرفاعي، المحمص مع لمسة من الملح، مما يوفر خيارًا لذيذًا ومقرمشًا للوجبات الخفيفة.,فول سوداني مالح,10.5,10.5,pcs,100,10,0,https://images.deliveryhero.io/image/menu-import-gateway-prd/regions/ME/chains/HS-RIFA/638ac177eb55706100dd12fbe506d7f3.jpg
ar,ALRF-0051,مكاديما,Fresh & Local///Nuts & Spices///Mixed Nuts,Al Rifai,دلل نفسك بالطعم الغني لمكاديميا الرفاعي، المعروفة بقوامها وطعمها اللذيذ، مما يجعلها خيارًا فاخرًا ومرضيًا للوجبات الخفيفة,مكاديما,49.75,49.75,pcs,100,10,0,https://images.deliveryhero.io/image/menu-import-gateway-prd/regions/ME/chains/HS-RIFA/adb1ce2485012a419daf772cd3d74942.jpg
ar,ALRF-0052,مكادميا جبنة,Fresh & Local///Nuts & Spices///Mixed Nuts,Al Rifai,استمتع بمزيج مثالي من المذاق اللذيذ مع المكاديميا جبنة من الرفاعي,مكادميا جبنة,49.75,49.75,pcs,100,10,0,https://images.deliveryhero.io/image/menu-import-gateway-prd/regions/ME/chains/HS-RIFA/cc9d8caa6dae5fd07e92673e5e2e59a9.jpg
ar,ALRF-0053,بيكان ملح و خل,Fresh & Local///Nuts & Spices///Mixed Nuts,Al Rifai,استمتع بالتوازن المثالي بين المذاق المالح والمنعش مع بيكان الملح ووالخل من الرفاعي، مما يوفر لمسة فريدة ولذيذة على الوجبات الخفيفة التقليدية,بيكان ملح و خل,41.25,41.25,pcs,100,10,0,https://images.deliveryhero.io/image/menu-import-gateway-prd/regions/ME/chains/HS-RIFA/9faa82d45e6d7cde8bf8e7090cdcac28.jpg
ar,ALRF-0054,بيكان,Fresh & Local///Nuts & Spices///Mixed Nuts,Al Rifai,استمتع بالملمس المقرمش لجوز البيكان الرفاعي، المليء بالعناصر الغذائية مثل مضادات الأكسدة والفيتامينات والمعادن، مما يجعله خيارًا صحيًا ومرضيًا للوجبات الخفيفة,بيكان,41.25,41.25,pcs,100,10,0,https://images.deliveryhero.io/image/menu-import-gateway-prd/regions/ME/chains/HS-RIFA/b02bd90de74c8c4bb23be5cd8c57d66c.jpg
ar,ALRF-0055,فستق حار نار,Fresh & Local///Nuts & Spices///Mixed Nuts,Al Rifai,استمتع بتجربه فريدة من الطعم اللذيذ لعشاق التوابل الحارة المضافة للفستق من الرفاعي,فستق حار نار,29.75,29.75,pcs,100,10,0,https://images.deliveryhero.io/image/menu-import-gateway-prd/regions/ME/chains/HS-RIFA/a5b9d27c2dd83e96699a9d1cc92a0de7.jpg
ar,ALRF-0056,فستق,Fresh & Local///Nuts & Spices///Mixed Nuts,Al Rifai,استمتع بالمذاق الذي لا يقاوم لفستق الرفاعي المحمص بعناية مما يوفر تجربة تناول وجبات خفيفة لذيذة,فستق,29.75,29.75,pcs,100,10,0,https://images.deliveryhero.io/image/menu-import-gateway-prd/regions/ME/chains/HS-RIFA/2ab871da8b0c2e38afffbb629226464e.jpg
ar,ALRF-0057,فستق مالح,Fresh & Local///Nuts & Spices///Mixed Nuts,Al Rifai,استمتع بالمذاق الذي لا يقاوم لفستق الرفاعي المملح الفاخر، المحمص بعناية إلى حد الكمال والمتبل بالكمية المناسبة من الملح، مما يوفر تجربة تناول وجبات خفيفة لذيذة,فستق مالح,29.75,29.75,pcs,100,10,0,https://images.deliveryhero.io/image/menu-import-gateway-prd/regions/ME/chains/HS-RIFA/e32909d5270a1975ab3318e6d13b21dd.jpg
ar,ALRF-0058,فستق بدون ملح,Fresh & Local///Nuts & Spices///Mixed Nuts,Al Rifai,استمتع بالمذاق الطبيعي لفستق الرفاعي الفاخر، المليء بالعناصر الغذائية مثل البروتين والألياف والدهون الصحية، مما يجعله خيارًا مرضيًا ومغذيًا للوجبات الخفيفة,فستق بدون ملح,29.75,29.75,pcs,100,10,0,https://images.deliveryhero.io/image/menu-import-gateway-prd/regions/ME/chains/HS-RIFA/e94b481dbd597e54cdbcd0fa9119d5b7.jpg
ar,ALRF-0059,قضامة اسطنبولي,Fresh & Local///Nuts & Spices///Mixed Nuts,Al Rifai,استمتع بالمذاق اللذيذ والمقرمش للحمص الإسطنبولي من الرفاعي، المتبل بمزيج من التوابل للحصول على خيار وجبة خفيفة لذيذة ومرضية.,قضامة اسطنبولي,9.75,9.75,pcs,100,10,0,https://images.deliveryhero.io/image/menu-import-gateway-prd/regions/ME/chains/HS-RIFA/d82862b3ab0692f96cc00a3c499b6ee3.jpg
ar,ALRF-0060,كاجو باربكيو,Fresh & Local///Nuts & Spices///Mixed Nuts,Al Rifai,مزيج‭ ‬لذيذ‭ ‬ومدخن‭ ‬من‭ ‬الكاجو‭ ‬المحمص‭ ‬الممزوج‭ ‬بنكهة‭ ‬الشواء,كاجو باربكيو,28.75,28.75,pcs,100,10,0,https://images.deliveryhero.io/image/menu-import-gateway-prd/regions/ME/chains/HS-RIFA/a893d6ad196a5f36227626c88d70ca2d.jpg
ar,ALRF-0061,ألموندريتا كري-كري,Fresh & Local///Nuts & Spices///Mixed Nuts,Al Rifai,وجبة‭ ‬خفيفة‭ ‬من‭ ‬اللوز‭ ‬المقرمشة‭ ‬اللذيذة,ألموندريتا كري-كري,22.25,22.25,pcs,100,10,0,https://images.deliveryhero.io/image/menu-import-gateway-prd/regions/ME/chains/HS-RIFA/feef22164ac2ab56036790968d16614f.jpg
ar,ALRF-0062,مرطبان نوى دوار الشمس مالح,Fresh & Local///Nuts & Spices///Mixed Nuts,Al Rifai,بذور‭ ‬جوزية‭ ‬مقرمشة‭ ‬مثالية‭ ‬لتناولها‭ ‬كوجبة‭ ‬خفيفة‭ ‬في‭ ‬المساء,مرطبان نوى دوار الشمس مالح,12.0,12.0,pcs,100,10,0,https://images.deliveryhero.io/image/menu-import-gateway-prd/regions/ME/chains/HS-RIFA/ce1ac397c4c67bc8951d491905c72dcc.jpg
ar,ALRF-0063,مرطبان نوى حب يقطين مالح,Fresh & Local///Nuts & Spices///Mixed Nuts,Al Rifai,بذور‭ ‬اليقطين‭ ‬المقرمشة‭ ‬المملحة‭ ‬للحصول‭ ‬على‭ ‬وجبة‭ ‬خفيفة‭ ‬لذيذة‭.‬,مرطبان نوى حب يقطين مالح,14.0,14.0,pcs,100,10,0,https://images.deliveryhero.io/image/menu-import-gateway-prd/regions/ME/chains/HS-RIFA/16a57e4d2a568c7e766eb47f8a66069f.jpg
ar,ALRF-0064,فستق ماوردي,Fresh & Local///Nuts & Spices///Mixed Nuts,Al Rifai,فستق حلبي فاخر، محمص بعناية ولون فاتح، بطعم مقرمش ونكهة ملحية خفيفة مثالية.,فستق ماوردي,49.75,49.75,pcs,100,10,0,https://images.deliveryhero.io/image/menu-import-gateway-prd/regions/ME/chains/HS-RIFA/111cf9b05067500b31c349534056ded4.jpg
ar,ALRF-0065,فستق مميز بالزعفران,Fresh & Local///Nuts & Spices///Mixed Nuts,Al Rifai,فستق مقرمش مغلف بنكهة الزعفران الفاخرة. لون ذهبي مميز ومذاق ملكي غني ومُدلل.,فستق مميز بالزعفران,36.25,36.25,pcs,100,10,0,https://images.deliveryhero.io/image/menu-import-gateway-prd/regions/ME/chains/HS-RIFA/c0bed87dcd73465117f590ab6ad5ce17.jpg
ar,ALRF-0066,قضامة صفراء,Fresh & Local///Nuts & Spices///Mixed Nuts,Al Rifai,حمص‭ ‬مقرمش‭ ‬محمص‭ ‬بشكل‭ ‬مثالي‭.‬,قضامة صفراء,9.75,9.75,pcs,100,10,0,https://images.deliveryhero.io/image/menu-import-gateway-prd/regions/ME/chains/HS-RIFA/273172baa1ccb540be622d1a43a872c9.jpg
ar,ALRF-0067,مشكل مكسرات برازيلية,Fresh & Local///Nuts & Spices///Mixed Nuts,Al Rifai,مكسرات‭ ‬برازيلية‭ ‬غنية‭ ‬وكريمية‭ ‬ذات‭ ‬ملمس‭ ‬زبداني,مشكل مكسرات برازيلية,32.0,32.0,pcs,100,10,0,https://images.deliveryhero.io/image/menu-import-gateway-prd/regions/ME/chains/HS-RIFA/2dc880d2cc370a014b3d5ad0d56063f8.png
ar,ALRF-0068,مكسرات برازيلية,Fresh & Local///Nuts & Spices///Mixed Nuts,Al Rifai,مكسرات‭ ‬برازيلية‭ ‬غنية‭ ‬وكريمية‭ ‬ذات‭ ‬ملمس‭ ‬زبداني,مكسرات برازيلية,37.0,37.0,pcs,100,10,0,https://images.deliveryhero.io/image/menu-import-gateway-prd/regions/ME/chains/HS-RIFA/d6cedba90afc35d17ee692ee3305a287.jpg
ar,ALRF-0069,حب يقطين,Fresh & Local///Nuts & Spices///Mixed Nuts,Al Rifai,بذور اليقطين من الرفاعي تذوق خيار الوجبات الخفيفة المغذية المقرمشة والمحملة بالبروتين والدهون الصحية والفيتامينات، وهي مثالية لتعزيز مستويات الطاقة والوجبات الخفيفة,حب يقطين,12.25,12.25,pcs,100,10,0,https://images.deliveryhero.io/image/menu-import-gateway-prd/regions/ME/chains/HS-RIFA/97e503a3538cb64260c54dd100b54449.jpg
ar,ALRF-0070,حب يقطين بدون ملح,Fresh & Local///Nuts & Spices///Mixed Nuts,Al Rifai,بذور اليقطين غير مملحة من الرفاعي غنية بمضادات الأكسدة والألياف والمعادن الأساسية مثل الزنك والمغنيسيوم، مثالية للوجبات الخفيفة,حب يقطين بدون ملح,12.25,12.25,pcs,100,10,0,https://images.deliveryhero.io/image/menu-import-gateway-prd/regions/ME/chains/HS-RIFA/cbb89e6448b650c224bfa53452160163.jpg
ar,ALRF-0071,حب شمام,Fresh & Local///Nuts & Spices///Mixed Nuts,Al Rifai,استمتع بالطعم المقرمش لحب الشمام من الرفاعي. أفضل خيار كوجبة خفيفة,حب شمام,19.5,19.5,pcs,100,10,0,https://images.deliveryhero.io/image/menu-import-gateway-prd/regions/ME/chains/HS-RIFA/a63abb6e4b66159753dcf310efc12167.jpg
ar,ALRF-0072,حب مدخن,Fresh & Local///Nuts & Spices///Mixed Nuts,Al Rifai,اكتشف الطعم المميز لحبوب الشمام المدخنة من الرفاعي، التي تقدم خيارًا فريدًا ولذيذًا للوجبات الخفيفة,حب مدخن,19.5,19.5,pcs,100,10,0,https://images.deliveryhero.io/image/menu-import-gateway-prd/regions/ME/chains/HS-RIFA/f4fb7d0302807775e8864f39170cb14c.jpg
ar,ALRF-0073,حب دوار الشمس,Fresh & Local///Nuts & Spices///Mixed Nuts,Al Rifai,بذور عباد الشمس من الرفاعي، غنية بالمواد الغذائية الأساسية ومضادات الأكسدة، مثالية للوجبات الخفيفة,حب دوار الشمس,8.75,8.75,pcs,100,10,0,https://images.deliveryhero.io/image/menu-import-gateway-prd/regions/ME/chains/HS-RIFA/b53b013b218a2509c9f02a9dc3cb99ae.jpg
ar,ALRF-0074,حب مصري,Fresh & Local///Nuts & Spices///Mixed Nuts,Al Rifai,استمتع بالخيرات الطبيعية للبذور المصرية من الرفاعي ، خيارًا صحيًا للوجبات الخفيفة في أي وقت من اليوم.,حب مصري,10.5,10.5,pcs,100,10,0,https://images.deliveryhero.io/image/menu-import-gateway-prd/regions/ME/chains/HS-RIFA/4863735eaec5c6908a005fdcb925c862.jpg
ar,ALRF-0075,حب الضفة,Fresh & Local///Nuts & Spices///Mixed Nuts,Al Rifai,تذوق بذور الضفة المقرمشة والمغذية من الرفاعي، والتي تقدم خيار وجبة خفيفة صحية مثالية للاستمتاع بها أثناء التنقل,حب الضفة,19.5,19.5,pcs,100,10,0,https://images.deliveryhero.io/image/menu-import-gateway-prd/regions/ME/chains/HS-RIFA/9d3ab89d0a26bb1f74037386989b2c6b.jpg
ar,ALRF-0076,حب مصري مدخن,Fresh & Local///Nuts & Spices///Mixed Nuts,Al Rifai,استمتع بالطعم المميز للبذور المصرية المدخنة من الرفاعي، التي تقدم لمسة فريدة من نوعها على البذور التقليدية برائحتها التي لا تقاوم وطعمها اللذيذ.,حب مصري مدخن,11.5,11.5,pcs,100,10,0,https://images.deliveryhero.io/image/menu-import-gateway-prd/regions/ME/chains/HS-RIFA/8ce590037a0b797f5021c586828e2861.jpg
ar,ALRF-0077,حب دوار الشمس مدخن,Fresh & Local///Nuts & Spices///Mixed Nuts,Al Rifai,"بذور عباد الشمس المدخنة من الرفاعي, لذيذة و مثالية للوجبات الخفيفة والجمعات",حب دوار الشمس مدخن,10.5,10.5,pcs,100,10,0,https://images.deliveryhero.io/image/menu-import-gateway-prd/regions/ME/chains/HS-RIFA/46f1d5eb8de47262bc99afad79e09690.jpg
ar,ALRF-0078,خلطة اكسترا اكسترا,Fresh & Local///Nuts & Spices///Mixed Nuts,Al Rifai,انغمس في مزيج إكسترا إكسترامن الرفاعي، الذي يضم مجموعة متميزة من المكسرات والبذور التي تتميز بأنها مقرمشة للغاية و متنوعة، مثالية لإشباع شهيتك للوجبات الخفيفة.,خلطة اكسترا اكسترا,34.5,34.5,pcs,100,10,0,https://images.deliveryhero.io/image/menu-import-gateway-prd/regions/ME/chains/HS-RIFA/09b217482dddf1a90dde759fc46e6ccd.jpg
ar,ALRF-0079,خلطة سوبر ديلوكس بدون ملح,Fresh & Local///Nuts & Spices///Mixed Nuts,Al Rifai,تشكيلة فاخرة من المكسرات المشكلة من الرفاعي، خالية من الملح المضاف، تعتبر وجبة خفيفة لذيذة,خلطة سوبر ديلوكس بدون ملح,26.25,26.25,pcs,100,10,0,https://images.deliveryhero.io/image/menu-import-gateway-prd/regions/ME/chains/HS-RIFA/af396a32ef5c170ae077a31d59b878a3.jpg
ar,ALRF-0080,خلطة قلوبات بدون ملح,Fresh & Local///Nuts & Spices///Mixed Nuts,Al Rifai,"تذوق خلطة المكسرات الفاخرة من الرفاعي و التي تتكون من الكاجو , الفستق, اللو و البندق بدون اضافة ملح او نكهات",خلطة قلوبات بدون ملح,32.0,32.0,pcs,100,10,0,https://images.deliveryhero.io/image/menu-import-gateway-prd/regions/ME/chains/HS-RIFA/0df749b471bbc283f1e469455a1d8f49.jpg
ar,ALRF-0081,خلطة سوبر ديلوكس,Fresh & Local///Nuts & Spices///Mixed Nuts,Al Rifai,مزيج رائع من المكسرات والبذور من الرفاعي، تم إعداده ليقدم تجربة تناول وجبات خفيفة مع قوام متوازن مثالي,خلطة سوبر ديلوكس,24.75,24.75,pcs,100,10,0,https://images.deliveryhero.io/image/menu-import-gateway-prd/regions/ME/chains/HS-RIFA/14762daf2040ddaeb3f35c0d22981e9b.jpg
ar,ALRF-0082,خلطة قلوبات,Fresh & Local///Nuts & Spices///Mixed Nuts,Al Rifai,تذوق الخلطة المميزة لتشكيلة من الفستق واللوز الخام والكاجو وجوز البيكان الأصيل لمحامص الرفاعي مع هذا التشكيلة المميزة واللتي تعد من أكثر الأصناف مبيعاً في الرفاعي,خلطة قلوبات,32.0,32.0,pcs,100,10,0,https://images.deliveryhero.io/image/menu-import-gateway-prd/regions/ME/chains/HS-RIFA/3f6e8f23a16a171e23b35743f6f8fbaf.jpg
ar,ALRF-0083,خلطة الجمعات,Fresh & Local///Nuts & Spices///Mixed Nuts,Al Rifai,استمتع بمجموعة متنوعة من المكسرات والبذور المميزة مع خلطة الجمعات من الرفاعي التي تحتوي على مزيج من المكسرات والبذور المثالية لمشاركتها مع الأصدقاء والعائلة أثناء التجمعات أو الاستمتاع بها كوجبة خفيفة صحية.,خلطة الجمعات,14.75,14.75,pcs,100,10,0,https://images.deliveryhero.io/image/menu-import-gateway-prd/regions/ME/chains/HS-RIFA/c5391ca51fb14851c152c481ec5b132a.jpg
ar,ALRF-0084,خلطة الجمعات حار,Fresh & Local///Nuts & Spices///Mixed Nuts,Al Rifai,أضف الإثارة إلى تجمعاتك مع خلطة الجمعات الحارة من الرفاعي، الذي يتميز بمزيج من المكسرات والبذور المتبلة بمزيج التوابل الناري، مما يجعله مثاليًا لإضافة لمسة إلى تجربة تناول الوجبات الخفيفة.,خلطة الجمعات حار,14.75,14.75,pcs,100,10,0,https://images.deliveryhero.io/image/menu-import-gateway-prd/regions/ME/chains/HS-RIFA/9c9e774bdc3cdbc652019b6ae552aa74.jpg
ar,ALRF-0085,خلطة مكسرات,Fresh & Local///Nuts & Spices///Mixed Nuts,Al Rifai,مجموعة مختارة من أجود أنواع المكسرات المحمصه تقدمها لك الرفاعي لتجربة خفيفة ومشبعة.,خلطة مكسرات,19.75,19.75,pcs,100,10,0,https://images.deliveryhero.io/image/menu-import-gateway-prd/regions/ME/chains/HS-RIFA/e464d3cded756389aa2eeebe6b839f28.jpg
ar,ALRF-0086,خلطة الطاقة,Fresh & Local///Nuts & Spices///Mixed Nuts,Al Rifai,غذِّ يومك بخلطة الطاقة من الرفاعي، الذي يتميز بمزيج من المكسرات والبذور المليئة بالبروتين والألياف والمواد المغذية الأساسية، مما يوفر خيارًا صحيًا ومنشطًا للوجبات الخفيفة.,خلطة الطاقة,32.0,32.0,pcs,100,10,0,https://images.deliveryhero.io/image/menu-import-gateway-prd/regions/ME/chains/HS-RIFA/1a29ca143c93ee2ec751b6c897e31a09.jpg
ar,ALRF-0087,خلطة الكيتو,Fresh & Local///Nuts & Spices///Mixed Nuts,Al Rifai,ابق على المسار الصحيح مع نظامك الغذائي (الكيتو) مع مزيج الكيتو من الرفاعي، الذي يتميز بمزيج من المكسرات والبذور منخفضة الكربوهيدرات المثالية لإشباع جوعك والحفاظ على نشاطك طوال اليوم.,خلطة الكيتو,32.0,32.0,pcs,100,10,0,https://images.deliveryhero.io/image/menu-import-gateway-prd/regions/ME/chains/HS-RIFA/f0719205faaa2c5cd6dd0153237b2c55.jpg
ar,ALRF-0088,خلطة الاوميغا,Fresh & Local///Nuts & Spices///Mixed Nuts,Al Rifai,جرب خلطة أوميغا الذي تحتوي على العديد من العناصر الغذائية الأساسية من الرفاعي,خلطة الاوميغا,32.0,32.0,pcs,100,10,0,https://images.deliveryhero.io/image/menu-import-gateway-prd/regions/ME/chains/HS-RIFA/a5cbbf35eedf3186239329a3a0a59fda.jpg
ar,ALRF-0089,خلطة مضاد الاكسدة,Fresh & Local///Nuts & Spices///Mixed Nuts,Al Rifai,,خلطة مضاد الاكسدة,32.0,32.0,pcs,100,10,0,https://images.deliveryhero.io/image/menu-import-gateway-prd/regions/ME/chains/HS-RIFA/a6ccd9be61baf50fb79432cfd4af3798.jpg
ar,ALRF-0090,كاجو ني 380ج,Fresh & Local///Nuts & Spices///Mixed Nuts,Al Rifai,استمتع بمذاق الكاجو الخام من الرفاعي، متعدد الاستخدامات للاستمتاع به بمفرده، أو استخدامه كطبقة علوية لأطباق مختلفة.,كاجو ني 380ج,47.0,47.0,pcs,100,10,0,https://images.deliveryhero.io/image/menu-import-gateway-prd/regions/ME/chains/HS-RIFA/5dbc7915593c5c97b4a99536a6e0ad66.png
ar,ALRF-0091,لوز ني 400ج,Fresh & Local///Nuts & Spices///Mixed Nuts,Al Rifai,اللوز الخام من الرفاعي مليء بالعناصر الغذائية الأساسية مثل فيتامين والمغنيسيوم والبروتين، مما يجعله خيارًا صحيًا ومرضيًا للوجبات الخفيفة.,لوز ني 400ج,49.0,49.0,pcs,100,10,0,https://images.deliveryhero.io/image/menu-import-gateway-prd/regions/ME/chains/HS-RIFA/0a3f21fed1cff13e90623be3d5e5e8d4.png
ar,ALRF-0092,لوز شرايح 150ج,Fresh & Local///Nuts & Spices///Mixed Nuts,Al Rifai,"لوز الشرائح ,من الرفاعي , مثالي لإضافة العناصر المغذية إلى الحبوب واللبن والحلويات مع توفير مصدر غني للبروتين والألياف والدهون الصحية",لوز شرايح 150ج,20.0,20.0,pcs,100,10,0,https://images.deliveryhero.io/image/menu-import-gateway-prd/regions/ME/chains/HS-RIFA/977fbd7f454ce7f6d836f561859d979c.jpg
ar,ALRF-0093,بيكان نيء 300ج,Fresh & Local///Nuts & Spices///Mixed Nuts,Al Rifai,استمتع بالفوائد الصحية للبيكان الخام من الرفاعي، المليء بالدهون الصحية للقلب والألياف والمواد المغذية الأساسية للحصول على خيار وجبة خفيفة مغذية ومرضية ومثالية في أي وقت من اليوم.,بيكان نيء 300ج,52.0,52.0,pcs,100,10,0,https://images.deliveryhero.io/image/menu-import-gateway-prd/regions/ME/chains/HS-RIFA/22a9c50beb57a71e8ef8b9ccd5524399.png
ar,ALRF-0094,فستق قلب 200ج,Fresh & Local///Nuts & Spices///Mixed Nuts,Al Rifai,استمتع بالطعم الطبيعي وقرمشة حبات الفستق القلب الخام من الرفاعي، التي تتميز بحبات الفستق الفاخرة التي تم قشرها واختيارها بعناية لجودتها، مما يجعلها مثالية لتناول الوجبات الخفيفة أو إضافتها إلى وصفاتك المفضلة.,فستق قلب 200ج,64.0,64.0,pcs,100,10,0,https://images.deliveryhero.io/image/menu-import-gateway-prd/regions/ME/chains/HS-RIFA/cca397dba4f575a614a3786d052e6b03.png
ar,ALRF-0095,صنوبر 130ج,Fresh & Local///Nuts & Spices///Mixed Nuts,Al Rifai,استمتع بتذوق صنوبر الرفاعي الخام، المثالي لإضافة لمسة من الفخامة إلى السلطات والحلويات,صنوبر 130ج,72.0,72.0,pcs,100,10,0,https://images.deliveryhero.io/image/menu-import-gateway-prd/regions/ME/chains/HS-RIFA/b09ab21906c970cfdc918ecbc96ff081.jpg
ar,ALRF-0096,مرطبان لوز بودرة,Fresh & Local///Nuts & Spices///Mixed Nuts,Al Rifai,مطحون ناعماً جداً. طبيعي 100% وغني بالقيمة الغذائية، لنكهة غنية وصحية.,مرطبان لوز بودرة,28.0,28.0,pcs,100,10,0,https://images.deliveryhero.io/image/menu-import-gateway-prd/regions/ME/chains/HS-RIFA/1b9b956428a9ddf4b8ba9275e2625b34.jpg
ar,ALRF-0097,بزر الكينوا 270ج,Supermarket///Retail///Packaged Products,Al Rifai,اكتشف الفوائد العديدة والغذائية لبذور الكينوا من الرفاعي، التي تتميز ببذور صغيرة مليئة بالبروتين والألياف والفيتامينات والمعادن الأساسية، مما يجعلها مكونًا مغذيًا ومتعدد الاستخدامات للسلطات والبطاطا المقلية وأوعية الحبوب.,بزر الكينوا 270ج,29.0,29.0,pcs,100,10,0,https://images.deliveryhero.io/image/menu-import-gateway-prd/regions/ME/chains/HS-RIFA/89e24bfd7a61104931b47443d9b73cf1.jpg
ar,ALRF-0098,هال هندي رويال 250 ج,Supermarket///Retail///Packaged Products,Al Rifai,ارفع مستوى إبداعاتك في الطهي مع الهيل الهندي من الرفاعي، المتوفر في أحجام عبوات مناسبة لتناسب احتياجات الطبخ الخاصة بك.,هال هندي رويال 250 ج,77.0,77.0,pcs,100,10,0,https://images.deliveryhero.io/image/menu-import-gateway-prd/regions/ME/chains/HS-RIFA/7237e8324f6397b96acb02e241c647c7.jpg
ar,ALRF-0099,عسل الهيمالايا 240ج,Supermarket///Retail///Packaged Products,Al Rifai,اكتشف المذاق الفريد لعسل الهيمالايا من الرفاعي، الذي يتميز بالعسل النقي المحصود من جبال الهيمالايا النقية للحصول على مُحلي غني ولذيذ مثالي .,عسل الهيمالايا 240ج,38.0,38.0,pcs,100,10,0,https://images.deliveryhero.io/image/menu-import-gateway-prd/regions/ME/chains/HS-RIFA/b6964b6d330ecb2e08ed103520a7a073.jpg
ar,ALRF-0100,دبس الرمان 500مل,Supermarket///Retail///Packaged Products,Al Rifai,أضف لمسة من الطعم المميز إلى أطباقك مع دبس الرمان من الرفاعي، وهو شراب مصنوع من عصير الرمان المركز، مثالي للتتبيلات والصلصات,دبس الرمان 500مل,25.0,25.0,pcs,100,10,0,https://images.deliveryhero.io/image/menu-import-gateway-prd/regions/ME/chains/HS-RIFA/f79315fa45998897a8ac457cd8425a3a.jpg
ar,ALRF-0101,ماء ورد الرفاعي 500مل,Supermarket///Retail///Packaged Products,Al Rifai,ماء الورد الرفاعي ذو طعم ورائحة الزهور المثالية، مثالي لتعزيز الحلويات والمشروبات والأطباق المالحة بخلاصته المنعشة,ماء ورد الرفاعي 500مل,20.0,20.0,pcs,100,10,0,https://images.deliveryhero.io/image/menu-import-gateway-prd/regions/ME/chains/HS-RIFA/d51effa961fe6095b72ee978cc231f76.jpg
ar,ALRF-0102,زعتر خلطة حلبية 450ج,Supermarket///Retail///Packaged Products,Al Rifai,مزيج خاص من الزعتر الحلبي من الرفاعي، تم اختياره وتعبئته بعناية فائقة ليحافظ على نضارته وخصائصه، ويعززالأطباق بطعمها المميز.,زعتر خلطة حلبية 450ج,32.0,32.0,pcs,100,10,0,https://images.deliveryhero.io/image/menu-import-gateway-prd/regions/ME/chains/HS-RIFA/8715910fa39eaa8fe34a5f659047058b.png
ar,ALRF-0103,زعتر اخضر ممتاز 350ج,Supermarket///Retail///Packaged Products,Al Rifai,اكتشف الزعتر الأخضر الفاخر من الرفاعي. تقدم هذه العبوة بوزن 400 غرام طعم الزعتر الأخضر النقي والنابض بالحياة، الذي تم حصاده في ذروة نضجه للحصول على أقصى قدر من الطعم المميز,زعتر اخضر ممتاز 350ج,32.0,32.0,g,100,10,0,https://images.deliveryhero.io/image/menu-import-gateway-prd/regions/ME/chains/HS-RIFA/4cc7a897999acac09808d2aeeb99d331.png
ar,ALRF-0104,خليط وافل وبانكيك 250ج,Supermarket///Retail///Packaged Products,Al Rifai,استمتع بخليط الوافل والبانكيك من الرفاعي، الذي يتميز بمزيج خبز متعدد الاستخدامات يجعل من السهل تحضير الفطائر الرقيقة أو الفطائر المقرمشة في دقائق، مما يجعلها مثالية لوجبة إفطار أو غداء لذيذة وممتعة.,خليط وافل وبانكيك 250ج,21.0,21.0,pcs,100,10,0,https://images.deliveryhero.io/image/menu-import-gateway-prd/regions/ME/chains/HS-RIFA/e9045621728451f7e552a311c0ea1aad.png
ar,ALRF-0105,خليط المافن 400ج,Supermarket///Retail///Packaged Products,Al Rifai,انغمس في جودة خليط المافن الرفاعي، والتي تتميز بمزيج خبز متعدد الاستخدامات يسمح لك بإعداد فطائر رطبة ولذيذة .,خليط المافن 400ج,18.0,18.0,pcs,100,10,0,https://images.deliveryhero.io/image/menu-import-gateway-prd/regions/ME/chains/HS-RIFA/fffb8ba5be9edc08b0a980bac0ac85e9.png
ar,ALRF-0106,خليط الخبز والبيتزا 400ج,Supermarket///Retail///Packaged Products,Al Rifai,اصنع البيتزا الشهية في المنزل مع خليط الخبز والبيتزا من الرفاعي، التي تتميز بمزيج الخبز المريح الذي يتحول إلى قشرة بيتزا لذيذة عند دمجها مع الطبقة المفضلة لديك، مثالية لعشاء أو وجبة خفيفة سريعة وسهلة.,خليط الخبز والبيتزا 400ج,20.0,20.0,pcs,100,10,0,https://images.deliveryhero.io/image/menu-import-gateway-prd/regions/ME/chains/HS-RIFA/bb0c71b7e8f15c13ec79406205f5c430.png
ar,ALRF-0107,خليط متعدد الإستخدامات 450ج,Supermarket///Retail///Packaged Products,Al Rifai,ارفع مستوى مخبوزاتك مع الخليط متعدد الإستخدامات من الرفاعي، الذي يتميز بمزيج الخليط متعدد الاستخدامات يمكن استخدامه كقاعدة لمجموعة متنوعة من الوصفات الحلوة والمالحة، من الكعك والبسكويت إلى الفطائر الحلوة والفطائر المالحة.,خليط متعدد الإستخدامات 450ج,19.0,19.0,pcs,100,10,0,https://images.deliveryhero.io/image/menu-import-gateway-prd/regions/ME/chains/HS-RIFA/f92d6c3965efc5a4527870119000842b.png
ar,ALRF-0108,مرطبان بذور الشيا,Supermarket///Retail///Packaged Products,Al Rifai,بذور خارقة غنية بالأوميجا 3 والألياف والبروتين. مثالية لتعزيز طاقتك وصحتك اليومية,مرطبان بذور الشيا,29.0,29.0,pcs,100,10,0,https://images.deliveryhero.io/image/menu-import-gateway-prd/regions/ME/chains/HS-RIFA/abb6f119864fc5a9049b9c41b291384c.jpg
ar,ALRF-0109,زعفران 3ج,Supermarket///Retail///Packaged Products,Al Rifai,خيوط فاخرة برائحة زكية ونكهة فريدة ولون عميق. لمسة ملكية لأطباقك ومشروباتك.,زعفران 3ج,75.0,75.0,pcs,100,10,0,https://images.deliveryhero.io/image/menu-import-gateway-prd/regions/ME/chains/HS-RIFA/0216e19f8531b76511aae57abb2ff208.jpg
ar,ALRF-0110,قهوة فرنسية فانيليا,Supermarket///Retail///Beverages,Al Rifai,انغمس في الطعم المميز للقهوة الفرنسية بالفانيليا من الرفاعي، والتي تتميز بمزيج من حبوب القهوة الفاخرة الممزوجة بمذاق الفانيليا الغني والمفعم.,قهوة فرنسية فانيليا,24.0,24.0,pcs,100,10,0,https://images.deliveryhero.io/image/menu-import-gateway-prd/regions/ME/chains/HS-RIFA/1a09e8b02c4679a3332dfb5b81b19901.jpeg
ar,ALRF-0111,قهوة فرنسية بندق,Supermarket///Retail///Beverages,Al Rifai,تذوق الطعم اللذيذ والمميز للقهوة الفرنسية بالبندق من الرفاعي، والتي تتميز بمزيج من حبوب القهوة الفاخرة الممزوجة بالمذاق اللذيذ للبندق,قهوة فرنسية بندق,26.25,26.25,pcs,100,10,0,https://images.deliveryhero.io/image/menu-import-gateway-prd/regions/ME/chains/HS-RIFA/634eccd6593fcf34fba73cb7aadd5310.jpg
ar,ALRF-0112,قهوة فرنسية بندق 250ج,Supermarket///Retail///Beverages,Al Rifai,جرب القهوة الفرنسية بالبندق من الرفاعي، والتي تتميز بحبوب القهوة الفاخرة الممزوجة بطعم البندق الذي لا يقاوم لتجربة قهوة مبهجة ومثالية في أي وقت من اليوم.,قهوة فرنسية بندق 250ج,28.0,28.0,pcs,100,10,0,https://images.deliveryhero.io/image/menu-import-gateway-prd/regions/ME/chains/HS-RIFA/951ae79207f6c65d8613cdddc9540c14.jpg
ar,ALRF-0113,زنجبيل مجفف 250ج,Supermarket///Retail///Breakfast & Snacks,Al Rifai,استمتع بالمذاق الحار والمنعش للزنجبيل المجفف من الرفاعي، الذي يضم شرائح من جذر الزنجبيل التي تم تجفيفها لتكثيف طعمها ورائحتها، مما يجعلها مثالية لإضافتها إلى الشاي أو المخبوزات أو الأطباق المالحة.,زنجبيل مجفف 250ج,25.0,25.0,pcs,100,10,0,https://images.deliveryhero.io/image/menu-import-gateway-prd/regions/ME/chains/HS-RIFA/ec2bbe5d9b53a125076d62919b71c8a4.jpg
ar,ALRF-0114,أناناس مجفف 200ج,Supermarket///Retail///Breakfast & Snacks,Al Rifai,انغمس في الحلاوة الاستوائية للأناناس المجفف من الرفاعي، الذي يضم شرائح من الأناناس المجفف للحفاظ على طعمه الطبيعي وحلاوته، مما يجعله خيارًا لذيذًا ومريحًا للوجبات الخفيفة أثناء التنقل.,أناناس مجفف 200ج,28.0,28.0,pcs,100,10,0,https://images.deliveryhero.io/image/menu-import-gateway-prd/regions/ME/chains/HS-RIFA/bb54970954648b992ede9bb8de9d44f2.jpg
ar,ALRF-0115,مانجو مجفف 200ج,Supermarket///Retail///Breakfast & Snacks,Al Rifai,المانجو المجفف من الرفاعي، الذي يضم شرائح من المانجو التي تم تجفيفها إلى حد الكمال للحصول على خيار وجبة خفيفة مطاطية ولذيذة مليئة بالطعم الاستوائي والخيرات الطبيعية.,مانجو مجفف 200ج,28.0,28.0,pcs,100,10,0,https://images.deliveryhero.io/image/menu-import-gateway-prd/regions/ME/chains/HS-RIFA/7d5a60613e7fb51393e7011719bfec31.jpg
ar,ALRF-0116,توت بري مجفف 250ج,Supermarket///Retail///Breakfast & Snacks,Al Rifai,استمتع بالتوت البري المجفف من الرفاعي، يتميز التوت البري الذي تم تجفيفه للحصول على خيار وجبة خفيفة لذيذة ومغذية مثالية لإضافتها إلى المزيج أو السلطات أو المخبوزات.,توت بري مجفف 250ج,25.0,25.0,pcs,100,10,0,https://images.deliveryhero.io/image/menu-import-gateway-prd/regions/ME/chains/HS-RIFA/e2e524d8ee07c2c8d46707637abaea79.jpg
ar,ALRF-0117,زبيب اسود 250ج,Supermarket///Retail///Breakfast & Snacks,Al Rifai,الزبيب الأسود المميز من الرفاعي، الذي تم تجفيفه للحصول على خيار وجبة خفيفة ومغذية بشكل طبيعي,زبيب اسود 250ج,25.0,25.0,pcs,100,10,0,https://images.deliveryhero.io/image/menu-import-gateway-prd/regions/ME/chains/HS-RIFA/801c250a9e382bb8014b42256016cd58.jpg
ar,ALRF-0118,مشمش مجفف 250ج,Supermarket///Retail///Breakfast & Snacks,Al Rifai,انغمس في تجربة المشمش المجفف من الرفاعي، يتميز بالمشمش اللذي تم تجفيفه للحفاظ على حلاوته ومذاقة الطبيعي، مما يجعله خيارًا لذيذًا ومريحًا للوجبات الخفيفة في أي وقت من اليوم.,مشمش مجفف 250ج,32.0,32.0,pcs,100,10,0,https://images.deliveryhero.io/image/menu-import-gateway-prd/regions/ME/chains/HS-RIFA/3434b6b234809bb6c391554638f93114.jpg
ar,ALRF-0119,تين مجفف 250ج,Supermarket///Retail///Breakfast & Snacks,Al Rifai,تذوق التين المجفف الغنية والرائعة من الرفاعي ، والتي تتميز بالتين الطري والحلو الذي تم تجفيفه إلى حد الكمال للحصول على خيار وجبة خفيفة و مليئة بالمواد المغذية.,تين مجفف 250ج,32.0,32.0,pcs,100,10,0,https://images.deliveryhero.io/image/menu-import-gateway-prd/regions/ME/chains/HS-RIFA/6bd0da1c20b7863f99acfb56304d1f2a.jpg
ar,ALRF-0120,رقائق جوز الهند بالأناناس 40ج,Supermarket///Retail///Breakfast & Snacks,Al Rifai,استمتع بالحلاوة الاستوائية لرقائق جوز الهند والأناناس، حيث تقدم خيارًا لذيذًا وغريبًا للوجبات الخفيفة مثاليًا لإشباع رغبتك الشديدة في تناول شيء حلو وفاكهي.,رقائق جوز الهند بالأناناس 40ج,7.0,7.0,pcs,100,10,0,https://images.deliveryhero.io/image/menu-import-gateway-prd/regions/ME/chains/HS-RIFA/3aa854e26a2ca7b889b2b165321f2494.jpg
ar,ALRF-0121,رقائق جوز الهند بالشوكولا 40ج,Supermarket///Retail///Breakfast & Snacks,Al Rifai,انغمس في المزيج الرائع من شوكولاتة رقائق جوز الهند من الرفاعي، التي تتميز بمذاق الشوكولاتة الغني والمميز مع طعم جوز الهند الاستوائي لتجربة وجبة خفيفة مبهجة.,رقائق جوز الهند بالشوكولا 40ج,7.0,7.0,pcs,100,10,0,https://images.deliveryhero.io/image/menu-import-gateway-prd/regions/ME/chains/HS-RIFA/25a4fc2ad2804969d1a82af1c98425c6.jpg
ar,ALRF-0122,فاكهة التنين المجففة 200ج,Supermarket///Retail///Breakfast & Snacks,Al Rifai,,فاكهة التنين المجففة 200ج,28.0,28.0,pcs,100,10,0,https://images.deliveryhero.io/image/menu-import-gateway-prd/regions/ME/chains/HS-RIFA/77c04f5c7fea2d7e035e470f9dcdc122.jpg
ar,ALRF-0123,خلطة بورا بورا 400ج,Supermarket///Retail///Breakfast & Snacks,Al Rifai,,خلطة بورا بورا 400ج,48.0,48.0,pcs,100,10,0,https://images.deliveryhero.io/image/menu-import-gateway-prd/regions/ME/chains/HS-RIFA/0384d4fed3478e009c726cfd63ed662e.jpg
ar,ALRF-0124,البرسيمون المجففة 200ج,Supermarket///Retail///Breakfast & Snacks,Al Rifai,,البرسيمون المجففة 200ج,28.0,28.0,pcs,100,10,0,https://images.deliveryhero.io/image/menu-import-gateway-prd/regions/ME/chains/HS-RIFA/145a4e2a6d9efecfca9cb4cc46402d89.jpg
ar,ALRF-0125,بيري تروبيكال 60 جرام,Supermarket///Retail///Breakfast & Snacks,Al Rifai,,بيري تروبيكال 60 جرام,25.0,25.0,pcs,100,10,0,https://images.deliveryhero.io/image/menu-import-gateway-prd/regions/ME/chains/HS-RIFA/044d508366cd3357ed29c0451f1080e2.jpg
ar,ALRF-0126,قمرالدين فراولة 300ج,Supermarket///Retail///Breakfast & Snacks,Al Rifai,,قمرالدين فراولة 300ج,12.0,12.0,pcs,100,10,0,https://images.deliveryhero.io/image/menu-import-gateway-prd/regions/ME/chains/HS-RIFA/71a5d1b0c79ec36b9a1c389a4429e9a7.jpg
ar,ALRF-0127,قمرالدين توت أسود فينتو 300ج,Supermarket///Retail///Breakfast & Snacks,Al Rifai,,قمرالدين توت أسود فينتو 300ج,12.0,12.0,pcs,100,10,0,https://images.deliveryhero.io/image/menu-import-gateway-prd/regions/ME/chains/HS-RIFA/7c18d6fc92a207fbf47b14daa4acf385.jpg
ar,ALRF-0128,عجوة بكت 7 حبات,Supermarket///Retail///Breakfast & Snacks,Al Rifai,طعم فريد بقوام لين ودسم، وغني بمضادات الأكسدة والفوائد,عجوة بكت 7 حبات,18.0,18.0,pcs,100,10,0,https://images.deliveryhero.io/image/menu-import-gateway-prd/regions/ME/chains/HS-RIFA/72d74ad1f7557d8e95ce16362747661b.jpg
ar,ALRF-0129,كستناء,Supermarket///Retail///Breakfast & Snacks,Al Rifai,استمتع بطعم الكستناء الغني والمميز من الرفاعي، وهو مكون متعدد الاستخدامات مثالي لتناول الوجبات الخفيفة بمفرده، أو إضافته إلى الأطباق اللذيذة، أو دمجه في الحلويات الحلوة للحصول على مذاق متميز لذيذ.,كستناء,10.0,10.0,pcs,100,10,0,https://images.deliveryhero.io/image/menu-import-gateway-prd/regions/ME/chains/HS-RIFA/55441d284c67470bd6ccc926762fde0d.jpg
ar,ALRF-0130,بوب ناتس كاجو,Supermarket///Retail///Breakfast & Snacks,Al Rifai,البوب ناتس ،فشار مع مقرمشات من الكاجو ني بمكونات عالية الجودة ، مصنوع خصيصًا لتقديم مذاق رائع من الرفاعي,بوب ناتس كاجو,15.0,15.0,pcs,100,10,0,https://images.deliveryhero.io/image/menu-import-gateway-prd/regions/ME/chains/HS-RIFA/3a996c280c12d8b3105b9f0e72b032a5.jpg
ar,ALRF-0131,بوب ناتس لوز,Supermarket///Retail///Breakfast & Snacks,Al Rifai,البوب ناتس ،فشار مع مقرمشات من اللوز ني بمكونات عالية الجودة ، مصنوع خصيصًا لتقديم مذاق رائع من الرفاعي,بوب ناتس لوز,15.0,15.0,pcs,100,10,0,https://images.deliveryhero.io/image/menu-import-gateway-prd/regions/ME/chains/HS-RIFA/7581d0f46aaa5c565a6ecc8b221ad4b2.jpg
ar,ALRF-0132,بوب ناتس فول سوداني,Supermarket///Retail///Breakfast & Snacks,Al Rifai,البوب ناتس ،فشار مع مقرمشات من الفول السوداني ني بمكونات عالية الجودة ، مصنوع خصيصًا لتقديم مذاق رائع من الرفاعي,بوب ناتس فول سوداني,15.0,15.0,pcs,100,10,0,https://images.deliveryhero.io/image/menu-import-gateway-prd/regions/ME/chains/HS-RIFA/5f1e9ad203350dc2a8b1fe02b42adad3.jpeg
ar,ALRF-0133,رقائق تفاح 15ج,Supermarket///Retail///Breakfast & Snacks,Al Rifai,تُعد رقائق التفاح المجففة من الرفاعي وجبة خفيفة صحية ومثالية لمن يحبون الحلاوة الطبيعية للتفاح. تحتوي هذه العبوة بوزن 15 غرام على شرائح رفيعة من التفاح تم تجفيفها بعناية للحفاظ على قرمشتها ومذاقها اللذيذ، مثالية لوجبة خفيفة سريعة أثناء التنقل، تقدم هذه الرقائق طريقة بدون شعور بالذنب لإرضاء رغباتك لأكل الحلويات.,رقائق تفاح 15ج,7.0,7.0,g,100,10,0,https://images.deliveryhero.io/image/menu-import-gateway-prd/regions/ME/chains/HS-RIFA/ae22ce5808b5365cf8e3f88b0a79f69f.jpg
ar,ALRF-0134,رقائق فراولة 15ج,Supermarket///Retail///Breakfast & Snacks,Al Rifai,تعتبر رقائق الفراولة المجففة من الرفاعي متعة لذيذة، تقدم المزيج المثالي من الحلاوة والحموضة في وجبة خفيفة مقرمشة، تحتوي هذه العبوة بوزن 15 غرام على شرائح من الفراولة تم تجفيفها لالتقاط جوهرها ومذاقها المميز، متعدده الاستخدامات كوجبة خفيفة شهية أو إضافة حلوة إلى حبوب الإفطار أو الزبادي، تعتبر رقائق الفراولة هذه خيارًا رائعًا.,رقائق فراولة 15ج,7.0,7.0,g,100,10,0,https://images.deliveryhero.io/image/menu-import-gateway-prd/regions/ME/chains/HS-RIFA/b37d41f2c3404bc66be50c7ff865c92d.jpg
ar,ALRF-0135,رقائق شمندر 15ج,Supermarket///Retail///Breakfast & Snacks,Al Rifai,تعتبر رقائق الشمندر المجففة من الرفاعي خيار وجبة خفيفة نابضة بالحياة ومغذية تجلب الطعم الحلو للشمندر في شكل مقرمش ولذيذ. تلتقط هذه العبوة بوزن 15 غرام جوهر الشمندر، مجففة بشكل مثالي للحفاظ على قيمتها الغذائية وطهمها المميز، مثالية لمن يبحثون عن وجبة خفيفة صحية ولذيذة.,رقائق شمندر 15ج,7.0,7.0,g,100,10,0,https://images.deliveryhero.io/image/menu-import-gateway-prd/regions/ME/chains/HS-RIFA/ee686304be5750aeff54ce2b0fbd4805.jpg
ar,ALRF-0136,رقائق بطاطس أرجوانية 15ج,Supermarket///Retail///Breakfast & Snacks,Al Rifai,تجلب رقائق البطاطس الأرجوانية المجففة من الرفاعي لمسة من الألوان وثروة من الفوائد الصحية إلى وقت التسلية الخاص بك. تحتوي هذه العبوة بوزن 15 غرام على شرائح من البطاطس الحلوة الأرجوانية، المعروفة بغناها بمضادات الأكسدة، مجففة لتحقيق قرمشة مثالية. توفر هذه الرقائق تجربة طعم فريدة، تجمع بين الحلاوة الطبيعية للبطاطس الحلوة وقوام مقرمش وممتع,رقائق بطاطس أرجوانية 15ج,4.0,4.0,g,100,10,0,https://images.deliveryhero.io/image/menu-import-gateway-prd/regions/ME/chains/HS-RIFA/c5428276f0c5a5401aa77e806bb0b845.jpg
ar,ALRF-0137,مشكل ملبن,Fresh & Local///Homemade Meals///Classic Sweets,Al Rifai,"تذوق التشكيلة المميزة من الرفاعي ,لمجموعة مختارة من الملبن لتتناسب مع ذائقتك المميزة",مشكل ملبن,27.5,27.5,pcs,100,10,0,https://images.deliveryhero.io/image/menu-import-gateway-prd/regions/ME/chains/HS-RIFA/fd56d15241ba243aba22452d38d5bd32.jpg
ar,ALRF-0138,مشكل مقرمشات الأرز,Supermarket///Retail///Breakfast & Snacks,Al Rifai,مقرمشات تايلندية بتشكيلة مختلفه وشهيه تقدمها لكم الرفاعي للاستمتاع بوجبة خفيفة صحية ولذيذة,مشكل مقرمشات الأرز,18.0,18.0,pcs,100,10,0,https://images.deliveryhero.io/image/menu-import-gateway-prd/regions/ME/chains/HS-RIFA/2898d6f4b4848780580bbf7036337a49.jpg
ar,ALRF-0139,مقرمشات سوكا باي بالجبنة 100ج,Supermarket///Retail///Breakfast & Snacks,Al Rifai,انغمس في المذاق المميز لمقرمشات الجبن من سوكا باي من الرفاعي، الذي يتميز بمقرمشات الأرز المقرمشة المغطاة بشكل كبير من توابل الجبن لتجربة وجبة خفيفة لذيذة ومسببة للإدمان.,مقرمشات سوكا باي بالجبنة 100ج,10.0,10.0,pcs,100,10,0,https://images.deliveryhero.io/image/menu-import-gateway-prd/regions/ME/chains/HS-RIFA/a6200c1d8a82adcf01033bb5ca9c91a7.png
ar,ALRF-0140,مقرمشات سوكا باي حارة 100ج,Supermarket///Retail///Breakfast & Snacks,Al Rifai,استمتع بوجبة خفيفة مع مقرمشات سوكا باي الحارة من الرفاعي، التي تتميز بمقرمشات الأرز المقرمشة المتبلة بمزيج مميز من التوابل للحصول على خيار وجبة خفيفة ولذيذة ستجعلك ترغب في المزيد.,مقرمشات سوكا باي حارة 100ج,10.0,10.0,pcs,100,10,0,https://images.deliveryhero.io/image/menu-import-gateway-prd/regions/ME/chains/HS-RIFA/1277d315738d3597df887a8e2233f744.png
ar,ALRF-0141,معمول تمر,Supermarket///Retail///Bakery,Al Rifai,استمتع بالطعم الغني والحلو للمعمول المحشو بالتمر من الرفاعي، والذي يقدم وجبة لذيذة ورائعة مثالية لإشباع شهيتك للحلويات.,معمول تمر,52.0,52.0,pcs,100,10,0,https://images.deliveryhero.io/image/menu-import-gateway-prd/regions/ME/chains/HS-RIFA/c7835e77ef861042263d9edcffbe8f0a.jpg
ar,ALRF-0142,برازق 500ج,Supermarket///Retail///Bakery,Al Rifai,البرازق من أنواع البسكويت الشهيه جدا والتي يحبها كثير من الناس لما لها من طعم جميل ومميز وغني بالسمسم تقدمها لكم الرفاعي طازجه,برازق 500ج,52.0,52.0,pcs,100,10,0,https://images.deliveryhero.io/image/menu-import-gateway-prd/regions/ME/chains/HS-RIFA/e5df9bd9586b9b54586a554f943914eb.jpg
ar,ALRF-0143,علبة سمسمية,Supermarket///Retail///Bakery,Al Rifai,سمسمية الرفاعي هي طبق شرقي تقليدي مصنوع من بذور السمسم، ويتم إعداده بخبرة ليتحول إلى وجبة خفيفة مقرمشة,علبة سمسمية,41.0,41.0,pcs,100,10,0,https://images.deliveryhero.io/image/menu-import-gateway-prd/regions/ME/chains/HS-RIFA/843beae574f6ce8d46fce54c4843d434.jpg
ar,ALRF-0144,غريبة 500ج,Supermarket///Retail///Bakery,Al Rifai,نغمس في حلاوة الغريبة التي لا تقاوم من الرفاعي، وهي معجنات شرق أوسطية تقليدية مصنوعة من عجينة الغريبة بالزبدة ومليئة بالتمر أو المكسرات للحصول على وجبة لذيذة.,غريبة 500ج,52.0,52.0,pcs,100,10,0,https://images.deliveryhero.io/image/menu-import-gateway-prd/regions/ME/chains/HS-RIFA/ace2b1270e66d3362484f46af85caaf3.jpeg
ar,ALRF-0145,معمول كرانبري,Supermarket///Retail///Bakery,Al Rifai,استمتع بالطعم المثالي للمعمول المحشو بالتوت البري من الرفاعي، مما يوفر لمسة مبهجة وطعم مميز للمذاق الأصلي للمعمول.,معمول كرانبري,52.0,52.0,pcs,100,10,0,https://images.deliveryhero.io/image/menu-import-gateway-prd/regions/ME/chains/HS-RIFA/90710527a5c106a73fc3350dbe6b1762.jpg
ar,ALRF-0146,معمول مشكل فستق وجوز,Supermarket///Retail///Bakery,Al Rifai,انغمس في حلاوة المعمول التي لا تقاوم الممزوجة بالفستق والجوز من الرفاعي، حيث تقدم وجبة لذيذة ولذيذة مثالية للاستمتاع بفنجان من الشاي أو القهوة.,معمول مشكل فستق وجوز,58.0,58.0,pcs,100,10,0,https://images.deliveryhero.io/image/menu-import-gateway-prd/regions/ME/chains/HS-RIFA/8a49ee8181416f8baf6330da6d48e1d3.png
ar,ALRF-0147,بقلاوة مشكلة 250ج,Supermarket///Retail///Bakery,Al Rifai,دلل نفسك بحلاوة البقلاوة المتنوعة من الرفاعي، والتي تتميز بطبقات من الحلويات الرقيقة المليئة بالمكسرات الممزوجة والمحلاة بالشراب أو العسل لتجربة حلوى مبهجة.,بقلاوة مشكلة 250ج,43.0,43.0,pcs,100,10,0,https://images.deliveryhero.io/image/menu-import-gateway-prd/regions/ME/chains/HS-RIFA/896a90b2b89572951592d162a66c20dd.jpg
ar,ALRF-0148,معمول بيكان بدون سكر مضاف 500ج,Supermarket///Retail///Bakery,Al Rifai,انغمس مع معمول البيكان بدون سكر مضاف من الرفاعي، بمكونات طبيعية، مثالية لإرضاء شهيتك للحلويات بدون سكر مضاف.,معمول بيكان بدون سكر مضاف 500ج,52.0,52.0,pcs,100,10,0,https://images.deliveryhero.io/image/menu-import-gateway-prd/regions/ME/chains/HS-RIFA/a151538d16daa9257f01104f0dc7beee.png
ar,ALRF-0149,معمول تمر شوفان بدون سكر مضاف 500ج,Supermarket///Retail///Bakery,Al Rifai,استمتع بالمذاق الصحي لمعمول الشوفان بالتمر بدون إضافة سكر من الرفاعي، والذي يتميز بخليط الشوفان المميز والمليئة بالتمر اللذيذ والمحلاة بمكونات طبيعية، مما يجعلها علاجًا لذيذًا وصحيًا في أي وقت من اليوم.,معمول تمر شوفان بدون سكر مضاف 500ج,48.0,48.0,pcs,100,10,0,https://images.deliveryhero.io/image/menu-import-gateway-prd/regions/ME/chains/HS-RIFA/599a95ef953b717132830a366b7e49e8.png
ar,ALRF-0150,تيفولي بدون سكر 142,Supermarket///Retail///Bakery,Al Rifai,,تيفولي بدون سكر 142,22.0,22.0,pcs,100,10,0,https://images.deliveryhero.io/image/menu-import-gateway-prd/regions/ME/chains/HS-RIFA/5851c36361715b725caf0bf1c8b44245.png
ar,ALRF-0151,تيفولي غلوتين فري 142ج,Supermarket///Retail///Bakery,Al Rifai,,تيفولي غلوتين فري 142ج,22.0,22.0,pcs,100,10,0,https://images.deliveryhero.io/image/menu-import-gateway-prd/regions/ME/chains/HS-RIFA/0828efc99cebcb8df1b6f3b9839b75da.png
ar,ALRF-0152,ركوة رقم 3,Supermarket///Retail///Household Products,Al Rifai,هي أحد أشهر الأدوات اللتي تستخدم لإعداد وتحضير القهوة التركية,ركوة رقم 3,40.0,40.0,pcs,100,10,0,https://images.deliveryhero.io/image/menu-import-gateway-prd/regions/ME/chains/HS-RIFA/3665b3ece8ec28d6071fdad80e07c651.jpg
ar,ALRF-0153,ركوة رقم 4,Supermarket///Retail///Household Products,Al Rifai,هي أحد أشهر الأدوات اللتي تستخدم لإعداد وتحضير القهوة التركية,ركوة رقم 4,44.0,44.0,pcs,100,10,0,https://images.deliveryhero.io/image/menu-import-gateway-prd/regions/ME/chains/HS-RIFA/6df600c7d7b3b24376cac14fa8feb7a5.jpg
ar,ALRF-0154,ركوة رقم 5,Supermarket///Retail///Household Products,Al Rifai,هي أحد أشهر الأدوات اللتي تستخدم لإعداد وتحضير القهوة التركية,ركوة رقم 5,48.0,48.0,pcs,100,10,0,https://images.deliveryhero.io/image/menu-import-gateway-prd/regions/ME/chains/HS-RIFA/cc347de0b6c48195a7d69af5f1dfba79.jpg
ar,ALRF-0155,قارورة ماء 18 اونص مينيز,Supermarket///Retail///Household Products,Al Rifai,,قارورة ماء 18 اونص مينيز,45.0,45.0,pcs,100,10,0,https://images.deliveryhero.io/image/menu-import-gateway-prd/regions/ME/chains/HS-RIFA/b565b8ac6083b7d8a5321c3f0945dddf.jpg
ar,ALRF-0156,علبة غداء العودة للمدارس,Supermarket///Retail///Household Products,Al Rifai,,علبة غداء العودة للمدارس,45.0,45.0,pcs,100,10,0,https://images.deliveryhero.io/image/menu-import-gateway-prd/regions/ME/chains/HS-RIFA/63a300350d95bdc0f01c1f394176f282.jpg
ar,ALRF-0157,مشروب الزعفران مع الشاي الأخضر,Supermarket///Retail///Beverages,Al Rifai,يقدم الرفاعي الشاي الأخضر بالزعفران هو مشروب يجمع بين الفوائد الصحية للشاي الأخضر والطعم الفريد والخصائص الصحية المحتملة للزعفران. ارتبط كل من الشاي الأخضر والزعفران بفوائد صحية مختلفة، ومزيجهما يخلق مزيجًا مميزًا وعطريًا.,مشروب الزعفران مع الشاي الأخضر,39.0,39.0,pcs,100,10,0,https://images.deliveryhero.io/image/menu-import-gateway-prd/regions/ME/chains/HS-RIFA/eae5e0ccb38fead4fa68bee17ea0973d.jpeg
ar,ALRF-0158,شاي أسود مع القرفة والتوابل,Supermarket///Retail///Beverages,Al Rifai,قم بتدفئة حواسك مع كوب الشاي الأسود بتوابل القرفة، الذي يتميز بالشاي الأسود العتيق الممزوج بمذاق القرفة الحلوة والحارة لتجربة شاي مريحة وعطرية.,شاي أسود مع القرفة والتوابل,21.0,21.0,pcs,100,10,0,https://images.deliveryhero.io/image/menu-import-gateway-prd/regions/ME/chains/HS-RIFA/bbc015cc1cfe1bf0ff8e9245d6cc3f05.jpg
ar,ALRF-0159,شاي أخضر مع الكركم والأعشاب,Supermarket///Retail///Beverages,Al Rifai,جدد حواسك مع كوب الشاي الأخضر بأعشاب الكركم من الرفاعي، الذي يتميز بمزيج منعش من الشاي الأخضر الممزوج بالطعم الدافئ للكركم والأعشاب العطرية لتجربة مشروبات مهدئة ومنشطة.,شاي أخضر مع الكركم والأعشاب,21.0,21.0,pcs,100,10,0,https://images.deliveryhero.io/image/menu-import-gateway-prd/regions/ME/chains/HS-RIFA/7619f4443080f57845dc10942bdf2273.jpg
ar,ALRF-0160,شاي أخضر مع الورد والهيل,Supermarket///Retail///Beverages,Al Rifai,استمتع بالمذاق المميز و الغريب لكوب الشاي الأخضر والورد والهيل من الرفاعي، الذي يتميز بالشاي الأخضر الرقيق الممزوج بخلاصة زهور بتلات الورد والتوابل العطرية من الهيل لتجربة شاي عطرة وساحرة.,شاي أخضر مع الورد والهيل,21.0,21.0,pcs,100,10,0,https://images.deliveryhero.io/image/menu-import-gateway-prd/regions/ME/chains/HS-RIFA/39d15f912f5f466c9e64a810940a0a9a.jpg
ar,ALRF-0161,مرطبان كركديه 250ج,Supermarket///Retail///Beverages,Al Rifai,,مرطبان كركديه 250ج,25.0,25.0,pcs,100,10,0,https://images.deliveryhero.io/image/menu-import-gateway-prd/regions/ME/chains/HS-RIFA/9ae1512ed63e543dab0455dba0ba7892.jpg
ar,ALRF-0162,شاي أخضر بالحمضيات مع زيت الليمون الطبيعي 50ج,Supermarket///Retail///Beverages,Al Rifai,,شاي أخضر بالحمضيات مع زيت الليمون الطبيعي 50ج,30.0,30.0,pcs,100,10,0,https://images.deliveryhero.io/image/menu-import-gateway-prd/regions/ME/chains/HS-RIFA/eee3fba0d79a00e5ddbfc0414dabe153.jpg
ar,ALRF-0163,شاي أسود بالحمضيات مع الزنجبيل والقرفة وزيت الليمون الطبيعي 50ج,Supermarket///Retail///Beverages,Al Rifai,استمتع بشاي الرفاعي الأسود بالحمضيات مع الزنجبيل والقرفة وزيت الليمون الطبيعي. هذه العبوة بحجم 50 جرام تحتوي على شاي أسود غني، حمضيات منعشة، زنجبيل حار، قرفة دافئة، وزيت الليمون الطبيعي. مثالي لتجربة شاي دافئة ومنعشة.,شاي أسود بالحمضيات مع الزنجبيل والقرفة وزيت الليمون الطبيعي 50ج,30.0,30.0,g,100,10,0,https://images.deliveryhero.io/image/menu-import-gateway-prd/regions/ME/chains/HS-RIFA/62d6e819cc5e6e1895d7ee7dcb5c78fa.png
ar,ALRF-0164,شاي أسود مع الأناناس والتفاح ونبق البحر 120ج,Supermarket///Retail///Beverages,Al Rifai,,شاي أسود مع الأناناس والتفاح ونبق البحر 120ج,45.0,45.0,pcs,100,10,0,https://images.deliveryhero.io/image/menu-import-gateway-prd/regions/ME/chains/HS-RIFA/e8a25516e918e06addfb42eddb8f1be6.jpg
ar,ALRF-0165,شاي أسود بالأناناس والمانجو 130ج,Supermarket///Retail///Beverages,Al Rifai,استمتع بشاي الرفاعي الأسود بالأناناس والمانجو. هذه العبوة بحجم 130 جرام تحتوي على شاي أسود غني، أناناس حلو، ومانجو عصير. مثالي لتجربة شاي استوائية ومنعشة.,شاي أسود بالأناناس والمانجو 130ج,45.0,45.0,g,100,10,0,https://images.deliveryhero.io/image/menu-import-gateway-prd/regions/ME/chains/HS-RIFA/665cd465ffead271bef01a7676c3cdd8.png
ar,ALRF-0166,شاي أسود بالزنجبيل وعشب الليمون 100ج,Supermarket///Retail///Beverages,Al Rifai,جرب شاي الرفاعي الأسود بالزنجبيل وعشب الليمون. هذه العبوة بحجم 100 جرام تحتوي على شاي أسود غني، زنجبيل حار، وعشب الليمون المنعش. مثالي لتجربة شاي دافئة ومهدئة.,شاي أسود بالزنجبيل وعشب الليمون 100ج,45.0,45.0,g,100,10,0,https://images.deliveryhero.io/image/menu-import-gateway-prd/regions/ME/chains/HS-RIFA/91d26a0ca784aa31e7cde4c7b8a38aed.png
ar,ALRF-0167,مسحوق شاي الماتشا العضوي 30ج,Supermarket///Retail///Beverages,Al Rifai,استمتع بمذاق اليابان الأصيل مع مسحوق شاي الماتشا العضوي من الرفاعي. هذه العبوة بحجم 30 جرام تقدم شاي أخضر غني ونابض بالحياة، مثالي لتعزيز الطاقة وتحفيز الاسترخاء. يمكن الاستمتاع به كشاي ساخن، في العصائر، أو كمكون فريد في وصفاتك المفضلة.,مسحوق شاي الماتشا العضوي 30ج,89.0,89.0,g,100,10,0,https://images.deliveryhero.io/image/menu-import-gateway-prd/regions/ME/chains/HS-RIFA/5befa39909a8621fc65501a1e192d5d6.png
ar,ALRF-0168,متة 150ج,Supermarket///Retail///Beverages,Al Rifai,طاقة طبيعية صافية ومضادات أكسدة قوية لتنشيط يومك,متة 150ج,19.0,19.0,pcs,100,10,0,https://images.deliveryhero.io/image/menu-import-gateway-prd/regions/ME/chains/HS-RIFA/394a692746d47996184a690c445cfb19.jpg
ar,ALRF-0169,علبة سحلب,Supermarket///Retail///Beverages,Al Rifai,مشروب شتوي كلاسيكي دافئ بقوام كريمي فاخر ونكهة غنية ومريحة. مثالي لليالي الباردة,علبة سحلب,38.0,38.0,pcs,100,10,0,https://images.deliveryhero.io/image/menu-import-gateway-prd/regions/ME/chains/HS-RIFA/230120c7f8a1dbe798409ae21b1dcfe6.jpg
ar,ALRF-0170,شاي أخضر بالزنجبيل والبرتقال والتوت 130ج,Supermarket///Retail///Beverages,Al Rifai,,شاي أخضر بالزنجبيل والبرتقال والتوت 130ج,45.0,45.0,pcs,100,10,0,https://images.deliveryhero.io/image/menu-import-gateway-prd/regions/ME/chains/HS-RIFA/aaa79b5a5d556b60d64757df66b51776.jpg
ar,ALRF-0171,تتبيلة اثينا بالحمضيات والأعشاب 75غ,Supermarket///Retail///Packaged Products,Al Rifai,,تتبيلة اثينا بالحمضيات والأعشاب 75غ,16.0,16.0,pcs,100,10,0,https://images.deliveryhero.io/image/menu-import-gateway-prd/regions/ME/chains/HS-RIFA/fe7e5e7c6f1e5eab47c039e00605e422.jpg
ar,ALRF-0172,ملح البحر الأطلسي 85غ,Supermarket///Retail///Packaged Products,Al Rifai,,ملح البحر الأطلسي 85غ,10.0,10.0,pcs,100,10,0,https://images.deliveryhero.io/image/menu-import-gateway-prd/regions/ME/chains/HS-RIFA/d81ecea49480f9449d47006747afd38c.jpg
ar,ALRF-0173,حب الفلفل الأسود 45غ,Supermarket///Retail///Packaged Products,Al Rifai,,حب الفلفل الأسود 45غ,16.0,16.0,pcs,100,10,0,https://images.deliveryhero.io/image/menu-import-gateway-prd/regions/ME/chains/HS-RIFA/5af2b60aebe41245b2849754045355c1.jpg
ar,ALRF-0174,فلفل كايين 65غ,Supermarket///Retail///Packaged Products,Al Rifai,,فلفل كايين 65غ,16.0,16.0,pcs,100,10,0,https://images.deliveryhero.io/image/menu-import-gateway-prd/regions/ME/chains/HS-RIFA/1def3269c1634db8354ab54f0d28b38b.jpg
ar,ALRF-0175,رقائق الثوم 95غ,Supermarket///Retail///Packaged Products,Al Rifai,,رقائق الثوم 95غ,16.0,16.0,pcs,100,10,0,https://images.deliveryhero.io/image/menu-import-gateway-prd/regions/ME/chains/HS-RIFA/9ff9d69b4529d5a42f76cdb87279615a.jpg
ar,ALRF-0176,قرفة مطحونة 65غ,Supermarket///Retail///Packaged Products,Al Rifai,,قرفة مطحونة 65غ,16.0,16.0,pcs,100,10,0,https://images.deliveryhero.io/image/menu-import-gateway-prd/regions/ME/chains/HS-RIFA/96ecf75a6e1a00fcf5ab6a11dcde6872.jpg
ar,ALRF-0177,ملح الهيمالايا الوردي 100غ,Supermarket///Retail///Packaged Products,Al Rifai,,ملح الهيمالايا الوردي 100غ,10.0,10.0,pcs,100,10,0,https://images.deliveryhero.io/image/menu-import-gateway-prd/regions/ME/chains/HS-RIFA/d910dbb875680891710a69fa2a014ca0.jpg
ar,ALRF-0178,تتبيلة مومباي تندوري 75غ,Supermarket///Retail///Packaged Products,Al Rifai,,تتبيلة مومباي تندوري 75غ,16.0,16.0,pcs,100,10,0,https://images.deliveryhero.io/image/menu-import-gateway-prd/regions/ME/chains/HS-RIFA/1ee1953b133675b398812714496bc835.jpg
ar,ALRF-0179,تتبيلة تكساس باربكيو 100غ,Supermarket///Retail///Packaged Products,Al Rifai,,تتبيلة تكساس باربكيو 100غ,16.0,16.0,pcs,100,10,0,https://images.deliveryhero.io/image/menu-import-gateway-prd/regions/ME/chains/HS-RIFA/6139226e1aecf0c25a9b2328a2dd8a3c.jpg
ar,ALRF-0180,عيدان خضار مشكلة 50ج,Fresh & Local///Homemade Meals///Classic Sweets,Al Rifai,,عيدان خضار مشكلة 50ج,10.0,10.0,pcs,100,10,0,https://images.deliveryhero.io/image/menu-import-gateway-prd/regions/ME/chains/HS-RIFA/875b3377eb296761a528d80a44ce0a45.png
ar,ALRF-0181,بوب ناتس مكسرات مشكلة,Fresh & Local///Homemade Meals///Classic Sweets,Al Rifai,فوشار‭ ‬بالكراميل‭ ‬المملح‭ ‬والمكسرات‭: ‬مزيج‭ ‬حلو‭ ‬ومالح‭ ‬لوجبة‭ ‬خفيفة‭ ‬لذيذة‭.‬,بوب ناتس مكسرات مشكلة,15.0,15.0,pcs,100,10,0,https://images.deliveryhero.io/image/menu-import-gateway-prd/regions/ME/chains/HS-RIFA/0fc8ef3233db5dfdcc0980cfbf1fbbd3.jpg
ar,ALRF-0182,أيس كريم مجفف بالزعفران 65 ج,Fresh & Local///Homemade Meals///Classic Sweets,Al Rifai,آيس كريم الزعفران المجفف بالتجميد –مستوحى من طعام رواد الفضاء، قطعة لذيذة، يجعلها الخيار المثالي لمحبي الايس كريم.,أيس كريم مجفف بالزعفران 65 ج,28.0,28.0,pcs,100,10,0,https://images.deliveryhero.io/image/menu-import-gateway-prd/regions/ME/chains/HS-RIFA/c8fd955bfd16747bd97ca118a15f6109.jpg
ar,ALRF-0183,فشار بالكاراميل 120ج,Fresh & Local///Homemade Meals///Classic Sweets,Al Rifai,مزيج‭ ‬مثالي‭ ‬من‭ ‬الحلو‭ ‬والمالح‭ ‬يمنحك‭ ‬تجربة‭ ‬طعم‭ ‬لا‭ ‬تُقاوم,فشار بالكاراميل 120ج,15.0,15.0,pcs,100,10,0,https://images.deliveryhero.io/image/menu-import-gateway-prd/regions/ME/chains/HS-RIFA/1aa6758d5528f2e817eab83d7e36ed45.jpg
ar,ALRF-0184,شرائح الفطر 50ج,Fresh & Local///Homemade Meals///Classic Sweets,Al Rifai,,شرائح الفطر 50ج,14.0,14.0,pcs,100,10,0,https://images.deliveryhero.io/image/menu-import-gateway-prd/regions/ME/chains/HS-RIFA/253399a188bb75c5ee8bbfb586701422.jpg
ar,ALRF-0185,رقائق القرنبيط والبروكلي 40ج,Fresh & Local///Homemade Meals///Classic Sweets,Al Rifai,,رقائق القرنبيط والبروكلي 40ج,12.0,12.0,pcs,100,10,0,https://images.deliveryhero.io/image/menu-import-gateway-prd/regions/ME/chains/HS-RIFA/d99f76201f4193c9a44571c389d8e48b.jpg
ar,ALRF-0186,آيس كريم مجفف بنكهة الشوكولاتة والفانيليا,Fresh & Local///Homemade Meals///Classic Sweets,Al Rifai,آيس كريم مجفف بنكهة الشوكولاتة والفانيليا,آيس كريم مجفف بنكهة الشوكولاتة والفانيليا,28.0,28.0,pcs,100,10,0,https://images.deliveryhero.io/image/menu-import-gateway-prd/regions/ME/chains/HS-RIFA/b390e6847967e277a629482797be3020.jpeg
ar,ALRF-0187,خلطة مضاد الاكسدة,Supermarket///Retail///Packaged Products,Al Rifai,,خلطة مضاد الاكسدة,32.0,32.0,pcs,100,10,0,https://images.deliveryhero.io/image/menu-import-gateway-prd/regions/ME/chains/HS-RIFA/a6ccd9be61baf50fb79432cfd4af3798.jpg
ar,ALRF-0188,معمول زنجبيل 500 جرام,Fresh & Local///Homemade Meals///Classic Sweets,Al Rifai,حلوى شرقية فاخرة. عجينة طرية بنكهة الزنجبيل الدافئة والحارة، وحشوة تمر طبيعية غنية.,معمول زنجبيل 500 جرام,52.0,52.0,pcs,100,10,0,https://images.deliveryhero.io/image/menu-import-gateway-prd/regions/ME/chains/HS-RIFA/d6f6aefb46339cca60cea53997c7ee8b.jpg
ar,ALRF-0189,بقلاوة بيكان وقرفة 500 جرام,Fresh & Local///Homemade Meals///Classic Sweets,Al Rifai,طبقات مقرمشة من عجينة الفيلو، محشوة بالبيكان الفاخر، ومُغمّسة بشربات العسل الخفيف. متعة لا تُقاوم.,بقلاوة بيكان وقرفة 500 جرام,86.0,86.0,pcs,100,10,0,https://images.deliveryhero.io/image/menu-import-gateway-prd/regions/ME/chains/HS-RIFA/4f9a4aad377ed34f1d6a091aa0f705a9.jpg
ar,ALRF-0190,مصاصة 14ج,Supermarket///Retail///Breakfast & Snacks,Al Rifai,,مصاصة 14ج,5.0,5.0,pcs,100,10,0,https://images.deliveryhero.io/image/menu-import-gateway-prd/regions/ME/chains/HS-RIFA/f4c750aa49b2ea6e0f4ec0e95d26bc6e.jpg
ar,ALRF-0191,بريني مكس 25غ,Supermarket///Retail///Breakfast & Snacks,Al Rifai,مزيج فائق من الكاجو والفستق واللوز والفواكه المجففة اللذيذة. وقود مثالي لتنشيط التركيز والطاقة.,بريني مكس 25غ,5.0,5.0,pcs,100,10,0,https://images.deliveryhero.io/image/menu-import-gateway-prd/regions/ME/chains/HS-RIFA/d44551554ebabe6c044cd2d8344c3952.jpg
ar,ALRF-0192,هارتي مكس 20 غ,Supermarket///Retail///Breakfast & Snacks,Al Rifai,مزيج فواكه مجففة غني بالنكهات؛ توت، فراولة، زبيب، مشمش، جوز هند وأناناس. طاقة طبيعية ولذيذة.,هارتي مكس 20 غ,5.0,5.0,pcs,100,10,0,https://images.deliveryhero.io/image/menu-import-gateway-prd/regions/ME/chains/HS-RIFA/59e3fc58b30e256b17c4744d472269d2.jpg
ar,ALRF-0193,قطع صغيرة من الجبنة 15 جرام 5 أكياس,Supermarket///Retail///Breakfast & Snacks,Al Rifai,إنه‭ ‬ليس‭ ‬مجرد‭ ‬وجبة‭ ‬خفيفة،‭ ‬بل‭ ‬تجربة‭ ‬تتميز‭ ‬بإحساس‭ ‬الفقاعات‭ ‬الفريد‭ ‬الذي‭ ‬يقدم‭ ‬طعماً‭ ‬جبنياً‭ ‬لا‭ ‬يقاوم‭ ‬ويشبعك‭ ‬في‭ ‬كل‭ ‬قضمة،‭ ‬مما‭ ‬يجعل‭ ‬الأطفال‭ ‬لا‭ ‬يستطيعون‭ ‬التوقف‭ ‬عن‭ ‬تناوله,قطع صغيرة من الجبنة 15 جرام 5 أكياس,15.0,15.0,pcs,100,10,0,https://images.deliveryhero.io/image/menu-import-gateway-prd/regions/ME/chains/HS-RIFA/c1d09ea80d83a624658a5165feef36f1.jpg
