language,product_code,product_name,category,brand,description,short_description,product_price,display_price,unit,weight,quantity,tax,image
en,SAAD-0001,Package 1,Supermarket///Retail///Bakery,Saadeddin pastry,Chocolate cake with hazelnut crunch + macaron box,Package 1,195.35,195.35,pcs,100,10,0,https://images.deliveryhero.io/image/menu-import-gateway-prd/regions/ME/chains/SH-SP/f9a58c6992b93d1ea219baa3492b3501.jpeg
en,SAAD-0002,Package 2,Supermarket///Retail///Bakery,Saadeddin pastry,Vanilla cake with red berries + mini muffin,Package 2,233.6,233.6,pcs,100,10,0,https://images.deliveryhero.io/image/menu-import-gateway-prd/regions/ME/chains/SH-SP/a58380a8b11b2d7299bf9e64bb291b5f.jpeg
en,SAAD-0003,Package 3,Supermarket///Retail///Bakery,Saadeddin pastry,Vanilla cake with red berries + macaron box,Package 3,229.3,229.3,pcs,100,10,0,https://images.deliveryhero.io/image/menu-import-gateway-prd/regions/ME/chains/SH-SP/300ab7a9a44597ed8f971788c0b403dd.jpeg
en,SAAD-0004,Chocolate Cake With Hazelnut Crunchy,Supermarket///Retail///Bakery,Saadeddin pastry,Chocolate sponge praline crunchy hazelnut mousse hazelnut croquant milk chocolate serves 6–8,Chocolate Cake With Hazelnut Crunchy,159.92,159.92,pcs,100,10,0,https://images.deliveryhero.io/image/menu-import-gateway-prd/regions/ME/chains/SH-SP/c583014b715c13b81c9ba7ef930edaf1.jpg
en,SAAD-0005,Vanilla Cake With Red Berries,Supermarket///Retail///Bakery,Saadeddin pastry,Vanilla sponge red berry filling vanilla mousse almond crumble with mini vanilla sauce serves 6–8,Vanilla Cake With Red Berries,199.9,199.9,pcs,100,10,0,https://images.deliveryhero.io/image/menu-import-gateway-prd/regions/ME/chains/SH-SP/d893e17c076d18a70373560a112b797e.png
en,SAAD-0006,Macaron Box,Supermarket///Retail///Bakery,Saadeddin pastry,Chocolate macarons vanilla macarons 16 pieces,Macaron Box,69.9,69.9,pcs,100,10,0,https://images.deliveryhero.io/image/menu-import-gateway-prd/regions/ME/chains/SH-SP/8f258caac0576678b667e771db024de5.png
en,SAAD-0007,Mini Muffin Box,Supermarket///Retail///Bakery,Saadeddin pastry,Mini vanilla muffins mini chocolate muffins 16 pieces,Mini Muffin Box,74.9,74.9,pcs,100,10,0,https://images.deliveryhero.io/image/menu-import-gateway-prd/regions/ME/chains/SH-SP/57362f0714aa45569f8bf8d94b5b8f52.png
en,SAAD-0008,Glass Maamoul Plate,Supermarket///Retail///Bakery,Saadeddin pastry,Maamoul with date filling,Glass Maamoul Plate,169.9,169.9,pcs,100,10,0,https://images.deliveryhero.io/image/menu-import-gateway-prd/regions/ME/chains/SH-SP/4430dbd2c226d1e8242b36ed3eda5659.jpg
en,SAAD-0009,Glass Baklava Plate,Supermarket///Retail///Bakery,Saadeddin pastry,Assorted baklava,Glass Baklava Plate,199.9,199.9,pcs,100,10,0,https://images.deliveryhero.io/image/menu-import-gateway-prd/regions/ME/chains/SH-SP/35e351951a3bc1cf47f3a9695e78c68e.jpg
en,SAAD-0010,Granny Maamoul Per Kilo,Fresh & Local///Homemade Meals///Classic Sweets,Saadeddin pastry,Flour and semolina mixture + anise + fennel + mahlab + date filling,Granny Maamoul Per Kilo,74.9,74.9,pcs,100,10,0,https://images.deliveryhero.io/image/menu-import-gateway-prd/regions/ME/chains/SH-SP/f5da5d158e7d69f406cb244f0ff385e2.png
en,SAAD-0011,Baklawa Assorted Tin Mini,Fresh & Local///Homemade Meals///Classic Sweets,Saadeddin pastry,The finest types of baklava prepared with the finest types of cow's ghee in a tin can with the air removed to remain fresh when opened by weight.,Baklawa Assorted Tin Mini,44.9,44.9,pcs,100,10,0,https://images.deliveryhero.io/image/menu-import-gateway-prd/regions/ME/chains/SH-SP/320af68c73e99d5d9cf549547858321c.png
en,SAAD-0012,Small Mixed Baklava Half A Kilo,Fresh & Local///Homemade Meals///Classic Sweets,Saadeddin pastry,Small mixed baklava half a kiloo,Small Mixed Baklava Half A Kilo,74.9,74.9,pcs,100,10,0,https://images.deliveryhero.io/image/menu-import-gateway-prd/regions/ME/chains/SH-SP/5a458a974e9c92e07f5585c655780fe1.jpeg
en,SAAD-0013,Baklawa Assorted Tin Small,Fresh & Local///Homemade Meals///Classic Sweets,Saadeddin pastry,The finest types of baklava prepared with the finest types of cow’s ghee in a tin can with the air removed to remain fresh when opened by weight.,Baklawa Assorted Tin Small,84.4,84.4,pcs,100,10,0,https://images.deliveryhero.io/image/menu-import-gateway-prd/regions/ME/chains/SH-SP/c001b6db40a757fd6850eb02e99e61bb.jpg
en,SAAD-0014,Cream Konafa Fingers,Fresh & Local///Homemade Meals///Classic Sweets,Saadeddin pastry,Cream konafa fingerss,Cream Konafa Fingers,89.9,89.9,pcs,100,10,0,https://images.deliveryhero.io/image/menu-import-gateway-prd/regions/ME/chains/SH-SP/b45bf11b8b97c19da57394c01cdfe72a.png
en,SAAD-0015,Baklawa Assorted Tin Medium,Fresh & Local///Homemade Meals///Classic Sweets,Saadeddin pastry,"The finest types of baklava prepared with the finest types of cow’s ghee in a tin can with the air removed to remain fresh when opened, weighing five hundred twenty grams",Baklawa Assorted Tin Medium,134.9,134.9,g,100,10,0,https://images.deliveryhero.io/image/menu-import-gateway-prd/regions/ME/chains/SH-SP/afc39a3610da3641c132f81b14903352.jpg
en,SAAD-0016,Snack With A Straw Medium Plate,Fresh & Local///Homemade Meals///Classic Sweets,Saadeddin pastry,"Nahsh with cream, product weight: 650 g",Snack With A Straw Medium Plate,79.9,79.9,g,100,10,0,https://images.deliveryhero.io/image/menu-import-gateway-prd/regions/ME/chains/SH-SP/81bbd3587109e4d58f717bf7588f1c69.jpg
en,SAAD-0017,Box Of Date Maamoul Without Added Sugar,Fresh & Local///Homemade Meals///Classic Sweets,Saadeddin pastry,Whole wheat maamoul with vegetable ghee and date filling twenty pieces / weight: four hundred forty grams,Box Of Date Maamoul Without Added Sugar,62.9,62.9,pcs,100,10,0,https://images.deliveryhero.io/image/menu-import-gateway-prd/regions/ME/chains/SH-SP/996ed0fd48b8652cae73058392f00835.jpg
en,SAAD-0018,Asaba Baklava Box,Fresh & Local///Homemade Meals///Classic Sweets,Saadeddin pastry,A box of baklava containing more than one hundred fifty pieces of the finest baklava with animal ghee,Asaba Baklava Box,109.9,109.9,pcs,100,10,0,https://images.deliveryhero.io/image/menu-import-gateway-prd/regions/ME/chains/SH-SP/2c5965abb85984e84c89d0bfd4f01ec0.png
en,SAAD-0019,Tumor Maamoul Box,Fresh & Local///Homemade Meals///Classic Sweets,Saadeddin pastry,"Twelve pieces weighing three hundred sixty grams, of date maamoul, wrapped and vacuumed, in an elegant tin box.",Tumor Maamoul Box,54.9,54.9,pcs,100,10,0,https://images.deliveryhero.io/image/menu-import-gateway-prd/regions/ME/chains/SH-SP/7aea1b1543f372cac6e648659d6b67f2.png
en,SAAD-0020,Pistachio Maamoul Box,Fresh & Local///Homemade Meals///Classic Sweets,Saadeddin pastry,"Twelve pieces weighing three hundred sixty grams of pistachio maamoul, wrapped and vacuumed, in an elegant tin box.",Pistachio Maamoul Box,74.9,74.9,pcs,100,10,0,https://images.deliveryhero.io/image/menu-import-gateway-prd/regions/ME/chains/SH-SP/6ad7f065825b6e82b90b24a58ed1f0b9.png
en,SAAD-0021,Walnut Maamoul Box,Fresh & Local///Homemade Meals///Classic Sweets,Saadeddin pastry,"Twelve pieces weighing three hundred sixty grams of maamoul stuffed with walnuts, wrapped and the air removed, in an elegant tin box.",Walnut Maamoul Box,49.9,49.9,pcs,100,10,0,https://images.deliveryhero.io/image/menu-import-gateway-prd/regions/ME/chains/SH-SP/9d14d54bf7fc52c1bcd5acb1a78b7eac.png
en,SAAD-0022,Large Walnut Laf Maamoul,Fresh & Local///Homemade Meals///Classic Sweets,Saadeddin pastry,Maamoul wrapped with beans stuffed with walnuts,Large Walnut Laf Maamoul,7.9,7.9,pcs,100,10,0,https://images.deliveryhero.io/image/menu-import-gateway-prd/regions/ME/chains/SH-SP/305d4dcc123d4c6d205666c607caa4bb.png
en,SAAD-0023,Large Pistachio Laf Maamoul,Fresh & Local///Homemade Meals///Classic Sweets,Saadeddin pastry,Maamoul wrapped with seeds stuffed with pistachios,Large Pistachio Laf Maamoul,7.9,7.9,pcs,100,10,0,https://images.deliveryhero.io/image/menu-import-gateway-prd/regions/ME/chains/SH-SP/e64f3a51eeda3be8ee6542ffdecea46c.png
en,SAAD-0024,Baraziq Chocolate With Caramel Box,Fresh & Local///Homemade Meals///Classic Sweets,Saadeddin pastry,Barazek seeds with sesame dipped in chocolate,Baraziq Chocolate With Caramel Box,84.4,84.4,pcs,100,10,0,https://images.deliveryhero.io/image/menu-import-gateway-prd/regions/ME/chains/SH-SP/9d9626e7530983914229fbf8e21a7453.png
en,SAAD-0025,Barazek Box,Fresh & Local///Homemade Meals///Classic Sweets,Saadeddin pastry,Barazek seeds with sesame,Barazek Box,84.4,84.4,pcs,100,10,0,https://images.deliveryhero.io/image/menu-import-gateway-prd/regions/ME/chains/SH-SP/7c1606a4b5d0af83f34b850b58b992a1.png
en,SAAD-0026,Maamoul Chocolate Box,Fresh & Local///Homemade Meals///Classic Sweets,Saadeddin pastry,"Twenty-two pieces of maamoul with dates dipped in belgian chocolate, a unique combination of arabic and western sweets.",Maamoul Chocolate Box,89.9,89.9,pcs,100,10,0,https://images.deliveryhero.io/image/menu-import-gateway-prd/regions/ME/chains/SH-SP/0c79244f4e1cffa1403f7b1fb986fde5.png
en,SAAD-0027,Balah Al Sham One Kilogram,Fresh & Local///Homemade Meals///Classic Sweets,Saadeddin pastry,Fresh dates,Balah Al Sham One Kilogram,54.9,54.9,pcs,100,10,0,https://images.deliveryhero.io/image/menu-import-gateway-prd/regions/ME/chains/SH-SP/1bef4889bc2f71fb099c3181e128ec6f.png
en,SAAD-0028,Luqaimat,Fresh & Local///Homemade Meals///Classic Sweets,Saadeddin pastry,Fresh qadi luqaimat,Luqaimat,54.9,54.9,pcs,100,10,0,https://images.deliveryhero.io/image/menu-import-gateway-prd/regions/ME/chains/SH-SP/dee965cf73dcc1f925c0daf42282cd69.png
en,SAAD-0029,Makaron One Kilogram,Fresh & Local///Homemade Meals///Classic Sweets,Saadeddin pastry,Fresh macaroons,Makaron One Kilogram,54.9,54.9,pcs,100,10,0,https://images.deliveryhero.io/image/menu-import-gateway-prd/regions/ME/chains/SH-SP/648ea855fb30e7610ce8cffe9214f187.png
en,SAAD-0030,Baklawa Assorted,Fresh & Local///Homemade Meals///Classic Sweets,Saadeddin pastry,The finest types of baklava prepared with the finest types of cow ghee it consists of baklava - burma - baklava fingers. eat and thank,Baklawa Assorted,144.9,144.9,pcs,100,10,0,https://images.deliveryhero.io/image/menu-import-gateway-prd/regions/ME/chains/SH-SP/73928566d5ea9fba5c81840ad42323a9.jpg
en,SAAD-0031,Special Round Mix Baklawa Box,Fresh & Local///Homemade Meals///Classic Sweets,Saadeddin pastry,The finest types of baklava prepared with the finest types of cow’s ghee in a tin can with the air removed to remain fresh when opened by weight.,Special Round Mix Baklawa Box,199.9,199.9,pcs,100,10,0,https://images.deliveryhero.io/image/menu-import-gateway-prd/regions/ME/chains/SH-SP/b9be5709f1d12e4e9a4f8a6364e955f7.jpg
en,SAAD-0032,Round Ghraiba Box,Fresh & Local///Homemade Meals///Classic Sweets,Saadeddin pastry,Flour/powdered sugar/beef ghee,Round Ghraiba Box,74.9,74.9,pcs,100,10,0,https://images.deliveryhero.io/image/menu-import-gateway-prd/regions/ME/chains/SH-SP/4d42ec92ddb93f3b98d4ed0fc483dde4.png
en,SAAD-0033,Round Nathriat Mix Box,Fresh & Local///Homemade Meals///Classic Sweets,Saadeddin pastry,"An elegant tin box containing flour maamoul with dates , barazek with sesame, and ghariba with pistachios.",Round Nathriat Mix Box,89.9,89.9,pcs,100,10,0,https://images.deliveryhero.io/image/menu-import-gateway-prd/regions/ME/chains/SH-SP/aacb73f49eed6b8ca1a869d4a431fb1e.png
en,SAAD-0034,Round Mixed Maamoul Box,Fresh & Local///Homemade Meals///Classic Sweets,Saadeddin pastry,Multiple flavors of happiness and wonderful taste come to you in one box. try the delicious saad el din maamoul,Round Mixed Maamoul Box,84.4,84.4,pcs,100,10,0,https://images.deliveryhero.io/image/menu-import-gateway-prd/regions/ME/chains/SH-SP/90daeef47f47df820b09ce9999ba8862.png
en,SAAD-0035,Maamoul Tumor Wrapped Large,Fresh & Local///Homemade Meals///Classic Sweets,Saadeddin pastry,Maamoul wrapped with seeds and stuffed with tumor,Maamoul Tumor Wrapped Large,7.9,7.9,pcs,100,10,0,https://images.deliveryhero.io/image/menu-import-gateway-prd/regions/ME/chains/SH-SP/7ced313bb89def70076e2020fb2f68d2.png
en,SAAD-0036,Small Wrapped Maamoul One Kilogram,Fresh & Local///Homemade Meals///Classic Sweets,Saadeddin pastry,"Transparent maamoul wrapped with mixed dates, walnuts and pistachios per kilo",Small Wrapped Maamoul One Kilogram,89.9,89.9,kg,100,10,0,https://images.deliveryhero.io/image/menu-import-gateway-prd/regions/ME/chains/SH-SP/5aa495f3772f603f0613c5a7ab065afe.png
en,SAAD-0037,Chocolate Baklava Fingers,Fresh & Local///Homemade Meals///Classic Sweets,Saadeddin pastry,Pine baklava fingers dipped in belgian chocolate,Chocolate Baklava Fingers,154.9,154.9,pcs,100,10,0,https://images.deliveryhero.io/image/menu-import-gateway-prd/regions/ME/chains/SH-SP/761764292cba1a78ea7d9318f290b0cd.png
en,SAAD-0038,Luxurious Mixed Baklava Box,Fresh & Local///Homemade Meals///Classic Sweets,Saadeddin pastry,"Ingredients: delicious mixed baklava that contains almonds, pistachios and cashews. weight: six hundred grams",Luxurious Mixed Baklava Box,179.9,179.9,g,100,10,0,https://images.deliveryhero.io/image/menu-import-gateway-prd/regions/ME/chains/SH-SP/020d02fbc3ee2f4685eeb9b9af184d1a.jpg
en,SAAD-0039,Balah Al Sham Half Kilo,Fresh & Local///Homemade Meals///Classic Sweets,Saadeddin pastry,"Delicious, crunchy, sweetened oriental dessert with a distinctive flavour",Balah Al Sham Half Kilo,27.9,27.9,pcs,100,10,0,https://images.deliveryhero.io/image/menu-import-gateway-prd/regions/ME/chains/SH-SP/956199aa33538bbdbc53c2b9122a5acd.png
en,SAAD-0040,Luqaimat Half Kilo,Fresh & Local///Homemade Meals///Classic Sweets,Saadeddin pastry,"Crispy oriental dessert, fried and sweetened with sugar syrup",Luqaimat Half Kilo,27.9,27.9,pcs,100,10,0,https://images.deliveryhero.io/image/menu-import-gateway-prd/regions/ME/chains/SH-SP/7574cbc0b7368150db5948bf351226aa.png
en,SAAD-0041,Makaron Half Kilo,Fresh & Local///Homemade Meals///Classic Sweets,Saadeddin pastry,"Luxurious oriental dessert, fried and crispy with flavored sugar",Makaron Half Kilo,27.9,27.9,pcs,100,10,0,https://images.deliveryhero.io/image/menu-import-gateway-prd/regions/ME/chains/SH-SP/13ba98ed6eeea8e2a425682970f29e4f.png
en,SAAD-0042,Special Baklava Box,Fresh & Local///Homemade Meals///Classic Sweets,Saadeddin pastry,"Asia cashews asia pistachios soiree fingers nest albulbul crystal cashews parma pistachios soiree pistachios (allergens: contains gluten, milk, nuts. )",Special Baklava Box,189.9,189.9,pcs,100,10,0,https://images.deliveryhero.io/image/menu-import-gateway-prd/regions/ME/chains/SH-SP/b8825413c1b26a06248b21d99d661198.jpg
en,SAAD-0043,Medium Mixed Baklava Plate Without Pistachios,Fresh & Local///Homemade Meals///Classic Sweets,Saadeddin pastry,"Asia cashews asia soiree fingers nest of the nightingale crystal cashews perma soiree ( allergens: contains gluten, milk, nuts. )",Medium Mixed Baklava Plate Without Pistachios,99.9,99.9,pcs,100,10,0,https://images.deliveryhero.io/image/menu-import-gateway-prd/regions/ME/chains/SH-SP/01d51f89bc8e60f3e24f6eece5e90b01.jpeg
en,SAAD-0044,Small Mixed Baklava Plate Without Pistachios,Fresh & Local///Homemade Meals///Classic Sweets,Saadeddin pastry,"Asia cashews asia soiree fingers nest of the nightingale crystal cashews perma soiree ( allergens: contains gluten, milk, nuts. )",Small Mixed Baklava Plate Without Pistachios,50.9,50.9,pcs,100,10,0,https://images.deliveryhero.io/image/menu-import-gateway-prd/regions/ME/chains/SH-SP/783935e6c3d6040897aa323b44f21440.jpg
en,SAAD-0045,Half Kg Burma Pistachio Plate,Fresh & Local///Homemade Meals///Classic Sweets,Saadeddin pastry,"Burma pistachio ( allergens: contains gluten, milk, nuts. )",Half Kg Burma Pistachio Plate,89.9,89.9,pcs,100,10,0,https://images.deliveryhero.io/image/menu-import-gateway-prd/regions/ME/chains/SH-SP/4fb73f301faf769193683ce42e545bec.jpg
en,SAAD-0046,Large Mixed Namoura Box,Fresh & Local///Homemade Meals///Classic Sweets,Saadeddin pastry,Namoura cashew - namoura pistachio - namoura plain - turkish namoura - namoura almond weight: 500 g,Large Mixed Namoura Box,64.9,64.9,g,100,10,0,https://images.deliveryhero.io/image/menu-import-gateway-prd/regions/ME/chains/SH-SP/73cd81fe7b5517d22ae957c549fd3fc3.jpg
en,SAAD-0047,Small Mixed Namoura Box,Fresh & Local///Homemade Meals///Classic Sweets,Saadeddin pastry,Namoura cashew - namoura pistachio - namoura plain - turkish namoura - namoura almond weight: 400 g,Small Mixed Namoura Box,44.9,44.9,g,100,10,0,https://images.deliveryhero.io/image/menu-import-gateway-prd/regions/ME/chains/SH-SP/7503812d860b604c0b89ece64c98d897.jpg
en,SAAD-0048,Small Lotus & Oreo Fingers Box,Fresh & Local///Homemade Meals///Classic Sweets,Saadeddin pastry,Lotus & oreo fingers box weight: 420 g,Small Lotus & Oreo Fingers Box,67.9,67.9,g,100,10,0,https://images.deliveryhero.io/image/menu-import-gateway-prd/regions/ME/chains/SH-SP/a62fceb38dc17c739aab505ce9c1ff8a.jpg
en,SAAD-0049,Small Mixed Fingers Box,Fresh & Local///Homemade Meals///Classic Sweets,Saadeddin pastry,Mixed fingers box (oreo + lotus + hadaf + cashew) weight: 420 g,Small Mixed Fingers Box,67.9,67.9,g,100,10,0,https://images.deliveryhero.io/image/menu-import-gateway-prd/regions/ME/chains/SH-SP/9f63d6bddc446e42cf85d31c334bbb60.jpg
en,SAAD-0050,Small Cashew Fingers Box,Fresh & Local///Homemade Meals///Classic Sweets,Saadeddin pastry,Cashew fingers box weight: 420 g,Small Cashew Fingers Box,67.9,67.9,g,100,10,0,https://images.deliveryhero.io/image/menu-import-gateway-prd/regions/ME/chains/SH-SP/df58b7e0665d7e72a78b5bde6ffa7a95.jpg
en,SAAD-0051,Small Mixed Maamoul Box,Fresh & Local///Homemade Meals///Classic Sweets,Saadeddin pastry,Maamoul walnut - maamoul date & sesame - maamoul date & almond - maamoul date & pistachio - maamoul cinnamon - maamoul date weight: 480 g,Small Mixed Maamoul Box,63.9,63.9,g,100,10,0,https://images.deliveryhero.io/image/menu-import-gateway-prd/regions/ME/chains/SH-SP/819e494164ec311a46c6f77175f7c197.jpg
en,SAAD-0052,Large Mixed Maamoul Box,Fresh & Local///Homemade Meals///Classic Sweets,Saadeddin pastry,Maamoul walnut - maamoul date & sesame - maamoul date & almond - maamoul date & pistachio - maamoul cinnamon - maamoul date weight: 600 g,Large Mixed Maamoul Box,90.9,90.9,g,100,10,0,https://images.deliveryhero.io/image/menu-import-gateway-prd/regions/ME/chains/SH-SP/653e2f438c25a55272c3253ea5816586.jpg
en,SAAD-0053,Small Arabic Nuts Box,Fresh & Local///Homemade Meals///Classic Sweets,Saadeddin pastry,Sesame sweet - almond sweet - pistachio sweet - hazelnut sweet weight: 300 g,Small Arabic Nuts Box,64.9,64.9,g,100,10,0,https://images.deliveryhero.io/image/menu-import-gateway-prd/regions/ME/chains/SH-SP/56aaf95604bcc5eda2df4362a5838cad.jpg
en,SAAD-0054,Large Arabic Nuts Box,Fresh & Local///Homemade Meals///Classic Sweets,Saadeddin pastry,Cashew sweet - sesame sweet - almond sweet - pistachio sweet - hazelnut sweet weight: 400 g,Large Arabic Nuts Box,90.9,90.9,g,100,10,0,https://images.deliveryhero.io/image/menu-import-gateway-prd/regions/ME/chains/SH-SP/c4e05811503949a6b99f556a1e229757.jpg
en,SAAD-0055,Small Mixed Baklava Box,Fresh & Local///Homemade Meals///Classic Sweets,Saadeddin pastry,Baklava pistachio - baklava cashew - kol w shkor cashew - cashew fingers - hadaf fingers - burma pistachio - ballouria pistachio - bird’s nest cashew weight: 480 g,Small Mixed Baklava Box,85.9,85.9,g,100,10,0,https://images.deliveryhero.io/image/menu-import-gateway-prd/regions/ME/chains/SH-SP/fd886a1d1b4a32f628682094d6175f92.jpg
en,SAAD-0056,Large Mixed Baklava Box,Fresh & Local///Homemade Meals///Classic Sweets,Saadeddin pastry,Baklava cashew - cashew fingers - kol w shkor cashew - burma pistachio - bird’s nest cashew - ballouria pistachio - hadaf fingers - baklava pistachio weight: 790 g,Large Mixed Baklava Box,136.9,136.9,g,100,10,0,https://images.deliveryhero.io/image/menu-import-gateway-prd/regions/ME/chains/SH-SP/fec936fa271f81633d837f8a9a3c2575.jpg
en,SAAD-0057,Gargee’an Giveaway,Fresh & Local///Homemade Meals///Classic Sweets,Saadeddin pastry,Cornflakes 48 g (one box only),Gargee’an Giveaway,25.0,25.0,g,100,10,0,https://images.deliveryhero.io/image/menu-import-gateway-prd/regions/ME/chains/SH-SP/e173744b8457cf3cb1ae342c864a619b.png
en,SAAD-0058,Gargee’an Plate,Fresh & Local///Homemade Meals///Classic Sweets,Saadeddin pastry,Belgian chocolate – approx. weight 200 g,Gargee’an Plate,94.0,94.0,g,100,10,0,https://images.deliveryhero.io/image/menu-import-gateway-prd/regions/ME/chains/SH-SP/c03cc74b3d99cd55a1ec92ffdce1c536.png
en,SAAD-0059,Ramadan Offers 2,Fresh & Local///Homemade Meals///Classic Sweets,Saadeddin pastry,Rose of damascus with cream (1 kg),Ramadan Offers 2,65.18,65.18,kg,100,10,0,https://images.deliveryhero.io/image/menu-import-gateway-prd/regions/ME/chains/SH-SP/c5dff437e701b984ca08116ed76a6b55.jpg
en,SAAD-0060,Small Rose Of Damascus Box,Fresh & Local///Homemade Meals///Classic Sweets,Saadeddin pastry,Rose of damascus with cream (approximately 400 g),Small Rose Of Damascus Box,49.9,49.9,g,100,10,0,https://images.deliveryhero.io/image/menu-import-gateway-prd/regions/ME/chains/SH-SP/a6893f5576cbda409a9db3fff8fac32a.png
en,SAAD-0061,Aish Al Bulbul Cream 1 Kg,Fresh & Local///Homemade Meals///Classic Sweets,Saadeddin pastry,Saad el-din's invention : hair kunafa stuffed with fresh cream a (30 to 35 pieces per kilo),Aish Al Bulbul Cream 1 Kg,92.9,92.9,pcs,100,10,0,https://images.deliveryhero.io/image/menu-import-gateway-prd/regions/ME/chains/SH-SP/209c516e339a360f83d32e2c79a46933.jpg
en,SAAD-0062,Aish Al Bulbul Cream 1/2 Kg,Fresh & Local///Homemade Meals///Classic Sweets,Saadeddin pastry,Saad el-din's invention : hair kunafa stuffed with fresh cream a (half a kilo 15 to 17 pieces),Aish Al Bulbul Cream 1/2 Kg,46.9,46.9,kg,100,10,0,https://images.deliveryhero.io/image/menu-import-gateway-prd/regions/ME/chains/SH-SP/96dce821b3541bba8bdc0fbdbfaf3b4a.jpg
en,SAAD-0063,Meshbak 1 Kg,Fresh & Local///Homemade Meals///Classic Sweets,Saadeddin pastry,Contents: oriental meshbak with syrup,Meshbak 1 Kg,52.9,52.9,pcs,100,10,0,https://images.deliveryhero.io/image/menu-import-gateway-prd/regions/ME/chains/SH-SP/b76a03fec6888efeee85bb6de1b8708a.jpg
en,SAAD-0064,Meshbak 1/2 Kg,Fresh & Local///Homemade Meals///Classic Sweets,Saadeddin pastry,Contents: oriental meshbak with syrup,Meshbak 1/2 Kg,26.9,26.9,pcs,100,10,0,https://images.deliveryhero.io/image/menu-import-gateway-prd/regions/ME/chains/SH-SP/1e3e77b256e6adb6ba21bdb31b2a2790.jpg
en,SAAD-0065,Kunafa Nabulseya Harsh 1/2 Kg,Fresh & Local///Homemade Meals///Classic Sweets,Saadeddin pastry,Rough kunafa with nabulsi cheese,Kunafa Nabulseya Harsh 1/2 Kg,44.9,44.9,pcs,100,10,0,https://images.deliveryhero.io/image/menu-import-gateway-prd/regions/ME/chains/SH-SP/20cd514c5f0f2388a839644736af34ce.jpg
en,SAAD-0066,Cheese Kunafa With Red Berries 1/2 Kg,Fresh & Local///Homemade Meals///Classic Sweets,Saadeddin pastry,Confused whether to take cake or kunafa? this is your choice. cheese kunafa with red berries,Cheese Kunafa With Red Berries 1/2 Kg,44.9,44.9,pcs,100,10,0,https://images.deliveryhero.io/image/menu-import-gateway-prd/regions/ME/chains/SH-SP/0a47bfba2af01a4a9f7c70b14bf1d314.jpg
en,SAAD-0067,Cheese Kunafa With Red Berries 1 Kg,Fresh & Local///Homemade Meals///Classic Sweets,Saadeddin pastry,Confused whether to take cake or kunafa? this is your choice. cheese kunafa with red berries,Cheese Kunafa With Red Berries 1 Kg,92.0,92.0,pcs,100,10,0,https://images.deliveryhero.io/image/menu-import-gateway-prd/regions/ME/chains/SH-SP/e53d3041e3e0b726cbdd28de3d190d6e.jpg
en,SAAD-0068,Kunafa Nabulseya Harsh 1 Kg,Fresh & Local///Homemade Meals///Classic Sweets,Saadeddin pastry,Rough kunafa with nabulsi cheese,Kunafa Nabulseya Harsh 1 Kg,89.9,89.9,pcs,100,10,0,https://images.deliveryhero.io/image/menu-import-gateway-prd/regions/ME/chains/SH-SP/b0876a9deef2002bcc976ac9ff7cb516.jpg
en,SAAD-0069,Cheese Kunafa With Blueberry 1/2 Kg,Fresh & Local///Homemade Meals///Classic Sweets,Saadeddin pastry,Onfused whether to take cake or kunafa? this is your choice. blueberry cheesecake kunafa-allergens: may contain (gluten - nuts - milk - eggs),Cheese Kunafa With Blueberry 1/2 Kg,44.9,44.9,pcs,100,10,0,https://images.deliveryhero.io/image/menu-import-gateway-prd/regions/ME/chains/SH-SP/081b4ee67c6ce8eec37c562c65c9045b.jpg
en,SAAD-0070,Cheese Kunafa With Blueberry 1 Kg,Fresh & Local///Homemade Meals///Classic Sweets,Saadeddin pastry,Onfused whether to take cake or kunafa? this is your choice. blueberry cheesecake kunafa,Cheese Kunafa With Blueberry 1 Kg,92.0,92.0,pcs,100,10,0,https://images.deliveryhero.io/image/menu-import-gateway-prd/regions/ME/chains/SH-SP/c29c78e411a4f00242679c6fb7dfb07c.jpg
en,SAAD-0071,Creamy Osmalieh Konafa 1/2 Kg,Fresh & Local///Homemade Meals///Classic Sweets,Saadeddin pastry,Kunafa cake with fresh cream and decorated with pistachios on top-allergens: may contain (gluten - nuts - milk - eggs),Creamy Osmalieh Konafa 1/2 Kg,51.9,51.9,pcs,100,10,0,https://images.deliveryhero.io/image/menu-import-gateway-prd/regions/ME/chains/SH-SP/83134ff3f56f1c3c4aa170992c72d87c.jpg
en,SAAD-0072,Creamy Osmalieh Konafa 1 Kg,Fresh & Local///Homemade Meals///Classic Sweets,Saadeddin pastry,Kunafa cake with fresh cream and decorated with pistachios on top,Creamy Osmalieh Konafa 1 Kg,96.0,96.0,pcs,100,10,0,https://images.deliveryhero.io/image/menu-import-gateway-prd/regions/ME/chains/SH-SP/94a5fae05d0100f81ccd29f32697e267.jpg
en,SAAD-0073,"Kunafa Nabulseya, Fine 1/2 Kg",Fresh & Local///Homemade Meals///Classic Sweets,Saadeddin pastry,Soft kunafa with nabulsi cheese,"Kunafa Nabulseya, Fine 1/2 Kg",44.9,44.9,pcs,100,10,0,https://images.deliveryhero.io/image/menu-import-gateway-prd/regions/ME/chains/SH-SP/f25525af286266e73ea16fb1b64ac935.jpg
en,SAAD-0074,"Kunafa Nabulseya, Fine 1 Kg",Fresh & Local///Homemade Meals///Classic Sweets,Saadeddin pastry,Soft kunafa with nabulsi cheese,"Kunafa Nabulseya, Fine 1 Kg",89.9,89.9,pcs,100,10,0,https://images.deliveryhero.io/image/menu-import-gateway-prd/regions/ME/chains/SH-SP/11a4616604a2e86a95566f6df1a0279c.jpg
en,SAAD-0075,Cream Kunafa Soft 1/2 Kg,Fresh & Local///Homemade Meals///Classic Sweets,Saadeddin pastry,Soft kunafa with nabulsi cheese,Cream Kunafa Soft 1/2 Kg,44.9,44.9,pcs,100,10,0,https://images.deliveryhero.io/image/menu-import-gateway-prd/regions/ME/chains/SH-SP/31949e03834dda21c22e7843e54ea987.jpg
en,SAAD-0076,Cream Kunafa Fine 1 Kg,Fresh & Local///Homemade Meals///Classic Sweets,Saadeddin pastry,Soft kunafa with fresh cow cream,Cream Kunafa Fine 1 Kg,89.9,89.9,pcs,100,10,0,https://images.deliveryhero.io/image/menu-import-gateway-prd/regions/ME/chains/SH-SP/bf417765cee759b519aeb66905ccd6f2.jpg
en,SAAD-0077,Kunafa Cream Harsh 1/2 Kg,Fresh & Local///Homemade Meals///Classic Sweets,Saadeddin pastry,Rough kunafa with cream,Kunafa Cream Harsh 1/2 Kg,44.9,44.9,pcs,100,10,0,https://images.deliveryhero.io/image/menu-import-gateway-prd/regions/ME/chains/SH-SP/bc2b93e59a567757f67dd17fdec30fa3.jpg
en,SAAD-0078,Kunafa Cream Harsh 1 Kg,Fresh & Local///Homemade Meals///Classic Sweets,Saadeddin pastry,Rough kunafa with cream,Kunafa Cream Harsh 1 Kg,89.9,89.9,pcs,100,10,0,https://images.deliveryhero.io/image/menu-import-gateway-prd/regions/ME/chains/SH-SP/7430db74068a7afb38349016b1b70cae.jpg
en,SAAD-0079,Soft Creamy Konafa Cake,Fresh & Local///Homemade Meals///Classic Sweets,Saadeddin pastry,Soft creammy konafa cakeee,Soft Creamy Konafa Cake,17.9,17.9,pcs,100,10,0,https://images.deliveryhero.io/image/menu-import-gateway-prd/regions/ME/chains/SH-SP/2245adfe9727a9492e8019d84934729f.png
en,SAAD-0080,Lebanese Akkawi Cheese Kunafa Cake,Fresh & Local///Homemade Meals///Classic Sweets,Saadeddin pastry,Lebanese akkawi cheese kunafa cakee,Lebanese Akkawi Cheese Kunafa Cake,15.9,15.9,pcs,100,10,0,https://images.deliveryhero.io/image/menu-import-gateway-prd/regions/ME/chains/SH-SP/f0eb3e6ad23f297f77750db0bdf04787.png
en,SAAD-0081,Soft Nabulsi Kunafa Cake,Fresh & Local///Homemade Meals///Classic Sweets,Saadeddin pastry,Soft nabulsi kunafa cakee,Soft Nabulsi Kunafa Cake,15.9,15.9,pcs,100,10,0,https://images.deliveryhero.io/image/menu-import-gateway-prd/regions/ME/chains/SH-SP/d6cd31d2b5f02592abcc231073667057.png
en,SAAD-0082,Small Box Of Balah El Sham,Fresh & Local///Homemade Meals///Classic Sweets,Saadeddin pastry,Premium oriental sweets with five hundred grams of crispy golden balah el sham,Small Box Of Balah El Sham,29.9,29.9,g,100,10,0,https://images.deliveryhero.io/image/menu-import-gateway-prd/regions/ME/chains/SH-SP/80324c811954c9ea25075dc85709eb5f.jpg
en,SAAD-0083,Small Box Of Znoud & Shaabiyat,Fresh & Local///Homemade Meals///Classic Sweets,Saadeddin pastry,Medium mixed fried box serves seven people: eight znoud and three shaabiyat — an authentic ramadan delight,Small Box Of Znoud & Shaabiyat,29.9,29.9,pcs,100,10,0,https://images.deliveryhero.io/image/menu-import-gateway-prd/regions/ME/chains/SH-SP/e2218ca279e010c146138ba346cc9119.jpg
en,SAAD-0084,Large Box Of Znoud & Shaabiyat,Fresh & Local///Homemade Meals///Classic Sweets,Saadeddin pastry,Large mixed fried box serves twelve people: nine znoud and eight shaabiyat — perfect for big gatherings,Large Box Of Znoud & Shaabiyat,39.9,39.9,pcs,100,10,0,https://images.deliveryhero.io/image/menu-import-gateway-prd/regions/ME/chains/SH-SP/1fafd37b8c60ed01c8705474dd731f99.jpg
en,SAAD-0085,Small Box Of Awameh,Fresh & Local///Homemade Meals///Classic Sweets,Saadeddin pastry,Fryd awameh 500g for a quick and crispy treat,Small Box Of Awameh,24.9,24.9,g,100,10,0,https://images.deliveryhero.io/image/menu-import-gateway-prd/regions/ME/chains/SH-SP/99f958bf7798d9ec71b01efcf1f30a20.jpg
en,SAAD-0086,Large Box Of Mixed Qashtiyat,Fresh & Local///Homemade Meals///Classic Sweets,Saadeddin pastry,Large box of assorted fresh cream-based sweets serves up to fifteen people — great for giveaways and hospitality,Large Box Of Mixed Qashtiyat,54.9,54.9,pcs,100,10,0,https://images.deliveryhero.io/image/menu-import-gateway-prd/regions/ME/chains/SH-SP/fe4606b3415c4dc3271628f5086475cc.jpg
en,SAAD-0087,Large Box Of Mixed Osh El Bulbul,Fresh & Local///Homemade Meals///Classic Sweets,Saadeddin pastry,Osh el bulbul filled with red and blue berries — twenty-four elegant pieces with refined flavor,Large Box Of Mixed Osh El Bulbul,53.9,53.9,pcs,100,10,0,https://images.deliveryhero.io/image/menu-import-gateway-prd/regions/ME/chains/SH-SP/67beb07e858f5fb25c424470d6f9b143.jpg
en,SAAD-0088,Small Box Of Halawat Al Jibn,Fresh & Local///Homemade Meals///Classic Sweets,Saadeddin pastry,"Halawat al-jibn dough filled with fresh cream and topped with pistachios, five hundred thirty grams",Small Box Of Halawat Al Jibn,46.9,46.9,g,100,10,0,https://images.deliveryhero.io/image/menu-import-gateway-prd/regions/ME/chains/SH-SP/527733cc7bfc7df05677750ffa9b64aa.jpg
en,SAAD-0089,Large Box Of Halawat Al Jibn,Fresh & Local///Homemade Meals///Classic Sweets,Saadeddin pastry,"Halawat al-jibn dough filled with fresh cream and topped with pistachios, seven hundred seventy-five grams",Large Box Of Halawat Al Jibn,64.9,64.9,g,100,10,0,https://images.deliveryhero.io/image/menu-import-gateway-prd/regions/ME/chains/SH-SP/1a3bffd8d357f21e323bb2008de1b860.jpg
en,SAAD-0090,Small Box Of Ward Al Sham,Fresh & Local///Homemade Meals///Classic Sweets,Saadeddin pastry,"Baklava dough shaped like a rose, filled with fresh cream – three hundred fifteen grams – melts in your mouth",Small Box Of Ward Al Sham,46.9,46.9,g,100,10,0,https://images.deliveryhero.io/image/menu-import-gateway-prd/regions/ME/chains/SH-SP/378fc89f6ef689e2cbb5f32851f778e7.jpg
en,SAAD-0091,Large Box Of Ward Al Sham,Fresh & Local///Homemade Meals///Classic Sweets,Saadeddin pastry,"Baklava dough shaped like a rose, filled with fresh cream – twelve melt-in-your-mouth pieces",Large Box Of Ward Al Sham,67.9,67.9,pcs,100,10,0,https://images.deliveryhero.io/image/menu-import-gateway-prd/regions/ME/chains/SH-SP/0a5e4fec07da7defeb7619ce0ec374b7.jpg
en,SAAD-0092,Mafruka With Cream And Nuts One Kilo,Fresh & Local///Homemade Meals///Classic Sweets,Saadeddin pastry,"The original arabic sweet : mafruka with cream and crushed nuts one kilo - may contain gluten, milk and nuts",Mafruka With Cream And Nuts One Kilo,90.9,90.9,kg,100,10,0,https://images.deliveryhero.io/image/menu-import-gateway-prd/regions/ME/chains/SH-SP/a202e62e6f015e932e394d5557600449.png
en,SAAD-0093,Mafruka With Cream And Nuts Half A Kilo,Fresh & Local///Homemade Meals///Classic Sweets,Saadeddin pastry,"The original arabic sweet : mafruka with cream and crushed nuts half a kilo - may contain gluten, milk and nuts",Mafruka With Cream And Nuts Half A Kilo,45.9,45.9,kg,100,10,0,https://images.deliveryhero.io/image/menu-import-gateway-prd/regions/ME/chains/SH-SP/58ba79455bbff9f82a46a197e00c1a54.png
en,SAAD-0094,Madluqat With Cream And Nuts One Kilo,Fresh & Local///Homemade Meals///Classic Sweets,Saadeddin pastry,"The original arabic sweet : spooned with cream and harvested nuts one kilo - may contain gluten, milk and nuts",Madluqat With Cream And Nuts One Kilo,90.9,90.9,kg,100,10,0,https://images.deliveryhero.io/image/menu-import-gateway-prd/regions/ME/chains/SH-SP/ff24616ba96e52b816c962ce66f882d9.png
en,SAAD-0095,Madluqat With Cream And Nuts Half A Kilo,Fresh & Local///Homemade Meals///Classic Sweets,Saadeddin pastry,"The original arabic sweet : spooned with cream and crushed nuts half a kilo - may contain gluten, milk and nuts",Madluqat With Cream And Nuts Half A Kilo,45.9,45.9,kg,100,10,0,https://images.deliveryhero.io/image/menu-import-gateway-prd/regions/ME/chains/SH-SP/607147244b8f9260e856018f74c600a8.png
en,SAAD-0096,Aish Al Bulbul Red Berries One Kilo,Fresh & Local///Homemade Meals///Classic Sweets,Saadeddin pastry,"Saad el-din's invention : hair kunafa stuffed with cheese cream and decorated with red berries (from thirty to thirty-five pieces) one kilo -may contain gluten, eggs, milk and may contain traces of nuts",Aish Al Bulbul Red Berries One Kilo,108.9,108.9,pcs,100,10,0,https://images.deliveryhero.io/image/menu-import-gateway-prd/regions/ME/chains/SH-SP/e14345221e25c298568f8f8524c4445b.png
en,SAAD-0097,Aish Al Bulbul Red Berries Half A Kilo,Fresh & Local///Homemade Meals///Classic Sweets,Saadeddin pastry,"Saad el-din's invention : hair kunafa stuffed with cheese cream and decorated with red berries (from fifteen to eighteen pieces) half a kilo -may contain gluten, eggs, milk and may contain traces of nuts",Aish Al Bulbul Red Berries Half A Kilo,54.9,54.9,pcs,100,10,0,https://images.deliveryhero.io/image/menu-import-gateway-prd/regions/ME/chains/SH-SP/d453044d9ddd68f9b9a9528f4c983ba1.png
en,SAAD-0098,Aish Al Bulbul Blueberries One Kilo,Fresh & Local///Homemade Meals///Classic Sweets,Saadeddin pastry,"Saad el-din's invention : hair kunafa stuffed with cheese cream and decorated with blueberries (from thirty to thirty-five pieces) one kilo - may contain gluten, eggs, milk and may contain traces of nuts",Aish Al Bulbul Blueberries One Kilo,108.9,108.9,pcs,100,10,0,https://images.deliveryhero.io/image/menu-import-gateway-prd/regions/ME/chains/SH-SP/bbfdbf560123288f71566152cf5c8036.png
en,SAAD-0099,Aish Al Bulbul Blueberries Half A Kilo,Fresh & Local///Homemade Meals///Classic Sweets,Saadeddin pastry,"Saad el-din's invention : hair kunafa stuffed with cheese cream and decorated with blueberries (from fifteen to eighteen pieces) half a kilo - may contain gluten, eggs, milk and may contain traces of nuts",Aish Al Bulbul Blueberries Half A Kilo,54.9,54.9,pcs,100,10,0,https://images.deliveryhero.io/image/menu-import-gateway-prd/regions/ME/chains/SH-SP/7dbb423c102334a0fd3fd89b88cbf356.png
en,SAAD-0100,Shaebiaat One Kilo,Fresh & Local///Homemade Meals///Classic Sweets,Saadeddin pastry,"The original arabic sweet : baklava dough stuffed with cream and decorated with pistachios one kilo - may contain gluten, milk and nuts",Shaebiaat One Kilo,86.9,86.9,kg,100,10,0,https://images.deliveryhero.io/image/menu-import-gateway-prd/regions/ME/chains/SH-SP/b4016f8c1a32a60c2055dd143b15d3a0.png
en,SAAD-0101,Shaebiaat Half A Kilo,Fresh & Local///Homemade Meals///Classic Sweets,Saadeddin pastry,"The original arabic sweet : baklava dough stuffed with cream and decorated with pistachios half a kilo - may contain gluten, milk and nuts",Shaebiaat Half A Kilo,43.9,43.9,kg,100,10,0,https://images.deliveryhero.io/image/menu-import-gateway-prd/regions/ME/chains/SH-SP/674752d003cea952dbf6427808357436.png
en,SAAD-0102,Znoud Al Sitt One Kilo,Fresh & Local///Homemade Meals///Classic Sweets,Saadeddin pastry,"The original arabic sweet : baklava dough stuffed with cream and decorated with pistachios one kilo - may contain gluten, milk and nuts",Znoud Al Sitt One Kilo,86.9,86.9,kg,100,10,0,https://images.deliveryhero.io/image/menu-import-gateway-prd/regions/ME/chains/SH-SP/4692dcfc332e274eecebb47e66bbfec0.png
en,SAAD-0103,Znoud Al Sitt Half A Kilo,Fresh & Local///Homemade Meals///Classic Sweets,Saadeddin pastry,"The original arabic sweet : baklava dough stuffed with cream and decorated with pistachios half a kilo - may contain gluten, milk and nuts",Znoud Al Sitt Half A Kilo,43.9,43.9,kg,100,10,0,https://images.deliveryhero.io/image/menu-import-gateway-prd/regions/ME/chains/SH-SP/d402cb27ceab9e5aa14e0eff6f1bba59.png
en,SAAD-0104,Cheese Halwa With Cream One Kilo,Fresh & Local///Homemade Meals///Classic Sweets,Saadeddin pastry,"The original arabic sweet : cheese sweet dough stuffed with cream and decorated with pistachios one kilo - may contain gluten, milk and nuts (between twenty-five to thirty pieces per kilo)",Cheese Halwa With Cream One Kilo,89.9,89.9,kg,100,10,0,https://images.deliveryhero.io/image/menu-import-gateway-prd/regions/ME/chains/SH-SP/3893dc230842f61f5333b12d85b1600c.png
en,SAAD-0105,Cheese Halwa With Cream Half A Kilo,Fresh & Local///Homemade Meals///Classic Sweets,Saadeddin pastry,"The original arabic sweet : sweet cheese dough stuffed with cream and decorated with pistachios half a kilo-may contain gluten, milk and nuts (between twelve to fifteen pieces per half kilo)",Cheese Halwa With Cream Half A Kilo,54.9,54.9,kg,100,10,0,https://images.deliveryhero.io/image/menu-import-gateway-prd/regions/ME/chains/SH-SP/17af66fbfd5299cadf6e0c3702cc2e17.png
en,SAAD-0106,Wardat Al Sham One Kilo,Fresh & Local///Homemade Meals///Classic Sweets,Saadeddin pastry,"Wardat al-sham : baklava dough stuffed with cream and decorated with pistachios, one kilo - may contain gluten, eggs, milk and nuts",Wardat Al Sham One Kilo,86.9,86.9,kg,100,10,0,https://images.deliveryhero.io/image/menu-import-gateway-prd/regions/ME/chains/SH-SP/ef8a4133ea9321c1758ee91463fd594d.png
en,SAAD-0107,Wardat Al Sham Half A Kilo,Fresh & Local///Homemade Meals///Classic Sweets,Saadeddin pastry,"Wardat al-sham : baklava dough stuffed with cream and decorated with pistachios half a kilo-may contain gluten, eggs, milk and nuts",Wardat Al Sham Half A Kilo,43.9,43.9,kg,100,10,0,https://images.deliveryhero.io/image/menu-import-gateway-prd/regions/ME/chains/SH-SP/8146417004bee6221e01408d8892fbe5.png
en,SAAD-0108,Frozen Package 1,Supermarket///Retail///Packaged Products,Saadeddin pastry,1 large chicken kibbeh box + 1 large awameh box + 1 mixed appetizers box + 1 large meat kibbeh box (all the products are frozen (iced) boxs ),Frozen Package 1,203.0,203.0,pcs,100,10,0,https://images.deliveryhero.io/image/menu-import-gateway-prd/regions/ME/chains/SH-SP/b91eedc490fd92281724f0b28dc741cb.jpeg
en,SAAD-0109,Frozen Package 2,Supermarket///Retail///Packaged Products,Saadeddin pastry,2 small meat kibbeh boxes + 2 small chicken kibbeh boxes + 1 large awameh box (all the products are frozen (iced) boxs ),Frozen Package 2,227.0,227.0,pcs,100,10,0,https://images.deliveryhero.io/image/menu-import-gateway-prd/regions/ME/chains/SH-SP/cabd8a209be82ff095dbc2fd788a19c4.jpeg
en,SAAD-0110,Frozen Package 3,Supermarket///Retail///Packaged Products,Saadeddin pastry,1 large awameh box + 1 large walnut & almond qatayef box + 1 large cheese qatayef box + 1 cheese borek box + 1 large meat kibbeh box (all the products are frozen (iced) boxs ),Frozen Package 3,247.0,247.0,pcs,100,10,0,https://images.deliveryhero.io/image/menu-import-gateway-prd/regions/ME/chains/SH-SP/ef8518d220e539ba5764f06cf6db14c4.jpeg
en,SAAD-0111,Frozen Package 4,Supermarket///Retail///Packaged Products,Saadeddin pastry,4 large awameh boxes + 1 small cheese qatayef box (all the products are frozen (iced) boxs ),Frozen Package 4,159.0,159.0,pcs,100,10,0,https://images.deliveryhero.io/image/menu-import-gateway-prd/regions/ME/chains/SH-SP/eb57c08ac329eebdc3646696327fc7c1.jpeg
en,SAAD-0112,Frozen Package 6,Supermarket///Retail///Packaged Products,Saadeddin pastry,12 small luqaimat boxes (frozen),Frozen Package 6,269.0,269.0,pcs,100,10,0,https://images.deliveryhero.io/image/menu-import-gateway-prd/regions/ME/chains/SH-SP/32c6680e3f0a703d0f14bc66ae0eda17.png
en,SAAD-0113,Frozen Package 7,Supermarket///Retail///Packaged Products,Saadeddin pastry,8 small luqaimat boxes (frozen),Frozen Package 7,191.0,191.0,pcs,100,10,0,https://images.deliveryhero.io/image/menu-import-gateway-prd/regions/ME/chains/SH-SP/ce4fc89dc91c9cd03edd3ca15fd4b980.png
en,SAAD-0114,Frozen Package 8,Supermarket///Retail///Packaged Products,Saadeddin pastry,4 small luqaimat boxes (frozen),Frozen Package 8,101.0,101.0,pcs,100,10,0,https://images.deliveryhero.io/image/menu-import-gateway-prd/regions/ME/chains/SH-SP/d9402d5798f5ed1933c57e5ab2d20bfc.png
en,SAAD-0115,Kunafa Skewers Box – Large,Fresh & Local///Homemade Meals///Classic Sweets,Saadeddin pastry,"Kataifi, nabulsi cheese mix with pistachio ghee (8 skewers frozen)",Kunafa Skewers Box – Large,124.9,124.9,pcs,100,10,0,https://images.deliveryhero.io/image/menu-import-gateway-prd/regions/ME/chains/SH-SP/78e241f70fe3ef0d12c46747fa3a1e34.png
en,SAAD-0116,Kunafa Skewers Box – Small,Fresh & Local///Homemade Meals///Classic Sweets,Saadeddin pastry,"Kataifi, nabulsi cheese mix with pistachio, ghee (4 skewers frozen)",Kunafa Skewers Box – Small,56.9,56.9,pcs,100,10,0,https://images.deliveryhero.io/image/menu-import-gateway-prd/regions/ME/chains/SH-SP/0416517b8fd16b2a30bd60b0a603a184.png
en,SAAD-0117,Large Mango Cheesecake,Supermarket///Retail///Bakery,Saadeddin pastry,"Ingredients: digestive biscuit layer, cheese with vanilla sponge, topped with mango sauce. size: large, enough for twelve people",Large Mango Cheesecake,189.9,189.9,pcs,100,10,0,https://images.deliveryhero.io/image/menu-import-gateway-prd/regions/ME/chains/SH-SP/66a05e2b1383ad65ffc9905190267de8.png
en,SAAD-0118,Small Mango Cheesecake,Supermarket///Retail///Bakery,Saadeddin pastry,"Ingredients: digestive biscuit layer, cheese with vanilla sponge, topped with mango sauce. size: small, enough for seven people",Small Mango Cheesecake,139.9,139.9,pcs,100,10,0,https://images.deliveryhero.io/image/menu-import-gateway-prd/regions/ME/chains/SH-SP/09211e7cbe0ba921ac5c53e0c6225c6a.png
en,SAAD-0119,Mango Cheesecake Piece,Supermarket///Retail///Bakery,Saadeddin pastry,Ingredients: a layer of digestive biscuits and cheese with vanilla sponge topped with mango sauce,Mango Cheesecake Piece,19.9,19.9,pcs,100,10,0,https://images.deliveryhero.io/image/menu-import-gateway-prd/regions/ME/chains/SH-SP/04bc1f6acb8d9cb555b3d903176f7d9c.png
en,SAAD-0120,Mocha Cake Truffle,Supermarket///Retail///Bakery,Saadeddin pastry,"""vanilla sponge, tiramisu mousse, chocolate flakes, chocolate jelly. """,Mocha Cake Truffle,18.9,18.9,pcs,100,10,0,https://images.deliveryhero.io/image/menu-import-gateway-prd/regions/ME/chains/SH-SP/63c914270765bfd4e32446f7494e3f60.jpg
en,SAAD-0121,Mango Slice,Supermarket///Retail///Bakery,Saadeddin pastry,"Coconut dacquoise, fresh fruit gelée, mango filling, mango sponge, vanilla with clear jelly.",Mango Slice,18.9,18.9,pcs,100,10,0,https://images.deliveryhero.io/image/menu-import-gateway-prd/regions/ME/chains/SH-SP/c1ed582a9796fe53367ddaab46ae5df8.jpg
en,SAAD-0122,Caramel Peanut Slice,Supermarket///Retail///Bakery,Saadeddin pastry,"Chocolate brownies, snickers crunch, snickers mousse, chocolate sponge, caramel",Caramel Peanut Slice,18.9,18.9,pcs,100,10,0,https://images.deliveryhero.io/image/menu-import-gateway-prd/regions/ME/chains/SH-SP/fed9b80886c147fa7c2abfd857e6b459.jpg
en,SAAD-0123,Red Velvet Crunch Slice,Supermarket///Retail///Bakery,Saadeddin pastry,"Layers of rich red velvet sponge with crunchy raspberry, smooth vanilla mousse, and a refreshing raspberry filling.",Red Velvet Crunch Slice,18.9,18.9,pcs,100,10,0,https://images.deliveryhero.io/image/menu-import-gateway-prd/regions/ME/chains/SH-SP/702c36e1ebd50668afec459a27642f2f.jpg
en,SAAD-0124,Large Umm Ali Pottery,Supermarket///Retail///Bakery,Saadeddin pastry,"Layers of crispy malvai dough, with warm milk, nuts, and coconut! may contain gluten, eggs, milk, tree nuts, soy, sulfites and may contain traces of peanuts",Large Umm Ali Pottery,59.9,59.9,pcs,100,10,0,https://images.deliveryhero.io/image/menu-import-gateway-prd/regions/ME/chains/SH-SP/493f4489a199679e070d1e2d87adef90.jpeg
en,SAAD-0125,Small Umm Ali Pottery,Supermarket///Retail///Bakery,Saadeddin pastry,"Layers of crispy malvai dough, with warm milk, nuts, and coconut! may contain gluten, eggs, milk, tree nuts, soy, sulfites and may contain traces of peanuts",Small Umm Ali Pottery,19.9,19.9,pcs,100,10,0,https://images.deliveryhero.io/image/menu-import-gateway-prd/regions/ME/chains/SH-SP/e9000cb2068a81881aa5fb32cd26d2d5.jpg
en,SAAD-0126,Roche Cake Large,Supermarket///Retail///Bakery,Saadeddin pastry,"Ingredients: four layers of chocolate brownies, mousse, sponge, crunchy roche with hazelnuts.size: large - enough for twelve people",Roche Cake Large,199.0,199.0,pcs,100,10,0,https://images.deliveryhero.io/image/menu-import-gateway-prd/regions/ME/chains/SH-SP/e1da6189ee849c54e23fce0c6cacace1.png
en,SAAD-0127,Roche Cake Small,Supermarket///Retail///Bakery,Saadeddin pastry,"Ingredients: four layers of chocolate brownies , mousse , sponge , crunchy roche with hazelnuts size : small enough for seven people",Roche Cake Small,159.9,159.9,pcs,100,10,0,https://images.deliveryhero.io/image/menu-import-gateway-prd/regions/ME/chains/SH-SP/19daa1d559b2ab6f853f979cf39c37ba.png
en,SAAD-0128,Rocher Piece,Supermarket///Retail///Bakery,Saadeddin pastry,"Four layers of chocolate brownies, mousse, sponge, crunchy roche with hazelnuts.",Rocher Piece,19.9,19.9,pcs,100,10,0,https://images.deliveryhero.io/image/menu-import-gateway-prd/regions/ME/chains/SH-SP/7556e03db8e8da0e4ac2ccfa337707be.png
en,SAAD-0129,Rectangular Roche Cake,Supermarket///Retail///Bakery,Saadeddin pastry,Ingredients: chocolate sponge with chocolate mousse and dark chocolate size: small: enough for fourteen people,Rectangular Roche Cake,239.0,239.0,pcs,100,10,0,https://images.deliveryhero.io/image/menu-import-gateway-prd/regions/ME/chains/SH-SP/557466ad6c65b78b3c22e9636ef51845.png
en,SAAD-0130,Kit Kat Cake,Supermarket///Retail///Bakery,Saadeddin pastry,Ingredients: chocolate mousse with crunchy roche layer and chocolate brownie filling covered in caramel.size: large - enough for twelve people,Kit Kat Cake,219.0,219.0,pcs,100,10,0,https://images.deliveryhero.io/image/menu-import-gateway-prd/regions/ME/chains/SH-SP/f6a311fb1375bde4208f9621cff503ab.png
en,SAAD-0131,Kitkat Cake Piece,Supermarket///Retail///Bakery,Saadeddin pastry,Chocolate mousse with crunchy roche layer and chocolate brownie filling covered in caramel,Kitkat Cake Piece,19.9,19.9,pcs,100,10,0,https://images.deliveryhero.io/image/menu-import-gateway-prd/regions/ME/chains/SH-SP/69b6f1170fe971696c5e58636a6952b7.png
en,SAAD-0132,Large Blueberry Cheesecake,Supermarket///Retail///Bakery,Saadeddin pastry,Ingredients: cream cheese with digestive biscuits and sponge cake with fresh blueberry sauce size: large - enough for twelve people,Large Blueberry Cheesecake,189.9,189.9,pcs,100,10,0,https://images.deliveryhero.io/image/menu-import-gateway-prd/regions/ME/chains/SH-SP/991666ed3abd6b2b2e3f4cb76f60dd96.png
en,SAAD-0133,Small Blueberry Cheesecake,Supermarket///Retail///Bakery,Saadeddin pastry,Ingredients: cream cheese with digestive biscuits and sponge cake with fresh blueberry sauce size: small enough for seven people,Small Blueberry Cheesecake,139.9,139.9,pcs,100,10,0,https://images.deliveryhero.io/image/menu-import-gateway-prd/regions/ME/chains/SH-SP/ed252e0fc877c00edf41a99759643f84.png
en,SAAD-0134,Blueberry Cheesecake Piece,Supermarket///Retail///Bakery,Saadeddin pastry,Cream cheese with digestive biscuits and sponge cake with fresh blueberry sauce,Blueberry Cheesecake Piece,19.9,19.9,pcs,100,10,0,https://images.deliveryhero.io/image/menu-import-gateway-prd/regions/ME/chains/SH-SP/421edc4092c630415a251fc59a3fa207.png
en,SAAD-0135,Large Red Berry Cheesecake,Supermarket///Retail///Bakery,Saadeddin pastry,"Ingredients: cream cheese with digestive biscuits, sponge cake and fresh red berries size: large - enough for twelve people",Large Red Berry Cheesecake,189.9,189.9,pcs,100,10,0,https://images.deliveryhero.io/image/menu-import-gateway-prd/regions/ME/chains/SH-SP/adebd7cc7125d1b6e678360fece03f53.png
en,SAAD-0136,Small Red Berry Cheesecake,Supermarket///Retail///Bakery,Saadeddin pastry,"Ingredients: cream cheese with digestive biscuits, sponge cake and fresh red berries size: small enough for seven people",Small Red Berry Cheesecake,139.9,139.9,pcs,100,10,0,https://images.deliveryhero.io/image/menu-import-gateway-prd/regions/ME/chains/SH-SP/576be8b17bb91baaf9ec1b8525cab0b1.png
en,SAAD-0137,Red Berry Cheesecake Piece,Supermarket///Retail///Bakery,Saadeddin pastry,Cream cheese with digestive biscuits and sponge cake with fresh red berry sauce,Red Berry Cheesecake Piece,19.9,19.9,pcs,100,10,0,https://images.deliveryhero.io/image/menu-import-gateway-prd/regions/ME/chains/SH-SP/c18302cf864ce27389670b528b7508a1.png
en,SAAD-0138,Large Pecan Caramel Cheesecake,Supermarket///Retail///Bakery,Saadeddin pastry,Ingredients: pecan cheesecake with salt caramel size: large enough for twelve people,Large Pecan Caramel Cheesecake,219.9,219.9,pcs,100,10,0,https://images.deliveryhero.io/image/menu-import-gateway-prd/regions/ME/chains/SH-SP/4edfca31919594ddb36e5f44eb255bc9.png
en,SAAD-0139,Small Pecan Caramel Cheesecake,Supermarket///Retail///Bakery,Saadeddin pastry,Ingredients: pecan cheesecake with salt caramel size: small enough for seven people,Small Pecan Caramel Cheesecake,159.9,159.9,pcs,100,10,0,https://images.deliveryhero.io/image/menu-import-gateway-prd/regions/ME/chains/SH-SP/5a3fe91444928652c66a000ae3b9efc1.png
en,SAAD-0140,Pecan Caramel Cheesecake Piece,Supermarket///Retail///Bakery,Saadeddin pastry,Pecan cheesecake with salt caramel,Pecan Caramel Cheesecake Piece,24.9,24.9,pcs,100,10,0,https://images.deliveryhero.io/image/menu-import-gateway-prd/regions/ME/chains/SH-SP/18db7e5189114bf91793c9b30f0babc9.png
en,SAAD-0141,Large Strawberry Cake,Supermarket///Retail///Bakery,Saadeddin pastry,Sponge cake with vanilla and fresh cream with fresh strawberries and almonds added to the side of the cake size: large enough for twelve people,Large Strawberry Cake,219.9,219.9,pcs,100,10,0,https://images.deliveryhero.io/image/menu-import-gateway-prd/regions/ME/chains/SH-SP/66dfd4a65bc6f58c4536ddceafe759c2.png
en,SAAD-0142,Small Strawberry Cake,Supermarket///Retail///Bakery,Saadeddin pastry,Sponge cake with vanilla and fresh cream with fresh strawberries and almonds added to the side of the cake size: small enough for seven people,Small Strawberry Cake,159.9,159.9,pcs,100,10,0,https://images.deliveryhero.io/image/menu-import-gateway-prd/regions/ME/chains/SH-SP/fa2ab454279e48068bcf938a8309cb9d.png
en,SAAD-0143,Piece Of Strawberry Cake,Supermarket///Retail///Bakery,Saadeddin pastry,"Vanilla sponge cake, fresh cream and fresh strawberries",Piece Of Strawberry Cake,24.9,24.9,pcs,100,10,0,https://images.deliveryhero.io/image/menu-import-gateway-prd/regions/ME/chains/SH-SP/597e4e8448bcbd34553554f9c38c691d.png
en,SAAD-0144,Large Black Forest Cake,Supermarket///Retail///Bakery,Saadeddin pastry,"Chocolate sponge cake and fresh cream, and fresh fruits covered in grated dark chocolate size: large enough for twelve people",Large Black Forest Cake,179.9,179.9,pcs,100,10,0,https://images.deliveryhero.io/image/menu-import-gateway-prd/regions/ME/chains/SH-SP/295e166ff83125ce0a711e0cccad70dc.png
en,SAAD-0145,Black Forest Piece,Supermarket///Retail///Bakery,Saadeddin pastry,Chocolate sponge cake/fresh cream/mixed fruits/grated dark chocolate one person,Black Forest Piece,19.9,19.9,pcs,100,10,0,https://images.deliveryhero.io/image/menu-import-gateway-prd/regions/ME/chains/SH-SP/ce57b75d0fa3d70de3e479777b185f68.png
en,SAAD-0146,Large Red Velvet Cake,Supermarket///Retail///Bakery,Saadeddin pastry,Ingredients: red velvet sponge with cream cheese and strawberry filling size: large - serves twelve people,Large Red Velvet Cake,199.9,199.9,pcs,100,10,0,https://images.deliveryhero.io/image/menu-import-gateway-prd/regions/ME/chains/SH-SP/5a23c7bab3b1f47215e686ece214609a.png
en,SAAD-0147,Small Red Velvet Cake,Supermarket///Retail///Bakery,Saadeddin pastry,Ingredients: red velvet sponge with cream cheese and strawberry filling size: small enough for seven people,Small Red Velvet Cake,149.9,149.9,pcs,100,10,0,https://images.deliveryhero.io/image/menu-import-gateway-prd/regions/ME/chains/SH-SP/8ef6efdef0f40db4b5f9e5d2dc2f6083.png
en,SAAD-0148,Red Velvet Piece,Supermarket///Retail///Bakery,Saadeddin pastry,Ingredients: red velvet sponge with cream cheese and strawberry filling,Red Velvet Piece,19.9,19.9,pcs,100,10,0,https://images.deliveryhero.io/image/menu-import-gateway-prd/regions/ME/chains/SH-SP/1fb80eaf02a43eafbeeb45f5878d27a9.png
en,SAAD-0149,Large Snickers Cake,Supermarket///Retail///Bakery,Saadeddin pastry,Ingredients: snickers mousse with vanilla sponge and chocolate brownies with caramel size: large enough for twelve people,Large Snickers Cake,199.0,199.0,pcs,100,10,0,https://images.deliveryhero.io/image/menu-import-gateway-prd/regions/ME/chains/SH-SP/49c5b155a0aaf0d4a35151ff69385863.png
en,SAAD-0150,Small Snickers Cake,Supermarket///Retail///Bakery,Saadeddin pastry,Ingredients: snickers mousse with vanilla sponge and chocolate brownies with caramelsize: small enough for seven people,Small Snickers Cake,149.9,149.9,pcs,100,10,0,https://images.deliveryhero.io/image/menu-import-gateway-prd/regions/ME/chains/SH-SP/45f2505d160c32914b9670b2f8543778.png
en,SAAD-0151,Snickers Cake Piece,Supermarket///Retail///Bakery,Saadeddin pastry,Ingredients: snickers mousse with vanilla sponge and chocolate brownies with caramel,Snickers Cake Piece,23.9,23.9,pcs,100,10,0,https://images.deliveryhero.io/image/menu-import-gateway-prd/regions/ME/chains/SH-SP/9ea45c8a5bdfce838ef91c43a87f0c71.png
en,SAAD-0152,Large Chocolate Mousse,Supermarket///Retail///Bakery,Saadeddin pastry,Ingredients: chocolate sponge with chocolate mousse and dark chocolate size: large - serves twelve people,Large Chocolate Mousse,199.9,199.9,pcs,100,10,0,https://images.deliveryhero.io/image/menu-import-gateway-prd/regions/ME/chains/SH-SP/836e50e59ba52cb380fb673524d792a9.png
en,SAAD-0153,Small Mousse Cake,Supermarket///Retail///Bakery,Saadeddin pastry,Ingredients: chocolate sponge with chocolate mousse and dark chocolate size: small: enough for seven people,Small Mousse Cake,149.9,149.9,pcs,100,10,0,https://images.deliveryhero.io/image/menu-import-gateway-prd/regions/ME/chains/SH-SP/cae91a2113dc94abead1fd048c711cd7.png
en,SAAD-0154,Piece Of Chocolate Mousse,Supermarket///Retail///Bakery,Saadeddin pastry,Chocolate sponge with chocolate mousse with dark chocolate,Piece Of Chocolate Mousse,19.9,19.9,pcs,100,10,0,https://images.deliveryhero.io/image/menu-import-gateway-prd/regions/ME/chains/SH-SP/b72961b440cca7073dfbbc6acfaab5f1.png
en,SAAD-0155,Small Twix Cake,Supermarket///Retail///Bakery,Saadeddin pastry,"Ingredients: chocolate brownies with caramel mousse, sable biscuits and chocolate sponge .size: small enough for seven people",Small Twix Cake,159.9,159.9,pcs,100,10,0,https://images.deliveryhero.io/image/menu-import-gateway-prd/regions/ME/chains/SH-SP/0dc69b994e7bc2fc80029bc3e0bc8e97.png
en,SAAD-0156,Piece Of Twix Cake,Supermarket///Retail///Bakery,Saadeddin pastry,"Chocolate brownies with caramel mousse, sable biscuits and chocolate sponge",Piece Of Twix Cake,19.9,19.9,pcs,100,10,0,https://images.deliveryhero.io/image/menu-import-gateway-prd/regions/ME/chains/SH-SP/8d577245c68b2feda5fd2b2013ba99e7.png
en,SAAD-0157,Large Sub Chocolate Cake,Supermarket///Retail///Bakery,Saadeddin pastry,"Chocolate pouring cake mold, double chocolate",Large Sub Chocolate Cake,179.9,179.9,pcs,100,10,0,https://images.deliveryhero.io/image/menu-import-gateway-prd/regions/ME/chains/SH-SP/644eecd784c828b71793bdbed9b34777.png
en,SAAD-0158,Large Fruit Cake,Supermarket///Retail///Bakery,Saadeddin pastry,Ingredients: sponge cake with vanilla and fresh cream with mixed fruits and almonds on the side of the cake size: large - serves twelve people,Large Fruit Cake,199.9,199.9,pcs,100,10,0,https://images.deliveryhero.io/image/menu-import-gateway-prd/regions/ME/chains/SH-SP/c3f2b01668554a7144db7cead882ff19.png
en,SAAD-0159,Small Fruit Cake,Supermarket///Retail///Bakery,Saadeddin pastry,Ingredients: sponge cake with vanilla and fresh cream with mixed fruits and almonds on the side of the cake size: small enough for seven people,Small Fruit Cake,139.9,139.9,pcs,100,10,0,https://images.deliveryhero.io/image/menu-import-gateway-prd/regions/ME/chains/SH-SP/662b1733ba3ce45e6278d64d9ba3da36.png
en,SAAD-0160,Rich Fruit Cake,Supermarket///Retail///Bakery,Saadeddin pastry,Ingredients: vanilla sponge with vanilla mousse filling and assorted fruits enough for: eight people,Rich Fruit Cake,159.9,159.9,pcs,100,10,0,https://images.deliveryhero.io/image/menu-import-gateway-prd/regions/ME/chains/SH-SP/289c05d1dbe12e40e278cfb8658f397c.png
en,SAAD-0161,Kinder Cake,Supermarket///Retail///Bakery,Saadeddin pastry,Mousse milk hazelnut dark brownies crunchy rocher hazelnut kinder eggs five to seven people,Kinder Cake,129.9,129.9,pcs,100,10,0,https://images.deliveryhero.io/image/menu-import-gateway-prd/regions/ME/chains/SH-SP/5df9d9703971644098395db36caf3a7c.png
en,SAAD-0162,Tiramisu Cake Piece,Supermarket///Retail///Bakery,Saadeddin pastry,Chocolate sponge - tiramisu - biscuits - coffee syrup - jelly,Tiramisu Cake Piece,24.9,24.9,pcs,100,10,0,https://images.deliveryhero.io/image/menu-import-gateway-prd/regions/ME/chains/SH-SP/379bffb6acce0286e0df4c78393be86a.png
en,SAAD-0163,Dew Piece,Supermarket///Retail///Bakery,Saadeddin pastry,Chocolate cake with vanilla,Dew Piece,19.9,19.9,pcs,100,10,0,https://images.deliveryhero.io/image/menu-import-gateway-prd/regions/ME/chains/SH-SP/3e310b9023c7f8cd4ae8f0d94a875170.png
en,SAAD-0164,Piece Of Raffaello Cake,Supermarket///Retail///Bakery,Saadeddin pastry,"Taste the irresistible taste of the delicious raffaello cake, consisting of a fragile layer of fennel with praline and wonderful vanilla mousse.",Piece Of Raffaello Cake,19.9,19.9,pcs,100,10,0,https://images.deliveryhero.io/image/menu-import-gateway-prd/regions/ME/chains/SH-SP/1cc44a16f496468966c05d33735a9748.png
en,SAAD-0165,Box Cheese Burek Frozen,Supermarket///Retail///Packaged Products,Saadeddin pastry,Barak stuffed with challal cheese - box of ten pieces,Box Cheese Burek Frozen,84.4,84.4,pcs,100,10,0,https://images.deliveryhero.io/image/menu-import-gateway-prd/regions/ME/chains/SH-SP/a66851c19ef41b5067512d029bdfb395.png
en,SAAD-0166,Small Frozen Meat Kubbah Box,Supermarket///Retail///Packaged Products,Saadeddin pastry,Frozen meat kubbah box - twenty pieces,Small Frozen Meat Kubbah Box,59.9,59.9,pcs,100,10,0,https://images.deliveryhero.io/image/menu-import-gateway-prd/regions/ME/chains/SH-SP/245f886da3462e3c6290c4f1e323d6da.png
en,SAAD-0167,Large Frozen Chicken Kubbah Box,Supermarket///Retail///Packaged Products,Saadeddin pastry,Frozen chicken kubbah box - eighteen pieces,Large Frozen Chicken Kubbah Box,74.9,74.9,pcs,100,10,0,https://images.deliveryhero.io/image/menu-import-gateway-prd/regions/ME/chains/SH-SP/bb7eb6fd0b5d046930d944830c05d9e9.jpeg
en,SAAD-0168,Mixed Appetizer Box,Supermarket///Retail///Packaged Products,Saadeddin pastry,Cheese samosa with fresh meat puff pastry and labneh kibbeh with thyme (twelve pieces),Mixed Appetizer Box,59.9,59.9,pcs,100,10,0,https://images.deliveryhero.io/image/menu-import-gateway-prd/regions/ME/chains/SH-SP/b817b6d936d890a11aa36a78e01facc7.png
en,SAAD-0169,Large Eawamuh Box,Supermarket///Retail///Packaged Products,Saadeddin pastry,"Loqaimat, separated into small pieces (same taste as home )contains gluten, eggs, milk, tree nuts, soy and may contain traces of peanuts",Large Eawamuh Box,44.9,44.9,pcs,100,10,0,https://images.deliveryhero.io/image/menu-import-gateway-prd/regions/ME/chains/SH-SP/f5546f24c292a0f06ee63c2cced9e701.png
en,SAAD-0170,Small Eawamuh Box,Supermarket///Retail///Packaged Products,Saadeddin pastry,"Loqaimat, separated from large pieces (same taste as home ) contains gluten, eggs, milk, tree nuts, soy and may contain traces of peanuts",Small Eawamuh Box,29.9,29.9,pcs,100,10,0,https://images.deliveryhero.io/image/menu-import-gateway-prd/regions/ME/chains/SH-SP/16c814ca1da3ce7a9dc3a82d664a5848.png
en,SAAD-0171,Mango Bar,Fresh & Local///Homemade Meals///Classic Sweets,Saadeddin pastry,Mango filling with white chocolate,Mango Bar,25.9,25.9,pcs,100,10,0,https://images.deliveryhero.io/image/menu-import-gateway-prd/regions/ME/chains/SH-SP/1a009ecba78e7b957f558b926f016ec7.jpg
en,SAAD-0172,Small Chicken Pesto Empanada,Fresh & Local///Homemade Meals///Main Dish,Saadeddin pastry,"Chicken with pesto mix, mozzarella and parmesan cheese, oregano",Small Chicken Pesto Empanada,6.9,6.9,pcs,100,10,0,https://images.deliveryhero.io/image/menu-import-gateway-prd/regions/ME/chains/SH-SP/d2ad21f5698fda03487cdeb553cc9753.jpg
en,SAAD-0173,Small Chicken Empanada Musakhan,Fresh & Local///Homemade Meals///Main Dish,Saadeddin pastry,Small chicken empanada musakhann,Small Chicken Empanada Musakhan,6.9,6.9,pcs,100,10,0,https://images.deliveryhero.io/image/menu-import-gateway-prd/regions/ME/chains/SH-SP/9da0988e8ff5d641c58a8d17ca92042f.jpg
en,SAAD-0174,Small Chicken Curry Empanada,Fresh & Local///Homemade Meals///Main Dish,Saadeddin pastry,"Chicken in curry mixture with potatoes, carrots, peas, and sesame",Small Chicken Curry Empanada,6.9,6.9,pcs,100,10,0,https://images.deliveryhero.io/image/menu-import-gateway-prd/regions/ME/chains/SH-SP/8f0323183bf79a631642019f83086f88.jpg
en,SAAD-0175,Small Oriental Cheese Empanada,Fresh & Local///Homemade Meals///Main Dish,Saadeddin pastry,"Feta cheese with fresh mint and olives, cheddar cheese, thyme",Small Oriental Cheese Empanada,6.9,6.9,pcs,100,10,0,https://images.deliveryhero.io/image/menu-import-gateway-prd/regions/ME/chains/SH-SP/8b0331e9f0059fe43f7a6799c557ae4e.jpg
en,SAAD-0176,Small Empanada Mixed Cheese,Fresh & Local///Homemade Meals///Main Dish,Saadeddin pastry,"Mix of mozzarella cheese, smoked cheese, and sun-dried tomatoes, mozzarella cheese on top",Small Empanada Mixed Cheese,6.9,6.9,pcs,100,10,0,https://images.deliveryhero.io/image/menu-import-gateway-prd/regions/ME/chains/SH-SP/fd00279aff7fa9bdc0b8021a9d17d690.jpg
en,SAAD-0177,Small Chicken Fajita Empanada,Fresh & Local///Homemade Meals///Main Dish,Saadeddin pastry,"Chicken fajita mix (chicken, onions, colored peppers, spices) and black seed",Small Chicken Fajita Empanada,6.9,6.9,pcs,100,10,0,https://images.deliveryhero.io/image/menu-import-gateway-prd/regions/ME/chains/SH-SP/d1936e1b69db3da0e729f3bb0fe5f701.jpg
en,SAAD-0178,Assorted Maamoul And Cakesl By Kilo,Fresh & Local///Homemade Meals///Main Dish,Saadeddin pastry,Multiple flavors of happiness and delicious taste come to you in one box. try the delicious saadeddin maamoul.,Assorted Maamoul And Cakesl By Kilo,84.9,84.9,pcs,100,10,0,https://images.deliveryhero.io/image/menu-import-gateway-prd/regions/ME/chains/SH-SP/e297dfb5118b951aa94cb9b6a0aaf2f5.png
en,SAAD-0179,Assorted Maamoul Kilo,Fresh & Local///Homemade Meals///Main Dish,Saadeddin pastry,Multiple flavors of happiness and wonderful taste come to you in one box. try the delicious saad el din maamoul -allergens: may contain (gluten - nuts - milk - eggs),Assorted Maamoul Kilo,79.9,79.9,pcs,100,10,0,https://images.deliveryhero.io/image/menu-import-gateway-prd/regions/ME/chains/SH-SP/5715400b489afe890546097257673001.jpg
en,SAAD-0180,Al Wanasa Premium Sandwich Box,Fresh & Local///Homemade Meals///Main Dish,Saadeddin pastry,"Flat, baguette, focaccia & brioche sandwiches with chicken, tuna, roast beef, halloumi, labneh & jams. grape leaves with sour cream & spicy sauce.",Al Wanasa Premium Sandwich Box,113.9,113.9,pcs,100,10,0,https://images.deliveryhero.io/image/menu-import-gateway-prd/regions/ME/chains/SH-SP/d928289998478d2dca66ed6bd7b6748a.jpg
en,SAAD-0181,Small Original Grape Leaves Box,Fresh & Local///Homemade Meals///Main Dish,Saadeddin pastry,"Grape leaves, original flavor, 12 pieces-allergens: may contain (gluten - nuts - milk - eggs)",Small Original Grape Leaves Box,54.9,54.9,pcs,100,10,0,https://images.deliveryhero.io/image/menu-import-gateway-prd/regions/ME/chains/SH-SP/919c4d517e39b2978365f10afd2a54ac.png
en,SAAD-0182,Large Original Grape Leaves Box,Fresh & Local///Homemade Meals///Main Dish,Saadeddin pastry,"Grape leaves with original flavor, 18 pieces-allergens: may contain (gluten - nuts - milk - eggs)",Large Original Grape Leaves Box,59.9,59.9,pcs,100,10,0,https://images.deliveryhero.io/image/menu-import-gateway-prd/regions/ME/chains/SH-SP/5bd76a6a5ab9700b90384041e8c683e7.png
en,SAAD-0183,Small Special Mini Sandwich Box,Fresh & Local///Homemade Meals///Main Dish,Saadeddin pastry,"Halloumi cheese with sun-dried tomatoes, feta cheese with olives, caramelized onions and mint, smoked turkey, chicken tandoori, mixed cheese, chicken pesto, served with ranch sauce and honey mustard sauce",Small Special Mini Sandwich Box,44.9,44.9,pcs,100,10,0,https://images.deliveryhero.io/image/menu-import-gateway-prd/regions/ME/chains/SH-SP/3d95a436719e08b79018798156b9fbbe.jpg
en,SAAD-0184,Special Round Mini Sandwich Plate,Fresh & Local///Homemade Meals///Main Dish,Saadeddin pastry,"Ingredients: halloumi cheese, feta cheese, mixed cheeses with tomatoes, pesto chicken, tandoori chicken (approximately nineteen pieces) contains gluten, eggs, milk, nuts, soy and may contain traces of mustard and sesame",Special Round Mini Sandwich Plate,55.9,55.9,pcs,100,10,0,https://images.deliveryhero.io/image/menu-import-gateway-prd/regions/ME/chains/SH-SP/38140a11e509316df6a1a1baae43a7b6.png
en,SAAD-0185,Special Mini Sandwich Square Plate,Fresh & Local///Homemade Meals///Main Dish,Saadeddin pastry,"Ingredients: halloumi cheese, feta cheese, mixed cheeses with tomatoes, pesto chicken, tandoori chicken (approximately thirty-three pieces) contains gluten, eggs, milk, nuts, soy and may contain traces of mustard and sesame",Special Mini Sandwich Square Plate,101.9,101.9,pcs,100,10,0,https://images.deliveryhero.io/image/menu-import-gateway-prd/regions/ME/chains/SH-SP/f4d2c7354b4fad34018824e927eb95e0.png
en,SAAD-0186,Friday Box Pastries Large New,Fresh & Local///Homemade Meals///Main Dish,Saadeddin pastry,"Contains 8 fillings: cheese borek, spinach borek, veggie cheese pizza, cheese hot dog pizza, labneh & za’atar borek, za’atar roll, hot dog roll, chicken musakhan, with sauces: ranch sauce, honey mustard,",Friday Box Pastries Large New,79.9,79.9,pcs,100,10,0,https://images.deliveryhero.io/image/menu-import-gateway-prd/regions/ME/chains/SH-SP/757098a182e90adaf6cef4bd13c3373d.jpg
en,SAAD-0187,Coconut Bar,Fresh & Local///Homemade Meals///Classic Sweets,Saadeddin pastry,Coconut filling with milk chocolate,Coconut Bar,25.9,25.9,pcs,100,10,0,https://images.deliveryhero.io/image/menu-import-gateway-prd/regions/ME/chains/SH-SP/e406932b0be67adabe2e9af66153f59a.jpg
en,SAAD-0188,Strawberry Bar,Fresh & Local///Homemade Meals///Classic Sweets,Saadeddin pastry,Strawberry filling with white chocolate,Strawberry Bar,25.9,25.9,pcs,100,10,0,https://images.deliveryhero.io/image/menu-import-gateway-prd/regions/ME/chains/SH-SP/67fb26519ec5cc70d147cbac9bdd8768.jpg
en,SAAD-0189,Hazelnut Dragee,Fresh & Local///Homemade Meals///Classic Sweets,Saadeddin pastry,"Ingredients: made with delicious crunchy hazelnuts, covered in one hundred twenty grams of premium belgian chocolate",Hazelnut Dragee,59.9,59.9,g,100,10,0,https://images.deliveryhero.io/image/menu-import-gateway-prd/regions/ME/chains/SH-SP/22d0aa85e50d7abd45e56fd71ed7ecc1.png
en,SAAD-0190,Almond Dragee,Fresh & Local///Homemade Meals///Classic Sweets,Saadeddin pastry,"Ingredients: made with fresh, crunchy almonds and covered with luxurious belgian milk chocolate, one hundred twenty grams",Almond Dragee,59.9,59.9,g,100,10,0,https://images.deliveryhero.io/image/menu-import-gateway-prd/regions/ME/chains/SH-SP/13b65bf110c714c6af7445ddd69e5a97.png
en,SAAD-0191,Dragee Choco Box Large,Fresh & Local///Homemade Meals///Classic Sweets,Saadeddin pastry,"A dragee box for those who love variety and variety, containing six types of milk, white and dark chocolate, stuffed with nuts and hazelnut cream.",Dragee Choco Box Large,159.9,159.9,pcs,100,10,0,https://images.deliveryhero.io/image/menu-import-gateway-prd/regions/ME/chains/SH-SP/8330b29b0e697684e662a80007f4b80c.png
en,SAAD-0192,Dragee Choco Box Small,Fresh & Local///Homemade Meals///Classic Sweets,Saadeddin pastry,Hazelnut bike/ almond bike/chocolate wafer/ chocolate hazelnut nuts,Dragee Choco Box Small,89.9,89.9,pcs,100,10,0,https://images.deliveryhero.io/image/menu-import-gateway-prd/regions/ME/chains/SH-SP/84239e336b4f6569053c2da4e733e052.png
en,SAAD-0193,Ghand Chocolate Box,Fresh & Local///Homemade Meals///Classic Sweets,Saadeddin pastry,"A special chocolate box with a special bag..! it consists of three chocolate fillings with cashews, caramel, and caramelized pistachios",Ghand Chocolate Box,154.9,154.9,pcs,100,10,0,https://images.deliveryhero.io/image/menu-import-gateway-prd/regions/ME/chains/SH-SP/48892432b2f024e2f2ea3717d972e795.png
en,SAAD-0194,Metal Rocher Chocolate Box,Fresh & Local///Homemade Meals///Classic Sweets,Saadeddin pastry,The famous roche chocolate stuffed with nuts,Metal Rocher Chocolate Box,74.9,74.9,pcs,100,10,0,https://images.deliveryhero.io/image/menu-import-gateway-prd/regions/ME/chains/SH-SP/095d68b1c13c0fe9fdcd2a39616f6e35.png
en,SAAD-0195,Medium Corn Flakes Chocolate Box,Fresh & Local///Homemade Meals///Classic Sweets,Saadeddin pastry,Milk chocolate with original corn flakes,Medium Corn Flakes Chocolate Box,74.9,74.9,pcs,100,10,0,https://images.deliveryhero.io/image/menu-import-gateway-prd/regions/ME/chains/SH-SP/2a40e7f94269de5551b8e559ceb1a8f3.png
en,SAAD-0196,Large Corn Flakes,Fresh & Local///Homemade Meals///Classic Sweets,Saadeddin pastry,Milk chocolate with original corn flakes,Large Corn Flakes,129.9,129.9,pcs,100,10,0,https://images.deliveryhero.io/image/menu-import-gateway-prd/regions/ME/chains/SH-SP/6abad606b609f4161de2d0224ef5ae0c.png
en,SAAD-0197,Milky Rocky Road Box,Fresh & Local///Homemade Meals///Classic Sweets,Saadeddin pastry,Soft marshmallow pieces with nuts and belgian chocolate,Milky Rocky Road Box,84.9,84.9,pcs,100,10,0,https://images.deliveryhero.io/image/menu-import-gateway-prd/regions/ME/chains/SH-SP/78ac0e2b0675856aa4dcd140c3d37e32.png
en,SAAD-0198,Lilac Chocolate Box,Fresh & Local///Homemade Meals///Classic Sweets,Saadeddin pastry,"A special chocolate box with a special bag..! it consists of four fillings of dates, coffee beans, hazelnuts and almonds",Lilac Chocolate Box,114.9,114.9,pcs,100,10,0,https://images.deliveryhero.io/image/menu-import-gateway-prd/regions/ME/chains/SH-SP/46cef53ecd71d549bdb1330375d2f100.png
en,SAAD-0199,Orchida Chocolate Box,Fresh & Local///Homemade Meals///Classic Sweets,Saadeddin pastry,"A special chocolate box with a special bag..! consists of four fillings: salty caramel, salty pistachio, praline cream and berries",Orchida Chocolate Box,119.9,119.9,pcs,100,10,0,https://images.deliveryhero.io/image/menu-import-gateway-prd/regions/ME/chains/SH-SP/25daf4db11b1aabe4237566fe6da9635.png
en,SAAD-0200,Secrets Chocolate Box,Fresh & Local///Homemade Meals///Classic Sweets,Saadeddin pastry,"A special chocolate box with a special bag..! it consists of four fillings: cinnamon, caramel, dates and lavender",Secrets Chocolate Box,139.9,139.9,pcs,100,10,0,https://images.deliveryhero.io/image/menu-import-gateway-prd/regions/ME/chains/SH-SP/46f9473dad2b3eecb1efb73aade55e30.png
en,SAAD-0201,Senses Chocolate Box,Fresh & Local///Homemade Meals///Classic Sweets,Saadeddin pastry,"A special chocolate box with a special bag..! it consists of five fillings: pecan caramel, salty caramel, raspberry, honey, and pistachio",Senses Chocolate Box,149.9,149.9,pcs,100,10,0,https://images.deliveryhero.io/image/menu-import-gateway-prd/regions/ME/chains/SH-SP/07d381b591e41d04aa7da2ea63d977b4.png
en,SAAD-0202,Corn Flakes Chocolate,Fresh & Local///Homemade Meals///Classic Sweets,Saadeddin pastry,Milk chocolate - cocoa butter - wheat flakes,Corn Flakes Chocolate,199.9,199.9,pcs,100,10,0,https://images.deliveryhero.io/image/menu-import-gateway-prd/regions/ME/chains/SH-SP/a47489a4ea581cd089b79ac7c2b684b1.png
en,SAAD-0203,"Saad El Din Chocolate, Wrapped",Fresh & Local///Homemade Meals///Classic Sweets,Saadeddin pastry,Hazelnut filling - lotus biscuit filling - raspberry cheesecake filling,"Saad El Din Chocolate, Wrapped",219.9,219.9,pcs,100,10,0,https://images.deliveryhero.io/image/menu-import-gateway-prd/regions/ME/chains/SH-SP/7dd43866eb4e56c5ac066213352f904c.png
en,SAAD-0204,Mixed Rocher Chocolate Wrapped,Fresh & Local///Homemade Meals///Classic Sweets,Saadeddin pastry,Hazelnut - pistachio - crisps - almonds,Mixed Rocher Chocolate Wrapped,229.9,229.9,pcs,100,10,0,https://images.deliveryhero.io/image/menu-import-gateway-prd/regions/ME/chains/SH-SP/4444441bc860710853ee510c89801c92.png
en,SAAD-0205,Sparkles Chocolate Box,Fresh & Local///Homemade Meals///Classic Sweets,Saadeddin pastry,Hazelnut dragees and hazelnut praline - hazelnut and peanut butter layer with feutine - milk chocolate with caramel and almond notes - milk chocolate and dark chocolate with a layer of crunchy pecans,Sparkles Chocolate Box,159.9,159.9,pcs,100,10,0,https://images.deliveryhero.io/image/menu-import-gateway-prd/regions/ME/chains/SH-SP/47e8b9f0a3e2950d89377fc8c522e52c.png
en,SAAD-0206,Girls Newborn Chocolate Box,Fresh & Local///Homemade Meals///Classic Sweets,Saadeddin pastry,"Ingredients: chocolate pits stuffed with nuts - twenty-eight pieces, four hundred eightygrams",Girls Newborn Chocolate Box,159.9,159.9,pcs,100,10,0,https://images.deliveryhero.io/image/menu-import-gateway-prd/regions/ME/chains/SH-SP/337105eba40e2643c16c9ec42e5fbea5.png
en,SAAD-0207,Boys Newborn Chocolate Box,Fresh & Local///Homemade Meals///Classic Sweets,Saadeddin pastry,"Ingredients: chocolate pits stuffed with nuts - twenty-eight pieces, four hundred eightygrams",Boys Newborn Chocolate Box,159.9,159.9,pcs,100,10,0,https://images.deliveryhero.io/image/menu-import-gateway-prd/regions/ME/chains/SH-SP/863f224fe68ef63feae2338ee93dd32c.png
en,SAAD-0208,Melong Chocolate Box,Fresh & Local///Homemade Meals///Classic Sweets,Saadeddin pastry,Ingredients: feutine chips with hazelnuts – feutine chips with roasted pistachios – feutine chips with roasted cashews - weight four hundred grams,Melong Chocolate Box,154.9,154.9,g,100,10,0,https://images.deliveryhero.io/image/menu-import-gateway-prd/regions/ME/chains/SH-SP/e2d9bf4e6211eeb2ace94db80b7a0814.png
en,SAAD-0209,Dragea Arabica,Fresh & Local///Homemade Meals///Classic Sweets,Saadeddin pastry,Ingredients: roasted almonds with coffee cream covered in milk chocolate - weight two hundred fifty grams,Dragea Arabica,59.9,59.9,g,100,10,0,https://images.deliveryhero.io/image/menu-import-gateway-prd/regions/ME/chains/SH-SP/835f1acbd233d5ff3e89d866fb96aadf.png
en,SAAD-0210,Various Pheasants,Fresh & Local///Homemade Meals///Classic Sweets,Saadeddin pastry,Ingredients: almonds - almonds with coffee cream - cashews - roasted hazelnuts covered in milk chocolate - weight two hundred fifty grams,Various Pheasants,54.9,54.9,g,100,10,0,https://images.deliveryhero.io/image/menu-import-gateway-prd/regions/ME/chains/SH-SP/e700d56b1ce21b58612d19c81d2d5dad.png
en,SAAD-0211,Lite Walnut And Almond Maamoul Box,Fresh & Local///Homemade Meals///Classic Sweets,Saadeddin pastry,Three hundred thirty six grams,Lite Walnut And Almond Maamoul Box,67.9,67.9,g,100,10,0,https://images.deliveryhero.io/image/menu-import-gateway-prd/regions/ME/chains/SH-SP/338bef481534be229e01e97fe8ba29d0.jpg
en,SAAD-0212,Mini Box Of Soiree Almond Fingers Without Sugar,Fresh & Local///Homemade Meals///Classic Sweets,Saadeddin pastry,Soiree almond sticks,Mini Box Of Soiree Almond Fingers Without Sugar,54.9,54.9,pcs,100,10,0,https://images.deliveryhero.io/image/menu-import-gateway-prd/regions/ME/chains/SH-SP/88636a9cde48c723bfc94950af3e6295.png
en,SAAD-0213,Mini Box Of Mixed Baklava Without Sugar,Fresh & Local///Homemade Meals///Classic Sweets,Saadeddin pastry,"Almond baklava sticks, pistachio baklava, cashew baklava, hadaf baklava",Mini Box Of Mixed Baklava Without Sugar,54.9,54.9,pcs,100,10,0,https://images.deliveryhero.io/image/menu-import-gateway-prd/regions/ME/chains/SH-SP/1f58bf61e459d7c742bf48624ba735b5.png
en,SAAD-0214,Sugar Free Mixed Baklava Box,Fresh & Local///Homemade Meals///Classic Sweets,Saadeddin pastry,"Almond baklava sticks, pistachio baklava, cashew baklava, hadaf baklava-allergens: may contain (gluten - nuts - milk - eggs) two hundred fifty grams",Sugar Free Mixed Baklava Box,71.9,71.9,g,100,10,0,https://images.deliveryhero.io/image/menu-import-gateway-prd/regions/ME/chains/SH-SP/fe836ba5483947fc50cba0b04ffcc195.jpg
en,SAAD-0215,Assorted Coated Petit Four Sable Bag,Fresh & Local///Homemade Meals///Classic Sweets,Saadeddin pastry,Assorted petit fours (hazelnut chocolate flower - strawberry jam - apricot jam - chocolate sable),Assorted Coated Petit Four Sable Bag,34.9,34.9,pcs,100,10,0,https://images.deliveryhero.io/image/menu-import-gateway-prd/regions/ME/chains/SH-SP/fa108d6d75de978b4508f72ca4d22d43.jpg
en,SAAD-0216,Assorted Coated Petit Four Sable Bag,Fresh & Local///Homemade Meals///Classic Sweets,Saadeddin pastry,Mixed coffee dessert (oreo - lotus - crunchy almond - coconut),Assorted Coated Petit Four Sable Bag,44.9,44.9,pcs,100,10,0,https://images.deliveryhero.io/image/menu-import-gateway-prd/regions/ME/chains/SH-SP/a0e1b8fd3257db866fb034abd4590b20.png
en,SAAD-0217,Large Coffee Sweets Box,Fresh & Local///Homemade Meals///Classic Sweets,Saadeddin pastry,Items: - rahash crunchy - hazelnut crunchy - pistachio crunchy - raspberry crunchy - lotus crunchy - raffaello crunchy - caramel pecan - oreo crunchy - coffee crunchy - almond crispy 550 grams 60 pieces,Large Coffee Sweets Box,129.9,129.9,g,100,10,0,https://images.deliveryhero.io/image/menu-import-gateway-prd/regions/ME/chains/SH-SP/df1ce8d4fae54d127e0aca39a8901503.jpeg
en,SAAD-0218,Best Gathering Box,Fresh & Local///Homemade Meals///Classic Sweets,Saadeddin pastry,"Box of 7 items: pretzel savory snacks, assorted petit four, caramel barazek, assorted date bites, caramel-filled maamoul, and hazelnut, pistachio & chocolate sauces – allergens: may contain (gluten - nuts - milk - eggs)",Best Gathering Box,149.0,149.0,pcs,100,10,0,https://images.deliveryhero.io/image/menu-import-gateway-prd/regions/ME/chains/SH-SP/1e611ba695fc461b2f654305c8ef67eb.jpeg
en,SAAD-0219,Medium Coffee Sweet Box,Fresh & Local///Homemade Meals///Classic Sweets,Saadeddin pastry,Items: - rahash crunchy - hazelnut crunchy - pistachio crunchy - raspberry crunchy - lotus crunchy - raffaello crunchy - caramel pecan approximately 350 grams 36 pieces,Medium Coffee Sweet Box,89.9,89.9,g,100,10,0,https://images.deliveryhero.io/image/menu-import-gateway-prd/regions/ME/chains/SH-SP/77b8de9766c1c73dda682cee6384146a.jpeg
en,SAAD-0220,Box Of Bon Bon Coffee,Fresh & Local///Homemade Meals///Classic Sweets,Saadeddin pastry,"Coffee biscuits with toffee caramel and cocoa powder chocolate (thirty-five pieces) may contain (gluten, milk and may contain traces of nuts)",Box Of Bon Bon Coffee,109.9,109.9,pcs,100,10,0,https://images.deliveryhero.io/image/menu-import-gateway-prd/regions/ME/chains/SH-SP/27ff9fb97b52b358800629c641d252f3.png
en,SAAD-0221,Luxury Saq'i Dates Stuffed With Nuts,Fresh & Local///Homemade Meals///Classic Sweets,Saadeddin pastry,Premium saq'i dates stuffed with cajot premium saq'i dates stuffed with almonds weight four hundred sixty grams may contain (gluten - nuts -),Luxury Saq'i Dates Stuffed With Nuts,114.9,114.9,g,100,10,0,https://images.deliveryhero.io/image/menu-import-gateway-prd/regions/ME/chains/SH-SP/cf2da955c72eb66d2a256bab6feeb435.png
en,SAAD-0222,Large Chocolate Flower Sablé Box – Vip,Fresh & Local///Homemade Meals///Classic Sweets,Saadeddin pastry,Varieties: chocolate flower sablé filled with hazelnut weight: 370 g quantity: 30 pieces,Large Chocolate Flower Sablé Box – Vip,98.9,98.9,g,100,10,0,https://images.deliveryhero.io/image/menu-import-gateway-prd/regions/ME/chains/SH-SP/5e73994b7d90932b6b716879e741197d.jpg
en,SAAD-0223,Medium Chocolate Dipped Sablé Box – Vip,Fresh & Local///Homemade Meals///Classic Sweets,Saadeddin pastry,Varieties: chocolate-dipped sablé filled with (caramel – coconut – almond – nutella – lotus – pistachio) weight: 470 g quantity: 25 pieces,Medium Chocolate Dipped Sablé Box – Vip,102.9,102.9,g,100,10,0,https://images.deliveryhero.io/image/menu-import-gateway-prd/regions/ME/chains/SH-SP/9fe197a651185a1619c2cb66b8114415.jpg
en,SAAD-0224,Large Chocolate Dipped Sablé Box – Vip,Fresh & Local///Homemade Meals///Classic Sweets,Saadeddin pastry,Varieties: chocolate-dipped sablé filled with (caramel – coconut – almond – nutella – lotus – pistachio) weight: 570 g quantity: 30 pieces,Large Chocolate Dipped Sablé Box – Vip,113.9,113.9,g,100,10,0,https://images.deliveryhero.io/image/menu-import-gateway-prd/regions/ME/chains/SH-SP/c3f3485e81ee4e00213bea22c9ad6cf8.jpg
en,SAAD-0225,Box Of Khalas Dates Stuffed With Almonds,Fresh & Local///Homemade Meals///Classic Sweets,Saadeddin pastry,"The box contains twelve inner boxes, each box weighing two hundred fifty grams of khalas dates stuffed with almonds may contain (gluten - nuts -)",Box Of Khalas Dates Stuffed With Almonds,171.9,171.9,g,100,10,0,https://images.deliveryhero.io/image/menu-import-gateway-prd/regions/ME/chains/SH-SP/b0ce068bc0a6dd8303fd45d171660184.png
en,SAAD-0226,Box Of Khalas Dates Stuffed With Almonds,Fresh & Local///Homemade Meals///Classic Sweets,Saadeddin pastry,Khalas dates stuffed with almonds weight two hundred fifty grams may contain (gluten - nuts -),Box Of Khalas Dates Stuffed With Almonds,14.9,14.9,g,100,10,0,https://images.deliveryhero.io/image/menu-import-gateway-prd/regions/ME/chains/SH-SP/30e9ed18fb8814eed68ef08c106e0302.png
en,SAAD-0227,A Large Luxury Coffee Sweet Box,Fresh & Local///Homemade Meals///Classic Sweets,Saadeddin pastry,Crepeless (lotus - pistachio - nutella) crunchy (lotus - pistachio - raspberry) sweet coffee (lotus - oreo - crispy almond - coconut),A Large Luxury Coffee Sweet Box,169.9,169.9,pcs,100,10,0,https://images.deliveryhero.io/image/menu-import-gateway-prd/regions/ME/chains/SH-SP/73cc98fc48c7b45041e089fd09fb48b8.jpg
en,SAAD-0228,Small Luxury Tamriya Box,Fresh & Local///Homemade Meals///Classic Sweets,Saadeddin pastry,"Luxury boxes of dates with oreo, sesame, vermicelli and wafer flavours, with two dipping sauces",Small Luxury Tamriya Box,99.9,99.9,pcs,100,10,0,https://images.deliveryhero.io/image/menu-import-gateway-prd/regions/ME/chains/SH-SP/26f3e29258ab21d0e0b1268df866a516.png
en,SAAD-0229,Large Luxury Tamriya Box,Fresh & Local///Homemade Meals///Classic Sweets,Saadeddin pastry,"Luxury boxes of dates with oreo, sesame, vermicelli and wafer flavours, with four dipping sauces",Large Luxury Tamriya Box,139.9,139.9,pcs,100,10,0,https://images.deliveryhero.io/image/menu-import-gateway-prd/regions/ME/chains/SH-SP/f5bcace3565a520f4f498f794a8bdd68.png
en,SAAD-0230,Small Luxury Mixed Citrus Box,Fresh & Local///Homemade Meals///Classic Sweets,Saadeddin pastry,"A box of mixed citrus fruits with four types: pizza crackers, chocolate-dipped pretzel rings, and chocolate-dipped cake sticks.",Small Luxury Mixed Citrus Box,84.4,84.4,pcs,100,10,0,https://images.deliveryhero.io/image/menu-import-gateway-prd/regions/ME/chains/SH-SP/873fe35cad9352eb799d714371e7a678.png
en,SAAD-0231,Choco Sticks Box,Fresh & Local///Homemade Meals///Classic Sweets,Saadeddin pastry,Crispy salty sticks dipped in chocolate 4 flavors (raspberry - pistachio - thyme - coconut),Choco Sticks Box,54.9,54.9,pcs,100,10,0,https://images.deliveryhero.io/image/menu-import-gateway-prd/regions/ME/chains/SH-SP/81d025ae5c5612658ef219a3f84d8449.png
en,SAAD-0232,Coffe Sweet Bites,Fresh & Local///Homemade Meals///Classic Sweets,Saadeddin pastry,"Bites of coffee sweets with sweet milk is characterized by its unique taste and distinctive ingredients (crispy kunafa, dates, semolina, milk, caramel, chocolate ginash, dark chocolate)",Coffe Sweet Bites,56.9,56.9,pcs,100,10,0,https://images.deliveryhero.io/image/menu-import-gateway-prd/regions/ME/chains/SH-SP/330cbd87d679515c7557c71c87e969ac.jpeg
en,SAAD-0233,Big Mixed Caramelized Nuts,Fresh & Local///Nuts & Spices///Mixed Nuts,Saadeddin pastry,Caramelized mixed nuts,Big Mixed Caramelized Nuts,39.9,39.9,pcs,100,10,0,https://images.deliveryhero.io/image/menu-import-gateway-prd/regions/ME/chains/SH-SP/58ca8f3955dca3bf02a4358b631a2f05.png
en,SAAD-0234,Lemon Almonds,Fresh & Local///Nuts & Spices///Mixed Nuts,Saadeddin pastry,"Roasted almonds, lemon - weight: one hundred forty grams",Lemon Almonds,23.9,23.9,g,100,10,0,https://images.deliveryhero.io/image/menu-import-gateway-prd/regions/ME/chains/SH-SP/3c31620d35188ddb4650014581b4e7a3.png
en,SAAD-0235,Mix Trail,Fresh & Local///Nuts & Spices///Mixed Nuts,Saadeddin pastry,A mixture of roasted nuts with dried fruits (cashews - almonds - hazelnuts - pistachios - walnuts - raisins) - weight: one hundred thirty grams,Mix Trail,24.9,24.9,g,100,10,0,https://images.deliveryhero.io/image/menu-import-gateway-prd/regions/ME/chains/SH-SP/2d68a06ce7cd5984ff070b2816b8d771.png
en,SAAD-0236,Box Of Round Mixed Nuts,Fresh & Local///Nuts & Spices///Mixed Nuts,Saadeddin pastry,Ingredients: fried cashews and pizza - salty pistachios - lemon almonds and pizza - pumpkin seeds - smoked bites and cheese / weight: four hundred fifteen grams / (allergens: contains gluten and nuts),Box Of Round Mixed Nuts,89.9,89.9,g,100,10,0,https://images.deliveryhero.io/image/menu-import-gateway-prd/regions/ME/chains/SH-SP/076e4c8a8672f7f2f3ba11450dad0cbd.jpeg
en,SAAD-0237,Turkish Coffee Cans Without Cardamom,Fresh & Local///Nuts & Spices///Mixed Nuts,Saadeddin pastry,"Saad el din mixture with turkish coffee, head conditioning mixture (without cardamom) two hundred grams",Turkish Coffee Cans Without Cardamom,54.9,54.9,g,100,10,0,https://images.deliveryhero.io/image/menu-import-gateway-prd/regions/ME/chains/SH-SP/73b28392619db218427f61ff55d610cf.png
en,SAAD-0238,Fried Cashews,Fresh & Local///Nuts & Spices///Mixed Nuts,Saadeddin pastry,Kajoy male - size: one hundred twenty grams,Fried Cashews,29.9,29.9,g,100,10,0,https://images.deliveryhero.io/image/menu-import-gateway-prd/regions/ME/chains/SH-SP/58ad734889c4b578d544cc26a1f67b06.png
en,SAAD-0239,Cardamom Tea,Fresh & Local///Nuts & Spices///Mixed Nuts,Saadeddin pastry,Mixture of dried black tea leaves with cardamom (tea hits the head) twenty-five bags,Cardamom Tea,14.9,14.9,pcs,100,10,0,https://images.deliveryhero.io/image/menu-import-gateway-prd/regions/ME/chains/SH-SP/43e1a5f55009558d9179a0e64c7eca09.png
en,SAAD-0240,Cayxane Mix,Fresh & Local///Nuts & Spices///Mixed Nuts,Saadeddin pastry,One of the finest types of sri lankan tea is shahi saad al-din khana bag (shahi hit in the head ) fifteen bags,Cayxane Mix,19.9,19.9,pcs,100,10,0,https://images.deliveryhero.io/image/menu-import-gateway-prd/regions/ME/chains/SH-SP/58f84a9f5220ec49187bc76034b19376.png
en,SAAD-0241,Regular Mixed Nuts Small,Fresh & Local///Nuts & Spices///Mixed Nuts,Saadeddin pastry,Pistachios - cashews - almonds - corn - hot/sour/roasted peanuts - nibbles - pumpkin seeds one hundred forty gram,Regular Mixed Nuts Small,19.9,19.9,g,100,10,0,https://images.deliveryhero.io/image/menu-import-gateway-prd/regions/ME/chains/SH-SP/cba24e0fec12be500c885bfbc1d9121b.jpg
en,SAAD-0242,Salted Pistachios,Fresh & Local///Nuts & Spices///Mixed Nuts,Saadeddin pastry,Salty roasted pistachios - weight: one hundred grams,Salted Pistachios,24.9,24.9,g,100,10,0,https://images.deliveryhero.io/image/menu-import-gateway-prd/regions/ME/chains/SH-SP/c37c1e5674b81cfe7808b796d54e2bd5.png
en,SAAD-0243,Regular Mixed Nuts Medium,Fresh & Local///Nuts & Spices///Mixed Nuts,Saadeddin pastry,Pistachios - cashews - almonds - corn - hot/sour/roasted peanuts - nibbles - pumpkin seeds two hundred fifty grams,Regular Mixed Nuts Medium,30.9,30.9,g,100,10,0,https://images.deliveryhero.io/image/menu-import-gateway-prd/regions/ME/chains/SH-SP/a5dec97fa3186c7e3e7c0a0815d60fd9.jpg
en,SAAD-0244,Premium Extra Mixed Nuts Small,Fresh & Local///Nuts & Spices///Mixed Nuts,Saadeddin pastry,Salted pistachios - salted almonds / lemon cashews - hazelnuts - walnuts - nibblesone hundred forty gram,Premium Extra Mixed Nuts Small,25.9,25.9,g,100,10,0,https://images.deliveryhero.io/image/menu-import-gateway-prd/regions/ME/chains/SH-SP/4a443d7e5eeea28960488d810ed4d63c.jpg
en,SAAD-0245,Cayxane Mix,Fresh & Local///Nuts & Spices///Mixed Nuts,Saadeddin pastry,One of the finest types of sri lankan tea is shahi saad al-din khana farat (shahi hits in the head) two hundred grams,Cayxane Mix,24.9,24.9,g,100,10,0,https://images.deliveryhero.io/image/menu-import-gateway-prd/regions/ME/chains/SH-SP/29fce19b9491a1551afcbdb32ec74225.png
en,SAAD-0246,Earl Grey,Fresh & Local///Nuts & Spices///Mixed Nuts,Saadeddin pastry,Mixture of dried black tea leaves with natural bergamot flower (tea hits the head ) twenty-five bags,Earl Grey,14.9,14.9,pcs,100,10,0,https://images.deliveryhero.io/image/menu-import-gateway-prd/regions/ME/chains/SH-SP/70ef142e9e7e496eee1505e47433bb9a.png
en,SAAD-0247,Deluxe Smoked Mixed Nuts Small,Fresh & Local///Nuts & Spices///Mixed Nuts,Saadeddin pastry,Pistachios - almonds - cashews - hazelnuts - walnuts one hundred forty gram,Deluxe Smoked Mixed Nuts Small,25.9,25.9,g,100,10,0,https://images.deliveryhero.io/image/menu-import-gateway-prd/regions/ME/chains/SH-SP/7ccf880ff1c0f91d3c7dd848d42e07ec.jpg
en,SAAD-0248,Moroccan Green,Fresh & Local///Nuts & Spices///Mixed Nuts,Saadeddin pastry,A mixture of ceylon black tea leaves with chinese green tea with mint flavor (tea hits the head ) twenty-five bags,Moroccan Green,14.9,14.9,pcs,100,10,0,https://images.deliveryhero.io/image/menu-import-gateway-prd/regions/ME/chains/SH-SP/e2b47ddc58a99f8d9432727b14126b58.png
en,SAAD-0249,Kholani Arabic Coffee Box,Fresh & Local///Nuts & Spices///Mixed Nuts,Saadeddin pastry,"One of the finest types of khawlani coffee comes to you with a mixture of masmar, cardamom and saffron (two hundred fifty grams)",Kholani Arabic Coffee Box,74.9,74.9,g,100,10,0,https://images.deliveryhero.io/image/menu-import-gateway-prd/regions/ME/chains/SH-SP/5243a3c3ff3246c1d6108bc789690b26.png
en,SAAD-0250,Super Extra Nuts Bag,Fresh & Local///Nuts & Spices///Mixed Nuts,Saadeddin pastry,Super extra nuts bag (two hundred fifty grams),Super Extra Nuts Bag,54.9,54.9,g,100,10,0,https://images.deliveryhero.io/image/menu-import-gateway-prd/regions/ME/chains/SH-SP/5d81b4c73c25d98b3483a35b8550dac2.png
en,SAAD-0251,Super Extra Nuts Bag,Fresh & Local///Nuts & Spices///Mixed Nuts,Saadeddin pastry,Super extra nuts bag (five hundred grams),Super Extra Nuts Bag,84.4,84.4,g,100,10,0,https://images.deliveryhero.io/image/menu-import-gateway-prd/regions/ME/chains/SH-SP/50f1ed75d3b3ff25032290a7f0c49847.png
en,SAAD-0252,Roasted Mixed Nuts Bag,Fresh & Local///Nuts & Spices///Mixed Nuts,Saadeddin pastry,Roasted mixed nuts bag - (two hundred fifty grams),Roasted Mixed Nuts Bag,54.9,54.9,g,100,10,0,https://images.deliveryhero.io/image/menu-import-gateway-prd/regions/ME/chains/SH-SP/5de6ea6f2ab5feb45c1d5afb01855c81.png
en,SAAD-0253,Roasted Mixed Nuts Bag,Fresh & Local///Nuts & Spices///Mixed Nuts,Saadeddin pastry,Roasted mixed nuts bag (five hundred grams),Roasted Mixed Nuts Bag,89.9,89.9,g,100,10,0,https://images.deliveryhero.io/image/menu-import-gateway-prd/regions/ME/chains/SH-SP/89e899f94a526079fb45dd33d0ebdf04.png
en,SAAD-0254,Mixed Regular Salted Nuts,Fresh & Local///Nuts & Spices///Mixed Nuts,Saadeddin pastry,Bag of regular salted mixed nuts (two hundred fifty grams),Mixed Regular Salted Nuts,44.9,44.9,g,100,10,0,https://images.deliveryhero.io/image/menu-import-gateway-prd/regions/ME/chains/SH-SP/de47fa294d8a8bacf51688a9fae97f9d.png
en,SAAD-0255,Mixed Regular Salted Nuts Bag,Fresh & Local///Nuts & Spices///Mixed Nuts,Saadeddin pastry,Bag of regular salted mixed nuts(500 grams),Mixed Regular Salted Nuts Bag,74.9,74.9,g,100,10,0,https://images.deliveryhero.io/image/menu-import-gateway-prd/regions/ME/chains/SH-SP/5ced1aabfd12076858c259b529d31520.png
en,SAAD-0256,Small Mixed Caramelized Nuts,Fresh & Local///Nuts & Spices///Mixed Nuts,Saadeddin pastry,Roasted nuts with sugar peanut - cashew - almond - hazelnut pecan nuts,Small Mixed Caramelized Nuts,19.9,19.9,pcs,100,10,0,https://images.deliveryhero.io/image/menu-import-gateway-prd/regions/ME/chains/SH-SP/00c6db03b2e58926a998ced6e3bf4c64.png
en,SAAD-0257,Deluxe Mixed Nuts Bag (500g),Fresh & Local///Nuts & Spices///Mixed Nuts,Saadeddin pastry,New issue - salty pistachios - lemon pistachios - half-salt pistachios - almonds - cheese curry - lemon almonds - salty almonds - smoked almonds - cheese cashews - fried salty cashews - smoked cashews - spicy cashews (five hundred grams),Deluxe Mixed Nuts Bag (500g),84.4,84.4,g,100,10,0,https://images.deliveryhero.io/image/menu-import-gateway-prd/regions/ME/chains/SH-SP/7745a780955c45cf53c05c126bf08513.jpg
en,SAAD-0258,Deluxe Mixed Nuts Bag (250g),Fresh & Local///Nuts & Spices///Mixed Nuts,Saadeddin pastry,New issue - salty pistachios - lemon pistachios - half-salt pistachios - almonds - cheese curry - lemon almonds - salty almonds - smoked almonds - cheese cashews - fried salty cashews - smoked cashews - spicy cashews - (two hundred fifty grams),Deluxe Mixed Nuts Bag (250g),54.9,54.9,g,100,10,0,https://images.deliveryhero.io/image/menu-import-gateway-prd/regions/ME/chains/SH-SP/598991230a73bc34090dc225a7dc614f.jpg
en,SAAD-0259,Mixed Snack Box,Fresh & Local///Nuts & Spices///Mixed Nuts,Saadeddin pastry,"Mixed snack box of pita fur, hazelnuts, and almonds dipped in chocolate, salty pretzel, and extra salty pretzel flavors with nuts.",Mixed Snack Box,139.9,139.9,pcs,100,10,0,https://images.deliveryhero.io/image/menu-import-gateway-prd/regions/ME/chains/SH-SP/a82f68da75702b1367ad8ed22115d3e7.jpg
en,SAAD-0260,Turkish Coffee Bag,Fresh & Local///Nuts & Spices///Mixed Nuts,Saadeddin pastry,"Saad el din mixture with turkish coffee, head conditioning mixture (without cardamom)",Turkish Coffee Bag,29.9,29.9,pcs,100,10,0,https://images.deliveryhero.io/image/menu-import-gateway-prd/regions/ME/chains/SH-SP/79efb150832e371ab53979e6564be66c.png
en,SAAD-0261,Caramel Flavor Coffee Bag,Fresh & Local///Nuts & Spices///Mixed Nuts,Saadeddin pastry,"Ground roasted coffee. instant coffee. coffee creamer, caramel flavour. two hundred fifty grams",Caramel Flavor Coffee Bag,54.9,54.9,g,100,10,0,https://images.deliveryhero.io/image/menu-import-gateway-prd/regions/ME/chains/SH-SP/4d5c3ac2596fe4247706667cf3e7ca3c.png
en,SAAD-0262,Mixed Nuts & Chocolate Sticks Box,Fresh & Local///Nuts & Spices///Mixed Nuts,Saadeddin pastry,"""mixed chocolate sticks: thyme, raspberry, coconut nuts and raisins: roasted without salt mixed nuts: cashews, pistachios, almonds, flavored nuts""",Mixed Nuts & Chocolate Sticks Box,84.9,84.9,pcs,100,10,0,https://images.deliveryhero.io/image/menu-import-gateway-prd/regions/ME/chains/SH-SP/db51b5c7940069d98720034635ac1366.jpg
en,SAAD-0263,Mixed Nuts With Caramel With Sesame,Fresh & Local///Nuts & Spices///Mixed Nuts,Saadeddin pastry,Mixed nuts roasted and caramelized with sugar and sesame 100 g (almonds - hazelnuts - pecan),Mixed Nuts With Caramel With Sesame,17.9,17.9,g,100,10,0,https://images.deliveryhero.io/image/menu-import-gateway-prd/regions/ME/chains/SH-SP/8ed3bee9cf1c9b027a400243827fa3e1.jpeg
en,SAAD-0264,Pecan Walnut Neighbor Caramelized With Sesame,Fresh & Local///Nuts & Spices///Mixed Nuts,Saadeddin pastry,Roasted pecan caramelized with sugar and sesame 100 g,Pecan Walnut Neighbor Caramelized With Sesame,17.9,17.9,g,100,10,0,https://images.deliveryhero.io/image/menu-import-gateway-prd/regions/ME/chains/SH-SP/991217354dc02563feab8dd07f9835f9.jpeg
en,SAAD-0265,Caramelized Almonds With Sesame,Fresh & Local///Nuts & Spices///Mixed Nuts,Saadeddin pastry,Roasted almonds caramelized with sugar and sesame 100 g,Caramelized Almonds With Sesame,17.9,17.9,g,100,10,0,https://images.deliveryhero.io/image/menu-import-gateway-prd/regions/ME/chains/SH-SP/a6cf41fca7778e90f3b7cd9726ace2c4.jpeg
en,SAAD-0266,Umm Ali Ice Cream Pottery,Fresh & Local///Homemade Meals///Classic Sweets,Saadeddin pastry,"Malfi with milk, coconut, and cinnamon with rich oriental flavors",Umm Ali Ice Cream Pottery,129.9,129.9,pcs,100,10,0,https://images.deliveryhero.io/image/menu-import-gateway-prd/regions/ME/chains/SH-SP/cd552d59bbb917987199bad9a49648f5.jpg
en,SAAD-0267,Banoffee Ice Cream Pottery,Fresh & Local///Homemade Meals///Classic Sweets,Saadeddin pastry,Banoffee ice cream with a rich salted caramel sauce,Banoffee Ice Cream Pottery,79.9,79.9,pcs,100,10,0,https://images.deliveryhero.io/image/menu-import-gateway-prd/regions/ME/chains/SH-SP/5ebc49f29ff648cf7f6ac4908840a778.jpg
en,SAAD-0268,Tiramisu Ice Cream Mold,Fresh & Local///Homemade Meals///Classic Sweets,Saadeddin pastry,Chocolate brownies - tiramisu ice cream - chocolate glaze,Tiramisu Ice Cream Mold,129.9,129.9,pcs,100,10,0,https://images.deliveryhero.io/image/menu-import-gateway-prd/regions/ME/chains/SH-SP/12d8bf7b6661c156e8d11f42cfc05808.png
en,SAAD-0269,Cheese Ice Cream With Pomegranate Pottery,Fresh & Local///Homemade Meals///Classic Sweets,Saadeddin pastry,Pottery cheeese pomegranate ice cream,Cheese Ice Cream With Pomegranate Pottery,139.9,139.9,pcs,100,10,0,https://images.deliveryhero.io/image/menu-import-gateway-prd/regions/ME/chains/SH-SP/85fe8c05c4b348ad6e5942e475ef72ca.jpg
en,SAAD-0270,Cheesecake Ice Cream Mold,Fresh & Local///Homemade Meals///Classic Sweets,Saadeddin pastry,Cheesecake ice cream moold,Cheesecake Ice Cream Mold,129.9,129.9,pcs,100,10,0,https://images.deliveryhero.io/image/menu-import-gateway-prd/regions/ME/chains/SH-SP/34f92d130849a2c67713f1e459e35359.jpeg
en,SAAD-0271,Mango Coconut Ice Cream Bar,Fresh & Local///Homemade Meals///Classic Sweets,Saadeddin pastry,Mango ice cream – digestive biscuit – coconut raffaello ice cream – mango filling,Mango Coconut Ice Cream Bar,129.9,129.9,pcs,100,10,0,https://images.deliveryhero.io/image/menu-import-gateway-prd/regions/ME/chains/SH-SP/6cf4263498192b16fb0f171f112663c6.jpeg
en,SAAD-0272,Greiman Chocolate Ice Cream Mold,Fresh & Local///Homemade Meals///Classic Sweets,Saadeddin pastry,Ingredients: fudge brownies with crunchy roche and chocolate ice cream. enough for: six to eight people,Greiman Chocolate Ice Cream Mold,129.9,129.9,pcs,100,10,0,https://images.deliveryhero.io/image/menu-import-gateway-prd/regions/ME/chains/SH-SP/5299a16bdcc9134351c6cf677d521b4c.png
en,SAAD-0273,Pomegranate Cantaloupe Ice Cream Mold,Fresh & Local///Homemade Meals///Classic Sweets,Saadeddin pastry,"Ingredients: vanilla sponge with pomegranate filling, cantaloupe and pomegranate ice cream, enough for: six to eight people",Pomegranate Cantaloupe Ice Cream Mold,129.9,129.9,pcs,100,10,0,https://images.deliveryhero.io/image/menu-import-gateway-prd/regions/ME/chains/SH-SP/70ea0b1ff3d6b3cc2c9d1db6a9cee680.png
en,SAAD-0274,Salt Caramel Ice Cream Bar With Popcorn,Fresh & Local///Homemade Meals///Classic Sweets,Saadeddin pastry,"Ingredients: moist vanilla sponge with salty caramel and caramel ice cream, salted caramel popcorn and fudge brownie pieces. serves: six to eight people",Salt Caramel Ice Cream Bar With Popcorn,139.9,139.9,pcs,100,10,0,https://images.deliveryhero.io/image/menu-import-gateway-prd/regions/ME/chains/SH-SP/f3fcc5eb5fe0e48a7ceee22720989ce4.png
en,SAAD-0275,Oreo Ice Cream Mold,Fresh & Local///Homemade Meals///Classic Sweets,Saadeddin pastry,Chocolate brownies - oreo ice cream - oreo cookies,Oreo Ice Cream Mold,129.9,129.9,pcs,100,10,0,https://images.deliveryhero.io/image/menu-import-gateway-prd/regions/ME/chains/SH-SP/7553d4b35635e87d58ad97a9c15616f5.png
en,SAAD-0276,Sultan Baklava With Ice Cream,Fresh & Local///Homemade Meals///Classic Sweets,Saadeddin pastry,Sultan baklavaa with ice cream,Sultan Baklava With Ice Cream,189.9,189.9,pcs,100,10,0,https://images.deliveryhero.io/image/menu-import-gateway-prd/regions/ME/chains/SH-SP/e7e3757452ff273d43a4800b7b5d5b6e.png
en,SAAD-0277,Pistachio Ice Cream Roll,Fresh & Local///Homemade Meals///Classic Sweets,Saadeddin pastry,Pistachio ice creaam roll,Pistachio Ice Cream Roll,74.9,74.9,pcs,100,10,0,https://images.deliveryhero.io/image/menu-import-gateway-prd/regions/ME/chains/SH-SP/48c50af730b82fbe2b43f4fcf7647653.png
en,SAAD-0278,Rocher Ice Cream Mold,Fresh & Local///Homemade Meals///Classic Sweets,Saadeddin pastry,Rocher ice cream moold,Rocher Ice Cream Mold,179.9,179.9,pcs,100,10,0,https://images.deliveryhero.io/image/menu-import-gateway-prd/regions/ME/chains/SH-SP/277080c458900547e054f95effc5387b.png
en,SAAD-0279,Ice Cream Roll Mn And Salwa,Fresh & Local///Homemade Meals///Classic Sweets,Saadeddin pastry,Arabic ice cream - from salwa - sliced almonds,Ice Cream Roll Mn And Salwa,74.9,74.9,pcs,100,10,0,https://images.deliveryhero.io/image/menu-import-gateway-prd/regions/ME/chains/SH-SP/770c305f2f54c41275b2056118879521.png
en,SAAD-0280,Pink Kashmiri Tea Dallah – 1 Liter,Supermarket///Retail///Beverages,Saadeddin pastry,Enjoy dallah kashmiri pink tea 1 liter,Pink Kashmiri Tea Dallah – 1 Liter,67.9,67.9,l,100,10,0,https://images.deliveryhero.io/image/menu-import-gateway-prd/regions/ME/chains/SH-SP/2a799b9f1b3d5ac37c5bb38329b8bd5c.png
en,SAAD-0281,Hot Chocolate Dallah – 1 Liter,Supermarket///Retail///Beverages,Saadeddin pastry,Delicious hot chocolate dallah – 1 liter,Hot Chocolate Dallah – 1 Liter,66.9,66.9,l,100,10,0,https://images.deliveryhero.io/image/menu-import-gateway-prd/regions/ME/chains/SH-SP/fd490632f04f5a8e8c592b454a99370f.png
en,SAAD-0282,Tea Dallah – 1 Liter,Supermarket///Retail///Beverages,Saadeddin pastry,Delicious tea dallah – 1 liter,Tea Dallah – 1 Liter,29.9,29.9,l,100,10,0,https://images.deliveryhero.io/image/menu-import-gateway-prd/regions/ME/chains/SH-SP/9f7c7ea2c1e695017e168d2e612e4ffa.png
en,SAAD-0283,Moroccan Tea Dallah – 1 Liter,Supermarket///Retail///Beverages,Saadeddin pastry,Delicious moroccan tea dallah – 1 liter,Moroccan Tea Dallah – 1 Liter,35.9,35.9,l,100,10,0,https://images.deliveryhero.io/image/menu-import-gateway-prd/regions/ME/chains/SH-SP/48416345477eaac983edbc5023d29e0e.png
en,SAAD-0284,Karak Tea Dallah – 1 Liter,Supermarket///Retail///Beverages,Saadeddin pastry,Delicious karak tea dallah – 1 liter,Karak Tea Dallah – 1 Liter,50.9,50.9,l,100,10,0,https://images.deliveryhero.io/image/menu-import-gateway-prd/regions/ME/chains/SH-SP/66042acb7a45f65684bf784c2bf0b6a2.png
en,SAAD-0285,Sahlab Dallah – 1 Liter,Supermarket///Retail///Beverages,Saadeddin pastry,Delicious sahlab dallah – 1 liter,Sahlab Dallah – 1 Liter,67.9,67.9,l,100,10,0,https://images.deliveryhero.io/image/menu-import-gateway-prd/regions/ME/chains/SH-SP/880c197d00f9777ec723b2ac8d5a22cb.png
en,SAAD-0286,"Saudi Coffee Pot, 1 Liter",Supermarket///Retail///Beverages,Saadeddin pastry,"Saudi coffee pot, 1 literr","Saudi Coffee Pot, 1 Liter",49.9,49.9,pcs,100,10,0,https://images.deliveryhero.io/image/menu-import-gateway-prd/regions/ME/chains/SH-SP/edc8d955d6e6a9124e944a1b3314c5d7.png
en,SAAD-0287,Today's Coffee Pot 1 Liter,Supermarket///Retail///Beverages,Saadeddin pastry,Today's coffee pot 1 literr,Today's Coffee Pot 1 Liter,39.9,39.9,pcs,100,10,0,https://images.deliveryhero.io/image/menu-import-gateway-prd/regions/ME/chains/SH-SP/ef6e62edd1ec136a3780691b97dec034.png
en,SAAD-0288,Pink Kashmiri Tea,Supermarket///Retail///Beverages,Saadeddin pastry,Enjoy kashmiri pink tea,Pink Kashmiri Tea,13.9,13.9,pcs,100,10,0,https://images.deliveryhero.io/image/menu-import-gateway-prd/regions/ME/chains/SH-SP/f7706f0c8435f09b5253107f8f611f6c.png
en,SAAD-0289,Hot Chocolate,Supermarket///Retail///Beverages,Saadeddin pastry,Hot chocolatee,Hot Chocolate,25.0,25.0,pcs,100,10,0,https://images.deliveryhero.io/image/menu-import-gateway-prd/regions/ME/chains/SH-SP/f51935c6a51f50c5dcf8c5266d4825fa.png
en,SAAD-0290,Flat White,Supermarket///Retail///Beverages,Saadeddin pastry,Flat whitee,Flat White,19.0,19.0,pcs,100,10,0,https://images.deliveryhero.io/image/menu-import-gateway-prd/regions/ME/chains/SH-SP/b6bd7ac5177f86d334cb99be760fc504.png
en,SAAD-0291,Cortado,Supermarket///Retail///Beverages,Saadeddin pastry,Cortado cupp,Cortado,21.0,21.0,pcs,100,10,0,https://images.deliveryhero.io/image/menu-import-gateway-prd/regions/ME/chains/SH-SP/7f9d2ec4d83a9c7dd4921739922f1854.png
en,SAAD-0292,Saudi Coffee Cup,Supermarket///Retail///Beverages,Saadeddin pastry,Saudi coffee - cupp,Saudi Coffee Cup,13.0,13.0,pcs,100,10,0,https://images.deliveryhero.io/image/menu-import-gateway-prd/regions/ME/chains/SH-SP/b612f2944717cfe48127c3084f7047d1.png
en,SAAD-0293,Espresso Maccato,Supermarket///Retail///Beverages,Saadeddin pastry,Espresso maccatoo,Espresso Maccato,14.0,14.0,pcs,100,10,0,https://images.deliveryhero.io/image/menu-import-gateway-prd/regions/ME/chains/SH-SP/f9ab8ab492743de2d1ad5e2fe54a5c0b.png
en,SAAD-0294,Double Espresso,Supermarket///Retail///Beverages,Saadeddin pastry,Double espressoo,Double Espresso,14.0,14.0,pcs,100,10,0,https://images.deliveryhero.io/image/menu-import-gateway-prd/regions/ME/chains/SH-SP/8330430726c479ca4984d4763067f85d.png
en,SAAD-0295,Espresso,Supermarket///Retail///Beverages,Saadeddin pastry,Espresso cupp,Espresso,10.0,10.0,pcs,100,10,0,https://images.deliveryhero.io/image/menu-import-gateway-prd/regions/ME/chains/SH-SP/f061ae63f18641a2caf3381a489f1936.png
en,SAAD-0296,Italian Coffee (8oz),Supermarket///Retail///Beverages,Saadeddin pastry,Italian coffeee (8oz),Italian Coffee (8oz),17.0,17.0,oz,100,10,0,https://images.deliveryhero.io/image/menu-import-gateway-prd/regions/ME/chains/SH-SP/3acbe40addad2777c5ac517c2fbc78e2.png
en,SAAD-0297,Italian Coffee (12oz),Supermarket///Retail///Beverages,Saadeddin pastry,Italian coffeee (12oz),Italian Coffee (12oz),22.0,22.0,oz,100,10,0,https://images.deliveryhero.io/image/menu-import-gateway-prd/regions/ME/chains/SH-SP/f61d2a3b6f0dfee34a07c01a3014883f.png
en,SAAD-0298,French Coffee (8oz,Supermarket///Retail///Beverages,Saadeddin pastry,French coffeee (8oz,French Coffee (8oz,19.0,19.0,oz,100,10,0,https://images.deliveryhero.io/image/menu-import-gateway-prd/regions/ME/chains/SH-SP/ca687047ef82ec64fe0106d8e293dee3.png
en,SAAD-0299,French Coffee (12oz),Supermarket///Retail///Beverages,Saadeddin pastry,French coffeee (12oz),French Coffee (12oz),20.0,20.0,oz,100,10,0,https://images.deliveryhero.io/image/menu-import-gateway-prd/regions/ME/chains/SH-SP/f68ce276ecffff1a0ca308c8c1559e40.png
en,SAAD-0300,Caramel Macchiato (8oz),Supermarket///Retail///Beverages,Saadeddin pastry,Caramel macchiatoo (8oz),Caramel Macchiato (8oz),19.0,19.0,oz,100,10,0,https://images.deliveryhero.io/image/menu-import-gateway-prd/regions/ME/chains/SH-SP/2141af22a6a669a1de32589acc2350da.png
en,SAAD-0301,Caramel Macchiato (12oz),Supermarket///Retail///Beverages,Saadeddin pastry,Caramel macchiatoo (12oz),Caramel Macchiato (12oz),22.0,22.0,oz,100,10,0,https://images.deliveryhero.io/image/menu-import-gateway-prd/regions/ME/chains/SH-SP/580bedb22b3c8c3ebbbd83df4acde66c.png
en,SAAD-0302,Coffee Latte (8oz),Supermarket///Retail///Beverages,Saadeddin pastry,Coffee lattee (8oz),Coffee Latte (8oz),17.0,17.0,oz,100,10,0,https://images.deliveryhero.io/image/menu-import-gateway-prd/regions/ME/chains/SH-SP/a829b06d38dd953db38315397bd7e1ad.png
en,SAAD-0303,Coffee Latte (12oz),Supermarket///Retail///Beverages,Saadeddin pastry,Coffee lattee (12oz),Coffee Latte (12oz),18.0,18.0,oz,100,10,0,https://images.deliveryhero.io/image/menu-import-gateway-prd/regions/ME/chains/SH-SP/125256d8a33a3b2a624b9d948bc52af1.png
en,SAAD-0304,Cappuccino (8oz),Supermarket///Retail///Beverages,Saadeddin pastry,Cappuccinoo (8oz),Cappuccino (8oz),16.0,16.0,oz,100,10,0,https://images.deliveryhero.io/image/menu-import-gateway-prd/regions/ME/chains/SH-SP/f3af3119bbba49a906523d537aa8c299.png
en,SAAD-0305,Cappuccino (12oz),Supermarket///Retail///Beverages,Saadeddin pastry,Cappuccinoo (12oz),Cappuccino (12oz),18.0,18.0,oz,100,10,0,https://images.deliveryhero.io/image/menu-import-gateway-prd/regions/ME/chains/SH-SP/8f8e5831cc08c62a2790139a8ad34277.png
en,SAAD-0306,Hot Spanish Latte,Supermarket///Retail///Beverages,Saadeddin pastry,Hot spanish lattee,Hot Spanish Latte,22.0,22.0,pcs,100,10,0,https://images.deliveryhero.io/image/menu-import-gateway-prd/regions/ME/chains/SH-SP/a847a023cb746c11daac67b62afc8c04.png
en,SAAD-0307,Americano Coffee (8oz),Supermarket///Retail///Beverages,Saadeddin pastry,Americano coffeee (8oz),Americano Coffee (8oz),14.0,14.0,oz,100,10,0,https://images.deliveryhero.io/image/menu-import-gateway-prd/regions/ME/chains/SH-SP/e10040d12aac31bbe2ac23155584489e.png
en,SAAD-0308,Americano Coffee (12oz),Supermarket///Retail///Beverages,Saadeddin pastry,Americano coffeee (12oz),Americano Coffee (12oz),15.0,15.0,oz,100,10,0,https://images.deliveryhero.io/image/menu-import-gateway-prd/regions/ME/chains/SH-SP/6b87aa9c16d5f27db2015eb5c9f101ad.png
en,SAAD-0309,Black Coffee (12oz),Supermarket///Retail///Beverages,Saadeddin pastry,Black coffeee (12oz),Black Coffee (12oz),12.0,12.0,oz,100,10,0,https://images.deliveryhero.io/image/menu-import-gateway-prd/regions/ME/chains/SH-SP/ef26b8c416101d6413741b0c424ec642.png
en,SAAD-0310,Black Coffee (8oz),Supermarket///Retail///Beverages,Saadeddin pastry,Black coffeee (8oz),Black Coffee (8oz),12.0,12.0,oz,100,10,0,https://images.deliveryhero.io/image/menu-import-gateway-prd/regions/ME/chains/SH-SP/f289c3e81a326ab0832f6868e9593701.png
en,SAAD-0311,Mocha Chocolate (12oz),Supermarket///Retail///Beverages,Saadeddin pastry,Mocha chocolatee (12oz),Mocha Chocolate (12oz),23.0,23.0,oz,100,10,0,https://images.deliveryhero.io/image/menu-import-gateway-prd/regions/ME/chains/SH-SP/5950e3f7dc8c0ecc5ca51dd854d5f39e.png
en,SAAD-0312,Double Turkish Coffee,Supermarket///Retail///Beverages,Saadeddin pastry,Double turkish coffeee,Double Turkish Coffee,17.0,17.0,pcs,100,10,0,https://images.deliveryhero.io/image/menu-import-gateway-prd/regions/ME/chains/SH-SP/948711fb9e0701f11bb36771211bb19d.png
en,SAAD-0313,Turkish Coffee,Supermarket///Retail///Beverages,Saadeddin pastry,Turkish coffeee,Turkish Coffee,10.0,10.0,pcs,100,10,0,https://images.deliveryhero.io/image/menu-import-gateway-prd/regions/ME/chains/SH-SP/ebb7db8f91a126cb5a68c874d2dc8588.png
en,SAAD-0314,Colombian Specialty Coffee,Supermarket///Retail///Beverages,Saadeddin pastry,Colombian specialty coffeee,Colombian Specialty Coffee,18.0,18.0,pcs,100,10,0,https://images.deliveryhero.io/image/menu-import-gateway-prd/regions/ME/chains/SH-SP/83c6250c71348e4de36aea437774214f.png
en,SAAD-0315,Ethiopian Specialty Coffee,Supermarket///Retail///Beverages,Saadeddin pastry,Ethiopian specialty coffeee,Ethiopian Specialty Coffee,18.0,18.0,pcs,100,10,0,https://images.deliveryhero.io/image/menu-import-gateway-prd/regions/ME/chains/SH-SP/f62a5a52f926eff9a75961d01e2bd779.png
en,SAAD-0316,Hot Hazelnut Latte (12oz),Supermarket///Retail///Beverages,Saadeddin pastry,Hot hazelnut lattee (12oz),Hot Hazelnut Latte (12oz),22.0,22.0,oz,100,10,0,https://images.deliveryhero.io/image/menu-import-gateway-prd/regions/ME/chains/SH-SP/2a501e859cd21f87b8b357e4a264d987.png
en,SAAD-0317,Spanish Ice Latte (12oz),Supermarket///Retail///Beverages,Saadeddin pastry,Spanish icce latte (12oz),Spanish Ice Latte (12oz),22.0,22.0,oz,100,10,0,https://images.deliveryhero.io/image/menu-import-gateway-prd/regions/ME/chains/SH-SP/38feec1b9032b31698f7a9743acd8c10.jpg
en,SAAD-0318,Hazelnut Ice Latte (16oz),Supermarket///Retail///Beverages,Saadeddin pastry,Hazelnut icce latte (16oz),Hazelnut Ice Latte (16oz),30.0,30.0,oz,100,10,0,https://images.deliveryhero.io/image/menu-import-gateway-prd/regions/ME/chains/SH-SP/267627761e473f099a2a8d6344ec4397.jpg
en,SAAD-0319,Spanish Ice Latte (16oz),Supermarket///Retail///Beverages,Saadeddin pastry,Spanish icce latte (16oz),Spanish Ice Latte (16oz),26.0,26.0,oz,100,10,0,https://images.deliveryhero.io/image/menu-import-gateway-prd/regions/ME/chains/SH-SP/d75c25228956b459ca81a6920e764e00.jpg
en,SAAD-0320,Spanish Ice Latte (12oz),Supermarket///Retail///Beverages,Saadeddin pastry,Spanish icce latte (12oz),Spanish Ice Latte (12oz),22.0,22.0,oz,100,10,0,https://images.deliveryhero.io/image/menu-import-gateway-prd/regions/ME/chains/SH-SP/0361fe1810b551554a4a4c168013c7f0.jpg
en,SAAD-0321,Pistachio Ice Latte (16oz),Supermarket///Retail///Beverages,Saadeddin pastry,Pistachio icce latte (16oz),Pistachio Ice Latte (16oz),35.0,35.0,oz,100,10,0,https://images.deliveryhero.io/image/menu-import-gateway-prd/regions/ME/chains/SH-SP/af5c2da2664cb624c87990753cad67eb.jpg
en,SAAD-0322,Ice Latte Pistachio (12oz),Supermarket///Retail///Beverages,Saadeddin pastry,Icce latte pistachio (12oz),Ice Latte Pistachio (12oz),30.0,30.0,oz,100,10,0,https://images.deliveryhero.io/image/menu-import-gateway-prd/regions/ME/chains/SH-SP/86e3f0ebee92196c4385d4eecb139a03.jpg
en,SAAD-0323,Ice Caramel Maccato (16oz),Supermarket///Retail///Beverages,Saadeddin pastry,Icce caramel maccato (16oz),Ice Caramel Maccato (16oz),28.0,28.0,oz,100,10,0,https://images.deliveryhero.io/image/menu-import-gateway-prd/regions/ME/chains/SH-SP/1ff5434272e9e18a4916ac83dd0a6960.jpg
en,SAAD-0324,Ice Caramel Maccato (12oz),Supermarket///Retail///Beverages,Saadeddin pastry,Icce caramel maccato (12oz),Ice Caramel Maccato (12oz),24.0,24.0,oz,100,10,0,https://images.deliveryhero.io/image/menu-import-gateway-prd/regions/ME/chains/SH-SP/517525173dce879403722ec2c876f34c.jpg
en,SAAD-0325,Ice White Mocha (16oz),Supermarket///Retail///Beverages,Saadeddin pastry,Icce white mocha (16oz),Ice White Mocha (16oz),28.0,28.0,oz,100,10,0,https://images.deliveryhero.io/image/menu-import-gateway-prd/regions/ME/chains/SH-SP/ba414e841a3562cfe50631b803861468.jpg
en,SAAD-0326,Ice White Mocha (12oz),Supermarket///Retail///Beverages,Saadeddin pastry,Icce white mocha (12oz),Ice White Mocha (12oz),26.0,26.0,oz,100,10,0,https://images.deliveryhero.io/image/menu-import-gateway-prd/regions/ME/chains/SH-SP/db9c121e24c12690cdce736526bce5ab.jpg
en,SAAD-0327,Ice Chocolate Mocha (16oz),Supermarket///Retail///Beverages,Saadeddin pastry,Icce chocolate mocha (16oz),Ice Chocolate Mocha (16oz),26.0,26.0,oz,100,10,0,https://images.deliveryhero.io/image/menu-import-gateway-prd/regions/ME/chains/SH-SP/a766b1a8710f91e092eb5dbc87749307.jpg
en,SAAD-0328,Ice Chocolate Mocha (12oz),Supermarket///Retail///Beverages,Saadeddin pastry,Icce chocolate mocha (12oz),Ice Chocolate Mocha (12oz),23.0,23.0,oz,100,10,0,https://images.deliveryhero.io/image/menu-import-gateway-prd/regions/ME/chains/SH-SP/5dcff5860ce4c350a218949f7a403ae5.jpg
en,SAAD-0329,Ice Latte (16oz),Supermarket///Retail///Beverages,Saadeddin pastry,Icce latte (16oz),Ice Latte (16oz),19.0,19.0,oz,100,10,0,https://images.deliveryhero.io/image/menu-import-gateway-prd/regions/ME/chains/SH-SP/e65aa74097851bc82e9e5d3d97b3122f.jpg
en,SAAD-0330,Ice Latte (12oz),Supermarket///Retail///Beverages,Saadeddin pastry,Icce latte (12oz),Ice Latte (12oz),17.0,17.0,oz,100,10,0,https://images.deliveryhero.io/image/menu-import-gateway-prd/regions/ME/chains/SH-SP/444edf76b5d1ba2b5082c3baef425e44.jpg
en,SAAD-0331,Ice Coffee (16oz),Supermarket///Retail///Beverages,Saadeddin pastry,Icce coffee (16oz),Ice Coffee (16oz),19.0,19.0,oz,100,10,0,https://images.deliveryhero.io/image/menu-import-gateway-prd/regions/ME/chains/SH-SP/5908c6dc2c15c8d9bccb607dbf4fecbb.jpg
en,SAAD-0332,Ice Coffee (12oz),Supermarket///Retail///Beverages,Saadeddin pastry,Icce coffee (12oz),Ice Coffee (12oz),17.0,17.0,oz,100,10,0,https://images.deliveryhero.io/image/menu-import-gateway-prd/regions/ME/chains/SH-SP/5fc517b37888f4395fef3c407d3c0dc7.jpg
en,SAAD-0333,Ice Make Chocolate (12oz),Supermarket///Retail///Beverages,Saadeddin pastry,Icce make chocolate (12oz),Ice Make Chocolate (12oz),19.0,19.0,oz,100,10,0,https://images.deliveryhero.io/image/menu-import-gateway-prd/regions/ME/chains/SH-SP/92181812d7eeb42ca90b3492329c8712.jpg
en,SAAD-0334,Ice Make Chocolate (16oz),Supermarket///Retail///Beverages,Saadeddin pastry,Icce make chocolate (16oz),Ice Make Chocolate (16oz),22.0,22.0,oz,100,10,0,https://images.deliveryhero.io/image/menu-import-gateway-prd/regions/ME/chains/SH-SP/5fafdc6469f7b292c5be1ebd13df9b31.jpg
